1.667078114e-03,0.000000000e+00,7.589202212e-01
1.667078114e-03,0.000000000e+00,7.589210150e-01
1.667078114e-03,2.857281815e-07,7.587976239e-01
1.667078114e-03,5.714563629e-07,7.586811358e-01
1.667078114e-03,8.571845444e-07,7.585873527e-01
1.667078114e-03,1.142912726e-06,7.585050713e-01
1.667078114e-03,1.428640907e-06,7.584250155e-01
1.667078114e-03,1.714369089e-06,7.583428268e-01
1.667078114e-03,2.000097270e-06,7.582523338e-01
1.667078114e-03,2.285825452e-06,7.581532772e-01
1.667078114e-03,2.571553633e-06,7.580445350e-01
1.667078114e-03,2.857281815e-06,7.580213836e-01
1.667078114e-03,2.857281815e-06,7.580208978e-01
1.667078114e-03,3.143009996e-06,7.577957344e-01
1.667078114e-03,3.428738178e-06,7.576551210e-01
1.667078114e-03,3.714466359e-06,7.575035229e-01
1.667078114e-03,4.000194540e-06,7.573408864e-01
1.667078114e-03,4.285922722e-06,7.571671851e-01
1.667078114e-03,4.571650903e-06,7.569824119e-01
1.667078114e-03,4.857379085e-06,7.567865652e-01
1.667078114e-03,5.143107266e-06,7.565796523e-01
1.667078114e-03,5.428835448e-06,7.563616962e-01
1.667078114e-03,5.714563629e-06,7.561297963e-01
1.667078114e-03,5.714563629e-06,7.561301740e-01
1.667078114e-03,6.000291811e-06,7.558926908e-01
1.667078114e-03,6.286019992e-06,7.556416775e-01
1.667078114e-03,6.571748174e-06,7.553796752e-01
1.667078114e-03,6.857476355e-06,7.551051672e-01
1.667078114e-03,7.143204537e-06,7.548212255e-01
1.667078114e-03,7.428932718e-06,7.545263654e-01
1.667078114e-03,7.714660899e-06,7.542206117e-01
1.667078114e-03,8.000389081e-06,7.539039975e-01
1.667078114e-03,8.286117262e-06,7.535765363e-01
1.667078114e-03,8.571845444e-06,7.533434256e-01
1.667078114e-03,8.571845444e-06,7.533437739e-01
1.667078114e-03,8.857573625e-06,7.528892013e-01
1.667078114e-03,9.143301807e-06,7.525293808e-01
1.667078114e-03,9.429029988e-06,7.521588219e-01
1.667078114e-03,9.714758170e-06,7.517775658e-01
1.667078114e-03,1.000048635e-05,7.515739248e-01
1.667078114e-03,1.028621453e-05,7.512244308e-01
1.667078114e-03,1.057194271e-05,7.508331540e-01
1.667078114e-03,1.085767090e-05,7.504215610e-01
1.667078114e-03,1.114339908e-05,7.499963556e-01
1.667078114e-03,1.142912726e-05,7.494086894e-01
1.667078114e-03,1.142912726e-05,7.495406304e-01
1.667078114e-03,1.171485544e-05,7.491121215e-01
1.667078114e-03,1.200058362e-05,7.486540501e-01
1.667078114e-03,1.228631180e-05,7.481855325e-01
1.667078114e-03,1.257203998e-05,7.477066325e-01
1.667078114e-03,1.285776817e-05,7.472173990e-01
1.667078114e-03,1.314349635e-05,7.467178510e-01
1.667078114e-03,1.342922453e-05,7.462080335e-01
1.667078114e-03,1.371495271e-05,7.456879888e-01
1.667078114e-03,1.400068089e-05,7.451577633e-01
1.667078114e-03,1.428640907e-05,7.445906794e-01
1.667078114e-03,1.428640907e-05,7.445982885e-01
1.667078114e-03,1.457213725e-05,7.440668617e-01
1.667078114e-03,1.485786544e-05,7.435062725e-01
1.667078114e-03,1.514359362e-05,7.429356681e-01
1.667078114e-03,1.542932180e-05,7.423550898e-01
1.667078114e-03,1.571504998e-05,7.417645606e-01
1.667078114e-03,1.600077816e-05,7.411641376e-01
1.667078114e-03,1.628650634e-05,7.405538617e-01
1.667078114e-03,1.657223452e-05,7.399337808e-01
1.667078114e-03,1.685796271e-05,7.393039403e-01
1.667078114e-03,1.714369089e-05,7.387510096e-01
1.667078114e-03,1.714369089e-05,7.386418808e-01
1.667078114e-03,1.742941907e-05,7.380151595e-01
1.667078114e-03,1.771514725e-05,7.373563117e-01
1.667078114e-03,1.800087543e-05,7.366878851e-01
1.667078114e-03,1.828660361e-05,7.360099342e-01
1.667078114e-03,1.857233179e-05,7.353225025e-01
1.667078114e-03,2.000097270e-05,7.318505155e-01
1.667078114e-03,2.000097270e-05,7.318472013e-01
1.667078114e-03,2.142961361e-05,7.280561593e-01
1.667078114e-03,2.285825452e-05,7.240302888e-01
1.667078114e-03,2.285825452e-05,7.240306982e-01
1.667078114e-03,2.428689542e-05,7.197965237e-01
1.667078114e-03,2.571553633e-05,7.153455331e-01
1.667078114e-03,2.571553633e-05,7.153451095e-01
1.667078114e-03,2.714417724e-05,7.106976390e-01
1.667078114e-03,2.857281815e-05,7.058489820e-01
1.667078114e-03,2.857281815e-05,7.058493085e-01
1.667078114e-03,3.000145905e-05,7.008153233e-01
1.667078114e-03,3.071577951e-05,6.982277414e-01
1.667078114e-03,3.143009996e-05,6.956867639e-01
1.667078114e-03,3.143009996e-05,6.955978478e-01
1.667078114e-03,3.214442041e-05,6.929210078e-01
1.667078114e-03,3.285874087e-05,6.902945452e-01
1.667078114e-03,3.357306132e-05,6.875391100e-01
1.667078114e-03,3.428738178e-05,6.847408482e-01
1.667078114e-03,3.428738178e-05,6.847396800e-01
1.667078114e-03,3.464454200e-05,6.833228325e-01
1.667078114e-03,3.500170223e-05,6.818975693e-01
1.667078114e-03,3.535886246e-05,6.804626773e-01
1.667078114e-03,3.571602268e-05,6.790181916e-01
1.667078114e-03,3.607318291e-05,6.775640548e-01
1.667078114e-03,3.643034314e-05,6.761003530e-01
1.667078114e-03,3.678750336e-05,6.746273433e-01
1.667078114e-03,3.714466359e-05,6.731513028e-01
1.667078114e-03,3.714466359e-05,6.731509856e-01
1.667078114e-03,3.750182382e-05,6.716536090e-01
1.667078114e-03,3.785898404e-05,6.701531425e-01
1.667078114e-03,3.821614427e-05,6.686437254e-01
1.667078114e-03,3.857330450e-05,6.671254373e-01
1.667078114e-03,3.893046472e-05,6.655984803e-01
1.667078114e-03,3.928762495e-05,6.640629094e-01
1.667078114e-03,3.964478518e-05,6.625188042e-01
1.667078114e-03,4.000194540e-05,6.609751091e-01
1.667078114e-03,4.000194540e-05,6.609754153e-01
1.667078114e-03,4.035910563e-05,6.594055490e-01
1.667078114e-03,4.071626586e-05,6.578366099e-01
1.667078114e-03,4.107342609e-05,6.562595828e-01
1.667078114e-03,4.143058631e-05,6.546745963e-01
1.667078114e-03,4.178774654e-05,6.530817740e-01
1.667078114e-03,4.214490677e-05,6.514811618e-01
1.667078114e-03,4.250206699e-05,6.498728626e-01
1.667078114e-03,4.285922722e-05,6.482679326e-01
1.667078114e-03,4.285922722e-05,6.482683534e-01
1.667078114e-03,4.321638745e-05,6.466338543e-01
1.667078114e-03,4.357354767e-05,6.450032767e-01
1.667078114e-03,4.393070790e-05,6.433654382e-01
1.667078114e-03,4.428786813e-05,6.417204728e-01
1.667078114e-03,4.464502835e-05,6.400685365e-01
1.667078114e-03,4.500218858e-05,6.384096971e-01
1.667078114e-03,4.535934881e-05,6.367439394e-01
1.667078114e-03,4.571650903e-05,6.350839591e-01
1.667078114e-03,4.571650903e-05,6.350835212e-01
1.667078114e-03,4.607366926e-05,6.333924515e-01
1.667078114e-03,4.643082949e-05,6.317068864e-01
1.667078114e-03,4.678798971e-05,6.300149158e-01
1.667078114e-03,4.714514994e-05,6.283165837e-01
1.667078114e-03,4.750231017e-05,6.266120508e-01
1.667078114e-03,4.785947039e-05,6.249014498e-01
1.667078114e-03,4.821663062e-05,6.231847889e-01
1.667078114e-03,4.857379085e-05,6.214741690e-01
1.667078114e-03,4.857379085e-05,6.214745767e-01
1.667078114e-03,4.893095108e-05,6.197337874e-01
1.667078114e-03,4.928811130e-05,6.179996478e-01
1.667078114e-03,4.964527153e-05,6.162598883e-01
1.667078114e-03,5.000243176e-05,6.145145864e-01
1.667078114e-03,5.035959198e-05,6.127638802e-01
1.667078114e-03,5.071675221e-05,6.110077965e-01
1.667078114e-03,5.107391244e-05,6.092464371e-01
1.667078114e-03,5.143107266e-05,6.074908278e-01
1.667078114e-03,5.143107266e-05,6.074904559e-01
1.667078114e-03,5.178823289e-05,6.057084588e-01
1.667078114e-03,5.214539312e-05,6.039319420e-01
1.667078114e-03,5.250255334e-05,6.021505292e-01
1.667078114e-03,5.285971357e-05,6.003643980e-01
1.667078114e-03,5.321687380e-05,5.985735684e-01
1.667078114e-03,5.357403402e-05,5.967780873e-01
1.667078114e-03,5.393119425e-05,5.949781386e-01
1.667078114e-03,5.428835448e-05,5.931813757e-01
1.667078114e-03,5.428835448e-05,5.931811014e-01
1.667078114e-03,5.464551470e-05,5.913650469e-01
1.667078114e-03,5.500267493e-05,5.895521053e-01
1.667078114e-03,5.535983516e-05,5.877350337e-01
1.667078114e-03,5.571699538e-05,5.859138450e-01
1.667078114e-03,5.607415561e-05,5.840887596e-01
1.667078114e-03,5.643131584e-05,5.822597632e-01
1.667078114e-03,5.678847607e-05,5.804269237e-01
1.667078114e-03,5.714563629e-05,5.785927514e-01
1.667078114e-03,5.714563629e-05,5.785930185e-01
1.667078114e-03,5.750279652e-05,5.767502579e-01
1.667078114e-03,5.785995675e-05,5.749065884e-01
1.667078114e-03,5.821711697e-05,5.730594496e-01
1.667078114e-03,5.857427720e-05,5.712089751e-01
1.667078114e-03,5.893143743e-05,5.693551457e-01
1.667078114e-03,5.928859765e-05,5.674981586e-01
1.667078114e-03,5.964575788e-05,5.656380747e-01
1.667078114e-03,6.000291811e-05,5.637702342e-01
1.667078114e-03,6.000291811e-05,5.637705592e-01
1.667078114e-03,6.036007833e-05,5.619088383e-01
1.667078114e-03,6.071723856e-05,5.600398645e-01
1.667078114e-03,6.107439879e-05,5.581680527e-01
1.667078114e-03,6.143155901e-05,5.562935513e-01
1.667078114e-03,6.178871924e-05,5.544165235e-01
1.667078114e-03,6.214587947e-05,5.525369227e-01
1.667078114e-03,6.250303969e-05,5.506548077e-01
1.667078114e-03,6.286019992e-05,5.487564188e-01
1.667078114e-03,6.286019992e-05,5.487566698e-01
1.667078114e-03,6.321736015e-05,5.468839124e-01
1.667078114e-03,6.357452038e-05,5.449950649e-01
1.667078114e-03,6.393168060e-05,5.431045958e-01
1.667078114e-03,6.428884083e-05,5.412119864e-01
1.667078114e-03,6.464600106e-05,5.393172584e-01
1.667078114e-03,6.500316128e-05,5.374205428e-01
1.667078114e-03,6.536032151e-05,5.355217047e-01
1.667078114e-03,6.571748174e-05,5.335953455e-01
1.667078114e-03,6.571748174e-05,5.335951014e-01
1.667078114e-03,6.607464196e-05,5.317180224e-01
1.667078114e-03,6.643180219e-05,5.298132445e-01
1.667078114e-03,6.678896242e-05,5.279065948e-01
1.667078114e-03,6.714612264e-05,5.259980533e-01
1.667078114e-03,6.750328287e-05,5.240879644e-01
1.667078114e-03,6.786044310e-05,5.221762122e-01
1.667078114e-03,6.857476355e-05,5.183102273e-01
1.667078114e-03,6.857476355e-05,5.183104667e-01
1.667078114e-03,7.143204537e-05,5.029485988e-01
1.667078114e-03,7.143204537e-05,5.029488322e-01
1.667078114e-03,7.428932718e-05,4.875707477e-01
1.667078114e-03,7.428932718e-05,4.874548973e-01
1.667078114e-03,7.714660899e-05,4.722072842e-01
1.667078114e-03,7.714660899e-05,4.720811415e-01
1.667078114e-03,8.000389081e-05,4.568674539e-01
1.667078114e-03,8.000389081e-05,4.567338619e-01
1.667078114e-03,8.286117262e-05,4.415595853e-01
1.667078114e-03,8.286117262e-05,4.414153790e-01
1.667078114e-03,8.571845444e-05,4.263032021e-01
1.667078114e-03,8.571845444e-05,4.261452384e-01
1.667078114e-03,8.857573625e-05,4.109559054e-01
1.667078114e-03,8.857573625e-05,4.109750629e-01
1.667078114e-03,9.143301807e-05,3.958874455e-01
1.667078114e-03,9.143301807e-05,3.958897148e-01
1.667078114e-03,9.429029988e-05,3.809811673e-01
1.667078114e-03,9.429029988e-05,3.809816029e-01
1.667078114e-03,9.714758170e-05,3.662756454e-01
1.667078114e-03,9.714758170e-05,3.662754438e-01
1.667078114e-03,1.000048635e-04,3.518030713e-01
1.667078114e-03,1.000048635e-04,3.518029076e-01
1.667078114e-03,1.028621453e-04,3.375899170e-01
1.667078114e-03,1.028621453e-04,3.375897627e-01
1.667078114e-03,1.057194271e-04,3.236564980e-01
1.667078114e-03,1.057194271e-04,3.236563490e-01
1.667078114e-03,1.085767090e-04,3.102653510e-01
1.667078114e-03,1.085767090e-04,3.100174340e-01
1.667078114e-03,1.114339908e-04,2.966833229e-01
1.667078114e-03,1.114339908e-04,2.970299602e-01
1.667078114e-03,1.142912726e-04,2.836639765e-01
1.667078114e-03,1.142912726e-04,2.840775599e-01
1.667078114e-03,1.171485544e-04,2.719902568e-01
1.667078114e-03,1.171485544e-04,2.709612225e-01
1.667078114e-03,1.200058362e-04,2.588876820e-01
1.667078114e-03,1.200058362e-04,2.619685659e-01
1.667078114e-03,1.200060000e-04,2.612620718e-01
1.667078114e-03,1.200060000e-04,2.613633909e-01
1.667078114e-03,1.200774320e-04,2.587721636e-01
1.667078114e-03,1.200952901e-04,2.559756940e-01
1.667078114e-03,1.202917282e-04,2.605316351e-01
1.667078114e-03,1.205774564e-04,2.594108411e-01
1.667078114e-03,1.208631845e-04,2.582381985e-01
1.667078114e-03,1.228631180e-04,2.462416072e-01
1.667078114e-03,1.242917589e-04,2.398728504e-01
3.332837352e-03,0.000000000e+00,1.216230589e+00
3.332837352e-03,0.000000000e+00,1.216231745e+00
3.332837352e-03,1.000055539e-06,1.216030959e+00
3.332837352e-03,2.000111078e-06,1.215835596e+00
3.332837352e-03,3.000166617e-06,1.215672849e+00
3.332837352e-03,4.000222156e-06,1.215524161e+00
3.332837352e-03,5.000277695e-06,1.215371189e+00
3.332837352e-03,6.000333234e-06,1.215210363e+00
3.332837352e-03,7.000388773e-06,1.215039434e+00
3.332837352e-03,8.000444312e-06,1.214841373e+00
3.332837352e-03,9.000499851e-06,1.214631683e+00
3.332837352e-03,1.000055539e-05,1.214533446e+00
3.332837352e-03,1.000055539e-05,1.214532665e+00
3.332837352e-03,1.100061093e-05,1.214141850e+00
3.332837352e-03,1.200066647e-05,1.213863793e+00
3.332837352e-03,1.300072201e-05,1.213566433e+00
3.332837352e-03,1.400077755e-05,1.213246134e+00
3.332837352e-03,1.500083309e-05,1.212904234e+00
3.332837352e-03,1.600088862e-05,1.212536941e+00
3.332837352e-03,1.700094416e-05,1.212151239e+00
3.332837352e-03,1.800099970e-05,1.211743909e+00
3.332837352e-03,1.900105524e-05,1.211314572e+00
3.332837352e-03,2.000111078e-05,1.210853209e+00
3.332837352e-03,2.000111078e-05,1.210854014e+00
3.332837352e-03,2.100116632e-05,1.210391356e+00
3.332837352e-03,2.200122186e-05,1.209897340e+00
3.332837352e-03,2.300127740e-05,1.209381787e+00
3.332837352e-03,2.400133294e-05,1.208844671e+00
3.332837352e-03,2.500138848e-05,1.208286113e+00
3.332837352e-03,2.600144401e-05,1.207706293e+00
3.332837352e-03,2.700149955e-05,1.207105012e+00
3.332837352e-03,2.800155509e-05,1.206482532e+00
3.332837352e-03,2.900161063e-05,1.206143036e+00
3.332837352e-03,3.000166617e-05,1.205382930e+00
3.332837352e-03,3.000166617e-05,1.205573407e+00
3.332837352e-03,3.100172171e-05,1.204917553e+00
3.332837352e-03,3.200177725e-05,1.204232921e+00
3.332837352e-03,3.300183279e-05,1.203522390e+00
3.332837352e-03,3.400188833e-05,1.202789426e+00
3.332837352e-03,3.500194387e-05,1.202035197e+00
3.332837352e-03,3.600199940e-05,1.201260007e+00
3.332837352e-03,3.700205494e-05,1.200464208e+00
3.332837352e-03,3.800211048e-05,1.199647651e+00
3.332837352e-03,3.900216602e-05,1.198810749e+00
3.332837352e-03,4.000222156e-05,1.197918586e+00
3.332837352e-03,4.000222156e-05,1.197930087e+00
3.332837352e-03,4.100227710e-05,1.197075437e+00
3.332837352e-03,4.200233264e-05,1.196177374e+00
3.332837352e-03,4.300238818e-05,1.195259204e+00
3.332837352e-03,4.400244372e-05,1.194320831e+00
3.332837352e-03,4.500249926e-05,1.193362499e+00
3.332837352e-03,4.600255480e-05,1.192384259e+00
3.332837352e-03,4.700261033e-05,1.191386170e+00
3.332837352e-03,4.800266587e-05,1.190368265e+00
3.332837352e-03,4.900272141e-05,1.189330904e+00
3.332837352e-03,5.000277695e-05,1.188241620e+00
3.332837352e-03,5.000277695e-05,1.188417272e+00
3.332837352e-03,5.100283249e-05,1.187197322e+00
3.332837352e-03,5.200288803e-05,1.186101468e+00
3.332837352e-03,5.300294357e-05,1.184986401e+00
3.332837352e-03,5.400299911e-05,1.183852192e+00
3.332837352e-03,5.500305465e-05,1.182698864e+00
3.332837352e-03,5.600311019e-05,1.181526613e+00
3.332837352e-03,5.625312407e-05,1.181145956e+00
3.332837352e-03,5.687815878e-05,1.180568496e+00
3.332837352e-03,5.700316572e-05,1.180335385e+00
3.332837352e-03,5.750319349e-05,1.179864523e+00
3.332837352e-03,5.800322126e-05,1.179125553e+00
3.332837352e-03,5.812822821e-05,1.179120501e+00
3.332837352e-03,5.875326292e-05,1.178359270e+00
3.332837352e-03,5.900327680e-05,1.177897023e+00
3.332837352e-03,5.937829763e-05,1.177587709e+00
3.332837352e-03,5.950330457e-05,1.177425684e+00
3.332837352e-03,6.000333234e-05,1.176829573e+00
3.332837352e-03,6.000333234e-05,1.176823822e+00
3.332837352e-03,6.050336011e-05,1.176226971e+00
3.332837352e-03,6.062836705e-05,1.176020862e+00
3.332837352e-03,6.100338788e-05,1.175597171e+00
3.332837352e-03,6.125340177e-05,1.175226491e+00
3.332837352e-03,6.150341565e-05,1.174960357e+00
3.332837352e-03,6.187843648e-05,1.174424981e+00
3.332837352e-03,6.200344342e-05,1.174318068e+00
3.332837352e-03,6.250347119e-05,1.173671078e+00
3.332837352e-03,6.300349896e-05,1.173019502e+00
3.332837352e-03,6.312850590e-05,1.172800406e+00
3.332837352e-03,6.350352673e-05,1.172363109e+00
3.332837352e-03,6.375354061e-05,1.171977515e+00
3.332837352e-03,6.400355450e-05,1.171702446e+00
3.332837352e-03,6.437857532e-05,1.171147657e+00
3.332837352e-03,6.450358227e-05,1.171037209e+00
3.332837352e-03,6.500361004e-05,1.170367538e+00
3.332837352e-03,6.550363781e-05,1.169693380e+00
3.332837352e-03,6.562864475e-05,1.169466766e+00
3.332837352e-03,6.600366558e-05,1.169014673e+00
3.332837352e-03,6.625367946e-05,1.168615905e+00
3.332837352e-03,6.650369335e-05,1.168331577e+00
3.332837352e-03,6.687871417e-05,1.167758067e+00
3.332837352e-03,6.700372111e-05,1.167643980e+00
3.332837352e-03,6.750374888e-05,1.166952115e+00
3.332837352e-03,6.800377665e-05,1.166255804e+00
3.332837352e-03,6.812878360e-05,1.166021736e+00
3.332837352e-03,6.850380442e-05,1.165555105e+00
3.332837352e-03,6.875381831e-05,1.165143190e+00
3.332837352e-03,6.900383219e-05,1.164850071e+00
3.332837352e-03,6.937885302e-05,1.164258101e+00
3.332837352e-03,6.950385996e-05,1.164140603e+00
3.332837352e-03,7.000388773e-05,1.163397497e+00
3.332837352e-03,7.000388773e-05,1.163398395e+00
3.332837352e-03,7.050391550e-05,1.162708599e+00
3.332837352e-03,7.062892244e-05,1.162467163e+00
3.332837352e-03,7.100394327e-05,1.161986211e+00
3.332837352e-03,7.125395716e-05,1.161561546e+00
3.332837352e-03,7.150397104e-05,1.161259412e+00
3.332837352e-03,7.175398492e-05,1.160816523e+00
3.332837352e-03,7.187899187e-05,1.160649361e+00
3.332837352e-03,7.200399881e-05,1.160420459e+00
3.332837352e-03,8.000444312e-05,1.148239843e+00
3.332837352e-03,8.000444312e-05,1.148239068e+00
3.332837352e-03,9.000499851e-05,1.131620672e+00
3.332837352e-03,9.000499851e-05,1.131471515e+00
3.332837352e-03,1.000055539e-04,1.113373512e+00
3.332837352e-03,1.000055539e-04,1.113375722e+00
3.332837352e-03,1.100061093e-04,1.093765000e+00
3.332837352e-03,1.100061093e-04,1.093764247e+00
3.332837352e-03,1.200066647e-04,1.072913745e+00
3.332837352e-03,1.200066647e-04,1.072914472e+00
3.332837352e-03,1.300072201e-04,1.050946959e+00
3.332837352e-03,1.300072201e-04,1.050946291e+00
3.332837352e-03,1.400077755e-04,1.027982839e+00
3.332837352e-03,1.400077755e-04,1.027982176e+00
3.332837352e-03,1.500083309e-04,1.004137988e+00
3.332837352e-03,1.500083309e-04,1.004138616e+00
3.332837352e-03,1.600088862e-04,9.795268341e-01
3.332837352e-03,1.600088862e-04,9.795262277e-01
3.332837352e-03,1.700094416e-04,9.542554106e-01
3.332837352e-03,1.700094416e-04,9.542548138e-01
3.332837352e-03,1.800099970e-04,9.284274221e-01
3.332837352e-03,1.800099970e-04,9.284268535e-01
3.332837352e-03,1.900105524e-04,9.021398742e-01
3.332837352e-03,1.900105524e-04,9.021410195e-01
3.332837352e-03,2.000111078e-04,8.754850463e-01
3.332837352e-03,2.000111078e-04,8.754855788e-01
3.332837352e-03,2.100116632e-04,8.485551453e-01
3.332837352e-03,2.100116632e-04,8.485546243e-01
3.332837352e-03,2.200122186e-04,8.214040268e-01
3.332837352e-03,2.200122186e-04,8.214045319e-01
3.332837352e-03,2.300127740e-04,7.941453083e-01
3.332837352e-03,2.300127740e-04,7.941458057e-01
3.332837352e-03,2.400133294e-04,7.668926511e-01
3.332837352e-03,2.400133294e-04,7.668931339e-01
3.332837352e-03,2.500138848e-04,7.396903618e-01
3.332837352e-03,2.500138848e-04,7.396898921e-01
3.332837352e-03,2.600144401e-04,7.125524805e-01
3.332837352e-03,2.600144401e-04,7.123215773e-01
3.332837352e-03,2.700149955e-04,6.852355575e-01
3.332837352e-03,2.700149955e-04,6.855099185e-01
3.332837352e-03,2.800155509e-04,6.586225724e-01
3.332837352e-03,2.800155509e-04,6.583161342e-01
3.332837352e-03,2.900161063e-04,6.316741454e-01
3.332837352e-03,2.900161063e-04,6.316312817e-01
3.332837352e-03,3.000166617e-04,6.052685354e-01
3.332837352e-03,3.000166617e-04,6.052745452e-01
3.332837352e-03,3.100172171e-04,5.793096753e-01
3.332837352e-03,3.100172171e-04,5.793109402e-01
3.332837352e-03,3.200177725e-04,5.538224377e-01
3.332837352e-03,3.200177725e-04,5.538229826e-01
3.332837352e-03,3.300183279e-04,5.288605628e-01
3.332837352e-03,3.300183279e-04,5.288601489e-01
3.332837352e-03,3.400188833e-04,5.048915985e-01
3.332837352e-03,3.400188833e-04,5.044614996e-01
3.332837352e-03,3.500194387e-04,4.806527796e-01
3.332837352e-03,3.500194387e-04,4.812423259e-01
3.332837352e-03,3.600199940e-04,4.581519002e-01
3.332837352e-03,3.600199940e-04,4.574511610e-01
3.332837352e-03,3.700205494e-04,4.348640533e-01
3.332837352e-03,3.700205494e-04,4.366242120e-01
3.332837352e-03,3.800210000e-04,4.139969887e-01
3.332837352e-03,3.800210000e-04,4.198242283e-01
3.332837352e-03,3.800211048e-04,4.187051021e-01
3.332837352e-03,3.800211048e-04,4.134319242e-01
3.332837352e-03,3.900215554e-04,3.914845908e-01
4.999976777e-03,0.000000000e+00,1.607815934e+00
4.999976777e-03,0.000000000e+00,1.607818111e+00
4.999976777e-03,2.869642741e-07,1.607573049e+00
4.999976777e-03,5.739285482e-07,1.607375203e+00
4.999976777e-03,8.608928223e-07,1.607253112e+00
4.999976777e-03,1.147857096e-06,1.607183301e+00
4.999976777e-03,1.434821371e-06,1.607143421e+00
4.999976777e-03,1.721785645e-06,1.607114446e+00
4.999976777e-03,2.008749919e-06,1.607094319e+00
4.999976777e-03,2.295714193e-06,1.607083447e+00
4.999976777e-03,2.582678467e-06,1.607072685e+00
4.999976777e-03,2.869642741e-06,1.607526515e+00
4.999976777e-03,3.156607015e-06,1.607053709e+00
4.999976777e-03,3.443571289e-06,1.607044830e+00
4.999976777e-03,3.730535563e-06,1.607035782e+00
4.999976777e-03,4.017499837e-06,1.607026315e+00
4.999976777e-03,4.304464112e-06,1.607016232e+00
4.999976777e-03,4.591428386e-06,1.607005833e+00
4.999976777e-03,4.878392660e-06,1.606994134e+00
4.999976777e-03,5.165356934e-06,1.606982885e+00
4.999976777e-03,5.452321208e-06,1.606969835e+00
4.999976777e-03,5.739285482e-06,1.607197281e+00
4.999976777e-03,6.026249756e-06,1.606943210e+00
4.999976777e-03,6.313214030e-06,1.606930421e+00
4.999976777e-03,6.600178304e-06,1.606914145e+00
4.999976777e-03,6.887142578e-06,1.606899638e+00
4.999976777e-03,7.174106853e-06,1.606883321e+00
4.999976777e-03,7.461071127e-06,1.606866839e+00
4.999976777e-03,7.748035401e-06,1.606850143e+00
4.999976777e-03,8.034999675e-06,1.606832196e+00
4.999976777e-03,8.321963949e-06,1.606812951e+00
4.999976777e-03,8.608928223e-06,1.606870137e+00
4.999976777e-03,8.895892497e-06,1.606774733e+00
4.999976777e-03,9.182856771e-06,1.606752831e+00
4.999976777e-03,9.469821045e-06,1.606733683e+00
4.999976777e-03,9.756785319e-06,1.606711661e+00
4.999976777e-03,1.004374959e-05,1.606688281e+00
4.999976777e-03,1.033071387e-05,1.606666029e+00
4.999976777e-03,1.061767814e-05,1.606641773e+00
4.999976777e-03,1.090464242e-05,1.606618344e+00
4.999976777e-03,1.119160669e-05,1.606593413e+00
4.999976777e-03,1.147857096e-05,1.606524586e+00
4.999976777e-03,1.176553524e-05,1.606540651e+00
4.999976777e-03,1.205249951e-05,1.606515126e+00
4.999976777e-03,1.233946379e-05,1.606487768e+00
4.999976777e-03,1.262642806e-05,1.606460546e+00
4.999976777e-03,1.291339233e-05,1.606430312e+00
4.999976777e-03,1.320035661e-05,1.606402394e+00
4.999976777e-03,1.348732088e-05,1.606373757e+00
4.999976777e-03,1.377428516e-05,1.606340316e+00
4.999976777e-03,1.406124943e-05,1.606310286e+00
4.999976777e-03,1.434821371e-05,1.606142610e+00
4.999976777e-03,1.463517798e-05,1.606246063e+00
4.999976777e-03,1.492214225e-05,1.606214093e+00
4.999976777e-03,1.520910653e-05,1.606182067e+00
4.999976777e-03,1.549607080e-05,1.606145181e+00
4.999976777e-03,1.578303508e-05,1.606111649e+00
4.999976777e-03,1.606999935e-05,1.606077182e+00
4.999976777e-03,1.635696362e-05,1.606040919e+00
4.999976777e-03,1.664392790e-05,1.606003292e+00
4.999976777e-03,1.693089217e-05,1.605966317e+00
4.999976777e-03,1.721785645e-05,1.605713186e+00
4.999976777e-03,1.750482072e-05,1.605888179e+00
4.999976777e-03,1.779178499e-05,1.605851169e+00
4.999976777e-03,1.807874927e-05,1.605810619e+00
4.999976777e-03,1.836571354e-05,1.605770602e+00
4.999976777e-03,1.865267782e-05,1.605727987e+00
4.999976777e-03,1.893964209e-05,1.605687041e+00
4.999976777e-03,1.922660636e-05,1.605643983e+00
4.999976777e-03,1.951357064e-05,1.605602895e+00
4.999976777e-03,1.980053491e-05,1.605558710e+00
4.999976777e-03,2.008749919e-05,1.605229837e+00
4.999976777e-03,2.037446346e-05,1.605470176e+00
4.999976777e-03,2.066142774e-05,1.605423756e+00
4.999976777e-03,2.094839201e-05,1.605379489e+00
4.999976777e-03,2.123535628e-05,1.605328878e+00
4.999976777e-03,2.152232056e-05,1.605284649e+00
4.999976777e-03,2.180928483e-05,1.605235252e+00
4.999976777e-03,2.209624911e-05,1.605186676e+00
4.999976777e-03,2.238321338e-05,1.605137719e+00
4.999976777e-03,2.267017765e-05,1.605089317e+00
4.999976777e-03,2.295714193e-05,1.604688951e+00
4.999976777e-03,2.324410620e-05,1.604988169e+00
4.999976777e-03,2.353107048e-05,1.604933878e+00
4.999976777e-03,2.381803475e-05,1.604882618e+00
4.999976777e-03,2.410499902e-05,1.604831322e+00
4.999976777e-03,2.439196330e-05,1.604774233e+00
4.999976777e-03,2.467892757e-05,1.604723493e+00
4.999976777e-03,2.496589185e-05,1.604666098e+00
4.999976777e-03,2.525285612e-05,1.604611615e+00
4.999976777e-03,2.553982040e-05,1.604557678e+00
4.999976777e-03,2.582678467e-05,1.604088514e+00
4.999976777e-03,2.611374894e-05,1.604441630e+00
4.999976777e-03,2.640071322e-05,1.604385797e+00
4.999976777e-03,2.668767749e-05,1.604323749e+00
4.999976777e-03,2.697464177e-05,1.604266306e+00
4.999976777e-03,2.726160604e-05,1.604207681e+00
4.999976777e-03,2.754857031e-05,1.604148078e+00
4.999976777e-03,2.783553459e-05,1.604081777e+00
4.999976777e-03,2.812249886e-05,1.604022633e+00
4.999976777e-03,2.840946314e-05,1.603962781e+00
4.999976777e-03,2.869642741e-05,1.603504359e+00
4.999976777e-03,2.869642741e-05,1.603506083e+00
4.999976777e-03,2.898339168e-05,1.603833169e+00
4.999976777e-03,2.927035596e-05,1.603772370e+00
4.999976777e-03,2.955732023e-05,1.603702613e+00
4.999976777e-03,2.984428451e-05,1.603641816e+00
4.999976777e-03,3.013124878e-05,1.603573537e+00
4.999976777e-03,3.041821305e-05,1.603507436e+00
4.999976777e-03,3.070517733e-05,1.603439650e+00
4.999976777e-03,3.099214160e-05,1.603370160e+00
4.999976777e-03,3.127910588e-05,1.603304598e+00
4.999976777e-03,3.156607015e-05,1.602705250e+00
4.999976777e-03,3.185303443e-05,1.603161277e+00
4.999976777e-03,3.213999870e-05,1.603097075e+00
4.999976777e-03,3.242696297e-05,1.603022204e+00
4.999976777e-03,3.271392725e-05,1.602952335e+00
4.999976777e-03,3.300089152e-05,1.602877805e+00
4.999976777e-03,3.328785580e-05,1.602806036e+00
4.999976777e-03,3.357482007e-05,1.602735582e+00
4.999976777e-03,3.386178434e-05,1.602656299e+00
4.999976777e-03,3.414874862e-05,1.602582218e+00
4.999976777e-03,3.443571289e-05,1.601921628e+00
4.999976777e-03,3.472267717e-05,1.602431346e+00
4.999976777e-03,3.500964144e-05,1.602358902e+00
4.999976777e-03,3.529660571e-05,1.602278011e+00
4.999976777e-03,3.558356999e-05,1.602202675e+00
4.999976777e-03,3.587053426e-05,1.602123182e+00
4.999976777e-03,3.615749854e-05,1.602047202e+00
4.999976777e-03,3.644446281e-05,1.601961586e+00
4.999976777e-03,3.673142709e-05,1.601882160e+00
4.999976777e-03,3.701839136e-05,1.601806468e+00
4.999976777e-03,3.730535563e-05,1.601435874e+00
4.999976777e-03,3.759231991e-05,1.601642621e+00
4.999976777e-03,3.787928418e-05,1.601559493e+00
4.999976777e-03,3.816624846e-05,1.601471807e+00
4.999976777e-03,3.845321273e-05,1.601393555e+00
4.999976777e-03,3.874017700e-05,1.601303384e+00
4.999976777e-03,3.902714128e-05,1.601219748e+00
4.999976777e-03,3.931410555e-05,1.601138361e+00
4.999976777e-03,3.960106983e-05,1.601045970e+00
4.999976777e-03,3.988803410e-05,1.600959044e+00
4.999976777e-03,4.017499837e-05,1.600650274e+00
4.999976777e-03,4.046196265e-05,1.600782673e+00
4.999976777e-03,4.074892692e-05,1.600693473e+00
4.999976777e-03,4.103589120e-05,1.600610695e+00
4.999976777e-03,4.132285547e-05,1.600514924e+00
4.999976777e-03,4.160981974e-05,1.600427578e+00
4.999976777e-03,4.189678402e-05,1.600338585e+00
4.999976777e-03,4.218374829e-05,1.600242134e+00
4.999976777e-03,4.247071257e-05,1.600151288e+00
4.999976777e-03,4.275767684e-05,1.600056877e+00
4.999976777e-03,4.304464112e-05,1.599750220e+00
4.999976777e-03,4.333160539e-05,1.599869694e+00
4.999976777e-03,4.361856966e-05,1.599774995e+00
4.999976777e-03,4.390553394e-05,1.599680795e+00
4.999976777e-03,4.419249821e-05,1.599581846e+00
4.999976777e-03,4.447946249e-05,1.599487509e+00
4.999976777e-03,4.476642676e-05,1.599392399e+00
4.999976777e-03,4.505339103e-05,1.599288034e+00
4.999976777e-03,4.534035531e-05,1.599188633e+00
4.999976777e-03,4.562731958e-05,1.599094541e+00
4.999976777e-03,4.591428386e-05,1.598772399e+00
4.999976777e-03,4.620124813e-05,1.598889771e+00
4.999976777e-03,4.648821240e-05,1.598794472e+00
4.999976777e-03,4.677517668e-05,1.598687637e+00
4.999976777e-03,4.706214095e-05,1.598590321e+00
4.999976777e-03,4.734910523e-05,1.598483275e+00
4.999976777e-03,4.763606950e-05,1.598381889e+00
4.999976777e-03,4.792303378e-05,1.598278596e+00
4.999976777e-03,4.820999805e-05,1.598170260e+00
4.999976777e-03,4.849696232e-05,1.598063260e+00
4.999976777e-03,4.878392660e-05,1.597728280e+00
4.999976777e-03,4.907089087e-05,1.597850234e+00
4.999976777e-03,4.935785515e-05,1.597747891e+00
4.999976777e-03,4.964481942e-05,1.597640505e+00
4.999976777e-03,4.993178369e-05,1.597530568e+00
4.999976777e-03,5.021874797e-05,1.597421301e+00
4.999976777e-03,5.050571224e-05,1.597311961e+00
4.999976777e-03,5.079267652e-05,1.597203445e+00
4.999976777e-03,5.107964079e-05,1.597093978e+00
4.999976777e-03,5.136660506e-05,1.596978491e+00
4.999976777e-03,5.165356934e-05,1.596621709e+00
4.999976777e-03,5.194053361e-05,1.596757703e+00
4.999976777e-03,5.222749789e-05,1.596640948e+00
4.999976777e-03,5.251446216e-05,1.596524739e+00
4.999976777e-03,5.280142643e-05,1.596417407e+00
4.999976777e-03,5.308839071e-05,1.596298089e+00
4.999976777e-03,5.337535498e-05,1.596184957e+00
4.999976777e-03,5.366231926e-05,1.596066165e+00
4.999976777e-03,5.394928353e-05,1.595950447e+00
4.999976777e-03,5.423624781e-05,1.595834817e+00
4.999976777e-03,5.452321208e-05,1.595454052e+00
4.999976777e-03,5.481017635e-05,1.595596760e+00
4.999976777e-03,5.509714063e-05,1.595476191e+00
4.999976777e-03,5.538410490e-05,1.595354823e+00
4.999976777e-03,5.567106918e-05,1.595239981e+00
4.999976777e-03,5.595803345e-05,1.595111913e+00
4.999976777e-03,5.624499772e-05,1.594993416e+00
4.999976777e-03,5.653196200e-05,1.594873695e+00
4.999976777e-03,5.681892627e-05,1.594747071e+00
4.999976777e-03,5.710589055e-05,1.594625328e+00
4.999976777e-03,5.739285482e-05,1.594236347e+00
4.999976777e-03,5.739285482e-05,1.594234930e+00
4.999976777e-03,5.767981909e-05,1.594375536e+00
4.999976777e-03,5.796678337e-05,1.594253132e+00
4.999976777e-03,5.825374764e-05,1.594123249e+00
4.999976777e-03,5.854071192e-05,1.593999793e+00
4.999976777e-03,5.882767619e-05,1.593873886e+00
4.999976777e-03,5.911464047e-05,1.593741601e+00
4.999976777e-03,5.940160474e-05,1.593614188e+00
4.999976777e-03,5.968856901e-05,1.593489009e+00
4.999976777e-03,5.997553329e-05,1.593356315e+00
4.999976777e-03,6.026249756e-05,1.592937804e+00
4.999976777e-03,6.054946184e-05,1.593093120e+00
4.999976777e-03,6.083642611e-05,1.592964578e+00
4.999976777e-03,6.112339038e-05,1.592834718e+00
4.999976777e-03,6.141035466e-05,1.592699154e+00
4.999976777e-03,6.169731893e-05,1.592566091e+00
4.999976777e-03,6.198428321e-05,1.592436315e+00
4.999976777e-03,6.227124748e-05,1.592298454e+00
4.999976777e-03,6.255821175e-05,1.592165514e+00
4.999976777e-03,6.284517603e-05,1.592031833e+00
4.999976777e-03,6.313214030e-05,1.591589859e+00
4.999976777e-03,6.341910458e-05,1.591755290e+00
4.999976777e-03,6.370606885e-05,1.591621972e+00
4.999976777e-03,6.399303312e-05,1.591479118e+00
4.999976777e-03,6.427999740e-05,1.591342392e+00
4.999976777e-03,6.456696167e-05,1.591206772e+00
4.999976777e-03,6.485392595e-05,1.591064307e+00
4.999976777e-03,6.514089022e-05,1.590924914e+00
4.999976777e-03,6.542785450e-05,1.590787185e+00
4.999976777e-03,6.571481877e-05,1.590640598e+00
4.999976777e-03,6.600178304e-05,1.590182470e+00
4.999976777e-03,6.628874732e-05,1.590355361e+00
4.999976777e-03,6.657571159e-05,1.590217164e+00
4.999976777e-03,6.686267587e-05,1.590073499e+00
4.999976777e-03,6.714964014e-05,1.589925357e+00
4.999976777e-03,6.743660441e-05,1.589783308e+00
4.999976777e-03,6.772356869e-05,1.589639768e+00
4.999976777e-03,6.801053296e-05,1.589487803e+00
4.999976777e-03,6.829749724e-05,1.589345912e+00
4.999976777e-03,6.858446151e-05,1.589198708e+00
4.999976777e-03,6.887142578e-05,1.588715887e+00
4.999976777e-03,6.915839006e-05,1.588901342e+00
4.999976777e-03,6.944535433e-05,1.588753456e+00
4.999976777e-03,6.973231861e-05,1.588601204e+00
4.999976777e-03,7.001928288e-05,1.588452284e+00
4.999976777e-03,7.030624716e-05,1.588302649e+00
4.999976777e-03,7.059321143e-05,1.588149039e+00
4.999976777e-03,7.088017570e-05,1.587995753e+00
4.999976777e-03,7.116713998e-05,1.587847465e+00
4.999976777e-03,7.145410425e-05,1.587690000e+00
4.999976777e-03,7.174106853e-05,1.587190486e+00
4.999976777e-03,7.202803280e-05,1.587383123e+00
4.999976777e-03,7.231499707e-05,1.587229238e+00
4.999976777e-03,7.260196135e-05,1.587072424e+00
4.999976777e-03,7.288892562e-05,1.586915260e+00
4.999976777e-03,7.317588990e-05,1.586761895e+00
4.999976777e-03,7.346285417e-05,1.586600874e+00
4.999976777e-03,7.374981844e-05,1.586444337e+00
4.999976777e-03,7.403678272e-05,1.586288527e+00
4.999976777e-03,7.432374699e-05,1.586125194e+00
4.999976777e-03,7.461071127e-05,1.585606530e+00
4.999976777e-03,7.489767554e-05,1.585809496e+00
4.999976777e-03,7.518463981e-05,1.585645081e+00
4.999976777e-03,7.547160409e-05,1.585484942e+00
4.999976777e-03,7.575856836e-05,1.585324264e+00
4.999976777e-03,7.604553264e-05,1.585158742e+00
4.999976777e-03,7.633249691e-05,1.584997500e+00
4.999976777e-03,7.661946119e-05,1.584835835e+00
4.999976777e-03,7.690642546e-05,1.584667868e+00
4.999976777e-03,7.719338973e-05,1.584505764e+00
4.999976777e-03,7.748035401e-05,1.583964364e+00
4.999976777e-03,7.776731828e-05,1.584171489e+00
4.999976777e-03,7.805428256e-05,1.584006683e+00
4.999976777e-03,7.834124683e-05,1.583841626e+00
4.999976777e-03,7.862821110e-05,1.583670497e+00
4.999976777e-03,7.891517538e-05,1.583505656e+00
4.999976777e-03,7.920213965e-05,1.583332810e+00
4.999976777e-03,7.948910393e-05,1.583166183e+00
4.999976777e-03,7.977606820e-05,1.582996139e+00
4.999976777e-03,8.006303247e-05,1.582822504e+00
4.999976777e-03,8.034999675e-05,1.582264322e+00
4.999976777e-03,8.063696102e-05,1.582483483e+00
4.999976777e-03,8.092392530e-05,1.582305630e+00
4.999976777e-03,8.121088957e-05,1.582136939e+00
4.999976777e-03,8.149785385e-05,1.581963438e+00
4.999976777e-03,8.178481812e-05,1.581787963e+00
4.999976777e-03,8.207178239e-05,1.581613441e+00
4.999976777e-03,8.235874667e-05,1.581438041e+00
4.999976777e-03,8.264571094e-05,1.581263794e+00
4.999976777e-03,8.293267522e-05,1.581086242e+00
4.999976777e-03,8.321963949e-05,1.580506735e+00
4.999976777e-03,8.350660376e-05,1.580731417e+00
4.999976777e-03,8.379356804e-05,1.580554938e+00
4.999976777e-03,8.408053231e-05,1.580373090e+00
4.999976777e-03,8.436749659e-05,1.580197021e+00
4.999976777e-03,8.465446086e-05,1.580013735e+00
4.999976777e-03,8.494142513e-05,1.579838069e+00
4.999976777e-03,8.522838941e-05,1.579652295e+00
4.999976777e-03,8.551535368e-05,1.579475713e+00
4.999976777e-03,8.580231796e-05,1.579288785e+00
4.999976777e-03,8.608928223e-05,1.578955574e+00
4.999976777e-03,8.608928223e-05,1.578678708e+00
4.999976777e-03,8.637624650e-05,1.578924501e+00
4.999976777e-03,8.666321078e-05,1.578742279e+00
4.999976777e-03,8.695017505e-05,1.578556510e+00
4.999976777e-03,8.723713933e-05,1.578371401e+00
4.999976777e-03,8.752410360e-05,1.578185908e+00
4.999976777e-03,8.781106788e-05,1.578001098e+00
4.999976777e-03,8.809803215e-05,1.577813147e+00
4.999976777e-03,8.838499642e-05,1.577628889e+00
4.999976777e-03,8.867196070e-05,1.577436651e+00
4.999976777e-03,8.895892497e-05,1.576820476e+00
4.999976777e-03,8.924588925e-05,1.577061457e+00
4.999976777e-03,8.953285352e-05,1.576874571e+00
4.999976777e-03,8.981981779e-05,1.576679959e+00
4.999976777e-03,9.010678207e-05,1.576493928e+00
4.999976777e-03,9.039374634e-05,1.576298030e+00
4.999976777e-03,9.068071062e-05,1.576111056e+00
4.999976777e-03,9.096767489e-05,1.575913883e+00
4.999976777e-03,9.125463916e-05,1.575725844e+00
4.999976777e-03,9.154160344e-05,1.575527590e+00
4.999976777e-03,9.182856771e-05,1.574892501e+00
4.999976777e-03,9.211553199e-05,1.575139056e+00
4.999976777e-03,9.240249626e-05,1.574948734e+00
4.999976777e-03,9.268946054e-05,1.574748255e+00
4.999976777e-03,9.297642481e-05,1.574556879e+00
4.999976777e-03,9.326338908e-05,1.574355204e+00
4.999976777e-03,9.355035336e-05,1.574162762e+00
4.999976777e-03,9.383731763e-05,1.573960038e+00
4.999976777e-03,9.412428191e-05,1.573766365e+00
4.999976777e-03,9.441124618e-05,1.573564330e+00
4.999976777e-03,9.469821045e-05,1.572908474e+00
4.999976777e-03,9.498517473e-05,1.573165372e+00
4.999976777e-03,9.527213900e-05,1.572967281e+00
4.999976777e-03,9.555910328e-05,1.572761274e+00
4.999976777e-03,9.584606755e-05,1.572564149e+00
4.999976777e-03,9.613303182e-05,1.572359169e+00
4.999976777e-03,9.641999610e-05,1.572158903e+00
4.999976777e-03,9.670696037e-05,1.571950700e+00
4.999976777e-03,9.699392465e-05,1.571751372e+00
4.999976777e-03,9.728088892e-05,1.571543620e+00
4.999976777e-03,9.756785319e-05,1.571188826e+00
4.999976777e-03,9.785481747e-05,1.571132859e+00
4.999976777e-03,9.814178174e-05,1.570928043e+00
4.999976777e-03,9.842874602e-05,1.570719806e+00
4.999976777e-03,9.871571029e-05,1.570513833e+00
4.999976777e-03,9.900267457e-05,1.570304533e+00
4.999976777e-03,9.928963884e-05,1.570097497e+00
4.999976777e-03,9.957660311e-05,1.569889260e+00
4.999976777e-03,9.986356739e-05,1.569678974e+00
4.999976777e-03,1.001505317e-04,1.569467685e+00
4.999976777e-03,1.004374959e-04,1.568863898e+00
4.999976777e-03,1.007244602e-04,1.569045608e+00
4.999976777e-03,1.010114245e-04,1.568835295e+00
4.999976777e-03,1.012983888e-04,1.568621507e+00
4.999976777e-03,1.015853530e-04,1.568410096e+00
4.999976777e-03,1.018723173e-04,1.568195152e+00
4.999976777e-03,1.021592816e-04,1.567982758e+00
4.999976777e-03,1.024462459e-04,1.567766779e+00
4.999976777e-03,1.027332101e-04,1.567553180e+00
4.999976777e-03,1.030201744e-04,1.567336136e+00
4.999976777e-03,1.033071387e-04,1.566978364e+00
4.999976777e-03,1.035941030e-04,1.566903387e+00
4.999976777e-03,1.038810672e-04,1.566687795e+00
4.999976777e-03,1.041680315e-04,1.566468492e+00
4.999976777e-03,1.044549958e-04,1.566251604e+00
4.999976777e-03,1.047419600e-04,1.566031252e+00
4.999976777e-03,1.050289243e-04,1.565813287e+00
4.999976777e-03,1.053158886e-04,1.565591875e+00
4.999976777e-03,1.056028529e-04,1.565372887e+00
4.999976777e-03,1.058898171e-04,1.565150382e+00
4.999976777e-03,1.061767814e-04,1.564519315e+00
4.999976777e-03,1.064637457e-04,1.564706737e+00
4.999976777e-03,1.067507100e-04,1.564485679e+00
4.999976777e-03,1.070376742e-04,1.564260975e+00
4.999976777e-03,1.073246385e-04,1.564038660e+00
4.999976777e-03,1.076116028e-04,1.563815325e+00
4.999976777e-03,1.078985671e-04,1.563591508e+00
4.999976777e-03,1.090464242e-04,1.562536321e+00
4.999976777e-03,1.119160669e-04,1.560274547e+00
4.999976777e-03,1.147857096e-04,1.557839666e+00
4.999976777e-03,1.147857096e-04,1.557830194e+00
4.999976777e-03,1.176553524e-04,1.555521024e+00
4.999976777e-03,1.205249951e-04,1.553061951e+00
4.999976777e-03,1.233946379e-04,1.550550889e+00
4.999976777e-03,1.262642806e-04,1.547988379e+00
4.999976777e-03,1.291339233e-04,1.545374951e+00
4.999976777e-03,1.320035661e-04,1.542711090e+00
4.999976777e-03,1.348732088e-04,1.539997254e+00
4.999976777e-03,1.377428516e-04,1.537233834e+00
4.999976777e-03,1.406124943e-04,1.534421405e+00
4.999976777e-03,1.434821371e-04,1.531705952e+00
4.999976777e-03,1.434821371e-04,1.531707375e+00
4.999976777e-03,1.463517798e-04,1.528651453e+00
4.999976777e-03,1.492214225e-04,1.525694919e+00
4.999976777e-03,1.520910653e-04,1.522691355e+00
4.999976777e-03,1.549607080e-04,1.519641265e+00
4.999976777e-03,1.578303508e-04,1.516545125e+00
4.999976777e-03,1.606999935e-04,1.513403447e+00
4.999976777e-03,1.635696362e-04,1.510216724e+00
4.999976777e-03,1.664392790e-04,1.506985478e+00
4.999976777e-03,1.693089217e-04,1.503941065e+00
4.999976777e-03,1.721785645e-04,1.500580863e+00
4.999976777e-03,1.721785645e-04,1.500579336e+00
4.999976777e-03,1.750482072e-04,1.497269795e+00
4.999976777e-03,1.779178499e-04,1.493884122e+00
4.999976777e-03,1.807874927e-04,1.490442480e+00
4.999976777e-03,1.836571354e-04,1.486958295e+00
4.999976777e-03,1.865267782e-04,1.483433148e+00
4.999976777e-03,1.893964209e-04,1.479867588e+00
4.999976777e-03,1.922660636e-04,1.476262193e+00
4.999976777e-03,1.951357064e-04,1.472617465e+00
4.999976777e-03,1.980053491e-04,1.468933936e+00
4.999976777e-03,2.008749919e-04,1.465158751e+00
4.999976777e-03,2.008749919e-04,1.465157467e+00
4.999976777e-03,2.037446346e-04,1.461452416e+00
4.999976777e-03,2.066142774e-04,1.457655530e+00
4.999976777e-03,2.094839201e-04,1.453821919e+00
4.999976777e-03,2.123535628e-04,1.449952150e+00
4.999976777e-03,2.152232056e-04,1.446046699e+00
4.999976777e-03,2.180928483e-04,1.442106045e+00
4.999976777e-03,2.209624911e-04,1.438130745e+00
4.999976777e-03,2.238321338e-04,1.434121344e+00
4.999976777e-03,2.267017765e-04,1.430078369e+00
4.999976777e-03,2.295714193e-04,1.425961742e+00
4.999976777e-03,2.295714193e-04,1.425960559e+00
4.999976777e-03,2.324410620e-04,1.421893687e+00
4.999976777e-03,2.353107048e-04,1.417752964e+00
4.999976777e-03,2.381803475e-04,1.413580720e+00
4.999976777e-03,2.410499902e-04,1.409377457e+00
4.999976777e-03,2.439196330e-04,1.405143693e+00
4.999976777e-03,2.467892757e-04,1.400879888e+00
4.999976777e-03,2.496589185e-04,1.396586553e+00
4.999976777e-03,2.525285612e-04,1.392264228e+00
4.999976777e-03,2.553982040e-04,1.387913419e+00
4.999976777e-03,2.582678467e-04,1.383503827e+00
4.999976777e-03,2.582678467e-04,1.383504968e+00
4.999976777e-03,2.611374894e-04,1.379128278e+00
4.999976777e-03,2.640071322e-04,1.374694919e+00
4.999976777e-03,2.668767749e-04,1.370235048e+00
4.999976777e-03,2.697464177e-04,1.365749176e+00
4.999976777e-03,2.726160604e-04,1.361237729e+00
4.999976777e-03,2.754857031e-04,1.356701183e+00
4.999976777e-03,2.783553459e-04,1.352140091e+00
4.999976777e-03,2.812249886e-04,1.347554918e+00
4.999976777e-03,2.840946314e-04,1.342946097e+00
4.999976777e-03,2.869642741e-04,1.338289140e+00
4.999976777e-03,2.869642741e-04,1.338287908e+00
4.999976777e-03,2.898339168e-04,1.333659432e+00
4.999976777e-03,2.927035596e-04,1.328982586e+00
4.999976777e-03,2.955732023e-04,1.324283955e+00
4.999976777e-03,2.984428451e-04,1.319564027e+00
4.999976777e-03,3.013124878e-04,1.314823283e+00
4.999976777e-03,3.041821305e-04,1.310062202e+00
4.999976777e-03,3.070517733e-04,1.305281144e+00
4.999976777e-03,3.099214160e-04,1.300480634e+00
4.999976777e-03,3.127910588e-04,1.295661151e+00
4.999976777e-03,3.156607015e-04,1.290792179e+00
4.999976777e-03,3.156607015e-04,1.290791142e+00
4.999976777e-03,3.185303443e-04,1.286112273e+00
4.999976777e-03,3.213999870e-04,1.281101403e+00
4.999976777e-03,3.242696297e-04,1.276347429e+00
4.999976777e-03,3.271392725e-04,1.271443326e+00
4.999976777e-03,3.300089152e-04,1.266519014e+00
4.999976777e-03,3.328785580e-04,1.261578634e+00
4.999976777e-03,3.357482007e-04,1.256622651e+00
4.999976777e-03,3.386178434e-04,1.251651538e+00
4.999976777e-03,3.414874862e-04,1.246665720e+00
4.999976777e-03,3.443571289e-04,1.241465896e+00
4.999976777e-03,3.443571289e-04,1.241464841e+00
4.999976777e-03,3.472267717e-04,1.236651489e+00
4.999976777e-03,3.500964144e-04,1.231623946e+00
4.999976777e-03,3.529660571e-04,1.226583269e+00
4.999976777e-03,3.558356999e-04,1.221529916e+00
4.999976777e-03,3.587053426e-04,1.216464303e+00
4.999976777e-03,3.615749854e-04,1.211386742e+00
4.999976777e-03,3.644446281e-04,1.206297698e+00
4.999976777e-03,3.673142709e-04,1.201197544e+00
4.999976777e-03,3.701839136e-04,1.196086632e+00
4.999976777e-03,3.730535563e-04,1.190730986e+00
4.999976777e-03,3.730535563e-04,1.190730050e+00
4.999976777e-03,3.759231991e-04,1.185834207e+00
4.999976777e-03,3.787928418e-04,1.180693421e+00
4.999976777e-03,3.816624846e-04,1.175543440e+00
4.999976777e-03,3.845321273e-04,1.170384590e+00
4.999976777e-03,3.874017700e-04,1.165217290e+00
4.999976777e-03,3.902714128e-04,1.160041864e+00
4.999976777e-03,3.931410555e-04,1.154858805e+00
4.999976777e-03,3.960106983e-04,1.149668831e+00
4.999976777e-03,3.988803410e-04,1.144472324e+00
4.999976777e-03,4.017499837e-04,1.138981458e+00
4.999976777e-03,4.017499837e-04,1.138980562e+00
4.999976777e-03,4.046196265e-04,1.134060518e+00
4.999976777e-03,4.074892692e-04,1.128845243e+00
4.999976777e-03,4.103589120e-04,1.123623675e+00
4.999976777e-03,4.132285547e-04,1.118395951e+00
4.999976777e-03,4.160981974e-04,1.113162205e+00
4.999976777e-03,4.189678402e-04,1.107922779e+00
4.999976777e-03,4.218374829e-04,1.102678033e+00
4.999976777e-03,4.247071257e-04,1.097428499e+00
4.999976777e-03,4.275767684e-04,1.092174713e+00
4.999976777e-03,4.304464112e-04,1.086552674e+00
4.999976777e-03,4.304464112e-04,1.086553517e+00
4.999976777e-03,4.333160539e-04,1.081656918e+00
4.999976777e-03,4.361856966e-04,1.076394180e+00
4.999976777e-03,4.390553394e-04,1.071129702e+00
4.999976777e-03,4.419249821e-04,1.065864099e+00
4.999976777e-03,4.447946249e-04,1.060597882e+00
4.999976777e-03,4.476642676e-04,1.055331589e+00
4.999976777e-03,4.505339103e-04,1.050065635e+00
4.999976777e-03,4.534035531e-04,1.044800426e+00
4.999976777e-03,4.562731958e-04,1.039536302e+00
4.999976777e-03,4.591428386e-04,1.033807444e+00
4.999976777e-03,4.591428386e-04,1.033806625e+00
4.999976777e-03,4.620124813e-04,1.029012328e+00
4.999976777e-03,4.648821240e-04,1.023752906e+00
4.999976777e-03,4.677517668e-04,1.018495369e+00
4.999976777e-03,4.706214095e-04,1.013239926e+00
4.999976777e-03,4.734910523e-04,1.007986575e+00
4.999976777e-03,4.763606950e-04,1.002735413e+00
4.999976777e-03,4.792303378e-04,9.974865021e-01
4.999976777e-03,4.820999805e-04,9.922398760e-01
4.999976777e-03,4.849696232e-04,9.869955833e-01
4.999976777e-03,4.878392660e-04,9.811525102e-01
4.999976777e-03,4.878392660e-04,9.811517686e-01
4.999976777e-03,4.907089087e-04,9.765141686e-01
4.999976777e-03,4.935785515e-04,9.712771645e-01
4.999976777e-03,4.964481942e-04,9.660427015e-01
4.999976777e-03,4.993178369e-04,9.608108734e-01
4.999976777e-03,5.021874797e-04,9.555817835e-01
4.999976777e-03,5.050571224e-04,9.503555334e-01
4.999976777e-03,5.079267652e-04,9.450346243e-01
4.999976777e-03,5.107964079e-04,9.398962972e-01
4.999976777e-03,5.136660506e-04,9.345956948e-01
4.999976777e-03,5.165356934e-04,9.287028062e-01
4.999976777e-03,5.165356934e-04,9.287034953e-01
4.999976777e-03,5.194053361e-04,9.241458656e-01
4.999976777e-03,5.222749789e-04,9.189387944e-01
4.999976777e-03,5.251446216e-04,9.137364288e-01
4.999976777e-03,5.280142643e-04,9.085385407e-01
4.999976777e-03,5.308839071e-04,9.033449170e-01
4.999976777e-03,5.337535498e-04,8.981562904e-01
4.999976777e-03,5.366231926e-04,8.929729696e-01
4.999976777e-03,5.394928353e-04,8.877951623e-01
4.999976777e-03,5.452321208e-04,8.765848055e-01
4.999976777e-03,5.452321208e-04,8.765854573e-01
4.999976777e-03,5.739285482e-04,8.250725570e-01
4.999976777e-03,5.739285482e-04,8.244929126e-01
4.999976777e-03,6.026249756e-04,7.745083604e-01
4.999976777e-03,6.026249756e-04,7.737644916e-01
4.999976777e-03,6.313214030e-04,7.243429203e-01
4.999976777e-03,6.313214030e-04,7.251969151e-01
4.999976777e-03,6.600178304e-04,6.773544714e-01
4.999976777e-03,6.600178304e-04,6.763883253e-01
4.999976777e-03,6.887142578e-04,6.300092540e-01
4.999976777e-03,6.887142578e-04,6.318374485e-01
4.999976777e-03,7.174106853e-04,5.889473487e-01
4.999976777e-03,7.174106853e-04,5.861124442e-01
1.000728376e-02,0.000000000e+00,2.602601138e+00
1.000728376e-02,0.000000000e+00,2.602595686e+00
1.000728376e-02,1.000500729e-05,2.602108166e+00
1.000728376e-02,2.001001457e-05,2.601526452e+00
1.000728376e-02,3.001502186e-05,2.600928124e+00
1.000728376e-02,4.002002915e-05,2.600263712e+00
1.000728376e-02,5.002503643e-05,2.599518362e+00
1.000728376e-02,6.003004372e-05,2.598672076e+00
1.000728376e-02,7.003505100e-05,2.597717356e+00
1.000728376e-02,8.004005829e-05,2.596647567e+00
1.000728376e-02,9.004506558e-05,2.595456436e+00
1.000728376e-02,1.000500729e-04,2.594197732e+00
1.000728376e-02,1.000500729e-04,2.594193710e+00
1.000728376e-02,1.050525765e-04,2.593713590e+00
1.000728376e-02,1.100550802e-04,2.593119514e+00
1.000728376e-02,1.150575838e-04,2.592453148e+00
1.000728376e-02,1.200600874e-04,2.591728031e+00
1.000728376e-02,1.250625911e-04,2.590957018e+00
1.000728376e-02,1.300650947e-04,2.590146835e+00
1.000728376e-02,1.350675984e-04,2.589301316e+00
1.000728376e-02,1.400701020e-04,2.588422765e+00
1.000728376e-02,1.450726057e-04,2.587512220e+00
1.000728376e-02,1.500751093e-04,2.586570451e+00
1.000728376e-02,1.550776129e-04,2.585597788e+00
1.000728376e-02,1.600801166e-04,2.584579849e+00
1.000728376e-02,1.650826202e-04,2.583546337e+00
1.000728376e-02,1.700851239e-04,2.582482621e+00
1.000728376e-02,1.750876275e-04,2.581388741e+00
1.000728376e-02,1.800901312e-04,2.580265243e+00
1.000728376e-02,1.850926348e-04,2.579111771e+00
1.000728376e-02,1.900951384e-04,2.577928576e+00
1.000728376e-02,1.950976421e-04,2.576715547e+00
1.000728376e-02,2.001001457e-04,2.575912754e+00
1.000728376e-02,2.001001457e-04,2.575916088e+00
1.000728376e-02,2.051026494e-04,2.574200730e+00
1.000728376e-02,2.101051530e-04,2.572899186e+00
1.000728376e-02,2.151076567e-04,2.571568088e+00
1.000728376e-02,2.201101603e-04,2.570208147e+00
1.000728376e-02,2.251126639e-04,2.568818625e+00
1.000728376e-02,2.301151676e-04,2.567399989e+00
1.000728376e-02,2.351176712e-04,2.565952555e+00
1.000728376e-02,2.401201749e-04,2.564476089e+00
1.000728376e-02,2.451226785e-04,2.562970693e+00
1.000728376e-02,2.501251822e-04,2.562191849e+00
1.000728376e-02,2.551276858e-04,2.560830392e+00
1.000728376e-02,2.601301894e-04,2.559314938e+00
1.000728376e-02,2.651326931e-04,2.557732936e+00
1.000728376e-02,2.701351967e-04,2.556110955e+00
1.000728376e-02,2.751377004e-04,2.554457038e+00
1.000728376e-02,2.801402040e-04,2.552773797e+00
1.000728376e-02,2.851427077e-04,2.551062251e+00
1.000728376e-02,2.901452113e-04,2.549322635e+00
1.000728376e-02,2.951477149e-04,2.547555086e+00
1.000728376e-02,3.001502186e-04,2.545703195e+00
1.000728376e-02,3.001502186e-04,2.545706895e+00
1.000728376e-02,3.051527222e-04,2.543936801e+00
1.000728376e-02,3.101552259e-04,2.542086189e+00
1.000728376e-02,3.151577295e-04,2.540208388e+00
1.000728376e-02,3.201602332e-04,2.538303155e+00
1.000728376e-02,3.251627368e-04,2.536370748e+00
1.000728376e-02,3.301652405e-04,2.534411425e+00
1.000728376e-02,3.326664923e-04,2.533221814e+00
1.000728376e-02,3.351677441e-04,2.532146710e+00
1.000728376e-02,3.376689959e-04,2.531103793e+00
1.000728376e-02,3.401702477e-04,2.530085674e+00
1.000728376e-02,3.426714996e-04,2.529054441e+00
1.000728376e-02,3.451727514e-04,2.528021948e+00
1.000728376e-02,3.476740032e-04,2.526985517e+00
1.000728376e-02,3.501752550e-04,2.525944238e+00
1.000728376e-02,3.526765068e-04,2.524897331e+00
1.000728376e-02,3.551777587e-04,2.523844221e+00
1.000728376e-02,3.576790105e-04,2.522784676e+00
1.000728376e-02,3.601802623e-04,2.521718830e+00
1.000728376e-02,3.626815141e-04,2.520646451e+00
1.000728376e-02,3.651827660e-04,2.519567584e+00
1.000728376e-02,3.676840178e-04,2.518482265e+00
1.000728376e-02,3.701852696e-04,2.517390441e+00
1.000728376e-02,3.726865214e-04,2.516291911e+00
1.000728376e-02,3.751877732e-04,2.515187157e+00
1.000728376e-02,3.776890251e-04,2.514075733e+00
1.000728376e-02,3.801902769e-04,2.512958062e+00
1.000728376e-02,3.826915287e-04,2.511833840e+00
1.000728376e-02,3.851927805e-04,2.510703254e+00
1.000728376e-02,3.876940323e-04,2.509566197e+00
1.000728376e-02,3.901952842e-04,2.508422964e+00
1.000728376e-02,3.926965360e-04,2.507273005e+00
1.000728376e-02,3.951977878e-04,2.506117136e+00
1.000728376e-02,3.976990396e-04,2.504954458e+00
1.000728376e-02,4.002002915e-04,2.504148700e+00
1.000728376e-02,4.002002915e-04,2.504537555e+00
1.000728376e-02,4.027015433e-04,2.502610578e+00
1.000728376e-02,4.052027951e-04,2.501429263e+00
1.000728376e-02,4.077040469e-04,2.500241504e+00
1.000728376e-02,4.102052987e-04,2.499047624e+00
1.000728376e-02,4.127065506e-04,2.497847494e+00
1.000728376e-02,4.152078024e-04,2.496641069e+00
1.000728376e-02,4.177090542e-04,2.495428393e+00
1.000728376e-02,4.202103060e-04,2.494209755e+00
1.000728376e-02,4.227115579e-04,2.492984680e+00
1.000728376e-02,4.252128097e-04,2.491753658e+00
1.000728376e-02,4.277140615e-04,2.490516359e+00
1.000728376e-02,4.302153133e-04,2.489272877e+00
1.000728376e-02,4.327165651e-04,2.488023489e+00
1.000728376e-02,4.352178170e-04,2.486767794e+00
1.000728376e-02,4.377190688e-04,2.485506317e+00
1.000728376e-02,4.402203206e-04,2.484238480e+00
1.000728376e-02,4.427215724e-04,2.482964769e+00
1.000728376e-02,4.452228242e-04,2.481684927e+00
1.000728376e-02,4.477240761e-04,2.480399116e+00
1.000728376e-02,4.502253279e-04,2.479107323e+00
1.000728376e-02,4.527265797e-04,2.477809504e+00
1.000728376e-02,4.552278315e-04,2.476505782e+00
1.000728376e-02,4.577290834e-04,2.475196156e+00
1.000728376e-02,4.602303352e-04,2.473880588e+00
1.000728376e-02,4.627315870e-04,2.472558736e+00
1.000728376e-02,4.652328388e-04,2.471231665e+00
1.000728376e-02,4.677340906e-04,2.469898286e+00
1.000728376e-02,4.702353425e-04,2.468559322e+00
1.000728376e-02,4.727365943e-04,2.467214172e+00
1.000728376e-02,4.752378461e-04,2.465863380e+00
1.000728376e-02,4.777390979e-04,2.464506843e+00
1.000728376e-02,4.802403497e-04,2.463144693e+00
1.000728376e-02,4.827416016e-04,2.461776467e+00
1.000728376e-02,4.852428534e-04,2.460402671e+00
1.000728376e-02,4.877441052e-04,2.459022887e+00
1.000728376e-02,4.902453570e-04,2.457637823e+00
1.000728376e-02,4.927466089e-04,2.456246665e+00
1.000728376e-02,4.952478607e-04,2.454850111e+00
1.000728376e-02,4.977491125e-04,2.453447841e+00
1.000728376e-02,5.002503643e-04,2.453009147e+00
1.000728376e-02,5.002503643e-04,2.453001180e+00
1.000728376e-02,5.027516161e-04,2.450626228e+00
1.000728376e-02,5.052528680e-04,2.449207059e+00
1.000728376e-02,5.077541198e-04,2.447782302e+00
1.000728376e-02,5.102553716e-04,2.446351958e+00
1.000728376e-02,5.127566234e-04,2.444915960e+00
1.000728376e-02,5.152578753e-04,2.443474505e+00
1.000728376e-02,5.177591271e-04,2.442027622e+00
1.000728376e-02,5.202603789e-04,2.440575194e+00
1.000728376e-02,5.227616307e-04,2.439117159e+00
1.000728376e-02,5.252628825e-04,2.437653750e+00
1.000728376e-02,5.277641344e-04,2.436185021e+00
1.000728376e-02,5.302653862e-04,2.434710783e+00
1.000728376e-02,5.327666380e-04,2.433230969e+00
1.000728376e-02,5.352678898e-04,2.431745812e+00
1.000728376e-02,5.377691416e-04,2.430255546e+00
1.000728376e-02,5.402703935e-04,2.428759594e+00
1.000728376e-02,5.427716453e-04,2.427258385e+00
1.000728376e-02,5.452728971e-04,2.425751931e+00
1.000728376e-02,5.477741489e-04,2.424240222e+00
1.000728376e-02,5.502754008e-04,2.422723145e+00
1.000728376e-02,5.527766526e-04,2.421200757e+00
1.000728376e-02,5.552779044e-04,2.419673143e+00
1.000728376e-02,5.577791562e-04,2.418140232e+00
1.000728376e-02,5.602804080e-04,2.416602258e+00
1.000728376e-02,5.627816599e-04,2.415058971e+00
1.000728376e-02,5.652829117e-04,2.413510685e+00
1.000728376e-02,5.677841635e-04,2.411957094e+00
1.000728376e-02,5.702854153e-04,2.410398335e+00
1.000728376e-02,5.727866671e-04,2.408834628e+00
1.000728376e-02,5.752879190e-04,2.407265666e+00
1.000728376e-02,5.777891708e-04,2.405691661e+00
1.000728376e-02,5.802904226e-04,2.404112687e+00
1.000728376e-02,5.827916744e-04,2.402528458e+00
1.000728376e-02,5.852929263e-04,2.400939428e+00
1.000728376e-02,5.877941781e-04,2.399345246e+00
1.000728376e-02,5.902954299e-04,2.397745976e+00
1.000728376e-02,5.927966817e-04,2.396142039e+00
1.000728376e-02,5.952979335e-04,2.394532947e+00
1.000728376e-02,5.977991854e-04,2.392918872e+00
1.000728376e-02,6.003004372e-04,2.392495669e+00
1.000728376e-02,6.003004372e-04,2.392492438e+00
1.000728376e-02,6.028016890e-04,2.389675809e+00
1.000728376e-02,6.053029408e-04,2.388047186e+00
1.000728376e-02,6.078041926e-04,2.386413672e+00
1.000728376e-02,6.103054445e-04,2.384775062e+00
1.000728376e-02,6.128066963e-04,2.383131736e+00
1.000728376e-02,6.153079481e-04,2.381483735e+00
1.000728376e-02,7.003505100e-04,2.324139281e+00
1.000728376e-02,7.003505100e-04,2.324136002e+00
1.000728376e-02,8.004005829e-04,2.249364038e+00
1.000728376e-02,8.004005829e-04,2.249082867e+00
1.000728376e-02,9.004506558e-04,2.168452047e+00
1.000728376e-02,9.004506558e-04,2.168736994e+00
1.000728376e-02,1.000500729e-03,2.083598697e+00
1.000728376e-02,1.000500729e-03,2.083307247e+00
1.000728376e-02,1.100550802e-03,1.994949197e+00
1.000728376e-02,1.100550802e-03,1.994643284e+00
1.000728376e-02,1.200600874e-03,1.903387390e+00
1.000728376e-02,1.200600874e-03,1.903381832e+00
1.000728376e-02,1.300650947e-03,1.810376621e+00
1.000728376e-02,1.300650947e-03,1.810378960e+00
1.000728376e-02,1.400701020e-03,1.716323444e+00
1.000728376e-02,1.400701020e-03,1.716325718e+00
1.000728376e-02,1.500751093e-03,1.622104087e+00
1.000728376e-02,1.500751093e-03,1.622106013e+00
1.000728376e-02,1.600801166e-03,1.528346028e+00
1.000728376e-02,1.600801166e-03,1.528344090e+00
1.000728376e-02,1.700851239e-03,1.435240963e+00
1.000728376e-02,1.700851239e-03,1.435242825e+00
1.000728376e-02,1.800901312e-03,1.343252042e+00
1.000728376e-02,1.800901312e-03,1.343250341e+00
1.000728376e-02,1.900951384e-03,1.251937729e+00
1.000728376e-02,1.900951384e-03,1.253073186e+00
1.000728376e-02,2.001001457e-03,1.165367081e+00
1.000728376e-02,2.001001457e-03,1.163878577e+00
1.000728376e-02,2.101051530e-03,1.078875290e+00
1.000728376e-02,2.101051530e-03,1.081785882e+00
1.000728376e-02,2.201101603e-03,1.000652539e+00
1.000728376e-02,2.201101603e-03,9.985299761e-01
1.000728376e-02,2.301151676e-03,9.206051314e-01
1.000728376e-02,2.301151676e-03,9.274336798e-01
1.000728376e-02,2.351176712e-03,8.870120584e-01
1.000728376e-02,2.376189231e-03,8.764863554e-01
1.000728376e-02,2.388695490e-03,8.676825651e-01
1.668026596e-02,0.000000000e+00,3.735205238e+00
1.668026596e-02,0.000000000e+00,3.735213176e+00
1.668026596e-02,1.001391156e-05,3.734630145e+00
1.668026596e-02,2.002782313e-05,3.734102683e+00
1.668026596e-02,3.004173469e-05,3.733717442e+00
1.668026596e-02,4.005564625e-05,3.733418088e+00
1.668026596e-02,5.006955782e-05,3.733135479e+00
1.668026596e-02,6.008346938e-05,3.732881338e+00
1.668026596e-02,7.009738095e-05,3.732601086e+00
1.668026596e-02,8.011129251e-05,3.732302271e+00
1.668026596e-02,9.012520407e-05,3.731967210e+00
1.668026596e-02,1.001391156e-04,3.732149568e+00
1.668026596e-02,1.001391156e-04,3.732142705e+00
1.668026596e-02,1.101530272e-04,3.731224477e+00
1.668026596e-02,1.201669388e-04,3.730812652e+00
1.668026596e-02,1.301808503e-04,3.730352135e+00
1.668026596e-02,1.401947619e-04,3.729877139e+00
1.668026596e-02,1.502086735e-04,3.729349937e+00
1.668026596e-02,1.602225850e-04,3.728811225e+00
1.668026596e-02,1.702364966e-04,3.728215391e+00
1.668026596e-02,1.802504081e-04,3.727612893e+00
1.668026596e-02,1.902643197e-04,3.726953955e+00
1.668026596e-02,2.002782313e-04,3.725813476e+00
1.668026596e-02,2.002782313e-04,3.725820050e+00
1.668026596e-02,2.102921428e-04,3.725556822e+00
1.668026596e-02,2.203060544e-04,3.724819852e+00
1.668026596e-02,2.303199660e-04,3.724035447e+00
1.668026596e-02,2.403338775e-04,3.723225420e+00
1.668026596e-02,2.503477891e-04,3.722375631e+00
1.668026596e-02,2.603617007e-04,3.721499912e+00
1.668026596e-02,2.703756122e-04,3.720587550e+00
1.668026596e-02,2.803895238e-04,3.719642874e+00
1.668026596e-02,2.904034353e-04,3.718665344e+00
1.668026596e-02,3.004173469e-04,3.717386815e+00
1.668026596e-02,3.004173469e-04,3.717380389e+00
1.668026596e-02,3.104312585e-04,3.716612270e+00
1.668026596e-02,3.204451700e-04,3.715536942e+00
1.668026596e-02,3.304590816e-04,3.714429076e+00
1.668026596e-02,3.404729932e-04,3.713288721e+00
1.668026596e-02,3.504869047e-04,3.712115883e+00
1.668026596e-02,3.605008163e-04,3.710910728e+00
1.668026596e-02,3.705147279e-04,3.709673452e+00
1.668026596e-02,3.805286394e-04,3.708403679e+00
1.668026596e-02,3.905425510e-04,3.707102008e+00
1.668026596e-02,4.005564625e-04,3.706124256e+00
1.668026596e-02,4.005564625e-04,3.705379127e+00
1.668026596e-02,4.105703741e-04,3.704402290e+00
1.668026596e-02,4.205842857e-04,3.703004461e+00
1.668026596e-02,4.305981972e-04,3.701574816e+00
1.668026596e-02,4.406121088e-04,3.700113237e+00
1.668026596e-02,4.506260204e-04,3.698620035e+00
1.668026596e-02,4.606399319e-04,3.697094964e+00
1.668026596e-02,4.706538435e-04,3.695509700e+00
1.668026596e-02,4.806677551e-04,3.693921250e+00
1.668026596e-02,4.906816666e-04,3.692301311e+00
1.668026596e-02,5.006955782e-04,3.691175511e+00
1.668026596e-02,5.006955782e-04,3.691097830e+00
1.668026596e-02,5.107094897e-04,3.688967264e+00
1.668026596e-02,5.207234013e-04,3.687253482e+00
1.668026596e-02,5.307373129e-04,3.685508535e+00
1.668026596e-02,5.407512244e-04,3.683732542e+00
1.668026596e-02,5.507651360e-04,3.681925589e+00
1.668026596e-02,5.607790476e-04,3.680087730e+00
1.668026596e-02,5.707929591e-04,3.678219068e+00
1.668026596e-02,5.808068707e-04,3.676319618e+00
1.668026596e-02,5.908207823e-04,3.674389491e+00
1.668026596e-02,6.008346938e-04,3.673041651e+00
1.668026596e-02,6.008346938e-04,3.673648322e+00
1.668026596e-02,6.108486054e-04,3.670438247e+00
1.668026596e-02,6.208625169e-04,3.668416876e+00
1.668026596e-02,6.308764285e-04,3.666365568e+00
1.668026596e-02,6.408903401e-04,3.664283875e+00
1.668026596e-02,6.509042516e-04,3.662172101e+00
1.668026596e-02,6.609181632e-04,3.660030462e+00
1.668026596e-02,6.709320748e-04,3.657858950e+00
1.668026596e-02,6.809459863e-04,3.655657622e+00
1.668026596e-02,6.909598979e-04,3.653426354e+00
1.668026596e-02,7.009738095e-04,3.652583533e+00
1.668026596e-02,7.009738095e-04,3.652620862e+00
1.668026596e-02,7.109877210e-04,3.648875825e+00
1.668026596e-02,7.210016326e-04,3.646556307e+00
1.668026596e-02,7.310155441e-04,3.644207714e+00
1.668026596e-02,7.410294557e-04,3.641829707e+00
1.668026596e-02,8.011129251e-04,3.628618537e+00
1.668026596e-02,8.011129251e-04,3.628626330e+00
1.668026596e-02,9.012520407e-04,3.601795812e+00
1.668026596e-02,9.012520407e-04,3.601788977e+00
1.668026596e-02,1.001391156e-03,3.572236925e+00
1.668026596e-02,1.001391156e-03,3.572748342e+00
1.668026596e-02,1.101530272e-03,3.540647740e+00
1.668026596e-02,1.101530272e-03,3.540084789e+00
1.668026596e-02,1.201669388e-03,3.506058279e+00
1.668026596e-02,1.201669388e-03,3.506039515e+00
1.668026596e-02,1.301808503e-03,3.469122020e+00
1.668026596e-02,1.301808503e-03,3.469115133e+00
1.668026596e-02,1.401947619e-03,3.429971928e+00
1.668026596e-02,1.401947619e-03,3.429966096e+00
1.668026596e-02,1.502086735e-03,3.388744068e+00
1.668026596e-02,1.502086735e-03,3.388736289e+00
1.668026596e-02,1.602225850e-03,3.345561512e+00
1.668026596e-02,1.602225850e-03,3.345567200e+00
1.668026596e-02,1.702364966e-03,3.300581695e+00
1.668026596e-02,1.702364966e-03,3.300575461e+00
1.668026596e-02,1.802504081e-03,3.253910158e+00
1.668026596e-02,1.802504081e-03,3.253916328e+00
1.668026596e-02,1.902643197e-03,3.205696612e+00
1.668026596e-02,1.902643197e-03,3.205702073e+00
1.668026596e-02,2.002782313e-03,3.156062376e+00
1.668026596e-02,2.002782313e-03,3.156069269e+00
1.668026596e-02,2.102921428e-03,3.105137557e+00
1.668026596e-02,2.102921428e-03,3.105132398e+00
1.668026596e-02,2.203060544e-03,3.053034187e+00
1.668026596e-02,2.203060544e-03,3.053028021e+00
1.668026596e-02,2.303199660e-03,2.999867350e+00
1.668026596e-02,2.303199660e-03,2.999872296e+00
1.668026596e-02,2.403338775e-03,2.945769723e+00
1.668026596e-02,2.403338775e-03,2.945764331e+00
1.668026596e-02,2.503477891e-03,2.890834355e+00
1.668026596e-02,2.503477891e-03,2.890829490e+00
1.668026596e-02,2.603617007e-03,2.835169362e+00
1.668026596e-02,2.703756122e-03,2.778886955e+00
1.668026596e-02,2.803895238e-03,2.722081149e+00
1.668026596e-02,2.904034353e-03,2.664846954e+00
1.668026596e-02,3.004173469e-03,2.607282197e+00
1.668026596e-02,3.104312585e-03,2.549466598e+00
1.668026596e-02,3.204451700e-03,2.491434521e+00
1.668026596e-02,3.304590816e-03,2.433308530e+00
1.668026596e-02,3.404729932e-03,2.375216510e+00
1.668026596e-02,3.504869047e-03,2.317260072e+00
1.668026596e-02,3.605008163e-03,2.259481248e+00
1.668026596e-02,3.705147279e-03,2.201906618e+00
1.668026596e-02,3.805286394e-03,2.144540796e+00
1.668026596e-02,3.905425510e-03,2.087416568e+00
1.668026596e-02,4.005564625e-03,2.030583946e+00
1.668026596e-02,4.105703741e-03,1.974111893e+00
1.668026596e-02,4.205842857e-03,1.918079696e+00
1.668026596e-02,4.305981972e-03,1.862572928e+00
1.668026596e-02,4.406121088e-03,1.807675618e+00
1.668026596e-02,4.506260204e-03,1.753466337e+00
1.668026596e-02,4.606399319e-03,1.699057946e+00
1.668026596e-02,4.706538435e-03,1.646051746e+00
1.668026596e-02,4.806677551e-03,1.594116994e+00
1.668026596e-02,4.906816666e-03,1.543138205e+00
1.668026596e-02,5.006955782e-03,1.493113080e+00
1.668026596e-02,5.107094897e-03,1.444061518e+00
1.668026596e-02,5.207234013e-03,1.397286973e+00
1.668026596e-02,5.307373129e-03,1.351054511e+00
1.668026596e-02,5.407512244e-03,1.305605335e+00
1.668026596e-02,5.507651360e-03,1.262532458e+00
3.332227848e-02,0.000000000e+00,6.153390642e+00
3.332227848e-02,0.000000000e+00,6.154402256e+00
3.332227848e-02,0.000000000e+00,6.153411424e+00
3.332227848e-02,1.005551871e-04,6.152074854e+00
3.332227848e-02,2.011103742e-04,6.150114098e+00
3.332227848e-02,3.016655614e-04,6.147795217e+00
3.332227848e-02,4.022207485e-04,6.145015644e+00
3.332227848e-02,5.027759356e-04,6.141744051e+00
3.332227848e-02,6.033311227e-04,6.139191964e+00
3.332227848e-02,7.038863099e-04,6.135456092e+00
3.332227848e-02,8.044414970e-04,6.131040206e+00
3.332227848e-02,9.049966841e-04,6.126027598e+00
3.332227848e-02,1.005551871e-03,6.120605203e+00
3.332227848e-02,1.005551871e-03,6.119327347e+00
3.332227848e-02,1.106107058e-03,6.114299734e+00
3.332227848e-02,1.206662245e-03,6.107600264e+00
3.332227848e-02,1.307217433e-03,6.100348818e+00
3.332227848e-02,1.407772620e-03,6.092550939e+00
3.332227848e-02,1.508327807e-03,6.084251730e+00
3.332227848e-02,1.608882994e-03,6.075373595e+00
3.332227848e-02,1.709438181e-03,6.065960519e+00
3.332227848e-02,1.809993368e-03,6.057466363e+00
3.332227848e-02,1.910548555e-03,6.045953315e+00
3.332227848e-02,1.960826149e-03,6.041401416e+00
3.332227848e-02,1.985964946e-03,6.038293130e+00
3.332227848e-02,2.011103742e-03,6.036320325e+00
3.332227848e-02,2.011103742e-03,6.036268710e+00
3.332227848e-02,2.036242539e-03,6.032514945e+00
3.332227848e-02,2.061381336e-03,6.029638529e+00
3.332227848e-02,2.086520133e-03,6.026742418e+00
3.332227848e-02,2.111658930e-03,6.023820697e+00
3.332227848e-02,2.136797726e-03,6.020869922e+00
3.332227848e-02,2.161936523e-03,6.017889379e+00
3.332227848e-02,2.187075320e-03,6.014879182e+00
3.332227848e-02,2.212214117e-03,6.011836272e+00
3.332227848e-02,2.237352913e-03,6.008763296e+00
3.332227848e-02,2.262491710e-03,6.005658758e+00
3.332227848e-02,2.287630507e-03,6.002522932e+00
3.332227848e-02,2.312769304e-03,5.999355855e+00
3.332227848e-02,2.337908101e-03,5.996158177e+00
3.332227848e-02,2.363046897e-03,5.992928409e+00
3.332227848e-02,2.388185694e-03,5.989668774e+00
3.332227848e-02,2.413324491e-03,5.986378068e+00
3.332227848e-02,2.438463288e-03,5.983056504e+00
3.332227848e-02,2.463602084e-03,5.979704097e+00
3.332227848e-02,2.488740881e-03,5.976320834e+00
3.332227848e-02,2.513879678e-03,5.972907830e+00
3.332227848e-02,2.539018475e-03,5.969464329e+00
3.332227848e-02,2.564157272e-03,5.965990275e+00
3.332227848e-02,2.589296068e-03,5.962485878e+00
3.332227848e-02,2.614434865e-03,5.958951493e+00
3.332227848e-02,2.639573662e-03,5.955387320e+00
3.332227848e-02,2.664712459e-03,5.951793157e+00
3.332227848e-02,2.689851256e-03,5.948168617e+00
3.332227848e-02,2.714990052e-03,5.944514733e+00
3.332227848e-02,2.740128849e-03,5.940831604e+00
3.332227848e-02,2.765267646e-03,5.937118462e+00
3.332227848e-02,2.790406443e-03,5.933377082e+00
3.332227848e-02,2.815545239e-03,5.929605243e+00
3.332227848e-02,2.840684036e-03,5.925804385e+00
3.332227848e-02,2.865822833e-03,5.921974579e+00
3.332227848e-02,3.016655614e-03,5.901084019e+00
3.332227848e-02,3.016655614e-03,5.901101716e+00
3.332227848e-02,3.519431549e-03,5.815694860e+00
3.332227848e-02,3.770819517e-03,5.769046383e+00
3.332227848e-02,4.022207485e-03,5.719944282e+00
3.332227848e-02,4.022207485e-03,5.720732370e+00
3.332227848e-02,4.147901469e-03,5.694395162e+00
3.332227848e-02,4.273595453e-03,5.668333060e+00
3.332227848e-02,4.399289437e-03,5.642563219e+00
3.332227848e-02,4.524983420e-03,5.615432256e+00
3.332227848e-02,4.650677404e-03,5.587736478e+00
3.332227848e-02,4.776371388e-03,5.559516647e+00
3.332227848e-02,4.902065372e-03,5.530789467e+00
3.332227848e-02,5.027759356e-03,5.501639297e+00
3.332227848e-02,5.027759356e-03,5.501659130e+00
3.332227848e-02,5.153453340e-03,5.471872918e+00
3.332227848e-02,5.279147324e-03,5.441711020e+00
3.332227848e-02,6.033311227e-03,5.251949158e+00
3.332227848e-02,6.033311227e-03,5.251935979e+00
3.332227848e-02,7.038863099e-03,4.978812536e+00
3.332227848e-02,7.038863099e-03,4.978825049e+00
3.332227848e-02,8.044414970e-03,4.688982162e+00
3.332227848e-02,8.044414970e-03,4.688969144e+00
3.332227848e-02,9.049966841e-03,4.388389329e+00
3.332227848e-02,9.049966841e-03,4.387292929e+00
3.332227848e-02,1.005551871e-02,4.080979794e+00
3.332227848e-02,1.005551871e-02,4.082310742e+00
3.332227848e-02,1.005551871e-02,4.080850009e+00
3.332227848e-02,1.106107058e-02,3.773656456e+00
3.332227848e-02,1.106107058e-02,3.773606758e+00
3.332227848e-02,1.206662245e-02,3.469673919e+00
3.332227848e-02,1.206662245e-02,3.469684143e+00
3.332227848e-02,1.307217433e-02,3.170834561e+00
3.332227848e-02,1.307217433e-02,3.170842175e+00
3.332227848e-02,1.407772620e-02,2.880091824e+00
3.332227848e-02,1.407772620e-02,2.880099842e+00
3.332227848e-02,1.508327807e-02,2.601142776e+00
3.332227848e-02,1.508327807e-02,2.604753992e+00
3.332227848e-02,1.608882994e-02,2.336323560e+00
3.332227848e-02,1.608882994e-02,2.344821133e+00
3.332227848e-02,1.709438181e-02,2.091009685e+00
3.332227848e-02,1.709438181e-02,2.124795420e+00
3.332227848e-02,1.709440000e-02,2.124791120e+00
5.002517832e-02,0.000000000e+00,8.320958724e+00
5.002517832e-02,0.000000000e+00,8.320929155e+00
5.002517832e-02,1.012512592e-03,8.305910277e+00
5.002517832e-02,1.012512592e-03,8.305942268e+00
5.002517832e-02,2.025025185e-03,8.273723722e+00
5.002517832e-02,2.025025185e-03,8.272023887e+00
5.002517832e-02,3.037537777e-03,8.222559624e+00
5.002517832e-02,3.037537777e-03,8.220862279e+00
5.002517832e-02,4.050050369e-03,8.151056930e+00
5.002517832e-02,4.050050369e-03,8.151010349e+00
5.002517832e-02,5.062562962e-03,8.062472272e+00
5.002517832e-02,5.062562962e-03,8.061041551e+00
5.002517832e-02,6.075075554e-03,7.955321298e+00
5.002517832e-02,6.075075554e-03,7.955256847e+00
5.002517832e-02,7.087588146e-03,7.831950751e+00
5.002517832e-02,7.087588146e-03,7.831978192e+00
5.002517832e-02,8.100100739e-03,7.694934215e+00
5.002517832e-02,8.100100739e-03,7.693798529e+00
5.002517832e-02,8.606357035e-03,7.620724346e+00
5.002517832e-02,8.859485183e-03,7.582444652e+00
5.002517832e-02,8.986049257e-03,7.562977295e+00
5.002517832e-02,9.112613331e-03,7.543346386e+00
5.002517832e-02,9.112613331e-03,7.543444752e+00
5.002517832e-02,9.239177405e-03,7.523531771e+00
5.002517832e-02,9.365741479e-03,7.503530586e+00
5.002517832e-02,9.492305553e-03,7.483347598e+00
5.002517832e-02,9.618869627e-03,7.462985988e+00
5.002517832e-02,9.745433701e-03,7.442447819e+00
5.002517832e-02,9.871997775e-03,7.421737268e+00
5.002517832e-02,9.998561849e-03,7.400855455e+00
5.002517832e-02,1.012512592e-02,7.379453707e+00
5.002517832e-02,1.012512592e-02,7.379955884e+00
5.002517832e-02,1.025169000e-02,7.358591330e+00
5.002517832e-02,1.037825407e-02,7.337212790e+00
5.002517832e-02,1.050481815e-02,7.315675058e+00
5.002517832e-02,1.063138222e-02,7.293981367e+00
5.002517832e-02,1.075794629e-02,7.272132325e+00
5.002517832e-02,1.088451037e-02,7.250132343e+00
5.002517832e-02,1.101107444e-02,7.227984135e+00
5.002517832e-02,1.113763852e-02,7.205884871e+00
5.002517832e-02,1.113763852e-02,7.205690102e+00
5.002517832e-02,1.120092055e-02,7.194356175e+00
5.002517832e-02,1.126420259e-02,7.183104914e+00
5.002517832e-02,1.132748463e-02,7.171829693e+00
5.002517832e-02,1.139076666e-02,7.160520487e+00
5.002517832e-02,1.145404870e-02,7.149177620e+00
5.002517832e-02,1.151733074e-02,7.137800108e+00
5.002517832e-02,1.158061277e-02,7.126389827e+00
5.002517832e-02,1.164389481e-02,7.114945752e+00
5.002517832e-02,1.170717685e-02,7.103469093e+00
5.002517832e-02,1.177045889e-02,7.091959125e+00
5.002517832e-02,1.183374092e-02,7.080416402e+00
5.002517832e-02,1.189702296e-02,7.068840450e+00
5.002517832e-02,1.196030500e-02,7.057232274e+00
5.002517832e-02,1.202358703e-02,7.045593660e+00
5.002517832e-02,1.215015111e-02,7.022612198e+00
5.002517832e-02,1.316266370e-02,6.831482665e+00
5.002517832e-02,1.417517629e-02,6.633773902e+00
5.002517832e-02,1.518768888e-02,6.430672389e+00
5.002517832e-02,1.620020148e-02,6.223322176e+00
5.002517832e-02,1.721271407e-02,6.012803616e+00
5.002517832e-02,1.822522666e-02,5.800075109e+00
5.002517832e-02,1.923773925e-02,5.586138296e+00
5.002517832e-02,2.025025185e-02,5.366034074e+00
5.002517832e-02,2.025025185e-02,5.371653449e+00
5.002517832e-02,2.126276444e-02,5.155683889e+00
5.002517832e-02,2.227527703e-02,4.942762793e+00
5.002517832e-02,2.328778962e-02,4.733925416e+00
5.002517832e-02,2.430030222e-02,4.525433976e+00
5.002517832e-02,2.531281481e-02,4.305543057e+00
5.002517832e-02,2.531281481e-02,4.316957849e+00
5.002517832e-02,2.632532740e-02,4.113231741e+00
5.002517832e-02,2.733783999e-02,3.913465022e+00
5.002517832e-02,2.835035259e-02,3.718197564e+00
5.002517832e-02,2.936286518e-02,3.531399407e+00
5.002517832e-02,3.037537777e-02,3.347897200e+00
5.002517832e-02,3.037537777e-02,3.312732166e+00
5.002517832e-02,3.138789036e-02,3.173407042e+00
5.002517832e-02,3.240040295e-02,3.006630477e+00
5.002517832e-02,3.290665925e-02,2.886426166e+00
5.002517832e-02,3.341290000e-02,2.879536256e+00
5.002517832e-02,3.341291555e-02,2.869219794e+00
5.002517832e-02,3.351415126e-02,2.923256186e+00
5.002517832e-02,3.353947962e-02,2.813692008e+00
5.499963281e-02,0.000000000e+00,9.290274884e+00
5.499963281e-02,0.000000000e+00,9.290310024e+00
5.499963281e-02,2.043696227e-05,9.289042686e+00
5.499963281e-02,4.087392453e-05,9.287957636e+00
5.499963281e-02,6.131088680e-05,9.287285347e+00
5.499963281e-02,8.174784906e-05,9.286908554e+00
5.499963281e-02,1.021848113e-04,9.286714032e+00
5.499963281e-02,1.226217736e-04,9.286522778e+00
5.499963281e-02,1.430587359e-04,9.286393007e+00
5.499963281e-02,1.634956981e-04,9.286289315e+00
5.499963281e-02,1.839326604e-04,9.286197604e+00
5.499963281e-02,2.043696227e-04,9.286115489e+00
5.499963281e-02,2.248065849e-04,9.286026009e+00
5.499963281e-02,2.452435472e-04,9.285931197e+00
5.499963281e-02,2.656805095e-04,9.285834067e+00
5.499963281e-02,2.861174717e-04,9.285728755e+00
5.499963281e-02,3.065544340e-04,9.285620607e+00
5.499963281e-02,3.269913963e-04,9.285502294e+00
5.499963281e-02,3.474283585e-04,9.285379103e+00
5.499963281e-02,3.678653208e-04,9.285248214e+00
5.499963281e-02,3.883022831e-04,9.285113755e+00
5.499963281e-02,4.087392453e-04,9.284968420e+00
5.499963281e-02,4.291762076e-04,9.284818456e+00
5.499963281e-02,4.496131699e-04,9.284662759e+00
5.499963281e-02,4.700501321e-04,9.284497916e+00
5.499963281e-02,4.904870944e-04,9.284326229e+00
5.499963281e-02,5.109240567e-04,9.284148605e+00
5.499963281e-02,5.313610189e-04,9.283967137e+00
5.499963281e-02,5.517979812e-04,9.283764276e+00
5.499963281e-02,5.722349435e-04,9.283571904e+00
5.499963281e-02,5.926719057e-04,9.283359126e+00
5.499963281e-02,6.131088680e-04,9.283151797e+00
5.499963281e-02,6.335458303e-04,9.282937197e+00
5.499963281e-02,6.539827925e-04,9.282694566e+00
5.499963281e-02,6.744197548e-04,9.282475163e+00
5.499963281e-02,6.948567171e-04,9.282216334e+00
5.499963281e-02,7.152936793e-04,9.281985380e+00
5.499963281e-02,7.357306416e-04,9.281715655e+00
5.499963281e-02,7.561676038e-04,9.281470617e+00
5.499963281e-02,7.766045661e-04,9.281182678e+00
5.499963281e-02,7.970415284e-04,9.280926629e+00
5.499963281e-02,8.174784906e-04,9.280621397e+00
5.499963281e-02,8.379154529e-04,9.280350809e+00
5.499963281e-02,8.583524152e-04,9.280051104e+00
5.499963281e-02,8.787893774e-04,9.279742906e+00
5.499963281e-02,8.992263397e-04,9.279433372e+00
5.499963281e-02,9.196633020e-04,9.279125912e+00
5.499963281e-02,9.401002642e-04,9.278778506e+00
5.499963281e-02,9.605372265e-04,9.278467800e+00
5.499963281e-02,9.809741888e-04,9.278108029e+00
5.499963281e-02,1.001411151e-03,9.277783158e+00
5.499963281e-02,1.021848113e-03,9.277406553e+00
5.499963281e-02,1.042285076e-03,9.277062151e+00
5.499963281e-02,1.062722038e-03,9.276683327e+00
5.499963281e-02,1.083159000e-03,9.276321997e+00
5.499963281e-02,1.103595962e-03,9.275937273e+00
5.499963281e-02,1.124032925e-03,9.275556215e+00
5.499963281e-02,1.144469887e-03,9.275155268e+00
5.499963281e-02,1.164906849e-03,9.274757441e+00
5.499963281e-02,1.185343811e-03,9.274360297e+00
5.499963281e-02,1.205780774e-03,9.273921364e+00
5.499963281e-02,1.226217736e-03,9.273520657e+00
5.499963281e-02,1.246654698e-03,9.273087140e+00
5.499963281e-02,1.267091661e-03,9.272632193e+00
5.499963281e-02,1.287528623e-03,9.272209676e+00
5.499963281e-02,1.307965585e-03,9.271739255e+00
5.499963281e-02,1.328402547e-03,9.271306767e+00
5.499963281e-02,1.348839510e-03,9.270816225e+00
5.499963281e-02,2.043696227e-03,9.248509094e+00
5.499963281e-02,2.043696227e-03,9.248540046e+00
5.499963281e-02,3.065544340e-03,9.205444789e+00
5.499963281e-02,4.087392453e-03,9.146425748e+00
5.499963281e-02,4.087392453e-03,9.144865896e+00
5.499963281e-02,5.109240567e-03,9.069729399e+00
5.499963281e-02,5.620164623e-03,9.025701841e+00
5.499963281e-02,6.131088680e-03,8.978077550e+00
5.499963281e-02,6.131088680e-03,8.979421662e+00
5.499963281e-02,6.642012737e-03,8.928025339e+00
5.499963281e-02,7.152936793e-03,8.873322104e+00
5.499963281e-02,7.663860850e-03,8.815176264e+00
5.499963281e-02,8.174784906e-03,8.753869096e+00
5.499963281e-02,8.174784906e-03,8.753822403e+00
5.499963281e-02,8.685708963e-03,8.689242180e+00
5.499963281e-02,9.196633020e-03,8.621706797e+00
5.499963281e-02,9.707557076e-03,8.551297877e+00
5.499963281e-02,1.015124798e-02,8.488628669e+00
5.499963281e-02,1.021848113e-02,8.478278663e+00
5.499963281e-02,1.021848113e-02,8.478308667e+00
5.499963281e-02,1.072940519e-02,8.402381659e+00
5.499963281e-02,1.124032925e-02,8.324136728e+00
5.499963281e-02,1.175125330e-02,8.244682184e+00
5.499963281e-02,1.226217736e-02,8.162021234e+00
5.499963281e-02,1.226217736e-02,8.160934337e+00
5.499963281e-02,1.251763939e-02,8.119659058e+00
5.499963281e-02,1.277310142e-02,8.076955045e+00
5.499963281e-02,1.302856344e-02,8.033758032e+00
5.499963281e-02,1.328402547e-02,7.990085293e+00
5.499963281e-02,1.353948750e-02,7.945953760e+00
5.499963281e-02,1.366721852e-02,7.923637952e+00
5.499963281e-02,1.379494953e-02,7.901288284e+00
5.499963281e-02,1.385881504e-02,7.889921861e+00
5.499963281e-02,1.392268054e-02,7.878667325e+00
5.499963281e-02,1.398654605e-02,7.867399794e+00
5.499963281e-02,1.405041156e-02,7.856105698e+00
5.499963281e-02,1.411427707e-02,7.844785770e+00
5.499963281e-02,1.417814257e-02,7.833440872e+00
5.499963281e-02,1.424200808e-02,7.822069055e+00
5.499963281e-02,1.430587359e-02,7.811114367e+00
5.499963281e-02,1.430587359e-02,7.811147573e+00
5.499963281e-02,1.436973909e-02,7.800732475e+00
5.499963281e-02,1.443360460e-02,7.787960509e+00
5.499963281e-02,1.449747011e-02,7.776352426e+00
5.499963281e-02,1.456133561e-02,7.764842451e+00
5.499963281e-02,1.462520112e-02,7.753321238e+00
5.499963281e-02,1.468906663e-02,7.741778521e+00
5.499963281e-02,1.475293214e-02,7.730212604e+00
5.499963281e-02,1.634956981e-02,7.434493763e+00
5.499963281e-02,1.634956981e-02,7.434464716e+00
5.499963281e-02,1.839326604e-02,7.039314232e+00
5.499963281e-02,1.839326604e-02,7.038036615e+00
5.499963281e-02,2.030249596e-02,6.656798853e+00
5.499963281e-02,2.043696227e-02,6.630721890e+00
5.499963281e-02,2.043696227e-02,6.630762892e+00
5.499963281e-02,2.248065849e-02,6.217120696e+00
5.499963281e-02,2.248065849e-02,6.217097899e+00
5.499963281e-02,2.452435472e-02,5.802129574e+00
5.499963281e-02,2.452435472e-02,5.802110613e+00
5.499963281e-02,2.656805095e-02,5.390728042e+00
5.499963281e-02,2.656805095e-02,5.390710689e+00
5.499963281e-02,2.861174717e-02,4.986661086e+00
5.499963281e-02,2.861174717e-02,4.986677105e+00
5.499963281e-02,3.045374394e-02,4.621014809e+00
5.499963281e-02,3.065544340e-02,4.591698953e+00
5.499963281e-02,3.065544340e-02,4.591713872e+00
5.499963281e-02,3.269913963e-02,4.213876086e+00
5.499963281e-02,3.269913963e-02,4.209047888e+00
5.499963281e-02,3.474283585e-02,3.853941359e+00
5.499963281e-02,3.474283585e-02,3.842564135e+00
5.499963281e-02,3.678653208e-02,3.502165804e+00
5.499963281e-02,3.678653208e-02,3.524080552e+00
8.336844585e-02,0.000000000e+00,1.226742307e+01
8.336844585e-02,0.000000000e+00,1.226749660e+01
8.336844585e-02,2.034751489e-05,1.226556767e+01
8.336844585e-02,4.069502978e-05,1.226418850e+01
8.336844585e-02,6.104254466e-05,1.226326302e+01
8.336844585e-02,8.139005955e-05,1.226274784e+01
8.336844585e-02,1.017375744e-04,1.226254552e+01
8.336844585e-02,1.220850893e-04,1.226232420e+01
8.336844585e-02,1.424326042e-04,1.226218845e+01
8.336844585e-02,1.627801191e-04,1.226209966e+01
8.336844585e-02,1.831276340e-04,1.226203891e+01
8.336844585e-02,2.034751489e-04,1.226539312e+01
8.336844585e-02,2.238226638e-04,1.226195635e+01
8.336844585e-02,2.441701787e-04,1.226192154e+01
8.336844585e-02,2.645176935e-04,1.226188779e+01
8.336844585e-02,2.848652084e-04,1.226185315e+01
8.336844585e-02,3.052127233e-04,1.226181549e+01
8.336844585e-02,3.255602382e-04,1.226177431e+01
8.336844585e-02,3.459077531e-04,1.226173045e+01
8.336844585e-02,3.662552680e-04,1.226168672e+01
8.336844585e-02,3.866027829e-04,1.226164037e+01
8.336844585e-02,4.069502978e-04,1.226352933e+01
8.336844585e-02,4.272978127e-04,1.226154095e+01
8.336844585e-02,4.476453275e-04,1.226148966e+01
8.336844585e-02,4.679928424e-04,1.226143365e+01
8.336844585e-02,4.883403573e-04,1.226137647e+01
8.336844585e-02,5.086878722e-04,1.226131520e+01
8.336844585e-02,5.290353871e-04,1.226125401e+01
8.336844585e-02,5.493829020e-04,1.226118686e+01
8.336844585e-02,5.697304169e-04,1.226111985e+01
8.336844585e-02,5.900779318e-04,1.226104807e+01
8.336844585e-02,6.104254466e-04,1.226185149e+01
8.336844585e-02,6.307729615e-04,1.226090266e+01
8.336844585e-02,6.511204764e-04,1.226082782e+01
8.336844585e-02,6.714679913e-04,1.226074494e+01
8.336844585e-02,6.918155062e-04,1.226066066e+01
8.336844585e-02,7.121630211e-04,1.226058039e+01
8.336844585e-02,7.325105360e-04,1.226049234e+01
8.336844585e-02,7.528580509e-04,1.226040478e+01
8.336844585e-02,7.732055658e-04,1.226031349e+01
8.336844585e-02,7.935530806e-04,1.226022127e+01
8.336844585e-02,8.139005955e-04,1.226029894e+01
8.336844585e-02,8.342481104e-04,1.226002569e+01
8.336844585e-02,8.545956253e-04,1.225992958e+01
8.336844585e-02,8.749431402e-04,1.225982595e+01
8.336844585e-02,8.952906551e-04,1.225972355e+01
8.336844585e-02,9.156381700e-04,1.225961144e+01
8.336844585e-02,9.359856849e-04,1.225950281e+01
8.336844585e-02,9.563331997e-04,1.225939566e+01
8.336844585e-02,9.766807146e-04,1.225927263e+01
8.336844585e-02,9.970282295e-04,1.225916019e+01
8.336844585e-02,1.017375744e-03,1.225872679e+01
8.336844585e-02,1.037723259e-03,1.225891580e+01
8.336844585e-02,1.058070774e-03,1.225879324e+01
8.336844585e-02,1.078418289e-03,1.225867276e+01
8.336844585e-02,1.098765804e-03,1.225853579e+01
8.336844585e-02,1.119113319e-03,1.225841094e+01
8.336844585e-02,1.139460834e-03,1.225828066e+01
8.336844585e-02,1.159808349e-03,1.225813715e+01
8.336844585e-02,1.180155864e-03,1.225799939e+01
8.336844585e-02,1.200503378e-03,1.225786851e+01
8.336844585e-02,1.220850893e-03,1.225723097e+01
8.336844585e-02,1.241198408e-03,1.225757707e+01
8.336844585e-02,1.261545923e-03,1.225742563e+01
8.336844585e-02,1.281893438e-03,1.225728446e+01
8.336844585e-02,1.302240953e-03,1.225713044e+01
8.336844585e-02,1.322588468e-03,1.225697751e+01
8.336844585e-02,1.342935983e-03,1.225681901e+01
8.336844585e-02,1.363283498e-03,1.225666685e+01
8.336844585e-02,1.383631012e-03,1.225650980e+01
8.336844585e-02,1.403978527e-03,1.225632981e+01
8.336844585e-02,1.424326042e-03,1.225538655e+01
8.336844585e-02,1.444673557e-03,1.225601068e+01
8.336844585e-02,1.465021072e-03,1.225582472e+01
8.336844585e-02,1.485368587e-03,1.225565745e+01
8.336844585e-02,1.505716102e-03,1.225548817e+01
8.336844585e-02,1.526063617e-03,1.225531646e+01
8.336844585e-02,1.546411132e-03,1.225512108e+01
8.336844585e-02,1.566758646e-03,1.225494673e+01
8.336844585e-02,1.587106161e-03,1.225476886e+01
8.336844585e-02,1.607453676e-03,1.225456552e+01
8.336844585e-02,1.627801191e-03,1.225329776e+01
8.336844585e-02,1.648148706e-03,1.225419634e+01
8.336844585e-02,1.668496221e-03,1.225400868e+01
8.336844585e-02,1.688843736e-03,1.225379375e+01
8.336844585e-02,1.709191251e-03,1.225358613e+01
8.336844585e-02,1.729538765e-03,1.225340374e+01
8.336844585e-02,1.749886280e-03,1.225319142e+01
8.336844585e-02,1.770233795e-03,1.225298028e+01
8.336844585e-02,1.790581310e-03,1.225278539e+01
8.336844585e-02,1.810928825e-03,1.225256501e+01
8.336844585e-02,1.831276340e-03,1.225107211e+01
8.336844585e-02,1.851623855e-03,1.225214234e+01
8.336844585e-02,1.871971370e-03,1.225192640e+01
8.336844585e-02,1.892318885e-03,1.225170271e+01
8.336844585e-02,1.912666399e-03,1.225148931e+01
8.336844585e-02,1.933013914e-03,1.225125917e+01
8.336844585e-02,1.953361429e-03,1.225102549e+01
8.336844585e-02,1.973708944e-03,1.225080556e+01
8.336844585e-02,1.994056459e-03,1.225057480e+01
8.336844585e-02,2.014403974e-03,1.225033056e+01
8.336844585e-02,2.034751489e-03,1.224970165e+01
8.336844585e-02,2.034751489e-03,1.224857033e+01
8.336844585e-02,2.055099004e-03,1.224986780e+01
8.336844585e-02,2.075446519e-03,1.224960969e+01
8.336844585e-02,2.095794033e-03,1.224936948e+01
8.336844585e-02,2.116141548e-03,1.224913649e+01
8.336844585e-02,2.136489063e-03,1.224888121e+01
8.336844585e-02,2.156836578e-03,1.224862159e+01
8.336844585e-02,2.177184093e-03,1.224837680e+01
8.336844585e-02,2.197531608e-03,1.224811958e+01
8.336844585e-02,2.217879123e-03,1.224786595e+01
8.336844585e-02,2.238226638e-03,1.224589337e+01
8.336844585e-02,2.258574153e-03,1.224733633e+01
8.336844585e-02,2.278921667e-03,1.224707131e+01
8.336844585e-02,2.299269182e-03,1.224681009e+01
8.336844585e-02,2.319616697e-03,1.224653212e+01
8.336844585e-02,2.339964212e-03,1.224626212e+01
8.336844585e-02,2.360311727e-03,1.224599703e+01
8.336844585e-02,2.380659242e-03,1.224570470e+01
8.336844585e-02,2.401006757e-03,1.224542802e+01
8.336844585e-02,2.421354272e-03,1.224516243e+01
8.336844585e-02,2.441701787e-03,1.224295547e+01
8.336844585e-02,2.462049301e-03,1.224458332e+01
8.336844585e-02,2.482396816e-03,1.224428740e+01
8.336844585e-02,2.502744331e-03,1.224401290e+01
8.336844585e-02,2.523091846e-03,1.224371123e+01
8.336844585e-02,2.543439361e-03,1.224341041e+01
8.336844585e-02,2.563786876e-03,1.224312421e+01
8.336844585e-02,2.584134391e-03,1.224283236e+01
8.336844585e-02,2.604481906e-03,1.224253886e+01
8.336844585e-02,2.624829421e-03,1.224221577e+01
8.336844585e-02,2.645176935e-03,1.223980386e+01
8.336844585e-02,2.665524450e-03,1.224161358e+01
8.336844585e-02,2.685871965e-03,1.224130193e+01
8.336844585e-02,2.706219480e-03,1.224096886e+01
8.336844585e-02,2.726566995e-03,1.224065383e+01
8.336844585e-02,2.746914510e-03,1.224035739e+01
8.336844585e-02,2.767262025e-03,1.224001985e+01
8.336844585e-02,2.787609540e-03,1.223969538e+01
8.336844585e-02,2.807957055e-03,1.223937272e+01
8.336844585e-02,2.828304569e-03,1.223905028e+01
8.336844585e-02,2.848652084e-03,1.223621169e+01
8.336844585e-02,2.868999599e-03,1.223838462e+01
8.336844585e-02,2.889347114e-03,1.223805183e+01
8.336844585e-02,2.909694629e-03,1.223771817e+01
8.336844585e-02,2.930042144e-03,1.223737592e+01
8.336844585e-02,2.950389659e-03,1.223703798e+01
8.336844585e-02,2.970737174e-03,1.223669314e+01
8.336844585e-02,2.991084689e-03,1.223635062e+01
8.336844585e-02,3.011432203e-03,1.223599616e+01
8.336844585e-02,3.031779718e-03,1.223565439e+01
8.336844585e-02,3.052127233e-03,1.223257834e+01
8.336844585e-02,3.072474748e-03,1.223492623e+01
8.336844585e-02,3.092822263e-03,1.223458439e+01
8.336844585e-02,3.113169778e-03,1.223422279e+01
8.336844585e-02,3.133517293e-03,1.223384704e+01
8.336844585e-02,3.153864808e-03,1.223347080e+01
8.336844585e-02,3.174212323e-03,1.223310488e+01
8.336844585e-02,3.194559837e-03,1.223275720e+01
8.336844585e-02,3.214907352e-03,1.223239550e+01
8.336844585e-02,3.235254867e-03,1.223199137e+01
8.336844585e-02,3.255602382e-03,1.222871310e+01
8.336844585e-02,3.275949897e-03,1.223125369e+01
8.336844585e-02,3.296297412e-03,1.223086985e+01
8.336844585e-02,3.316644927e-03,1.223048014e+01
8.336844585e-02,3.336992442e-03,1.223009591e+01
8.336844585e-02,3.357339957e-03,1.222971737e+01
8.336844585e-02,3.377687471e-03,1.222931431e+01
8.336844585e-02,3.398034986e-03,1.222892395e+01
8.336844585e-02,3.418382501e-03,1.222853327e+01
8.336844585e-02,3.438730016e-03,1.222813204e+01
8.336844585e-02,3.459077531e-03,1.222461427e+01
8.336844585e-02,3.479425046e-03,1.222733658e+01
8.336844585e-02,3.499772561e-03,1.222692446e+01
8.336844585e-02,3.520120076e-03,1.222651567e+01
8.336844585e-02,3.540467591e-03,1.222611839e+01
8.336844585e-02,3.560815105e-03,1.222569159e+01
8.336844585e-02,3.581162620e-03,1.222529114e+01
8.336844585e-02,3.601510135e-03,1.222488285e+01
8.336844585e-02,3.621857650e-03,1.222444622e+01
8.336844585e-02,3.642205165e-03,1.222402336e+01
8.336844585e-02,3.662552680e-03,1.222028484e+01
8.336844585e-02,3.682900195e-03,1.222319383e+01
8.336844585e-02,3.703247710e-03,1.222274507e+01
8.336844585e-02,3.723595225e-03,1.222231586e+01
8.336844585e-02,3.743942739e-03,1.222190448e+01
8.336844585e-02,3.764290254e-03,1.222147238e+01
8.336844585e-02,3.784637769e-03,1.222101152e+01
8.336844585e-02,3.804985284e-03,1.222058590e+01
8.336844585e-02,3.825332799e-03,1.222015676e+01
8.336844585e-02,3.845680314e-03,1.221969391e+01
8.336844585e-02,3.866027829e-03,1.221572296e+01
8.336844585e-02,3.886375344e-03,1.221880723e+01
8.336844585e-02,3.906722859e-03,1.221836603e+01
8.336844585e-02,3.927070373e-03,1.221789149e+01
8.336844585e-02,3.947417888e-03,1.221742590e+01
8.336844585e-02,3.967765403e-03,1.221699183e+01
8.336844585e-02,3.988112918e-03,1.221653855e+01
8.336844585e-02,4.008460433e-03,1.221605287e+01
8.336844585e-02,4.028807948e-03,1.221558354e+01
8.336844585e-02,4.049155463e-03,1.221513047e+01
8.336844585e-02,4.069502978e-03,1.221093031e+01
8.336844585e-02,4.069502978e-03,1.221112142e+01
8.336844585e-02,4.089850493e-03,1.221417281e+01
8.336844585e-02,4.110198007e-03,1.221369944e+01
8.336844585e-02,4.130545522e-03,1.221323767e+01
8.336844585e-02,4.150893037e-03,1.221277207e+01
8.336844585e-02,4.171240552e-03,1.221226260e+01
8.336844585e-02,4.191588067e-03,1.221178025e+01
8.336844585e-02,4.211935582e-03,1.221130617e+01
8.336844585e-02,4.232283097e-03,1.221083245e+01
8.336844585e-02,4.252630612e-03,1.221032319e+01
8.336844585e-02,4.272978127e-03,1.220590728e+01
8.336844585e-02,4.293325641e-03,1.220934622e+01
8.336844585e-02,4.313673156e-03,1.220886676e+01
8.336844585e-02,4.334020671e-03,1.220834376e+01
8.336844585e-02,4.354368186e-03,1.220782327e+01
8.336844585e-02,4.374715701e-03,1.220732827e+01
8.336844585e-02,4.395063216e-03,1.220685370e+01
8.336844585e-02,4.415410731e-03,1.220631569e+01
8.336844585e-02,4.435758246e-03,1.220580610e+01
8.336844585e-02,4.456105761e-03,1.220531547e+01
8.336844585e-02,4.476453275e-03,1.220065392e+01
8.336844585e-02,4.496800790e-03,1.220427499e+01
8.336844585e-02,4.517148305e-03,1.220375173e+01
8.336844585e-02,4.537495820e-03,1.220324159e+01
8.336844585e-02,4.557843335e-03,1.220270253e+01
8.336844585e-02,4.578190850e-03,1.220218104e+01
8.336844585e-02,4.598538365e-03,1.220165609e+01
8.336844585e-02,4.618885880e-03,1.220111948e+01
8.336844585e-02,4.639233395e-03,1.220058409e+01
8.336844585e-02,4.659580909e-03,1.220005677e+01
8.336844585e-02,4.679928424e-03,1.219517204e+01
8.336844585e-02,4.700275939e-03,1.219897432e+01
8.336844585e-02,4.720623454e-03,1.219843660e+01
8.336844585e-02,4.740970969e-03,1.219788450e+01
8.336844585e-02,4.761318484e-03,1.219733777e+01
8.336844585e-02,4.781665999e-03,1.219679173e+01
8.336844585e-02,4.802013514e-03,1.219623547e+01
8.336844585e-02,4.822361028e-03,1.219568389e+01
8.336844585e-02,4.842708543e-03,1.219513272e+01
8.336844585e-02,4.863056058e-03,1.219456789e+01
8.336844585e-02,4.883403573e-03,1.218946048e+01
8.336844585e-02,4.903751088e-03,1.219344008e+01
8.336844585e-02,4.924098603e-03,1.219287911e+01
8.336844585e-02,4.944446118e-03,1.219231801e+01
8.336844585e-02,4.964793633e-03,1.219173766e+01
8.336844585e-02,4.985141148e-03,1.219115575e+01
8.336844585e-02,5.005488662e-03,1.219060684e+01
8.336844585e-02,5.025836177e-03,1.219001260e+01
8.336844585e-02,5.046183692e-03,1.218942637e+01
8.336844585e-02,5.066531207e-03,1.218885250e+01
8.336844585e-02,5.086878722e-03,1.218352130e+01
8.336844585e-02,5.290353871e-03,1.217735381e+01
8.336844585e-02,5.493829020e-03,1.217096035e+01
8.336844585e-02,5.697304169e-03,1.216434081e+01
8.336844585e-02,5.900779318e-03,1.215749432e+01
8.336844585e-02,6.104254466e-03,1.215042224e+01
8.336844585e-02,6.104254466e-03,1.215297304e+01
8.336844585e-02,6.307729615e-03,1.214312674e+01
8.336844585e-02,6.511204764e-03,1.213560705e+01
8.336844585e-02,6.714679913e-03,1.212786571e+01
8.336844585e-02,6.918155062e-03,1.211990162e+01
8.336844585e-02,7.121630211e-03,1.211171755e+01
8.336844585e-02,7.325105360e-03,1.210331232e+01
8.336844585e-02,7.528580509e-03,1.209468794e+01
8.336844585e-02,7.732055658e-03,1.208584608e+01
8.336844585e-02,7.935530806e-03,1.207678562e+01
8.336844585e-02,8.139005955e-03,1.207323790e+01
8.336844585e-02,8.139005955e-03,1.206750927e+01
8.336844585e-02,8.342481104e-03,1.205801696e+01
8.336844585e-02,8.545956253e-03,1.204830961e+01
8.336844585e-02,8.749431402e-03,1.204321494e+01
8.336844585e-02,8.952906551e-03,1.203428175e+01
8.336844585e-02,9.156381700e-03,1.202426937e+01
8.336844585e-02,9.359856849e-03,1.201395513e+01
8.336844585e-02,9.563331997e-03,1.200336507e+01
8.336844585e-02,9.766807146e-03,1.199254686e+01
8.336844585e-02,9.970282295e-03,1.198151464e+01
8.336844585e-02,1.017375744e-02,1.197027517e+01
8.336844585e-02,1.017375744e-02,1.197047448e+01
8.336844585e-02,1.027549502e-02,1.196355965e+01
8.336844585e-02,1.034751489e-02,1.196139085e+01
8.336844585e-02,1.037723259e-02,1.195734302e+01
8.336844585e-02,1.047897017e-02,1.195131700e+01
8.336844585e-02,1.058070774e-02,1.194534085e+01
8.336844585e-02,1.068244532e-02,1.193936425e+01
8.336844585e-02,1.078418289e-02,1.193336160e+01
8.336844585e-02,1.088592047e-02,1.192732306e+01
8.336844585e-02,1.098765804e-02,1.192124173e+01
8.336844585e-02,1.108939561e-02,1.191511336e+01
8.336844585e-02,1.119113319e-02,1.190893625e+01
8.336844585e-02,1.129287076e-02,1.190271129e+01
8.336844585e-02,1.139460834e-02,1.189643711e+01
8.336844585e-02,1.149634591e-02,1.189011437e+01
8.336844585e-02,1.159808349e-02,1.188374134e+01
8.336844585e-02,1.169982106e-02,1.187731928e+01
8.336844585e-02,1.180155864e-02,1.187084836e+01
8.336844585e-02,1.190329621e-02,1.186432875e+01
8.336844585e-02,1.200503378e-02,1.185775902e+01
8.336844585e-02,1.210677136e-02,1.185114161e+01
8.336844585e-02,1.220850893e-02,1.184881347e+01
8.336844585e-02,1.220850893e-02,1.184447567e+01
8.336844585e-02,1.231024651e-02,1.183776007e+01
8.336844585e-02,1.241198408e-02,1.183099839e+01
8.336844585e-02,1.251372166e-02,1.182418748e+01
8.336844585e-02,1.261545923e-02,1.181732755e+01
8.336844585e-02,1.271719681e-02,1.181042143e+01
8.336844585e-02,1.281893438e-02,1.180346679e+01
8.336844585e-02,1.292067195e-02,1.179646474e+01
8.336844585e-02,1.302240953e-02,1.178941495e+01
8.336844585e-02,1.312414710e-02,1.178231878e+01
8.336844585e-02,1.322588468e-02,1.177517474e+01
8.336844585e-02,1.332762225e-02,1.176798400e+01
8.336844585e-02,1.342935983e-02,1.176074689e+01
8.336844585e-02,1.353109740e-02,1.175346338e+01
8.336844585e-02,1.363283498e-02,1.174613244e+01
8.336844585e-02,1.373457255e-02,1.173875602e+01
8.336844585e-02,1.383631012e-02,1.173133344e+01
8.336844585e-02,1.393804770e-02,1.172386541e+01
8.336844585e-02,1.403978527e-02,1.171635022e+01
8.336844585e-02,1.414152285e-02,1.170878993e+01
8.336844585e-02,1.424326042e-02,1.170631185e+01
8.336844585e-02,1.424326042e-02,1.170118415e+01
8.336844585e-02,1.434499800e-02,1.169353343e+01
8.336844585e-02,1.444673557e-02,1.168583778e+01
8.336844585e-02,1.454847315e-02,1.167809629e+01
8.336844585e-02,1.465021072e-02,1.167031042e+01
8.336844585e-02,1.475194829e-02,1.166248009e+01
8.336844585e-02,1.485368587e-02,1.165460676e+01
8.336844585e-02,1.495542344e-02,1.164668867e+01
8.336844585e-02,1.505716102e-02,1.163872598e+01
8.336844585e-02,1.515889859e-02,1.163071967e+01
8.336844585e-02,1.526063617e-02,1.162267076e+01
8.336844585e-02,1.536237374e-02,1.161457740e+01
8.336844585e-02,1.546411132e-02,1.160644123e+01
8.336844585e-02,1.556584889e-02,1.159826033e+01
8.336844585e-02,1.566758646e-02,1.159003837e+01
8.336844585e-02,1.576932404e-02,1.158177154e+01
8.336844585e-02,1.587106161e-02,1.157346282e+01
8.336844585e-02,1.597279919e-02,1.156510999e+01
8.336844585e-02,1.607453676e-02,1.155671665e+01
8.336844585e-02,1.617627434e-02,1.154828095e+01
8.336844585e-02,1.627801191e-02,1.153980283e+01
8.336844585e-02,1.627801191e-02,1.154570576e+01
8.336844585e-02,1.637974948e-02,1.153128292e+01
8.336844585e-02,1.648148706e-02,1.152272184e+01
8.336844585e-02,1.658322463e-02,1.151411791e+01
8.336844585e-02,1.668496221e-02,1.150547233e+01
8.336844585e-02,1.678669978e-02,1.149678731e+01
8.336844585e-02,1.688843736e-02,1.148806013e+01
8.336844585e-02,1.699017493e-02,1.147929300e+01
8.336844585e-02,1.709191251e-02,1.147048514e+01
8.336844585e-02,1.719365008e-02,1.146163540e+01
8.336844585e-02,1.729538765e-02,1.145274766e+01
8.336844585e-02,1.739712523e-02,1.144381803e+01
8.336844585e-02,1.749886280e-02,1.143484921e+01
8.336844585e-02,1.760060038e-02,1.142584016e+01
8.336844585e-02,1.770233795e-02,1.141679242e+01
8.336844585e-02,1.780407553e-02,1.140770488e+01
8.336844585e-02,1.790581310e-02,1.139857789e+01
8.336844585e-02,1.800755068e-02,1.138941290e+01
8.336844585e-02,1.810928825e-02,1.138020832e+01
8.336844585e-02,1.821102582e-02,1.137096546e+01
8.336844585e-02,1.831276340e-02,1.136168452e+01
8.336844585e-02,1.831276340e-02,1.136838061e+01
8.336844585e-02,2.034751489e-02,1.117583199e+01
8.336844585e-02,2.069502978e-02,1.114277515e+01
8.336844585e-02,2.238226638e-02,1.097070007e+01
8.336844585e-02,2.441701787e-02,1.075173393e+01
8.336844585e-02,2.645176935e-02,1.052169284e+01
8.336844585e-02,2.848652084e-02,1.028194124e+01
8.336844585e-02,3.052127233e-02,1.003379083e+01
8.336844585e-02,3.104254466e-02,9.968878442e+00
8.336844585e-02,3.255602382e-02,9.778500340e+00
8.336844585e-02,3.459077531e-02,9.517271977e+00
8.336844585e-02,3.662552680e-02,9.251259953e+00
8.336844585e-02,3.866027829e-02,8.981569981e+00
8.336844585e-02,4.069502978e-02,8.709106151e+00
8.336844585e-02,4.139005955e-02,8.614608709e+00
8.336844585e-02,4.272978127e-02,8.434901259e+00
8.336844585e-02,4.476453275e-02,8.159850897e+00
8.336844585e-02,4.679928424e-02,7.884690337e+00
8.336844585e-02,4.883403573e-02,7.607887675e+00
8.336844585e-02,5.086878722e-02,7.334608376e+00
8.336844585e-02,5.173757444e-02,7.211579172e+00
8.336844585e-02,5.290353871e-02,7.063866247e+00
8.336844585e-02,5.493829020e-02,6.795871160e+00
8.336844585e-02,5.697304169e-02,6.530797453e+00
8.336844585e-02,5.900779318e-02,6.268933200e+00
8.336844585e-02,6.104254466e-02,6.010818866e+00
8.336844585e-02,6.208508933e-02,5.869205917e+00
8.336844585e-02,6.307729615e-02,5.757122594e+00
8.336844585e-02,6.511204764e-02,5.508529858e+00
8.336844585e-02,6.714679913e-02,5.265668699e+00
8.336844585e-02,6.918155062e-02,5.029104680e+00
8.336844585e-02,7.121630211e-02,4.804409950e+00
8.336844585e-02,7.243260422e-02,4.659068846e+00
8.336844585e-02,7.325105360e-02,4.588715870e+00
8.336844585e-02,7.528580509e-02,4.382007824e+00
8.336844585e-02,7.732055658e-02,4.213624466e+00
1.000679067e-01,0.000000000e+00,1.414775698e+01
1.000679067e-01,0.000000000e+00,1.414784128e+01
1.000679067e-01,2.192925073e-03,1.413339085e+01
1.000679067e-01,2.192925073e-03,1.413333736e+01
1.000679067e-01,4.385850145e-03,1.410117320e+01
1.000679067e-01,4.385850145e-03,1.410124271e+01
1.000679067e-01,6.578775218e-03,1.406024392e+01
1.000679067e-01,6.578775218e-03,1.405767722e+01
1.000679067e-01,8.771700290e-03,1.399896193e+01
1.000679067e-01,8.771700290e-03,1.399926453e+01
1.000679067e-01,1.050067930e-02,1.394052718e+01
1.000679067e-01,1.096462536e-02,1.392141089e+01
1.000679067e-01,1.096462536e-02,1.392131418e+01
1.000679067e-01,1.315755044e-02,1.382750791e+01
1.000679067e-01,1.315755044e-02,1.383019182e+01
1.000679067e-01,1.535047551e-02,1.372157088e+01
1.000679067e-01,1.535047551e-02,1.372175598e+01
1.000679067e-01,1.754340058e-02,1.359831965e+01
1.000679067e-01,1.754340058e-02,1.359840092e+01
1.000679067e-01,1.973632565e-02,1.346099352e+01
1.000679067e-01,1.973632565e-02,1.346301506e+01
1.000679067e-01,2.100135860e-02,1.337774743e+01
1.000679067e-01,2.192925073e-02,1.331271763e+01
1.000679067e-01,2.192925073e-02,1.331261222e+01
1.000679067e-01,2.412217580e-02,1.314995087e+01
1.000679067e-01,2.412217580e-02,1.315002276e+01
1.000679067e-01,2.631510087e-02,1.297571254e+01
1.000679067e-01,2.631510087e-02,1.297577353e+01
1.000679067e-01,2.850802594e-02,1.279084659e+01
1.000679067e-01,2.850802594e-02,1.279078005e+01
1.000679067e-01,2.960448848e-02,1.269448522e+01
1.000679067e-01,3.070095102e-02,1.259590723e+01
1.000679067e-01,3.070095102e-02,1.259606368e+01
1.000679067e-01,3.150203789e-02,1.252249453e+01
1.000679067e-01,3.179741355e-02,1.249507758e+01
1.000679067e-01,3.289387609e-02,1.239229021e+01
1.000679067e-01,3.289387609e-02,1.239211257e+01
1.000679067e-01,3.344210736e-02,1.233981689e+01
1.000679067e-01,3.508680116e-02,1.218036162e+01
1.000679067e-01,3.727972623e-02,1.196108306e+01
1.000679067e-01,3.947265131e-02,1.173527012e+01
1.000679067e-01,4.166557638e-02,1.150519339e+01
1.000679067e-01,4.200271719e-02,1.146746197e+01
1.000679067e-01,4.385850145e-02,1.126858327e+01
1.000679067e-01,4.605142652e-02,1.102765217e+01
1.000679067e-01,4.824435160e-02,1.078306212e+01
1.000679067e-01,5.043727667e-02,1.053550043e+01
1.000679067e-01,5.250339649e-02,1.029758097e+01
1.000679067e-01,5.263020174e-02,1.028557022e+01
1.000679067e-01,5.482312682e-02,1.003220138e+01
1.000679067e-01,5.701605189e-02,9.779208220e+00
1.000679067e-01,5.920897696e-02,9.525483441e+00
1.000679067e-01,6.140190203e-02,9.271613919e+00
1.000679067e-01,6.300407579e-02,9.083153346e+00
1.000679067e-01,6.359482711e-02,9.017747901e+00
1.000679067e-01,6.578775218e-02,8.764799798e+00
1.000679067e-01,6.798067725e-02,8.512869576e+00
1.000679067e-01,7.017360232e-02,8.262723498e+00
1.000679067e-01,7.236652740e-02,8.014690464e+00
1.000679067e-01,7.350475508e-02,7.878866648e+00
1.000679067e-01,7.455945247e-02,7.768913809e+00
1.000679067e-01,7.675237754e-02,7.525478248e+00
1.000679067e-01,7.894530261e-02,7.284541938e+00
1.000679067e-01,8.113822769e-02,7.046401978e+00
1.000679067e-01,8.333115276e-02,6.811397345e+00
1.000679067e-01,8.400543438e-02,6.722283998e+00
1.000679067e-01,8.552407783e-02,6.575151685e+00
1.000679067e-01,8.771700290e-02,6.351395897e+00
1.000679067e-01,8.990992798e-02,6.128956145e+00
1.000679067e-01,9.210285305e-02,5.910606020e+00
1.000679067e-01,9.429577812e-02,5.697175306e+00
1.000679067e-01,9.450611368e-02,5.661388214e+00
1.000679067e-01,9.648870320e-02,5.489080715e+00
1.000679067e-01,9.868162827e-02,5.292018944e+00
1.000679067e-01,1.008745533e-01,5.103257741e+00
1.000679067e-01,1.030674784e-01,4.934798723e+00
1.000679067e-01,1.050067930e-01,4.765723257e+00
1.517723913e-01,0.000000000e+00,1.969861279e+01
1.517723913e-01,0.000000000e+00,1.969848990e+01
1.517723913e-01,1.115174294e-04,1.969545216e+01
1.517723913e-01,2.230348588e-04,1.969330544e+01
1.517723913e-01,3.345522882e-04,1.969176606e+01
1.517723913e-01,4.460697175e-04,1.969090491e+01
1.517723913e-01,5.575871469e-04,1.969056525e+01
1.517723913e-01,6.691045763e-04,1.969009853e+01
1.517723913e-01,7.806220057e-04,1.968979443e+01
1.517723913e-01,8.921394351e-04,1.968955114e+01
1.517723913e-01,1.003656864e-03,1.968934070e+01
1.517723913e-01,1.115174294e-03,1.968914237e+01
1.517723913e-01,1.226691723e-03,1.968893292e+01
1.517723913e-01,1.338209153e-03,1.968871687e+01
1.517723913e-01,1.449726582e-03,1.968848517e+01
1.517723913e-01,1.561244011e-03,1.968823703e+01
1.517723913e-01,1.672761441e-03,1.968797756e+01
1.517723913e-01,1.784278870e-03,1.968770393e+01
1.517723913e-01,1.895796300e-03,1.968741504e+01
1.517723913e-01,2.007313729e-03,1.968710981e+01
1.517723913e-01,2.118831158e-03,1.968678405e+01
1.517723913e-01,2.230348588e-03,1.968644780e+01
1.517723913e-01,2.341866017e-03,1.968610642e+01
1.517723913e-01,2.453383446e-03,1.968573005e+01
1.517723913e-01,2.564900876e-03,1.968535135e+01
1.517723913e-01,2.676418305e-03,1.968494242e+01
1.517723913e-01,2.787935735e-03,1.968453698e+01
1.517723913e-01,2.899453164e-03,1.968408962e+01
1.517723913e-01,3.010970593e-03,1.968365461e+01
1.517723913e-01,3.122488023e-03,1.968316458e+01
1.517723913e-01,3.234005452e-03,1.968270989e+01
1.517723913e-01,3.345522882e-03,1.968218993e+01
1.517723913e-01,3.457040311e-03,1.968169975e+01
1.517723913e-01,3.568557740e-03,1.968113772e+01
1.517723913e-01,3.680075170e-03,1.968062257e+01
1.517723913e-01,3.791592599e-03,1.968002411e+01
1.517723913e-01,3.903110028e-03,1.967947855e+01
1.517723913e-01,4.014627458e-03,1.967884622e+01
1.517723913e-01,4.126144887e-03,1.967824978e+01
1.517723913e-01,4.237662317e-03,1.967761889e+01
1.517723913e-01,4.349179746e-03,1.967698392e+01
1.517723913e-01,4.460697175e-03,1.967631043e+01
1.517723913e-01,4.572214605e-03,1.967564628e+01
1.517723913e-01,4.683732034e-03,1.967494373e+01
1.517723913e-01,4.795249464e-03,1.967423381e+01
1.517723913e-01,4.906766893e-03,1.967349151e+01
1.517723913e-01,5.018284322e-03,1.967278450e+01
1.517723913e-01,5.129801752e-03,1.967197875e+01
1.517723913e-01,5.241319181e-03,1.967124210e+01
1.517723913e-01,5.352836611e-03,1.967044623e+01
1.517723913e-01,5.464354040e-03,1.966961374e+01
1.517723913e-01,5.575871469e-03,1.966880988e+01
1.517723913e-01,5.687388899e-03,1.966794582e+01
1.517723913e-01,5.798906328e-03,1.966711049e+01
1.517723913e-01,5.910423757e-03,1.966621945e+01
1.517723913e-01,6.021941187e-03,1.966534874e+01
1.517723913e-01,6.133458616e-03,1.966441740e+01
1.517723913e-01,6.244976046e-03,1.966351708e+01
1.517723913e-01,6.356493475e-03,1.966255323e+01
1.517723913e-01,6.468010904e-03,1.966162352e+01
1.517723913e-01,6.579528334e-03,1.966063010e+01
1.517723913e-01,6.691045763e-03,1.965966470e+01
1.517723913e-01,6.802563193e-03,1.965863566e+01
1.517723913e-01,6.914080622e-03,1.965764016e+01
1.517723913e-01,7.025598051e-03,1.965657299e+01
1.517723913e-01,7.137115481e-03,1.965555018e+01
1.517723913e-01,7.248632910e-03,1.965445768e+01
1.517723913e-01,7.360150339e-03,1.965339688e+01
1.517723913e-01,7.471667769e-03,1.965226688e+01
1.517723913e-01,7.583185198e-03,1.965117070e+01
1.517723913e-01,7.694702628e-03,1.965006076e+01
1.517723913e-01,7.806220057e-03,1.964885303e+01
1.517723913e-01,7.917737486e-03,1.964772174e+01
1.517723913e-01,8.029254916e-03,1.964655067e+01
1.517723913e-01,8.140772345e-03,1.964531648e+01
1.517723913e-01,8.252289775e-03,1.964412703e+01
1.517723913e-01,8.363807204e-03,1.964292624e+01
1.517723913e-01,8.475324633e-03,1.964162607e+01
1.517723913e-01,8.586842063e-03,1.964041213e+01
1.517723913e-01,8.698359492e-03,1.963907139e+01
1.517723913e-01,8.809876921e-03,1.963783156e+01
1.517723913e-01,8.921394351e-03,1.963651516e+01
1.517723913e-01,9.032911780e-03,1.963513530e+01
1.517723913e-01,9.144429210e-03,1.963384211e+01
1.517723913e-01,9.255946639e-03,1.963247860e+01
1.517723913e-01,9.367464068e-03,1.963107417e+01
1.517723913e-01,1.115174294e-02,1.959367496e+01
1.517723913e-01,1.115174294e-02,1.960131911e+01
1.517723913e-01,1.254571081e-02,1.957826097e+01
1.517723913e-01,1.393967867e-02,1.955503855e+01
1.517723913e-01,1.533364654e-02,1.952821720e+01
1.517723913e-01,2.230348588e-02,1.936308039e+01
1.517723913e-01,3.345522882e-02,1.897386338e+01
1.517723913e-01,4.460697175e-02,1.845090249e+01
1.517723913e-01,5.575871469e-02,1.781493259e+01
1.517723913e-01,6.691045763e-02,1.708901345e+01
1.517723913e-01,7.806220057e-02,1.628928462e+01
1.517723913e-01,8.921394351e-02,1.543705464e+01
1.517723913e-01,1.003656864e-01,1.454702105e+01
1.517723913e-01,1.115174294e-01,1.363933364e+01
1.517723913e-01,1.226691723e-01,1.272597068e+01
1.517723913e-01,1.338209153e-01,1.181702529e+01
1.517723913e-01,1.449726582e-01,1.092386660e+01
1.517723913e-01,1.561244011e-01,1.007080852e+01
1.517723913e-01,1.672761441e-01,9.212028207e+00
1.517723913e-01,1.784278870e-01,8.402293593e+00
1.517723913e-01,1.895796300e-01,7.658187279e+00
1.667216668e-01,0.000000000e+00,2.126393201e+01
1.667216668e-01,0.000000000e+00,2.126408974e+01
1.667216668e-01,5.245423429e-04,2.126043470e+01
1.667216668e-01,1.049084686e-03,2.125757757e+01
1.667216668e-01,1.573627029e-03,2.125504664e+01
1.667216668e-01,2.098169371e-03,2.125291597e+01
1.667216668e-01,2.622711714e-03,2.125122184e+01
1.667216668e-01,3.147254057e-03,2.124903532e+01
1.667216668e-01,3.671796400e-03,2.124669028e+01
1.667216668e-01,4.196338743e-03,2.124414884e+01
1.667216668e-01,4.720881086e-03,2.124133732e+01
1.667216668e-01,5.245423429e-03,2.123833167e+01
1.667216668e-01,5.769965771e-03,2.123497976e+01
1.667216668e-01,6.294508114e-03,2.123143363e+01
1.667216668e-01,6.819050457e-03,2.122755333e+01
1.667216668e-01,7.343592800e-03,2.122341041e+01
1.667216668e-01,7.868135143e-03,2.121892861e+01
1.667216668e-01,8.392677486e-03,2.121424562e+01
1.667216668e-01,8.917219829e-03,2.120921843e+01
1.667216668e-01,9.441762171e-03,2.120393522e+01
1.667216668e-01,9.966304514e-03,2.119835240e+01
1.667216668e-01,1.049084686e-02,2.119248511e+01
1.667216668e-01,1.101538920e-02,2.118633312e+01
1.667216668e-01,1.138980571e-02,2.117538959e+01
1.667216668e-01,1.138980571e-02,2.117554831e+01
1.667216668e-01,1.153993154e-02,2.117989621e+01
1.667216668e-01,1.206447389e-02,2.117317473e+01
1.667216668e-01,1.258901623e-02,2.116568549e+01
1.667216668e-01,1.311355857e-02,2.115837972e+01
1.667216668e-01,1.363810091e-02,2.115079527e+01
1.667216668e-01,1.416264326e-02,2.114292830e+01
1.667216668e-01,1.468718560e-02,2.113477946e+01
1.667216668e-01,1.521172794e-02,2.112635211e+01
1.667216668e-01,1.573627029e-02,2.111764330e+01
1.667216668e-01,1.626081263e-02,2.110865464e+01
1.667216668e-01,1.678535497e-02,2.109938938e+01
1.667216668e-01,1.730989731e-02,2.108984521e+01
1.667216668e-01,1.783443966e-02,2.108002414e+01
1.667216668e-01,1.835898200e-02,2.106992669e+01
1.667216668e-01,1.888352434e-02,2.105955314e+01
1.667216668e-01,1.940806669e-02,2.104890517e+01
1.667216668e-01,1.993260903e-02,2.103798268e+01
1.667216668e-01,2.045715137e-02,2.102678776e+01
1.667216668e-01,2.098169371e-02,2.101532028e+01
1.667216668e-01,2.150623606e-02,2.100358088e+01
1.667216668e-01,2.203077840e-02,2.099157061e+01
1.667216668e-01,2.255532074e-02,2.097929008e+01
1.667216668e-01,2.277961142e-02,2.097867561e+01
1.667216668e-01,2.277961142e-02,2.097854668e+01
1.667216668e-01,2.307986309e-02,2.096674012e+01
1.667216668e-01,2.360440543e-02,2.095392256e+01
1.667216668e-01,2.412894777e-02,2.094083865e+01
1.667216668e-01,2.465349011e-02,2.092748789e+01
1.667216668e-01,2.517803246e-02,2.091387264e+01
1.667216668e-01,2.570257480e-02,2.089999270e+01
1.667216668e-01,2.622711714e-02,2.088584924e+01
1.667216668e-01,2.675165949e-02,2.087144376e+01
1.667216668e-01,2.727620183e-02,2.085677688e+01
1.667216668e-01,2.780074417e-02,2.084185068e+01
1.667216668e-01,2.832528651e-02,2.082666505e+01
1.667216668e-01,2.884982886e-02,2.081122045e+01
1.667216668e-01,2.937437120e-02,2.079551828e+01
1.667216668e-01,2.989891354e-02,2.077955889e+01
1.667216668e-01,3.042345589e-02,2.076334708e+01
1.667216668e-01,3.094799823e-02,2.074688020e+01
1.667216668e-01,3.147254057e-02,2.073016158e+01
1.667216668e-01,3.199708291e-02,2.071319171e+01
1.667216668e-01,3.252162526e-02,2.069597216e+01
1.667216668e-01,3.304616760e-02,2.067850314e+01
1.667216668e-01,3.357070994e-02,2.066078789e+01
1.667216668e-01,3.409525229e-02,2.064282575e+01
1.667216668e-01,3.416941713e-02,2.065186859e+01
1.667216668e-01,3.416941713e-02,2.065173431e+01
1.667216668e-01,3.461979463e-02,2.062461772e+01
1.667216668e-01,3.514433697e-02,2.060616554e+01
1.667216668e-01,3.671796400e-02,2.056178329e+01
1.667216668e-01,3.934067571e-02,2.046325909e+01
1.667216668e-01,4.196338743e-02,2.035888500e+01
1.667216668e-01,4.458609914e-02,2.024886647e+01
1.667216668e-01,4.555922284e-02,2.020656016e+01
1.667216668e-01,4.555922284e-02,2.020969576e+01
1.667216668e-01,4.589745500e-02,2.019133951e+01
1.667216668e-01,4.720881086e-02,2.013285545e+01
1.667216668e-01,4.852016671e-02,2.007307793e+01
1.667216668e-01,4.983152257e-02,2.001199528e+01
1.667216668e-01,5.114287843e-02,1.995327616e+01
1.667216668e-01,5.179855636e-02,1.991753857e+01
1.667216668e-01,5.245423429e-02,1.988949363e+01
1.667216668e-01,5.310991221e-02,1.985316208e+01
1.667216668e-01,5.376559014e-02,1.982469199e+01
1.667216668e-01,5.442126807e-02,1.979229785e+01
1.667216668e-01,5.507694600e-02,1.975921279e+01
1.667216668e-01,5.573262393e-02,1.972577789e+01
1.667216668e-01,5.638830186e-02,1.969204338e+01
1.667216668e-01,5.671614082e-02,1.967427726e+01
1.667216668e-01,5.694902855e-02,1.966330692e+01
1.667216668e-01,5.694902855e-02,1.966319778e+01
1.667216668e-01,5.704397979e-02,1.965709043e+01
1.667216668e-01,5.737181875e-02,1.963992914e+01
1.667216668e-01,5.769965771e-02,1.962271846e+01
1.667216668e-01,5.802749668e-02,1.960544164e+01
1.667216668e-01,5.835533564e-02,1.958809440e+01
1.667216668e-01,5.868317461e-02,1.957067656e+01
1.667216668e-01,5.901101357e-02,1.955318926e+01
1.667216668e-01,5.933885254e-02,1.953563288e+01
1.667216668e-01,5.966669150e-02,1.951800765e+01
1.667216668e-01,5.999453046e-02,1.950031366e+01
1.667216668e-01,6.032236943e-02,1.948255137e+01
1.667216668e-01,6.065020839e-02,1.946472074e+01
1.667216668e-01,6.097804736e-02,1.944682123e+01
1.667216668e-01,6.130588632e-02,1.942885368e+01
1.667216668e-01,6.163372529e-02,1.941081758e+01
1.667216668e-01,6.196156425e-02,1.939271577e+01
1.667216668e-01,6.228940321e-02,1.937454676e+01
1.667216668e-01,6.261724218e-02,1.935631156e+01
1.667216668e-01,6.264393140e-02,1.935628632e+01
1.667216668e-01,6.294508114e-02,1.933801119e+01
1.667216668e-01,6.327292011e-02,1.931964447e+01
1.667216668e-01,6.360075907e-02,1.930121042e+01
1.667216668e-01,6.392859804e-02,1.928270992e+01
1.667216668e-01,6.425643700e-02,1.926414669e+01
1.667216668e-01,6.458427596e-02,1.924552008e+01
1.667216668e-01,6.491211493e-02,1.922682963e+01
1.667216668e-01,6.523995389e-02,1.920807698e+01
1.667216668e-01,6.556779286e-02,1.918926160e+01
1.667216668e-01,6.589563182e-02,1.917038321e+01
1.667216668e-01,6.622347079e-02,1.915144140e+01
1.667216668e-01,6.655130975e-02,1.913243823e+01
1.667216668e-01,6.687914871e-02,1.911337437e+01
1.667216668e-01,6.720698768e-02,1.909424825e+01
1.667216668e-01,6.753482664e-02,1.907506101e+01
1.667216668e-01,6.786266561e-02,1.905581581e+01
1.667216668e-01,6.819050457e-02,1.903650917e+01
1.667216668e-01,6.833883426e-02,1.902978582e+01
1.667216668e-01,6.833883426e-02,1.902947696e+01
1.667216668e-01,6.851834354e-02,1.901714102e+01
1.667216668e-01,6.884618250e-02,1.899771665e+01
1.667216668e-01,6.917402146e-02,1.897822987e+01
1.667216668e-01,6.950186043e-02,1.895868581e+01
1.667216668e-01,6.982969939e-02,1.893908438e+01
1.667216668e-01,7.015753836e-02,1.891942299e+01
1.667216668e-01,7.048537732e-02,1.889970382e+01
1.667216668e-01,7.081321629e-02,1.887992909e+01
1.667216668e-01,7.114105525e-02,1.886009670e+01
1.667216668e-01,7.118628568e-02,1.885902320e+01
1.667216668e-01,7.146889421e-02,1.884020808e+01
1.667216668e-01,7.179673318e-02,1.882026333e+01
1.667216668e-01,7.212457214e-02,1.880026342e+01
1.667216668e-01,7.245241111e-02,1.878020691e+01
1.667216668e-01,7.278025007e-02,1.876009502e+01
1.667216668e-01,7.310808904e-02,1.873992804e+01
1.667216668e-01,7.343592800e-02,1.871970477e+01
1.667216668e-01,7.376376696e-02,1.869942855e+01
1.667216668e-01,7.403373711e-02,1.868445847e+01
1.667216668e-01,7.409160593e-02,1.867909898e+01
1.667216668e-01,7.441944489e-02,1.865871704e+01
1.667216668e-01,7.474728386e-02,1.863828229e+01
1.667216668e-01,7.507512282e-02,1.861779872e+01
1.667216668e-01,7.540296179e-02,1.859726175e+01
1.667216668e-01,7.573080075e-02,1.857996345e+01
1.667216668e-01,7.605863971e-02,1.855674243e+01
1.667216668e-01,7.638647868e-02,1.853550416e+01
1.667216668e-01,7.671431764e-02,1.851793977e+01
1.667216668e-01,7.688118854e-02,1.850588571e+01
1.667216668e-01,7.704215661e-02,1.849452106e+01
1.667216668e-01,7.736999557e-02,1.847639269e+01
1.667216668e-01,7.769783454e-02,1.845279718e+01
1.667216668e-01,7.802567350e-02,1.843457248e+01
1.667216668e-01,7.835351246e-02,1.841085818e+01
1.667216668e-01,7.868135143e-02,1.839255814e+01
1.667216668e-01,7.900919039e-02,1.836872749e+01
1.667216668e-01,7.933702936e-02,1.835035192e+01
1.667216668e-01,7.966486832e-02,1.832640618e+01
1.667216668e-01,7.972863997e-02,1.832412350e+01
1.667216668e-01,7.972863997e-02,1.832350815e+01
1.667216668e-01,7.999270729e-02,1.830795623e+01
1.667216668e-01,8.032054625e-02,1.828389781e+01
1.667216668e-01,8.064838521e-02,1.826537453e+01
1.667216668e-01,8.097622418e-02,1.824120344e+01
1.667216668e-01,8.115236568e-02,1.823064365e+01
1.667216668e-01,8.130406314e-02,1.822260413e+01
1.667216668e-01,8.163190211e-02,1.819832412e+01
1.667216668e-01,8.195974107e-02,1.817965264e+01
1.667216668e-01,8.228758004e-02,1.815840723e+01
1.667216668e-01,8.257609139e-02,1.813721534e+01
1.667216668e-01,8.261541900e-02,1.813672002e+01
1.667216668e-01,8.294325796e-02,1.811521957e+01
1.667216668e-01,8.327109693e-02,1.809654388e+01
1.667216668e-01,8.359893589e-02,1.806929720e+01
1.667216668e-01,8.392677486e-02,1.804980889e+01
1.667216668e-01,8.399981711e-02,1.804545883e+01
1.667216668e-01,8.425461382e-02,1.802830782e+01
1.667216668e-01,8.458245279e-02,1.800640596e+01
1.667216668e-01,8.491029175e-02,1.798466701e+01
1.667216668e-01,8.523813071e-02,1.796259235e+01
1.667216668e-01,8.542354282e-02,1.795050317e+01
1.667216668e-01,8.556596968e-02,1.794062232e+01
1.667216668e-01,8.589380864e-02,1.791868028e+01
1.667216668e-01,8.622164761e-02,1.789655130e+01
1.667216668e-01,8.654948657e-02,1.787123561e+01
1.667216668e-01,8.684726854e-02,1.785469587e+01
1.667216668e-01,8.687732554e-02,1.785199474e+01
1.667216668e-01,8.720516450e-02,1.783011359e+01
1.667216668e-01,8.753300346e-02,1.780799351e+01
1.667216668e-01,8.755913139e-02,1.780631305e+01
1.667216668e-01,8.786084243e-02,1.778567532e+01
1.667216668e-01,8.818868139e-02,1.776011799e+01
1.667216668e-01,8.827099425e-02,1.775792984e+01
1.667216668e-01,8.851652036e-02,1.774072542e+01
1.667216668e-01,8.884435932e-02,1.771865336e+01
1.667216668e-01,8.898285711e-02,1.770937695e+01
1.667216668e-01,8.917219829e-02,1.769633805e+01
1.667216668e-01,8.950003725e-02,1.767383868e+01
1.667216668e-01,8.969471996e-02,1.766064635e+01
1.667216668e-01,8.982787621e-02,1.764804642e+01
1.667216668e-01,9.015571518e-02,1.762851324e+01
1.667216668e-01,9.040658282e-02,1.761173969e+01
1.667216668e-01,9.048355414e-02,1.760640366e+01
1.667216668e-01,9.081139311e-02,1.758369480e+01
1.667216668e-01,9.111844568e-02,1.756266043e+01
1.667216668e-01,9.111844568e-02,1.756128630e+01
1.667216668e-01,9.113923207e-02,1.756107083e+01
1.667216668e-01,9.146707104e-02,1.753846023e+01
1.667216668e-01,9.179491000e-02,1.751570864e+01
1.667216668e-01,9.183030853e-02,1.751341779e+01
1.667216668e-01,9.212274896e-02,1.749298204e+01
1.667216668e-01,9.245058793e-02,1.747021780e+01
1.667216668e-01,9.254217139e-02,1.746400995e+01
1.667216668e-01,9.277842689e-02,1.744741965e+01
1.667216668e-01,9.310626586e-02,1.742458799e+01
1.667216668e-01,9.325403425e-02,1.741444470e+01
1.667216668e-01,9.343410482e-02,1.740172142e+01
1.667216668e-01,9.376194379e-02,1.737885945e+01
1.667216668e-01,9.396589710e-02,1.736471905e+01
1.667216668e-01,9.408978275e-02,1.735588275e+01
1.667216668e-01,9.441762171e-02,1.733296617e+01
1.667216668e-01,9.467775996e-02,1.731483902e+01
1.667216668e-01,9.474546068e-02,1.730991715e+01
1.667216668e-01,9.507329964e-02,1.728689205e+01
1.667216668e-01,9.538962282e-02,1.726480526e+01
1.667216668e-01,9.540113861e-02,1.726382771e+01
1.667216668e-01,9.572897757e-02,1.724073067e+01
1.667216668e-01,9.605681654e-02,1.721760721e+01
1.667216668e-01,9.610148567e-02,1.721462080e+01
1.667216668e-01,9.638465550e-02,1.719459683e+01
1.667216668e-01,9.645741710e-02,1.718909028e+01
1.667216668e-01,9.654857498e-02,1.717692740e+01
1.667216668e-01,9.671249446e-02,1.716325528e+01
1.667216668e-01,9.681334853e-02,1.716387520e+01
1.667216668e-01,9.716927996e-02,1.713865328e+01
1.667216668e-01,9.752521139e-02,1.711340199e+01
1.667216668e-01,9.788114282e-02,1.708811614e+01
1.667216668e-01,9.823707425e-02,1.706279349e+01
1.667216668e-01,9.859300567e-02,1.703743870e+01
1.667216668e-01,9.894893710e-02,1.701204750e+01
1.667216668e-01,9.930486853e-02,1.698662532e+01
1.667216668e-01,1.025082514e-01,1.675524272e+01
1.667216668e-01,1.138980571e-01,1.591881048e+01
1.667216668e-01,1.252878628e-01,1.506352567e+01
1.667216668e-01,1.366776685e-01,1.419930175e+01
1.667216668e-01,1.480674742e-01,1.333609104e+01
1.667216668e-01,1.594572799e-01,1.248017638e+01
1.667216668e-01,1.708470856e-01,1.164035926e+01
1.667216668e-01,1.822368914e-01,1.082109437e+01
1.667216668e-01,1.936266971e-01,1.002507887e+01
1.667216668e-01,2.050165028e-01,9.257015732e+00
1.667216668e-01,2.164063085e-01,8.522611535e+00
1.667216668e-01,2.277961142e-01,7.852082612e+00
2.166383263e-01,0.000000000e+00,2.638499574e+01
2.166383263e-01,0.000000000e+00,2.638480276e+01
2.166383263e-01,1.234660822e-03,2.638003154e+01
2.166383263e-01,2.469321644e-03,2.637554101e+01
2.166383263e-01,3.703982466e-03,2.637077749e+01
2.166383263e-01,4.938643288e-03,2.636594522e+01
2.166383263e-01,6.173304111e-03,2.636070678e+01
2.166383263e-01,7.407964933e-03,2.635483687e+01
2.166383263e-01,8.642625755e-03,2.634836812e+01
2.166383263e-01,9.877286577e-03,2.634104001e+01
2.166383263e-01,1.111194740e-02,2.633294322e+01
2.166383263e-01,1.234660822e-02,2.632548931e+01
2.166383263e-01,1.234660822e-02,2.632400173e+01
2.166383263e-01,1.358126904e-02,2.631422346e+01
2.166383263e-01,1.481592987e-02,2.630360469e+01
2.166383263e-01,1.605059069e-02,2.629214613e+01
2.166383263e-01,1.728525151e-02,2.627984458e+01
2.166383263e-01,1.851991233e-02,2.626670124e+01
2.166383263e-01,1.975457315e-02,2.625272016e+01
2.166383263e-01,2.098923398e-02,2.623790164e+01
2.166383263e-01,2.222389480e-02,2.622224629e+01
2.166383263e-01,2.345855562e-02,2.620575999e+01
2.166383263e-01,2.469321644e-02,2.618844776e+01
2.166383263e-01,2.469321644e-02,2.619574432e+01
2.166383263e-01,2.592787726e-02,2.617031231e+01
2.166383263e-01,2.716253809e-02,2.615135378e+01
2.166383263e-01,2.839719891e-02,2.613157473e+01
2.166383263e-01,2.963185973e-02,2.611098362e+01
2.166383263e-01,3.086652055e-02,2.608957807e+01
2.166383263e-01,3.210118137e-02,2.606737004e+01
2.166383263e-01,3.333584220e-02,2.604435496e+01
2.166383263e-01,3.457050302e-02,2.602053771e+01
2.166383263e-01,3.580516384e-02,2.599592436e+01
2.166383263e-01,3.703982466e-02,2.597051910e+01
2.166383263e-01,3.703982466e-02,2.598644547e+01
2.166383263e-01,3.827448549e-02,2.594432675e+01
2.166383263e-01,3.950914631e-02,2.591735158e+01
2.166383263e-01,4.074380713e-02,2.588959699e+01
2.166383263e-01,4.197846795e-02,2.587442961e+01
2.166383263e-01,4.321312877e-02,2.584842660e+01
2.166383263e-01,4.444778960e-02,2.581965084e+01
2.166383263e-01,4.568245042e-02,2.578957376e+01
2.166383263e-01,4.691711124e-02,2.575858762e+01
2.166383263e-01,4.815177206e-02,2.572680803e+01
2.166383263e-01,4.938643288e-02,2.569533507e+01
2.166383263e-01,4.938643288e-02,2.569426962e+01
2.166383263e-01,5.062109371e-02,2.566098611e+01
2.166383263e-01,5.185575453e-02,2.562696851e+01
2.166383263e-01,5.309041535e-02,2.559222494e+01
2.166383263e-01,5.432507617e-02,2.555675785e+01
2.166383263e-01,5.555973700e-02,2.552058029e+01
2.166383263e-01,5.679439782e-02,2.548368768e+01
2.166383263e-01,5.802905864e-02,2.544608735e+01
2.166383263e-01,5.926371946e-02,2.540778838e+01
2.166383263e-01,6.049838028e-02,2.536879439e+01
2.166383263e-01,6.173304111e-02,2.532911323e+01
2.166383263e-01,6.173304111e-02,2.533552466e+01
2.166383263e-01,6.296770193e-02,2.528875293e+01
2.166383263e-01,6.420236275e-02,2.524772178e+01
2.166383263e-01,6.543702357e-02,2.520602102e+01
2.166383263e-01,6.667168439e-02,2.516365149e+01
2.166383263e-01,6.790634522e-02,2.512723669e+01
2.166383263e-01,6.914100604e-02,2.507848459e+01
2.166383263e-01,7.037566686e-02,2.503969302e+01
2.166383263e-01,7.099299727e-02,2.501721640e+01
2.166383263e-01,7.161032768e-02,2.498932017e+01
2.166383263e-01,7.284498850e-02,2.494939883e+01
2.166383263e-01,7.407964933e-02,2.490368371e+01
2.166383263e-01,7.407964933e-02,2.489757868e+01
2.166383263e-01,7.469697974e-02,2.486822695e+01
2.166383263e-01,7.531431015e-02,2.484270312e+01
2.166383263e-01,7.593164056e-02,2.481786506e+01
2.166383263e-01,7.654897097e-02,2.479345000e+01
2.166383263e-01,7.716630138e-02,2.476915811e+01
2.166383263e-01,7.778363179e-02,2.474485431e+01
2.166383263e-01,7.840096220e-02,2.472046966e+01
2.166383263e-01,7.901829262e-02,2.469597580e+01
2.166383263e-01,7.963562303e-02,2.467134893e+01
2.166383263e-01,8.025295344e-02,2.464658756e+01
2.166383263e-01,8.087028385e-02,2.462168322e+01
2.166383263e-01,8.148761426e-02,2.459663634e+01
2.166383263e-01,8.210494467e-02,2.457144606e+01
2.166383263e-01,8.272227508e-02,2.454611102e+01
2.166383263e-01,8.333960549e-02,2.452063591e+01
2.166383263e-01,8.395693590e-02,2.449501882e+01
2.166383263e-01,8.457426631e-02,2.446926303e+01
2.166383263e-01,8.519159673e-02,2.444336719e+01
2.166383263e-01,8.580892714e-02,2.441733336e+01
2.166383263e-01,8.642625755e-02,2.439116306e+01
2.166383263e-01,8.642625755e-02,2.441025447e+01
2.166383263e-01,8.704358796e-02,2.436485545e+01
2.166383263e-01,8.766091837e-02,2.433840973e+01
2.166383263e-01,8.827824878e-02,2.431183055e+01
2.166383263e-01,8.889557919e-02,2.428511731e+01
2.166383263e-01,8.951290960e-02,2.425827324e+01
2.166383263e-01,9.013024001e-02,2.423129375e+01
2.166383263e-01,9.259956166e-02,2.414167342e+01
2.166383263e-01,9.568621371e-02,2.400286416e+01
2.166383263e-01,9.877286577e-02,2.386514988e+01
2.166383263e-01,9.877286577e-02,2.386461548e+01
2.166383263e-01,1.018595178e-01,2.371989946e+01
2.166383263e-01,1.049461699e-01,2.357216355e+01
2.166383263e-01,1.080328219e-01,2.342164687e+01
2.166383263e-01,1.111194740e-01,2.326896101e+01
2.166383263e-01,1.111194740e-01,2.326842874e+01
2.166383263e-01,1.142061260e-01,2.311264049e+01
2.166383263e-01,1.172927781e-01,2.295439132e+01
2.166383263e-01,1.203794302e-01,2.279375717e+01
2.166383263e-01,1.234660822e-01,2.263087165e+01
2.166383263e-01,1.234660822e-01,2.263151940e+01
2.166383263e-01,1.265527343e-01,2.246582758e+01
2.166383263e-01,1.296393863e-01,2.229902423e+01
2.166383263e-01,1.311827123e-01,2.221441127e+01
2.166383263e-01,1.327260384e-01,2.212961846e+01
2.166383263e-01,1.342693644e-01,2.204437051e+01
2.166383263e-01,1.358126904e-01,2.195866441e+01
2.166383263e-01,1.358126904e-01,2.195944706e+01
2.166383263e-01,1.373560165e-01,2.187252637e+01
2.166383263e-01,1.388993425e-01,2.178596559e+01
2.166383263e-01,1.404426685e-01,2.169898445e+01
2.166383263e-01,1.419859945e-01,2.161158665e+01
2.166383263e-01,1.435293206e-01,2.152380322e+01
2.166383263e-01,1.450726466e-01,2.143563889e+01
2.166383263e-01,1.466159726e-01,2.134710638e+01
2.166383263e-01,1.481592987e-01,2.125821572e+01
2.166383263e-01,1.481592987e-01,2.125896178e+01
2.166383263e-01,1.497026247e-01,2.116897329e+01
2.166383263e-01,1.512459507e-01,2.107939243e+01
2.166383263e-01,1.527892767e-01,2.098949533e+01
2.166383263e-01,1.543326028e-01,2.089928931e+01
2.166383263e-01,1.558759288e-01,2.080877033e+01
2.166383263e-01,1.566475918e-01,2.076271710e+01
2.166383263e-01,1.574192548e-01,2.071722876e+01
2.166383263e-01,1.581909178e-01,2.067171367e+01
2.166383263e-01,1.589625808e-01,2.062613672e+01
2.166383263e-01,1.597342439e-01,2.058324533e+01
2.166383263e-01,1.605059069e-01,2.053507739e+01
2.166383263e-01,1.605059069e-01,2.053615535e+01
2.166383263e-01,1.612775699e-01,2.049178119e+01
2.166383263e-01,1.620490000e-01,2.044610594e+01
2.166383263e-01,1.620492329e-01,2.044346338e+01
2.166383263e-01,1.626663304e-01,2.040774295e+01
2.166383263e-01,1.632836608e-01,2.037080884e+01
2.166383263e-01,1.639009912e-01,2.033399409e+01
2.166383263e-01,1.645183216e-01,2.029715853e+01
2.166383263e-01,1.651356521e-01,2.026028641e+01
2.166383263e-01,1.657529825e-01,2.022338114e+01
2.166383263e-01,1.663703129e-01,2.018643856e+01
2.166383263e-01,1.666789781e-01,2.015759894e+01
2.166383263e-01,1.669876433e-01,2.013570820e+01
2.166383263e-01,1.672963085e-01,2.011539760e+01
2.166383263e-01,1.676049737e-01,2.009640189e+01
2.166383263e-01,1.679136389e-01,2.007753440e+01
2.166383263e-01,1.682223041e-01,2.005867877e+01
2.166383263e-01,1.685309693e-01,2.004062713e+01
2.166383263e-01,1.688396345e-01,2.002202324e+01
2.166383263e-01,1.691482997e-01,2.000285819e+01
2.166383263e-01,1.694569649e-01,1.998481331e+01
2.166383263e-01,1.697656301e-01,1.996622834e+01
2.166383263e-01,1.700742953e-01,1.994707068e+01
2.166383263e-01,1.703829605e-01,1.992900170e+01
2.166383263e-01,1.706916258e-01,1.991039613e+01
2.166383263e-01,1.710002910e-01,1.989122770e+01
2.166383263e-01,1.713089562e-01,1.987312907e+01
2.166383263e-01,1.716176214e-01,1.985450413e+01
2.166383263e-01,1.719262866e-01,1.983532410e+01
2.166383263e-01,1.722349518e-01,1.981719617e+01
2.166383263e-01,1.725436170e-01,1.979854855e+01
2.166383263e-01,1.728522822e-01,1.977935459e+01
2.166383263e-01,1.728525151e-01,1.979668038e+01
2.166383263e-01,1.731609474e-01,1.976119532e+01
2.166383263e-01,1.734696126e-01,1.974252675e+01
2.166383263e-01,1.737782778e-01,1.972332076e+01
2.166383263e-01,1.740869430e-01,1.970513438e+01
2.166383263e-01,1.743956082e-01,1.968644310e+01
2.166383263e-01,1.747042734e-01,1.966722303e+01
2.166383263e-01,1.750129386e-01,1.964900415e+01
2.166383263e-01,1.753216038e-01,1.963029336e+01
2.166383263e-01,1.756302690e-01,1.961106051e+01
2.166383263e-01,1.759389342e-01,1.959281845e+01
2.166383263e-01,1.762475995e-01,1.957408618e+01
2.166383263e-01,1.765562647e-01,1.955484403e+01
2.166383263e-01,1.768649299e-01,1.953657487e+01
2.166383263e-01,1.771735951e-01,1.951782563e+01
2.166383263e-01,1.774822603e-01,1.949857314e+01
2.166383263e-01,1.777909255e-01,1.948027712e+01
2.166383263e-01,1.780995907e-01,1.946150893e+01
2.166383263e-01,1.784082559e-01,1.944224907e+01
2.166383263e-01,1.787169211e-01,1.942392741e+01
2.166383263e-01,1.790255863e-01,1.940514261e+01
2.166383263e-01,1.793342515e-01,1.938587188e+01
2.166383263e-01,1.796429167e-01,1.936752792e+01
2.166383263e-01,1.799515819e-01,1.934872674e+01
2.166383263e-01,1.802602471e-01,1.932945041e+01
2.166383263e-01,1.805689123e-01,1.931107813e+01
2.166383263e-01,1.808775775e-01,1.929225990e+01
2.166383263e-01,1.811862427e-01,1.927297421e+01
2.166383263e-01,1.814949079e-01,1.925458007e+01
2.166383263e-01,1.818035732e-01,1.923574855e+01
2.166383263e-01,1.821122384e-01,1.921645693e+01
2.166383263e-01,1.824209036e-01,1.919803951e+01
2.166383263e-01,1.827295688e-01,1.917876315e+01
2.166383263e-01,1.830382340e-01,1.916032029e+01
2.166383263e-01,1.833468992e-01,1.914146360e+01
2.166383263e-01,1.836555644e-01,1.912216778e+01
2.166383263e-01,1.839642296e-01,1.910370922e+01
2.166383263e-01,1.842728948e-01,1.908483694e+01
2.166383263e-01,1.845815600e-01,1.906553458e+01
2.166383263e-01,1.848902252e-01,1.904705488e+01
2.166383263e-01,1.851988904e-01,1.902817145e+01
2.166383263e-01,1.851991233e-01,1.904525443e+01
2.166383263e-01,1.855075556e-01,1.900886516e+01
2.166383263e-01,1.858162208e-01,1.899036689e+01
2.166383263e-01,1.861248860e-01,1.897107361e+01
2.166383263e-01,1.864335512e-01,1.895255452e+01
2.166383263e-01,1.867422164e-01,1.893365225e+01
2.166383263e-01,1.870508816e-01,1.891434782e+01
2.166383263e-01,1.873595469e-01,1.889581287e+01
2.166383263e-01,1.876682121e-01,1.887689700e+01
2.166383263e-01,1.879768773e-01,1.885758491e+01
2.166383263e-01,1.882855425e-01,1.883903138e+01
2.166383263e-01,1.885942077e-01,1.881972678e+01
2.166383263e-01,1.889028729e-01,1.880115224e+01
2.166383263e-01,1.892115381e-01,1.878221785e+01
2.166383263e-01,1.895202033e-01,1.876290424e+01
2.166383263e-01,1.898288685e-01,1.874431500e+01
2.166383263e-01,1.901375337e-01,1.872537251e+01
2.166383263e-01,1.904461989e-01,1.870605683e+01
2.166383263e-01,1.907548641e-01,1.868745558e+01
2.166383263e-01,1.910635293e-01,1.866815239e+01
2.166383263e-01,1.913721945e-01,1.864953226e+01
2.166383263e-01,1.916808597e-01,1.863057475e+01
2.166383263e-01,1.919895249e-01,1.861126289e+01
2.166383263e-01,1.922981901e-01,1.859262940e+01
2.166383263e-01,1.926068553e-01,1.857333106e+01
2.166383263e-01,1.929155206e-01,1.855468004e+01
2.166383263e-01,1.932241858e-01,1.853570818e+01
2.166383263e-01,1.935328510e-01,1.851640097e+01
2.166383263e-01,1.938415162e-01,1.849773917e+01
2.166383263e-01,1.941501814e-01,1.847844131e+01
2.166383263e-01,1.944588466e-01,1.845976562e+01
2.166383263e-01,1.947675118e-01,1.844078234e+01
2.166383263e-01,1.950761770e-01,1.842147830e+01
2.166383263e-01,1.953848422e-01,1.840279001e+01
2.166383263e-01,1.956935074e-01,1.838349624e+01
2.166383263e-01,1.960021726e-01,1.836479277e+01
2.166383263e-01,1.963108378e-01,1.834580081e+01
2.166383263e-01,1.966195030e-01,1.832650296e+01
2.166383263e-01,1.969281682e-01,1.830779298e+01
2.166383263e-01,1.972368334e-01,1.828850713e+01
2.166383263e-01,1.975454986e-01,1.826978337e+01
2.166383263e-01,1.975457315e-01,1.828731541e+01
2.166383263e-01,1.978541638e-01,1.825077942e+01
2.166383263e-01,1.981628290e-01,1.823148851e+01
2.166383263e-01,1.984714943e-01,1.821275728e+01
2.166383263e-01,1.987801595e-01,1.819347718e+01
2.166383263e-01,1.990888247e-01,1.817473282e+01
2.166383263e-01,1.993974899e-01,1.815572501e+01
2.166383263e-01,1.997061551e-01,1.813644002e+01
2.166383263e-01,2.000148203e-01,1.811768953e+01
2.166383263e-01,2.003234855e-01,1.809842168e+01
2.166383263e-01,2.006321507e-01,1.807965853e+01
2.166383263e-01,2.009408159e-01,1.806064464e+01
2.166383263e-01,2.012494811e-01,1.804137562e+01
2.166383263e-01,2.015581463e-01,1.802260367e+01
2.166383263e-01,2.018668115e-01,1.800334379e+01
2.166383263e-01,2.021754767e-01,1.798456063e+01
2.166383263e-01,2.024841419e-01,1.796530806e+01
2.166383263e-01,2.027928071e-01,1.794651389e+01
2.166383263e-01,2.031014723e-01,1.792749404e+01
2.166383263e-01,2.034101375e-01,1.790824153e+01
2.166383263e-01,2.037188027e-01,1.788944333e+01
2.166383263e-01,2.040274680e-01,1.787020771e+01
2.166383263e-01,2.043361332e-01,1.785140272e+01
2.166383263e-01,2.046447984e-01,1.783217518e+01
2.166383263e-01,2.049534636e-01,1.781335722e+01
2.166383263e-01,2.052621288e-01,1.779433975e+01
2.166383263e-01,2.055707940e-01,1.777511115e+01
2.166383263e-01,2.058794592e-01,1.775629227e+01
2.166383263e-01,2.061881244e-01,1.773707783e+01
2.166383263e-01,2.064967896e-01,1.771825038e+01
2.166383263e-01,2.068054548e-01,1.769904280e+01
2.166383263e-01,2.071141200e-01,1.768020589e+01
2.166383263e-01,2.074227852e-01,1.766118534e+01
2.166383263e-01,2.077314504e-01,1.764197827e+01
2.166383263e-01,2.080401156e-01,1.762314234e+01
2.166383263e-01,2.083487808e-01,1.760395001e+01
2.166383263e-01,2.086574460e-01,1.758510641e+01
2.166383263e-01,2.089661112e-01,1.756592485e+01
2.166383263e-01,2.092747764e-01,1.754707474e+01
2.166383263e-01,2.095834417e-01,1.752790263e+01
2.166383263e-01,2.098921069e-01,1.750904453e+01
2.166383263e-01,2.098923398e-01,1.752619525e+01
2.166383263e-01,2.102007721e-01,1.751195633e+01
2.166383263e-01,2.105094373e-01,1.747790879e+01
2.166383263e-01,2.108181025e-01,1.745476111e+01
2.166383263e-01,2.111267677e-01,1.743424306e+01
2.166383263e-01,2.114354329e-01,1.741453400e+01
2.166383263e-01,2.117440981e-01,1.739546417e+01
2.166383263e-01,2.120527633e-01,1.737624516e+01
2.166383263e-01,2.123614285e-01,1.735696733e+01
2.166383263e-01,2.126700937e-01,1.733805389e+01
2.166383263e-01,2.129787589e-01,1.731888373e+01
2.166383263e-01,2.132874241e-01,1.729999494e+01
2.166383263e-01,2.135960893e-01,1.728086505e+01
2.166383263e-01,2.139047545e-01,1.726198391e+01
2.166383263e-01,2.142134197e-01,1.724287106e+01
2.166383263e-01,2.145220849e-01,1.722398899e+01
2.166383263e-01,2.148307501e-01,1.720489016e+01
2.166383263e-01,2.151394154e-01,1.718600753e+01
2.166383263e-01,2.154480806e-01,1.716691780e+01
2.166383263e-01,2.157567458e-01,1.714803214e+01
2.166383263e-01,2.160654110e-01,1.712895217e+01
2.166383263e-01,2.163740762e-01,1.711006374e+01
2.166383263e-01,2.166827414e-01,1.709099409e+01
2.166383263e-01,2.169914066e-01,1.707209870e+01
2.166383263e-01,2.173000718e-01,1.705305154e+01
2.166383263e-01,2.176087370e-01,1.703415758e+01
2.166383263e-01,2.179174022e-01,1.701511233e+01
2.166383263e-01,2.182260674e-01,1.699622773e+01
2.166383263e-01,2.185347326e-01,1.697719458e+01
2.166383263e-01,2.188433978e-01,1.695830143e+01
2.166383263e-01,2.191520630e-01,1.693928056e+01
2.166383263e-01,2.194607282e-01,1.692039854e+01
2.166383263e-01,2.197693934e-01,1.690138735e+01
2.166383263e-01,2.200780586e-01,1.688249467e+01
2.166383263e-01,2.203867238e-01,1.686349769e+01
2.166383263e-01,2.206953891e-01,1.684460565e+01
2.166383263e-01,2.210040543e-01,1.682561956e+01
2.166383263e-01,2.213127195e-01,1.680673191e+01
2.166383263e-01,2.216213847e-01,1.678775710e+01
2.166383263e-01,2.219300499e-01,1.676886750e+01
2.166383263e-01,2.222387151e-01,1.674990804e+01
2.166383263e-01,2.222389480e-01,1.676655029e+01
2.166383263e-01,2.225473803e-01,1.673102342e+01
2.166383263e-01,2.228560455e-01,1.671207561e+01
2.166383263e-01,2.231647107e-01,1.669318733e+01
2.166383263e-01,2.234733759e-01,1.667425489e+01
2.166383263e-01,2.237820411e-01,1.667525543e+01
2.166383263e-01,2.240907063e-01,1.664308259e+01
2.166383263e-01,2.243993715e-01,1.662056951e+01
2.166383263e-01,2.247080367e-01,1.660017087e+01
2.166383263e-01,2.250167019e-01,1.658085927e+01
2.166383263e-01,2.253253671e-01,1.656140587e+01
2.166383263e-01,2.256340323e-01,1.656206130e+01
2.166383263e-01,2.259426975e-01,1.652977788e+01
2.166383263e-01,2.262513627e-01,1.650727107e+01
2.166383263e-01,2.265600280e-01,1.648689331e+01
2.166383263e-01,2.268686932e-01,1.646757700e+01
2.166383263e-01,2.271773584e-01,1.644815702e+01
2.166383263e-01,2.274860236e-01,1.644887435e+01
2.166383263e-01,2.277946888e-01,1.641654475e+01
2.166383263e-01,2.281033540e-01,1.639406649e+01
2.166383263e-01,2.284120192e-01,1.637372673e+01
2.166383263e-01,2.287206844e-01,1.635440952e+01
2.166383263e-01,2.290293496e-01,1.633502708e+01
2.166383263e-01,2.293380148e-01,1.633581220e+01
2.166383263e-01,2.296466800e-01,1.630344390e+01
2.166383263e-01,2.299553452e-01,1.628083082e+01
2.166383263e-01,2.302640104e-01,1.626076124e+01
2.166383263e-01,2.305726756e-01,1.624137172e+01
2.166383263e-01,2.308813408e-01,1.622202984e+01
2.166383263e-01,2.311900060e-01,1.622349089e+01
2.166383263e-01,2.314986712e-01,1.619067193e+01
2.166383263e-01,2.318073364e-01,1.616797518e+01
2.166383263e-01,2.321160017e-01,1.614789398e+01
2.166383263e-01,2.324246669e-01,1.612837589e+01
2.166383263e-01,2.327333321e-01,1.612902135e+01
2.166383263e-01,2.330419973e-01,1.609653140e+01
2.166383263e-01,2.333506625e-01,1.607411077e+01
2.166383263e-01,2.336593277e-01,1.605385852e+01
2.166383263e-01,2.339679929e-01,1.605466795e+01
2.166383263e-01,2.342766581e-01,1.602167998e+01
2.166383263e-01,2.345853233e-01,1.599897532e+01
2.166383263e-01,2.345855562e-01,1.600475087e+01
2.166383263e-01,2.348939885e-01,1.597889817e+01
2.166383263e-01,2.352026537e-01,1.595940341e+01
2.166383263e-01,2.355113189e-01,1.596013921e+01
2.166383263e-01,2.358199841e-01,1.592759512e+01
2.166383263e-01,2.361286493e-01,1.590508209e+01
2.166383263e-01,2.364373145e-01,1.588509228e+01
2.166383263e-01,2.367459797e-01,1.586565833e+01
2.166383263e-01,2.370546449e-01,1.586648280e+01
2.166383263e-01,2.373633101e-01,1.583391504e+01
2.166383263e-01,2.376719754e-01,1.581144068e+01
2.166383263e-01,2.379806406e-01,1.579148322e+01
2.166383263e-01,2.382893058e-01,1.577207809e+01
2.166383263e-01,2.385979710e-01,1.577296057e+01
2.166383263e-01,2.389066362e-01,1.574036961e+01
2.166383263e-01,2.392153014e-01,1.571793534e+01
2.166383263e-01,2.395239666e-01,1.569800923e+01
2.166383263e-01,2.398326318e-01,1.567863602e+01
2.166383263e-01,2.401412970e-01,1.567957880e+01
2.166383263e-01,2.404499622e-01,1.564696782e+01
2.166383263e-01,2.407586274e-01,1.562458032e+01
2.166383263e-01,2.410672926e-01,1.560494325e+01
2.166383263e-01,2.413759578e-01,1.560583140e+01
2.166383263e-01,2.416846230e-01,1.557267344e+01
2.166383263e-01,2.419932882e-01,1.555028628e+01
2.166383263e-01,2.423019534e-01,1.553019141e+01
2.166383263e-01,2.469321644e-01,1.526383445e+01
2.166383263e-01,2.592787726e-01,1.452826033e+01
2.166383263e-01,2.716253809e-01,1.379876511e+01
2.166383263e-01,2.839719891e-01,1.309885180e+01
2.166383263e-01,2.963185973e-01,1.239959467e+01
2.166383263e-01,3.086652055e-01,1.172852145e+01
2.166383263e-01,3.210118137e-01,1.108114953e+01
2.166383263e-01,3.333584220e-01,1.045740726e+01
2.166383263e-01,3.457050302e-01,9.869643207e+00
2.166383263e-01,3.580516384e-01,9.353594918e+00
2.166383263e-01,3.580520000e-01,9.360893254e+00
2.166383263e-01,3.592866608e-01,9.336944384e+00
2.166383263e-01,3.605213216e-01,9.289268355e+00
2.166383263e-01,3.617559825e-01,9.244327421e+00
2.500714436e-01,0.000000000e+00,2.975295324e+01
2.500714436e-01,0.000000000e+00,2.975270628e+01
2.500714436e-01,1.312678635e-02,2.970209904e+01
2.500714436e-01,1.312678635e-02,2.970180497e+01
2.500714436e-01,2.625357269e-02,2.957982009e+01
2.500714436e-01,2.625357269e-02,2.959159025e+01
2.500714436e-01,3.938035904e-02,2.942231553e+01
2.500714436e-01,3.938035904e-02,2.942131816e+01
2.500714436e-01,5.250714538e-02,2.919022136e+01
2.500714436e-01,5.250714538e-02,2.918346870e+01
2.500714436e-01,6.563393173e-02,2.889152056e+01
2.500714436e-01,6.563393173e-02,2.889102161e+01
2.500714436e-01,7.876071808e-02,2.853404387e+01
2.500714436e-01,7.876071808e-02,2.853915357e+01
2.500714436e-01,9.188750442e-02,2.812807604e+01
2.500714436e-01,9.188750442e-02,2.812840929e+01
2.500714436e-01,1.050142908e-01,2.766748876e+01
2.500714436e-01,1.050142908e-01,2.766727711e+01
2.500714436e-01,1.181410771e-01,2.716087401e+01
2.500714436e-01,1.181410771e-01,2.716109583e+01
2.500714436e-01,1.312678635e-01,2.661364826e+01
2.500714436e-01,1.312678635e-01,2.661384147e+01
2.500714436e-01,1.443946498e-01,2.603028793e+01
2.500714436e-01,1.443946498e-01,2.603379454e+01
2.500714436e-01,1.509580430e-01,2.572607944e+01
2.500714436e-01,1.525988913e-01,2.565181247e+01
2.500714436e-01,1.542397396e-01,2.557443122e+01
2.500714436e-01,1.558805879e-01,2.549644144e+01
2.500714436e-01,1.575214362e-01,2.541903348e+01
2.500714436e-01,1.575214362e-01,2.541800811e+01
2.500714436e-01,1.591622844e-01,2.533915532e+01
2.500714436e-01,1.608031327e-01,2.525988622e+01
2.500714436e-01,1.624439810e-01,2.518021542e+01
2.500714436e-01,1.640848293e-01,2.510014028e+01
2.500714436e-01,1.644950414e-01,2.507020489e+01
2.500714436e-01,1.649052535e-01,2.504622193e+01
2.500714436e-01,1.653154655e-01,2.502468743e+01
2.500714436e-01,1.657256776e-01,2.500335319e+01
2.500714436e-01,1.661358897e-01,2.498309670e+01
2.500714436e-01,1.665461018e-01,2.496268215e+01
2.500714436e-01,1.669563138e-01,2.494234044e+01
2.500714436e-01,1.673665259e-01,2.492174642e+01
2.500714436e-01,1.677767380e-01,2.490169472e+01
2.500714436e-01,1.681869501e-01,2.488135867e+01
2.500714436e-01,1.685971621e-01,2.486100739e+01
2.500714436e-01,1.690073742e-01,2.484036276e+01
2.500714436e-01,1.694175863e-01,2.482023507e+01
2.500714436e-01,1.698277984e-01,2.479982281e+01
2.500714436e-01,1.702380104e-01,2.477938382e+01
2.500714436e-01,1.706482225e-01,2.477713121e+01
2.500714436e-01,1.706482225e-01,2.475865597e+01
2.500714436e-01,1.710584346e-01,2.473844106e+01
2.500714436e-01,1.714686466e-01,2.471793940e+01
2.500714436e-01,1.718788587e-01,2.469741539e+01
2.500714436e-01,1.718790000e-01,2.471493975e+01
2.500714436e-01,1.720102679e-01,2.470666047e+01
2.500714436e-01,1.721415357e-01,2.469995592e+01
2.500714436e-01,1.722728036e-01,2.469307259e+01
2.500714436e-01,1.724040715e-01,2.468635079e+01
2.500714436e-01,1.725353393e-01,2.467970361e+01
2.500714436e-01,1.726666072e-01,2.467309415e+01
2.500714436e-01,1.727978750e-01,2.466649794e+01
2.500714436e-01,1.729291429e-01,2.465990791e+01
2.500714436e-01,1.730604108e-01,2.465332124e+01
2.500714436e-01,1.731916786e-01,2.464632528e+01
2.500714436e-01,1.733229465e-01,2.464013293e+01
2.500714436e-01,1.734542144e-01,2.463355533e+01
2.500714436e-01,1.735854822e-01,2.462696390e+01
2.500714436e-01,1.737167501e-01,2.462037069e+01
2.500714436e-01,1.738480180e-01,2.461377482e+01
2.500714436e-01,1.739792858e-01,2.460717610e+01
2.500714436e-01,1.741105537e-01,2.460057741e+01
2.500714436e-01,1.742418215e-01,2.459397531e+01
2.500714436e-01,1.743730894e-01,2.458736868e+01
2.500714436e-01,1.745043573e-01,2.458076395e+01
2.500714436e-01,1.746356251e-01,2.457375032e+01
2.500714436e-01,1.747668930e-01,2.456753083e+01
2.500714436e-01,1.748981609e-01,2.456093238e+01
2.500714436e-01,1.750294287e-01,2.455431783e+01
2.500714436e-01,1.751606966e-01,2.454770068e+01
2.500714436e-01,1.752919645e-01,2.454108121e+01
2.500714436e-01,1.754232323e-01,2.453445907e+01
2.500714436e-01,1.755545002e-01,2.452783650e+01
2.500714436e-01,1.756857680e-01,2.452121071e+01
2.500714436e-01,1.758170359e-01,2.451458291e+01
2.500714436e-01,1.759483038e-01,2.450795224e+01
2.500714436e-01,1.760795716e-01,2.450091794e+01
2.500714436e-01,1.762108395e-01,2.449467184e+01
2.500714436e-01,1.837750088e-01,2.411251036e+01
2.500714436e-01,1.969017952e-01,2.342925083e+01
2.500714436e-01,2.100285815e-01,2.273115998e+01
2.500714436e-01,2.231553679e-01,2.202187001e+01
2.500714436e-01,2.362821542e-01,2.130476328e+01
2.500714436e-01,2.494089406e-01,2.058313507e+01
2.500714436e-01,2.625357269e-01,1.985949253e+01
2.500714436e-01,2.756625133e-01,1.913180429e+01
2.500714436e-01,2.887892996e-01,1.841758357e+01
2.500714436e-01,3.019160860e-01,1.769778066e+01
2.500714436e-01,3.150428723e-01,1.699027265e+01
2.500714436e-01,3.281696587e-01,1.629344218e+01
2.500714436e-01,3.412964450e-01,1.560825776e+01
2.500714436e-01,3.544232313e-01,1.493538152e+01
2.500714436e-01,3.675500177e-01,1.427560726e+01
2.500714436e-01,3.806768040e-01,1.363003814e+01
2.500714436e-01,3.938035904e-01,1.300033995e+01
2.500714436e-01,4.069303767e-01,1.238820891e+01
2.500714436e-01,4.200571631e-01,1.180882129e+01
2.500714436e-01,4.331839494e-01,1.124236479e+01
2.500714436e-01,4.463107358e-01,1.073499575e+01
3.034080956e-01,0.000000000e+00,3.509260668e+01
3.034080956e-01,0.000000000e+00,3.509228713e+01
3.034080956e-01,1.460282362e-02,3.505013967e+01
3.034080956e-01,1.460282362e-02,3.505042181e+01
3.034080956e-01,2.920564725e-02,3.495195162e+01
3.034080956e-01,2.920564725e-02,3.495164039e+01
3.034080956e-01,4.380847087e-02,3.481801406e+01
3.034080956e-01,4.380847087e-02,3.482608440e+01
3.034080956e-01,5.841129449e-02,3.463626900e+01
3.034080956e-01,5.841129449e-02,3.463716659e+01
3.034080956e-01,7.301411811e-02,3.439671729e+01
3.034080956e-01,7.301411811e-02,3.440346221e+01
3.034080956e-01,8.761694174e-02,3.411589411e+01
3.034080956e-01,8.761694174e-02,3.411645851e+01
3.034080956e-01,1.022197654e-01,3.378270098e+01
3.034080956e-01,1.022197654e-01,3.378299475e+01
3.034080956e-01,1.168225890e-01,3.340553543e+01
3.034080956e-01,1.168225890e-01,3.340583484e+01
3.034080956e-01,1.241240008e-01,3.320096061e+01
3.034080956e-01,1.277747067e-01,3.309411519e+01
3.034080956e-01,1.296000597e-01,3.303766745e+01
3.034080956e-01,1.314254126e-01,3.299322365e+01
3.034080956e-01,1.314254126e-01,3.298276522e+01
3.034080956e-01,1.332507656e-01,3.292757453e+01
3.034080956e-01,1.350761185e-01,3.288053955e+01
3.034080956e-01,1.369014715e-01,3.281749143e+01
3.034080956e-01,1.387268244e-01,3.276788629e+01
3.034080956e-01,1.405521774e-01,3.270333786e+01
3.034080956e-01,1.423775303e-01,3.265272066e+01
3.034080956e-01,1.442028833e-01,3.258685740e+01
3.034080956e-01,1.460282362e-01,3.253529590e+01
3.034080956e-01,1.460282362e-01,3.253755761e+01
3.034080956e-01,1.478535892e-01,3.246814388e+01
3.034080956e-01,1.496789421e-01,3.241566962e+01
3.034080956e-01,1.515042951e-01,3.235583126e+01
3.034080956e-01,1.533296480e-01,3.229478475e+01
3.034080956e-01,1.551550010e-01,3.223312195e+01
3.034080956e-01,1.560676775e-01,3.220054311e+01
3.034080956e-01,1.569803539e-01,3.215702756e+01
3.034080956e-01,1.578930304e-01,3.212059439e+01
3.034080956e-01,1.588057069e-01,3.208740283e+01
3.034080956e-01,1.597183834e-01,3.205456796e+01
3.034080956e-01,1.606310599e-01,3.202219146e+01
3.034080956e-01,1.606310599e-01,3.204664529e+01
3.034080956e-01,1.615437363e-01,3.198998067e+01
3.034080956e-01,1.624564128e-01,3.195779074e+01
3.034080956e-01,1.633690893e-01,3.192555166e+01
3.034080956e-01,1.642817658e-01,3.189322854e+01
3.034080956e-01,1.651944422e-01,3.186079880e+01
3.034080956e-01,1.661071187e-01,3.182825769e+01
3.034080956e-01,1.670197952e-01,3.179560103e+01
3.034080956e-01,1.679324717e-01,3.176282298e+01
3.034080956e-01,1.688451481e-01,3.172993092e+01
3.034080956e-01,1.697578246e-01,3.169692032e+01
3.034080956e-01,1.706705011e-01,3.166379030e+01
3.034080956e-01,1.715831776e-01,3.163054377e+01
3.034080956e-01,1.724958540e-01,3.159718197e+01
3.034080956e-01,1.734085305e-01,3.156370199e+01
3.034080956e-01,1.743212070e-01,3.153010990e+01
3.034080956e-01,1.752338835e-01,3.152358688e+01
3.034080956e-01,1.752338835e-01,3.149640101e+01
3.034080956e-01,1.761465600e-01,3.146258210e+01
3.034080956e-01,1.770592364e-01,3.142864213e+01
3.034080956e-01,1.779719129e-01,3.139458980e+01
3.034080956e-01,1.788845894e-01,3.136043155e+01
3.034080956e-01,1.797972659e-01,3.132615834e+01
3.034080956e-01,1.807099423e-01,3.129177930e+01
3.034080956e-01,1.816226188e-01,3.125729156e+01
3.034080956e-01,1.825352953e-01,3.122269643e+01
3.034080956e-01,1.834479718e-01,3.118799403e+01
3.034080956e-01,1.843606482e-01,3.115318324e+01
3.034080956e-01,1.852733247e-01,3.111826634e+01
3.034080956e-01,1.861860012e-01,3.108324687e+01
3.034080956e-01,1.870986777e-01,3.104812088e+01
3.034080956e-01,1.880113541e-01,3.101289510e+01
3.034080956e-01,1.889240306e-01,3.097756003e+01
3.034080956e-01,1.898367071e-01,3.094212705e+01
3.034080956e-01,1.898367071e-01,3.097140890e+01
3.034080956e-01,1.907493836e-01,3.090658976e+01
3.034080956e-01,1.916620601e-01,3.087094995e+01
3.034080956e-01,1.925747365e-01,3.083521048e+01
3.034080956e-01,1.934874130e-01,3.079936843e+01
3.034080956e-01,1.944000895e-01,3.076342908e+01
3.034080956e-01,1.953127660e-01,3.072739244e+01
3.034080956e-01,1.962254424e-01,3.069125818e+01
3.034080956e-01,1.971381189e-01,3.065503223e+01
3.034080956e-01,1.980507954e-01,3.061870894e+01
3.034080956e-01,1.989634719e-01,3.058228763e+01
3.034080956e-01,1.998761483e-01,3.054577264e+01
3.034080956e-01,2.007888248e-01,3.050916912e+01
3.034080956e-01,2.017015013e-01,3.047246791e+01
3.034080956e-01,2.026141778e-01,3.043567748e+01
3.034080956e-01,2.044395307e-01,3.039309431e+01
3.034080956e-01,2.190423543e-01,2.979163473e+01
3.034080956e-01,2.336451780e-01,2.916986988e+01
3.034080956e-01,2.482480016e-01,2.853048963e+01
3.034080956e-01,2.628508252e-01,2.787625317e+01
3.034080956e-01,2.774536488e-01,2.720962639e+01
3.034080956e-01,2.920564725e-01,2.653296216e+01
3.034080956e-01,3.066592961e-01,2.584858817e+01
3.034080956e-01,3.212621197e-01,2.515870434e+01
3.034080956e-01,3.358649433e-01,2.446516293e+01
3.034080956e-01,3.504677670e-01,2.376989374e+01
3.034080956e-01,3.650705906e-01,2.307474468e+01
3.034080956e-01,3.796734142e-01,2.238123812e+01
3.034080956e-01,3.942762378e-01,2.169104032e+01
3.034080956e-01,4.088790614e-01,2.100450937e+01
3.034080956e-01,4.234818851e-01,2.032522233e+01
3.034080956e-01,4.380847087e-01,1.965220304e+01
3.034080956e-01,4.526875323e-01,1.898843681e+01
3.034080956e-01,4.672903559e-01,1.833438207e+01
3.034080956e-01,4.818931796e-01,1.769070748e+01
3.034080956e-01,4.964960032e-01,1.705823856e+01
3.034080956e-01,5.110988268e-01,1.643625302e+01
3.034080956e-01,5.257016504e-01,1.582672069e+01
3.034080956e-01,5.403044740e-01,1.523041448e+01
3.034080956e-01,5.549072977e-01,1.464857357e+01
3.034080956e-01,5.695101213e-01,1.408232453e+01
3.034080956e-01,5.841129449e-01,1.354711524e+01
3.034080956e-01,5.987157685e-01,1.302164557e+01
3.034080956e-01,6.133185922e-01,1.255378614e+01
4.334473043e-01,0.000000000e+00,4.801345383e+01
4.334473043e-01,0.000000000e+00,4.801296937e+01
4.334473043e-01,1.939382828e-03,4.800543819e+01
4.334473043e-01,3.878765656e-03,4.799884285e+01
4.334473043e-01,5.818148484e-03,4.799473328e+01
4.334473043e-01,7.757531312e-03,4.799086948e+01
4.334473043e-01,9.696914139e-03,4.798845367e+01
4.334473043e-01,1.163629697e-02,4.798492638e+01
4.334473043e-01,1.357567980e-02,4.798134170e+01
4.334473043e-01,1.551506262e-02,4.797755507e+01
4.334473043e-01,1.745444545e-02,4.797350428e+01
4.334473043e-01,1.939382828e-02,4.796901721e+01
4.334473043e-01,1.939382828e-02,4.797553344e+01
4.334473043e-01,2.133321111e-02,4.796428566e+01
4.334473043e-01,2.327259393e-02,4.795896485e+01
4.334473043e-01,2.521197676e-02,4.795344718e+01
4.334473043e-01,2.715135959e-02,4.794728352e+01
4.334473043e-01,2.909074242e-02,4.794096154e+01
4.334473043e-01,3.103012525e-02,4.793397037e+01
4.334473043e-01,3.296950807e-02,4.792679405e+01
4.334473043e-01,3.490889090e-02,4.791899819e+01
4.334473043e-01,3.684827373e-02,4.791094474e+01
4.334473043e-01,3.878765656e-02,4.789660763e+01
4.334473043e-01,3.878765656e-02,4.790232332e+01
4.334473043e-01,4.072703939e-02,4.789344167e+01
4.334473043e-01,4.266642221e-02,4.788403575e+01
4.334473043e-01,4.460580504e-02,4.787426141e+01
4.334473043e-01,4.654518787e-02,4.786403153e+01
4.334473043e-01,4.848457070e-02,4.785342603e+01
4.334473043e-01,5.042395352e-02,4.784235463e+01
4.334473043e-01,5.236333635e-02,4.783091972e+01
4.334473043e-01,5.430271918e-02,4.781904308e+01
4.334473043e-01,5.624210201e-02,4.780675376e+01
4.334473043e-01,5.818148484e-02,4.777869192e+01
4.334473043e-01,5.818148484e-02,4.779405271e+01
4.334473043e-01,6.012086766e-02,4.778093704e+01
4.334473043e-01,6.206025049e-02,4.776740937e+01
4.334473043e-01,6.399963332e-02,4.775347137e+01
4.334473043e-01,6.593901615e-02,4.773912012e+01
4.334473043e-01,6.787839898e-02,4.772435946e+01
4.334473043e-01,6.981778180e-02,4.770918871e+01
4.334473043e-01,7.175716463e-02,4.769360831e+01
4.334473043e-01,7.369654746e-02,4.767607900e+01
4.334473043e-01,7.563593029e-02,4.766113811e+01
4.334473043e-01,7.757531312e-02,4.764281692e+01
4.334473043e-01,7.757531312e-02,4.763950299e+01
4.334473043e-01,7.951469594e-02,4.762555754e+01
4.334473043e-01,8.145407877e-02,4.760791259e+01
4.334473043e-01,8.339346160e-02,4.758986555e+01
4.334473043e-01,8.533284443e-02,4.757141934e+01
4.334473043e-01,8.727222725e-02,4.755256679e+01
4.334473043e-01,8.921161008e-02,4.753331445e+01
4.334473043e-01,9.115099291e-02,4.751366393e+01
4.334473043e-01,9.309037574e-02,4.749361010e+01
4.334473043e-01,9.502975857e-02,4.747316224e+01
4.334473043e-01,9.696914139e-02,4.745970241e+01
4.334473043e-01,9.696914139e-02,4.745231551e+01
4.334473043e-01,9.890852422e-02,4.743107287e+01
4.334473043e-01,1.008479070e-01,4.740943272e+01
4.334473043e-01,1.027872899e-01,4.738740382e+01
4.334473043e-01,1.047266727e-01,4.736498098e+01
4.334473043e-01,1.066660555e-01,4.734216140e+01
4.334473043e-01,1.086054384e-01,4.731895525e+01
4.334473043e-01,1.105448212e-01,4.729535732e+01
4.334473043e-01,1.124842040e-01,4.727137055e+01
4.334473043e-01,1.144235868e-01,4.724699897e+01
4.334473043e-01,1.163629697e-01,4.723172033e+01
4.334473043e-01,1.163629697e-01,4.722223377e+01
4.334473043e-01,1.183023525e-01,4.719709242e+01
4.334473043e-01,1.202417353e-01,4.717155955e+01
4.334473043e-01,1.212114267e-01,4.716055755e+01
4.334473043e-01,1.221811182e-01,4.714564809e+01
4.334473043e-01,1.241205010e-01,4.711934943e+01
4.334473043e-01,1.260598838e-01,4.709267503e+01
4.334473043e-01,1.279992666e-01,4.706561759e+01
4.334473043e-01,1.299386495e-01,4.703818076e+01
4.334473043e-01,1.309083409e-01,4.702918795e+01
4.334473043e-01,1.318780323e-01,4.701036485e+01
4.334473043e-01,1.338174151e-01,4.698217564e+01
4.334473043e-01,1.357567980e-01,4.696466040e+01
4.334473043e-01,1.357567980e-01,4.695361281e+01
4.334473043e-01,1.376961808e-01,4.692467539e+01
4.334473043e-01,1.396355636e-01,4.689537276e+01
4.334473043e-01,1.406052550e-01,4.688603517e+01
4.334473043e-01,1.415749464e-01,4.686569284e+01
4.334473043e-01,1.435143293e-01,4.683565159e+01
4.334473043e-01,1.454537121e-01,4.680523997e+01
4.334473043e-01,1.473930949e-01,4.677446081e+01
4.334473043e-01,1.493324777e-01,4.674331756e+01
4.334473043e-01,1.503021692e-01,4.673348091e+01
4.334473043e-01,1.512718606e-01,4.671181342e+01
4.334473043e-01,1.532112434e-01,4.667994686e+01
4.334473043e-01,1.551506262e-01,4.666030924e+01
4.334473043e-01,1.551506262e-01,4.664772295e+01
4.334473043e-01,1.570900091e-01,4.661513644e+01
4.334473043e-01,1.590293919e-01,4.658219418e+01
4.334473043e-01,1.599990833e-01,4.657185383e+01
4.334473043e-01,1.609687747e-01,4.654889218e+01
4.334473043e-01,1.629081575e-01,4.651524256e+01
4.334473043e-01,1.648475404e-01,4.648123244e+01
4.334473043e-01,1.667869232e-01,4.644687514e+01
4.334473043e-01,1.687263060e-01,4.641216307e+01
4.334473043e-01,1.696959974e-01,4.640134178e+01
4.334473043e-01,1.706656889e-01,4.637710836e+01
4.334473043e-01,1.745444545e-01,4.632899554e+01
4.334473043e-01,1.939382828e-01,4.595569105e+01
4.334473043e-01,2.133321111e-01,4.554922845e+01
4.334473043e-01,2.327259393e-01,4.511164372e+01
4.334473043e-01,2.521197676e-01,4.464456161e+01
4.334473043e-01,2.715135959e-01,4.414981909e+01
4.334473043e-01,2.909074242e-01,4.363480433e+01
4.334473043e-01,3.103012525e-01,4.309035646e+01
4.334473043e-01,3.296950807e-01,4.252431956e+01
4.334473043e-01,3.490889090e-01,4.193689800e+01
4.334473043e-01,3.684827373e-01,4.133062446e+01
4.334473043e-01,3.878765656e-01,4.070726121e+01
4.334473043e-01,4.072703939e-01,4.006849104e+01
4.334473043e-01,4.266642221e-01,3.941593457e+01
4.334473043e-01,4.460580504e-01,3.875118351e+01
4.334473043e-01,4.654518787e-01,3.807575949e+01
4.334473043e-01,4.848457070e-01,3.739111290e+01
4.334473043e-01,5.042395352e-01,3.669870952e+01
4.334473043e-01,5.236333635e-01,3.599987155e+01
4.334473043e-01,5.430271918e-01,3.529590894e+01
4.334473043e-01,5.624210201e-01,3.458806913e+01
4.334473043e-01,5.818148484e-01,3.387749640e+01
4.334473043e-01,6.012086766e-01,3.316519587e+01
4.334473043e-01,6.206025049e-01,3.245266362e+01
4.334473043e-01,6.399963332e-01,3.174045481e+01
4.334473043e-01,6.593901615e-01,3.102951725e+01
4.334473043e-01,6.787839898e-01,3.032091845e+01
4.334473043e-01,6.981778180e-01,2.961563012e+01
4.334473043e-01,7.175716463e-01,2.891473558e+01
4.334473043e-01,7.369654746e-01,2.824139444e+01
4.334473043e-01,7.563593029e-01,2.752746055e+01
4.334473043e-01,7.757531312e-01,2.684145480e+01
4.334473043e-01,7.951469594e-01,2.616326893e+01
4.334473043e-01,8.145407877e-01,2.549293229e+01
4.334473043e-01,8.339346160e-01,2.483084477e+01
4.334473043e-01,8.533284443e-01,2.417761677e+01
4.334473043e-01,8.727222725e-01,2.353347366e+01
4.334473043e-01,8.921161008e-01,2.289788620e+01
4.334473043e-01,9.115099291e-01,2.227364799e+01
4.334473043e-01,9.309037574e-01,2.165874833e+01
4.334473043e-01,9.502975857e-01,2.105447482e+01
4.334473043e-01,9.696914139e-01,2.046152730e+01
4.334473043e-01,9.890852422e-01,1.988055650e+01
4.334473043e-01,1.008479070e+00,1.931224898e+01
4.334473043e-01,1.027872899e+00,1.875767965e+01
4.334473043e-01,1.047266727e+00,1.821788543e+01
4.334473043e-01,1.066660555e+00,1.771105201e+01
4.334473043e-01,1.086054384e+00,1.722795702e+01
4.549948446e-01,0.000000000e+00,5.016422900e+01
4.549948446e-01,0.000000000e+00,5.016475302e+01
4.549948446e-01,2.035101543e-03,5.015635476e+01
4.549948446e-01,4.070203086e-03,5.014949561e+01
4.549948446e-01,6.105304629e-03,5.014529435e+01
4.549948446e-01,8.140406173e-03,5.014139792e+01
4.549948446e-01,1.017550772e-02,5.013903284e+01
4.549948446e-01,1.221060926e-02,5.013550148e+01
4.549948446e-01,1.424571080e-02,5.013189310e+01
4.549948446e-01,1.628081235e-02,5.012814931e+01
4.549948446e-01,1.831591389e-02,5.012411575e+01
4.549948446e-01,2.035101543e-02,5.011969839e+01
4.549948446e-01,2.035101543e-02,5.012661938e+01
4.549948446e-01,2.238611697e-02,5.011496309e+01
4.549948446e-01,2.442121852e-02,5.010978039e+01
4.549948446e-01,2.645632006e-02,5.010425569e+01
4.549948446e-01,2.849142160e-02,5.009827554e+01
4.549948446e-01,3.052652315e-02,5.009192389e+01
4.549948446e-01,3.256162469e-02,5.008511891e+01
4.549948446e-01,3.459672623e-02,5.007795619e+01
4.549948446e-01,3.663182778e-02,5.007032135e+01
4.549948446e-01,3.866692932e-02,5.006232679e+01
4.549948446e-01,4.070203086e-02,5.005383305e+01
4.549948446e-01,4.070203086e-02,5.004832455e+01
4.549948446e-01,4.273713241e-02,5.004504197e+01
4.549948446e-01,4.477223395e-02,5.003571758e+01
4.549948446e-01,4.680733549e-02,5.002610844e+01
4.549948446e-01,4.884243704e-02,5.001600796e+01
4.549948446e-01,5.087753858e-02,5.000554020e+01
4.549948446e-01,5.291264012e-02,4.999461435e+01
4.549948446e-01,5.494774166e-02,4.998332623e+01
4.549948446e-01,5.698284321e-02,4.997157675e+01
4.549948446e-01,5.901794475e-02,4.995947076e+01
4.549948446e-01,6.105304629e-02,4.993182893e+01
4.549948446e-01,6.105304629e-02,4.994692914e+01
4.549948446e-01,6.308814784e-02,4.993398195e+01
4.549948446e-01,6.512324938e-02,4.992062778e+01
4.549948446e-01,6.715835092e-02,4.990686362e+01
4.549948446e-01,6.919345247e-02,4.989269423e+01
4.549948446e-01,7.122855401e-02,4.987811831e+01
4.549948446e-01,7.326365555e-02,4.986313955e+01
4.549948446e-01,7.529875710e-02,4.984775426e+01
4.549948446e-01,7.733385864e-02,4.983196566e+01
4.549948446e-01,7.936896018e-02,4.981577453e+01
4.549948446e-01,8.140406173e-02,4.979434079e+01
4.549948446e-01,8.140406173e-02,4.979755788e+01
4.549948446e-01,8.343916327e-02,4.978209186e+01
4.549948446e-01,8.547426481e-02,4.976310058e+01
4.549948446e-01,8.750936636e-02,4.974690068e+01
4.549948446e-01,8.954446790e-02,4.972704772e+01
4.549948446e-01,9.157956944e-02,4.970840057e+01
4.549948446e-01,9.361467098e-02,4.968937629e+01
4.549948446e-01,9.564977253e-02,4.966996143e+01
4.549948446e-01,9.768487407e-02,4.965015002e+01
4.549948446e-01,9.971997561e-02,4.962994398e+01
4.549948446e-01,1.017550772e-01,4.960633217e+01
4.549948446e-01,1.017550772e-01,4.960934125e+01
4.549948446e-01,1.037901787e-01,4.958835017e+01
4.549948446e-01,1.058252802e-01,4.956696407e+01
4.549948446e-01,1.078603818e-01,4.954519131e+01
4.549948446e-01,1.098954833e-01,4.952302798e+01
4.549948446e-01,1.119305849e-01,4.950047817e+01
4.549948446e-01,1.139656864e-01,4.947753609e+01
4.549948446e-01,1.160007880e-01,4.945421104e+01
4.549948446e-01,1.180358895e-01,4.943049617e+01
4.549948446e-01,1.200709910e-01,4.940639705e+01
4.549948446e-01,1.221060926e-01,4.938191768e+01
4.549948446e-01,1.221060926e-01,4.939056213e+01
4.549948446e-01,1.241411941e-01,4.935705215e+01
4.549948446e-01,1.261762957e-01,4.933180221e+01
4.549948446e-01,1.271938464e-01,4.932088391e+01
4.549948446e-01,1.282113972e-01,4.930617918e+01
4.549948446e-01,1.302464988e-01,4.928017487e+01
4.549948446e-01,1.322816003e-01,4.925379173e+01
4.549948446e-01,1.343167018e-01,4.922703135e+01
4.549948446e-01,1.363518034e-01,4.919989707e+01
4.549948446e-01,1.373693542e-01,4.919094499e+01
4.549948446e-01,1.383869049e-01,4.917239293e+01
4.549948446e-01,1.404220065e-01,4.914451031e+01
4.549948446e-01,1.424571080e-01,4.912712003e+01
4.549948446e-01,1.424571080e-01,4.911625836e+01
4.549948446e-01,1.444922096e-01,4.908763439e+01
4.549948446e-01,1.465273111e-01,4.905864739e+01
4.549948446e-01,1.475448619e-01,4.904934012e+01
4.549948446e-01,1.485624126e-01,4.902928637e+01
4.549948446e-01,1.505975142e-01,4.899956002e+01
4.549948446e-01,1.526326157e-01,4.896947384e+01
4.549948446e-01,1.546677173e-01,4.893901749e+01
4.549948446e-01,1.567028188e-01,4.890819750e+01
4.549948446e-01,1.577203696e-01,4.889837743e+01
4.549948446e-01,1.587379204e-01,4.887701634e+01
4.549948446e-01,1.607730219e-01,4.884547682e+01
4.549948446e-01,1.628081235e-01,4.881358003e+01
4.549948446e-01,1.628081235e-01,4.882597603e+01
4.549948446e-01,1.648432250e-01,4.878132516e+01
4.549948446e-01,1.668783265e-01,4.874870931e+01
4.549948446e-01,1.678958773e-01,4.873838474e+01
4.549948446e-01,1.689134281e-01,4.871574322e+01
4.549948446e-01,1.709485296e-01,4.868242023e+01
4.549948446e-01,1.729836312e-01,4.864875316e+01
4.549948446e-01,1.750187327e-01,4.861472124e+01
4.549948446e-01,1.770538343e-01,4.858034982e+01
4.549948446e-01,1.780713850e-01,4.856952969e+01
4.549948446e-01,1.831591389e-01,4.849788185e+01
4.549948446e-01,1.831591389e-01,4.848183229e+01
4.549948446e-01,1.882468927e-01,4.839199338e+01
4.549948446e-01,1.933346466e-01,4.830003319e+01
4.549948446e-01,1.984224005e-01,4.820597803e+01
4.549948446e-01,2.035101543e-01,4.810984978e+01
4.549948446e-01,2.035101543e-01,4.812793096e+01
4.549948446e-01,2.085979082e-01,4.801166828e+01
4.549948446e-01,2.238611697e-01,4.772486427e+01
4.549948446e-01,2.442121852e-01,4.729051750e+01
4.549948446e-01,2.645632006e-01,4.682656118e+01
4.549948446e-01,2.849142160e-01,4.633462560e+01
4.549948446e-01,3.052652315e-01,4.581648902e+01
4.549948446e-01,3.256162469e-01,4.527959128e+01
4.549948446e-01,3.459672623e-01,4.471441839e+01
4.549948446e-01,3.663182778e-01,4.412892911e+01
4.549948446e-01,3.866692932e-01,4.352317193e+01
4.549948446e-01,4.070203086e-01,4.289963960e+01
4.549948446e-01,4.273713241e-01,4.226000587e+01
4.549948446e-01,4.477223395e-01,4.160587042e+01
4.549948446e-01,4.680733549e-01,4.093878584e+01
4.549948446e-01,4.884243704e-01,4.026024999e+01
4.549948446e-01,5.087753858e-01,3.957168073e+01
4.549948446e-01,5.291264012e-01,3.887449749e+01
4.549948446e-01,5.494774166e-01,3.817005908e+01
4.549948446e-01,5.698284321e-01,3.745962115e+01
4.549948446e-01,5.901794475e-01,3.674446268e+01
4.549948446e-01,6.105304629e-01,3.602569664e+01
4.549948446e-01,6.308814784e-01,3.530449651e+01
4.549948446e-01,6.512324938e-01,3.458173753e+01
4.549948446e-01,6.715835092e-01,3.385874395e+01
4.549948446e-01,6.919345247e-01,3.313652917e+01
4.549948446e-01,7.122855401e-01,3.241546918e+01
4.549948446e-01,7.326365555e-01,3.169707943e+01
4.549948446e-01,7.529875710e-01,3.098139644e+01
4.549948446e-01,7.733385864e-01,3.027013984e+01
4.549948446e-01,7.936896018e-01,2.956364834e+01
4.549948446e-01,8.140406173e-01,2.886202518e+01
4.549948446e-01,8.343916327e-01,2.816626428e+01
4.549948446e-01,8.547426481e-01,2.747720693e+01
4.549948446e-01,8.750936636e-01,2.679583026e+01
4.549948446e-01,8.954446790e-01,2.612257849e+01
4.549948446e-01,9.157956944e-01,2.545804093e+01
4.549948446e-01,9.361467098e-01,2.480245378e+01
4.549948446e-01,9.564977253e-01,2.415528372e+01
4.549948446e-01,9.768487407e-01,2.351932811e+01
4.549948446e-01,9.971997561e-01,2.289255934e+01
4.549948446e-01,1.017550772e+00,2.227601888e+01
4.549948446e-01,1.037901787e+00,2.167038854e+01
4.549948446e-01,1.058252802e+00,2.107629424e+01
4.549948446e-01,1.078603818e+00,2.049444483e+01
4.549948446e-01,1.098954833e+00,1.992562664e+01
4.549948446e-01,1.119305849e+00,1.937088505e+01
4.549948446e-01,1.139656864e+00,1.883091654e+01
4.549948446e-01,1.160007880e+00,1.832534677e+01
4.549948446e-01,1.180358895e+00,1.785979733e+01
5.004180782e-01,0.000000000e+00,5.468589026e+01
5.004180782e-01,0.000000000e+00,5.468650532e+01
5.004180782e-01,2.252091265e-03,5.467729344e+01
5.004180782e-01,4.504182529e-03,5.466985584e+01
5.004180782e-01,6.756273794e-03,5.466544432e+01
5.004180782e-01,9.008365059e-03,5.466135869e+01
5.004180782e-01,1.126045632e-02,5.465900567e+01
5.004180782e-01,1.351254759e-02,5.465539214e+01
5.004180782e-01,1.576463885e-02,5.465176141e+01
5.004180782e-01,1.801673012e-02,5.464803105e+01
5.004180782e-01,2.026882138e-02,5.464400058e+01
5.004180782e-01,2.252091265e-02,5.464747740e+01
5.004180782e-01,2.252091265e-02,5.463964817e+01
5.004180782e-01,2.477300391e-02,5.463494085e+01
5.004180782e-01,2.702509518e-02,5.462991200e+01
5.004180782e-01,2.927718644e-02,5.462429874e+01
5.004180782e-01,3.152927771e-02,5.461851907e+01
5.004180782e-01,3.378136897e-02,5.461207219e+01
5.004180782e-01,3.603346024e-02,5.460549032e+01
5.004180782e-01,3.828555150e-02,5.459829232e+01
5.004180782e-01,4.053764277e-02,5.459084042e+01
5.004180782e-01,4.278973403e-02,5.458281551e+01
5.004180782e-01,4.504182529e-02,5.457456834e+01
5.004180782e-01,4.504182529e-02,5.456926116e+01
5.004180782e-01,4.729391656e-02,5.456567218e+01
5.004180782e-01,4.954600782e-02,5.455661510e+01
5.004180782e-01,5.179809909e-02,5.454695839e+01
5.004180782e-01,5.405019035e-02,5.453706616e+01
5.004180782e-01,5.630228162e-02,5.452658794e+01
5.004180782e-01,5.855437288e-02,5.451587557e+01
5.004180782e-01,6.080646415e-02,5.450465557e+01
5.004180782e-01,6.305855541e-02,5.449307599e+01
5.004180782e-01,6.531064668e-02,5.448104530e+01
5.004180782e-01,6.756273794e-02,5.445377874e+01
5.004180782e-01,6.756273794e-02,5.446865473e+01
5.004180782e-01,6.981482921e-02,5.445583369e+01
5.004180782e-01,7.206692047e-02,5.444260932e+01
5.004180782e-01,7.431901174e-02,5.442898314e+01
5.004180782e-01,7.657110300e-02,5.441495040e+01
5.004180782e-01,7.882319427e-02,5.440051701e+01
5.004180782e-01,8.107528553e-02,5.438568006e+01
5.004180782e-01,8.332737680e-02,5.437044376e+01
5.004180782e-01,8.557946806e-02,5.435480461e+01
5.004180782e-01,8.783155933e-02,5.433876843e+01
5.004180782e-01,9.008365059e-02,5.431756474e+01
5.004180782e-01,9.008365059e-02,5.432232877e+01
5.004180782e-01,9.233574185e-02,5.430549419e+01
5.004180782e-01,9.458783312e-02,5.428825887e+01
5.004180782e-01,9.683992438e-02,5.427062702e+01
5.004180782e-01,9.909201565e-02,5.425077554e+01
5.004180782e-01,1.013441069e-01,5.423406207e+01
5.004180782e-01,1.035961982e-01,5.421346451e+01
5.004180782e-01,1.058482894e-01,5.419602970e+01
5.004180782e-01,1.081003807e-01,5.417458149e+01
5.004180782e-01,1.103524720e-01,5.415451660e+01
5.004180782e-01,1.126045632e-01,5.413121119e+01
5.004180782e-01,1.126045632e-01,5.413409090e+01
5.004180782e-01,1.148566545e-01,5.411327732e+01
5.004180782e-01,1.171087458e-01,5.409207358e+01
5.004180782e-01,1.193608370e-01,5.407048117e+01
5.004180782e-01,1.216129283e-01,5.404850327e+01
5.004180782e-01,1.238650196e-01,5.402613428e+01
5.004180782e-01,1.261171108e-01,5.400337911e+01
5.004180782e-01,1.283692021e-01,5.398023924e+01
5.004180782e-01,1.306212934e-01,5.395671134e+01
5.004180782e-01,1.328733846e-01,5.393280484e+01
5.004180782e-01,1.351254759e-01,5.391712228e+01
5.004180782e-01,1.351254759e-01,5.390851246e+01
5.004180782e-01,1.373775671e-01,5.388384038e+01
5.004180782e-01,1.396296584e-01,5.385879069e+01
5.004180782e-01,1.418817497e-01,5.383335921e+01
5.004180782e-01,1.441338409e-01,5.380754853e+01
5.004180782e-01,1.463859322e-01,5.378136208e+01
5.004180782e-01,1.486380235e-01,5.375480022e+01
5.004180782e-01,1.508901147e-01,5.372786100e+01
5.004180782e-01,1.531422060e-01,5.370054964e+01
5.004180782e-01,1.553942973e-01,5.367286798e+01
5.004180782e-01,1.576463885e-01,5.365557596e+01
5.004180782e-01,1.576463885e-01,5.364481047e+01
5.004180782e-01,1.598984798e-01,5.361638740e+01
5.004180782e-01,1.621505711e-01,5.358759152e+01
5.004180782e-01,1.644026623e-01,5.355842983e+01
5.004180782e-01,1.666547536e-01,5.352889613e+01
5.004180782e-01,1.689068449e-01,5.349900556e+01
5.004180782e-01,1.711589361e-01,5.346874142e+01
5.004180782e-01,1.734110274e-01,5.343812083e+01
5.004180782e-01,1.756631187e-01,5.340713246e+01
5.004180782e-01,1.779152099e-01,5.337578234e+01
5.004180782e-01,1.801673012e-01,5.335633752e+01
5.004180782e-01,1.801673012e-01,5.334407402e+01
5.004180782e-01,1.824193924e-01,5.331200442e+01
5.004180782e-01,1.846714837e-01,5.327958254e+01
5.004180782e-01,1.869235750e-01,5.324680124e+01
5.004180782e-01,1.891756662e-01,5.321366502e+01
5.004180782e-01,1.914277575e-01,5.318017094e+01
5.004180782e-01,1.936798488e-01,5.314632350e+01
5.004180782e-01,1.959319400e-01,5.311212977e+01
5.004180782e-01,1.981840313e-01,5.307758330e+01
5.004180782e-01,2.004361226e-01,5.304268905e+01
5.004180782e-01,2.026882138e-01,5.302123831e+01
5.004180782e-01,2.026882138e-01,5.300744906e+01
5.004180782e-01,2.049403051e-01,5.297186068e+01
5.004180782e-01,2.071923964e-01,5.293593071e+01
5.004180782e-01,2.094444876e-01,5.289966142e+01
5.004180782e-01,2.116965789e-01,5.286304404e+01
5.004180782e-01,2.139486702e-01,5.282608652e+01
5.004180782e-01,2.162007614e-01,5.278880057e+01
5.004180782e-01,2.184528527e-01,5.275116673e+01
5.004180782e-01,2.207049439e-01,5.271320240e+01
5.004180782e-01,2.229570352e-01,5.267490084e+01
5.004180782e-01,2.252091265e-01,5.263626490e+01
5.004180782e-01,2.252091265e-01,5.266117522e+01
5.004180782e-01,2.274612177e-01,5.259729926e+01
5.004180782e-01,2.477300391e-01,5.225961322e+01
5.004180782e-01,2.702509518e-01,5.182599759e+01
5.004180782e-01,2.927718644e-01,5.136218992e+01
5.004180782e-01,3.152927771e-01,5.086970357e+01
5.004180782e-01,3.378136897e-01,5.035020033e+01
5.004180782e-01,3.603346024e-01,4.980527759e+01
5.004180782e-01,3.828555150e-01,4.923653983e+01
5.004180782e-01,4.053764277e-01,4.865180600e+01
5.004180782e-01,4.278973403e-01,4.804067745e+01
5.004180782e-01,4.504182529e-01,4.741142108e+01
5.004180782e-01,4.729391656e-01,4.676382227e+01
5.004180782e-01,4.954600782e-01,4.610037947e+01
5.004180782e-01,5.179809909e-01,4.542260009e+01
5.004180782e-01,5.405019035e-01,4.473195822e+01
5.004180782e-01,5.630228162e-01,4.402987756e+01
5.004180782e-01,5.855437288e-01,4.331773189e+01
5.004180782e-01,6.080646415e-01,4.259683886e+01
5.004180782e-01,6.305855541e-01,4.186847236e+01
5.004180782e-01,6.305860000e-01,4.187209801e+01
5.004180782e-01,6.531069126e-01,4.113390983e+01
5.004180782e-01,6.756278253e-01,4.039420178e+01
5.004180782e-01,6.981487379e-01,3.965060948e+01
5.004180782e-01,7.206696506e-01,3.890417220e+01
5.004180782e-01,7.431905632e-01,3.815589885e+01
5.004180782e-01,7.657114759e-01,3.740679511e+01
5.004180782e-01,7.882323885e-01,3.665753198e+01
5.004180782e-01,8.107533012e-01,3.590968480e+01
5.004180782e-01,8.332742138e-01,3.516342816e+01
5.004180782e-01,8.557951265e-01,3.441976941e+01
5.004180782e-01,8.783160391e-01,3.367915992e+01
5.004180782e-01,9.008369518e-01,3.294311674e+01
5.004180782e-01,9.233578644e-01,3.221196391e+01
5.004180782e-01,9.458787771e-01,3.148579666e+01
5.004180782e-01,9.683996897e-01,3.076544473e+01
5.004180782e-01,9.909206024e-01,3.005156613e+01
5.004180782e-01,1.013441515e+00,2.934524468e+01
5.004180782e-01,1.035962428e+00,2.864677178e+01
5.004180782e-01,1.058483340e+00,2.795694149e+01
5.004180782e-01,1.081004253e+00,2.727608919e+01
5.004180782e-01,1.103525166e+00,2.660352145e+01
5.004180782e-01,1.126046078e+00,2.594218448e+01
5.004180782e-01,1.148566991e+00,2.528985137e+01
5.004180782e-01,1.171087904e+00,2.464767228e+01
5.004180782e-01,1.193608816e+00,2.401593760e+01
5.004180782e-01,1.216129729e+00,2.339532369e+01
5.004180782e-01,1.238650641e+00,2.278641944e+01
5.004180782e-01,1.261171554e+00,2.218995198e+01
5.004180782e-01,1.283692467e+00,2.160657588e+01
5.004180782e-01,1.306213379e+00,2.103732761e+01
5.004180782e-01,1.328734292e+00,2.048322132e+01
5.004180782e-01,1.351255205e+00,1.996446370e+01
5.004180782e-01,1.373776117e+00,1.948690478e+01
5.504193691e-01,0.000000000e+00,5.974244564e+01
5.504193691e-01,0.000000000e+00,5.974316614e+01
5.504193691e-01,2.514807409e-03,5.973301133e+01
5.504193691e-01,5.029614819e-03,5.972489380e+01
5.504193691e-01,7.544422228e-03,5.972021380e+01
5.504193691e-01,1.005922964e-02,5.971586621e+01
5.504193691e-01,1.257403705e-02,5.971342341e+01
5.504193691e-01,1.508884446e-02,5.970972760e+01
5.504193691e-01,1.760365187e-02,5.970605341e+01
5.504193691e-01,2.011845928e-02,5.970224389e+01
5.504193691e-01,2.263326668e-02,5.969815980e+01
5.504193691e-01,2.514807409e-02,5.969373773e+01
5.504193691e-01,2.514807409e-02,5.970251848e+01
5.504193691e-01,2.766288150e-02,5.968890545e+01
5.504193691e-01,3.017768891e-02,5.968386323e+01
5.504193691e-01,3.269249632e-02,5.967817033e+01
5.504193691e-01,3.520730373e-02,5.967233196e+01
5.504193691e-01,3.772211114e-02,5.966583869e+01
5.504193691e-01,4.023691855e-02,5.965918903e+01
5.504193691e-01,4.275172596e-02,5.965188105e+01
5.504193691e-01,4.526653337e-02,5.964440119e+01
5.504193691e-01,4.778134078e-02,5.963624354e+01
5.504193691e-01,5.029614819e-02,5.962793362e+01
5.504193691e-01,5.029614819e-02,5.962136391e+01
5.504193691e-01,5.281095560e-02,5.961895175e+01
5.504193691e-01,5.532576301e-02,5.960982583e+01
5.504193691e-01,5.784057042e-02,5.960010313e+01
5.504193691e-01,6.035537783e-02,5.959005298e+01
5.504193691e-01,6.287018523e-02,5.957946722e+01
5.504193691e-01,6.538499264e-02,5.956864504e+01
5.504193691e-01,6.789980005e-02,5.955722163e+01
5.504193691e-01,7.041460746e-02,5.954557108e+01
5.504193691e-01,7.292941487e-02,5.953340666e+01
5.504193691e-01,7.544422228e-02,5.952088041e+01
5.504193691e-01,7.544422228e-02,5.950585544e+01
5.504193691e-01,7.795902969e-02,5.950789540e+01
5.504193691e-01,8.047383710e-02,5.949455088e+01
5.504193691e-01,8.298864451e-02,5.948074312e+01
5.504193691e-01,8.550345192e-02,5.946658153e+01
5.504193691e-01,8.801825933e-02,5.945198725e+01
5.504193691e-01,9.053306674e-02,5.943698766e+01
5.504193691e-01,9.304787415e-02,5.942157697e+01
5.504193691e-01,9.556268156e-02,5.940576139e+01
5.504193691e-01,9.807748897e-02,5.938954387e+01
5.504193691e-01,1.005922964e-01,5.937291615e+01
5.504193691e-01,1.005922964e-01,5.936808976e+01
5.504193691e-01,1.031071038e-01,5.935588648e+01
5.504193691e-01,1.056219112e-01,5.933845104e+01
5.504193691e-01,1.081367186e-01,5.932061556e+01
5.504193691e-01,1.106515260e-01,5.930237611e+01
5.504193691e-01,1.131663334e-01,5.928373638e+01
5.504193691e-01,1.156811408e-01,5.926469611e+01
5.504193691e-01,1.181959482e-01,5.924320766e+01
5.504193691e-01,1.207107557e-01,5.922527314e+01
5.504193691e-01,1.232255631e-01,5.920305484e+01
5.504193691e-01,1.257403705e-01,5.918439777e+01
5.504193691e-01,1.257403705e-01,5.917949818e+01
5.504193691e-01,1.282551779e-01,5.916131570e+01
5.504193691e-01,1.307699853e-01,5.913981165e+01
5.504193691e-01,1.332847927e-01,5.911795072e+01
5.504193691e-01,1.357996001e-01,5.909569675e+01
5.504193691e-01,1.383144075e-01,5.907305053e+01
5.504193691e-01,1.408292149e-01,5.905001355e+01
5.504193691e-01,1.433440223e-01,5.902657908e+01
5.504193691e-01,1.458588297e-01,5.900275926e+01
5.504193691e-01,1.483736372e-01,5.897855280e+01
5.504193691e-01,1.508884446e-01,5.895395434e+01
5.504193691e-01,1.508884446e-01,5.895021843e+01
5.504193691e-01,1.534032520e-01,5.892896798e+01
5.504193691e-01,1.559180594e-01,5.890359728e+01
5.504193691e-01,1.584328668e-01,5.887784084e+01
5.504193691e-01,1.609476742e-01,5.885169781e+01
5.504193691e-01,1.634624816e-01,5.882517008e+01
5.504193691e-01,1.659772890e-01,5.879826118e+01
5.504193691e-01,1.684920964e-01,5.877096813e+01
5.504193691e-01,1.710069038e-01,5.874329482e+01
5.504193691e-01,1.735217112e-01,5.871524586e+01
5.504193691e-01,1.760365187e-01,5.869682071e+01
5.504193691e-01,1.760365187e-01,5.868681518e+01
5.504193691e-01,1.785513261e-01,5.865800707e+01
5.504193691e-01,1.810661335e-01,5.862882415e+01
5.504193691e-01,1.835809409e-01,5.859926637e+01
5.504193691e-01,1.860957483e-01,5.856933165e+01
5.504193691e-01,1.886105557e-01,5.853902739e+01
5.504193691e-01,1.911253631e-01,5.850834911e+01
5.504193691e-01,1.936401705e-01,5.847729784e+01
5.504193691e-01,1.961549779e-01,5.844587720e+01
5.504193691e-01,1.986697853e-01,5.841408584e+01
5.504193691e-01,2.011845928e-01,5.838192825e+01
5.504193691e-01,2.011845928e-01,5.839424228e+01
5.504193691e-01,2.036994002e-01,5.834940012e+01
5.504193691e-01,2.062142076e-01,5.831651072e+01
5.504193691e-01,2.087290150e-01,5.828325577e+01
5.504193691e-01,2.112438224e-01,5.824963979e+01
5.504193691e-01,2.137586298e-01,5.821566909e+01
5.504193691e-01,2.162734372e-01,5.818132951e+01
5.504193691e-01,2.187882446e-01,5.814663289e+01
5.504193691e-01,2.213030520e-01,5.811157946e+01
5.504193691e-01,2.238178594e-01,5.807617097e+01
5.504193691e-01,2.263326668e-01,5.804040676e+01
5.504193691e-01,2.263326668e-01,5.805429210e+01
5.504193691e-01,2.288474743e-01,5.800428511e+01
5.504193691e-01,2.313622817e-01,5.796781501e+01
5.504193691e-01,2.338770891e-01,5.793099369e+01
5.504193691e-01,2.363918965e-01,5.789382033e+01
5.504193691e-01,2.389067039e-01,5.785629886e+01
5.504193691e-01,2.414215113e-01,5.781843051e+01
5.504193691e-01,2.439363187e-01,5.778021722e+01
5.504193691e-01,2.464511261e-01,5.774165794e+01
5.504193691e-01,2.489659335e-01,5.770275203e+01
5.504193691e-01,2.514807409e-01,5.767891523e+01
5.504193691e-01,2.514807409e-01,5.766350360e+01
5.504193691e-01,2.539955483e-01,5.762391433e+01
5.504193691e-01,2.565103558e-01,5.758398717e+01
5.504193691e-01,2.590251632e-01,5.754372254e+01
5.504193691e-01,2.615399706e-01,5.750312075e+01
5.504193691e-01,2.640547780e-01,5.746218322e+01
5.504193691e-01,2.665695854e-01,5.742090935e+01
5.504193691e-01,2.690843928e-01,5.737930603e+01
5.504193691e-01,2.715992002e-01,5.733737395e+01
5.504193691e-01,2.741140076e-01,5.729511330e+01
5.504193691e-01,2.766288150e-01,5.728009247e+01
5.504193691e-01,2.766288150e-01,5.725252379e+01
5.504193691e-01,2.791436224e-01,5.720960239e+01
5.504193691e-01,2.816584299e-01,5.716635893e+01
5.504193691e-01,2.841732373e-01,5.712279365e+01
5.504193691e-01,2.866880447e-01,5.707890535e+01
5.504193691e-01,2.892028521e-01,5.703469590e+01
5.504193691e-01,2.917176595e-01,5.699016687e+01
5.504193691e-01,2.942324669e-01,5.694531825e+01
5.504193691e-01,2.967472743e-01,5.690015138e+01
5.504193691e-01,2.992620817e-01,5.685466660e+01
5.504193691e-01,3.017768891e-01,5.680887411e+01
5.504193691e-01,3.017768891e-01,5.683927537e+01
5.504193691e-01,3.042916965e-01,5.676276549e+01
5.504193691e-01,3.068065039e-01,5.671634891e+01
5.504193691e-01,3.093213114e-01,5.666962287e+01
5.504193691e-01,3.118361188e-01,5.662259139e+01
5.504193691e-01,3.143509262e-01,5.657525521e+01
5.504193691e-01,3.168657336e-01,5.652760830e+01
5.504193691e-01,3.193805410e-01,5.647966528e+01
5.504193691e-01,3.218953484e-01,5.643141812e+01
5.504193691e-01,3.244101558e-01,5.638286918e+01
5.504193691e-01,3.269249632e-01,5.633403071e+01
5.504193691e-01,3.269249632e-01,5.636693257e+01
5.504193691e-01,3.294397706e-01,5.628488499e+01
5.504193691e-01,3.319545780e-01,5.623545117e+01
5.504193691e-01,3.344693854e-01,5.618571774e+01
5.504193691e-01,3.369841929e-01,5.613569321e+01
5.504193691e-01,3.394990003e-01,5.608537492e+01
5.504193691e-01,3.520730373e-01,5.586489691e+01
5.504193691e-01,3.772211114e-01,5.533469553e+01
5.504193691e-01,4.023691855e-01,5.477794473e+01
5.504193691e-01,4.275172596e-01,5.419621957e+01
5.504193691e-01,4.526653337e-01,5.359108996e+01
5.504193691e-01,4.778134078e-01,5.296416181e+01
5.504193691e-01,5.029614819e-01,5.232360881e+01
5.504193691e-01,5.281095560e-01,5.165806761e+01
5.504193691e-01,5.532576301e-01,5.097631084e+01
5.504193691e-01,5.784057042e-01,5.027785423e+01
5.504193691e-01,6.035537783e-01,4.956519271e+01
5.504193691e-01,6.287018523e-01,4.883975179e+01
5.504193691e-01,6.538499264e-01,4.810291495e+01
5.504193691e-01,6.789980005e-01,4.735602376e+01
5.504193691e-01,7.041460746e-01,4.660037256e+01
5.504193691e-01,7.292941487e-01,4.583719763e+01
5.504193691e-01,7.544422228e-01,4.506769880e+01
5.504193691e-01,7.795902969e-01,4.429302373e+01
5.504193691e-01,8.047383710e-01,4.351402036e+01
5.504193691e-01,8.298864451e-01,4.273249546e+01
5.504193691e-01,8.550345192e-01,4.194869963e+01
5.504193691e-01,8.801825933e-01,4.116384765e+01
5.504193691e-01,9.053306674e-01,4.037885021e+01
5.504193691e-01,9.304787415e-01,3.959433180e+01
5.504193691e-01,9.556268156e-01,3.881186911e+01
5.504193691e-01,9.807748897e-01,3.803150460e+01
5.504193691e-01,1.005922964e+00,3.725423410e+01
5.504193691e-01,1.031071038e+00,3.648039848e+01
5.504193691e-01,1.056219112e+00,3.571137002e+01
5.504193691e-01,1.081367186e+00,3.494761678e+01
5.504193691e-01,1.106515260e+00,3.418954936e+01
5.504193691e-01,1.131663334e+00,3.343801555e+01
5.504193691e-01,1.156811408e+00,3.269238254e+01
5.504193691e-01,1.181959482e+00,3.195472374e+01
5.504193691e-01,1.207107557e+00,3.122506777e+01
5.504193691e-01,1.232255631e+00,3.050416302e+01
5.504193691e-01,1.257403705e+00,2.979249133e+01
5.504193691e-01,1.282551779e+00,2.909033195e+01
5.504193691e-01,1.307699853e+00,2.839785576e+01
5.504193691e-01,1.332847927e+00,2.770226583e+01
5.504193691e-01,1.357996001e+00,2.704066979e+01
5.504193691e-01,1.383144075e+00,2.638138384e+01
5.504193691e-01,1.408292149e+00,2.573145166e+01
5.504193691e-01,1.433440223e+00,2.509297737e+01
5.504193691e-01,1.458588297e+00,2.446679877e+01
5.504193691e-01,1.483736372e+00,2.385372890e+01
5.504193691e-01,1.508884446e+00,2.325444660e+01
5.504193691e-01,1.534032520e+00,2.267096442e+01
5.504193691e-01,1.559180594e+00,2.210215994e+01
5.504193691e-01,1.584328668e+00,2.157126188e+01
5.504193691e-01,1.609476742e+00,2.115071803e+01
5.504193691e-01,1.609480000e+00,2.117728481e+01
5.504193691e-01,1.611994807e+00,2.104278827e+01
6.504534827e-01,0.000000000e+00,6.989882710e+01
6.504534827e-01,0.000000000e+00,6.989974504e+01
6.504534827e-01,3.115448666e-03,6.988769580e+01
6.504534827e-01,6.230897331e-03,6.987816337e+01
6.504534827e-01,9.346345997e-03,6.987290973e+01
6.504534827e-01,1.246179466e-02,6.986795477e+01
6.504534827e-01,1.557724333e-02,6.986534280e+01
6.504534827e-01,1.869269199e-02,6.986126964e+01
6.504534827e-01,2.180814066e-02,6.985728713e+01
6.504534827e-01,2.492358933e-02,6.985315072e+01
6.504534827e-01,2.803903799e-02,6.984881207e+01
6.504534827e-01,3.115448666e-02,6.984410709e+01
6.504534827e-01,3.115448666e-02,6.985475303e+01
6.504534827e-01,3.426993532e-02,6.983898434e+01
6.504534827e-01,3.738538399e-02,6.983357486e+01
6.504534827e-01,4.050083265e-02,6.982749241e+01
6.504534827e-01,4.361628132e-02,6.982129058e+01
6.504534827e-01,4.673172999e-02,6.981434971e+01
6.504534827e-01,4.984717865e-02,6.980724642e+01
6.504534827e-01,5.296262732e-02,6.979947300e+01
6.504534827e-01,5.607807598e-02,6.979152151e+01
6.504534827e-01,5.919352465e-02,6.978282268e+01
6.504534827e-01,6.230897331e-02,6.976707726e+01
6.504534827e-01,6.230897331e-02,6.977394784e+01
6.504534827e-01,6.542442198e-02,6.976438661e+01
6.504534827e-01,6.853987065e-02,6.975465297e+01
6.504534827e-01,7.165531931e-02,6.974418686e+01
6.504534827e-01,7.477076798e-02,6.973358459e+01
6.504534827e-01,7.788621664e-02,6.972227448e+01
6.504534827e-01,8.100166531e-02,6.971073128e+01
6.504534827e-01,8.411711397e-02,6.969856100e+01
6.504534827e-01,8.723256264e-02,6.968614800e+01
6.504534827e-01,9.034801131e-02,6.967309213e+01
6.504534827e-01,9.346345997e-02,6.964379484e+01
6.504534827e-01,9.346345997e-02,6.965980752e+01
6.504534827e-01,9.657890864e-02,6.964594695e+01
6.504534827e-01,9.969435730e-02,6.963171561e+01
6.504534827e-01,1.028098060e-01,6.961699201e+01
6.504534827e-01,1.059252546e-01,6.960188585e+01
6.504534827e-01,1.090407033e-01,6.958628705e+01
6.504534827e-01,1.121561520e-01,6.957031155e+01
6.504534827e-01,1.152716006e-01,6.955387162e+01
6.504534827e-01,1.183870493e-01,6.953699294e+01
6.504534827e-01,1.215024980e-01,6.951968544e+01
6.504534827e-01,1.246179466e-01,6.950194302e+01
6.504534827e-01,1.246179466e-01,6.947796080e+01
6.504534827e-01,1.277333953e-01,6.948376811e+01
6.504534827e-01,1.308488440e-01,6.946516265e+01
6.504534827e-01,1.339642926e-01,6.944612453e+01
6.504534827e-01,1.370797413e-01,6.942665276e+01
6.504534827e-01,1.401951900e-01,6.940675625e+01
6.504534827e-01,1.433106386e-01,6.938642643e+01
6.504534827e-01,1.464260873e-01,6.936567364e+01
6.504534827e-01,1.495415360e-01,6.934449127e+01
6.504534827e-01,1.526569846e-01,6.932288067e+01
6.504534827e-01,1.557724333e-01,6.930084559e+01
6.504534827e-01,1.557724333e-01,6.929310570e+01
6.504534827e-01,1.588878820e-01,6.927584921e+01
6.504534827e-01,1.620033306e-01,6.925529731e+01
6.504534827e-01,1.651187793e-01,6.922956391e+01
6.504534827e-01,1.682342279e-01,6.920825042e+01
6.504534827e-01,1.713496766e-01,6.918159269e+01
6.504534827e-01,1.744651253e-01,6.915951608e+01
6.504534827e-01,1.775805739e-01,6.913194175e+01
6.504534827e-01,1.869269199e-01,6.901533290e+01
6.504534827e-01,1.869269199e-01,6.905006144e+01
6.504534827e-01,1.947155416e-01,6.895303969e+01
6.504534827e-01,2.180814066e-01,6.876503435e+01
6.504534827e-01,2.492358933e-01,6.845438018e+01
6.504534827e-01,2.803903799e-01,6.809114723e+01
6.504534827e-01,3.115448666e-01,6.768866975e+01
6.504534827e-01,3.426993532e-01,6.724913219e+01
6.504534827e-01,3.738538399e-01,6.677402227e+01
6.504534827e-01,4.050083265e-01,6.627780161e+01
6.504534827e-01,4.361628132e-01,6.573724414e+01
6.504534827e-01,4.673172999e-01,6.516523353e+01
6.504534827e-01,4.984717865e-01,6.456373800e+01
6.504534827e-01,5.296262732e-01,6.393438678e+01
6.504534827e-01,5.607807598e-01,6.327882826e+01
6.504534827e-01,5.919352465e-01,6.259870496e+01
6.504534827e-01,6.230897331e-01,6.189565313e+01
6.504534827e-01,6.542442198e-01,6.117129235e+01
6.504534827e-01,6.853987065e-01,6.042723941e+01
6.504534827e-01,7.165531931e-01,5.967386621e+01
6.504534827e-01,7.477076798e-01,5.889536957e+01
6.504534827e-01,7.788621664e-01,5.810169586e+01
6.504534827e-01,8.100166531e-01,5.729448330e+01
6.504534827e-01,8.411711397e-01,5.647508650e+01
6.504534827e-01,8.723256264e-01,5.564492463e+01
6.504534827e-01,9.034801131e-01,5.480533548e+01
6.504534827e-01,9.346345997e-01,5.395760922e+01
6.504534827e-01,9.657890864e-01,5.310298592e+01
6.504534827e-01,9.969435730e-01,5.224264174e+01
6.504534827e-01,1.028098060e+00,5.137770619e+01
6.504534827e-01,1.059252546e+00,5.050886677e+01
6.504534827e-01,1.090407033e+00,4.964974093e+01
6.504534827e-01,1.121561520e+00,4.876613127e+01
6.504534827e-01,1.152716006e+00,4.789309545e+01
6.504534827e-01,1.183870493e+00,4.702058084e+01
6.504534827e-01,1.215024980e+00,4.614893321e+01
6.504534827e-01,1.246179466e+00,4.527969124e+01
6.504534827e-01,1.277333953e+00,4.441371455e+01
6.504534827e-01,1.308488440e+00,4.355065894e+01
6.504534827e-01,1.339642926e+00,4.269212433e+01
6.504534827e-01,1.370797413e+00,4.185091407e+01
6.504534827e-01,1.401951900e+00,4.099048371e+01
6.504534827e-01,1.433106386e+00,4.017553068e+01
6.504534827e-01,1.464260873e+00,3.931409147e+01
6.504534827e-01,1.495415360e+00,3.848657510e+01
6.504534827e-01,1.526569846e+00,3.766633298e+01
6.504534827e-01,1.557724333e+00,3.685450435e+01
6.504534827e-01,1.588878820e+00,3.605180537e+01
6.504534827e-01,1.620033306e+00,3.525881939e+01
6.504534827e-01,1.651187793e+00,3.447486583e+01
6.504534827e-01,1.682342279e+00,3.370360287e+01
6.504534827e-01,1.713496766e+00,3.294208243e+01
6.504534827e-01,1.744651253e+00,3.217678260e+01
6.504534827e-01,1.775805739e+00,3.143309906e+01
6.504534827e-01,1.806960226e+00,3.072067896e+01
6.504534827e-01,1.838114713e+00,3.000838012e+01
6.504534827e-01,1.869269199e+00,2.930631265e+01
6.504534827e-01,1.900423686e+00,2.861686519e+01
6.504534827e-01,1.931578173e+00,2.794136952e+01
6.504534827e-01,1.962732659e+00,2.728053841e+01
6.504534827e-01,1.993887146e+00,2.663552129e+01
6.504534827e-01,2.025041633e+00,2.600739806e+01
6.504534827e-01,2.056196119e+00,2.542041275e+01
6.504534827e-01,2.087350606e+00,2.491434160e+01
7.061969878e-01,0.000000000e+00,7.565309964e+01
7.061969878e-01,0.000000000e+00,7.565204679e+01
7.061969878e-01,3.493570928e-03,7.563995051e+01
7.061969878e-01,6.987141856e-03,7.562961070e+01
7.061969878e-01,1.048071278e-02,7.562401702e+01
7.061969878e-01,1.397428371e-02,7.561868791e+01
7.061969878e-01,1.746785464e-02,7.561595753e+01
7.061969878e-01,2.096142557e-02,7.561162297e+01
7.061969878e-01,2.445499650e-02,7.560738799e+01
7.061969878e-01,2.794856742e-02,7.560302481e+01
7.061969878e-01,3.144213835e-02,7.559839582e+01
7.061969878e-01,3.493570928e-02,7.559347309e+01
7.061969878e-01,3.493570928e-02,7.560518316e+01
7.061969878e-01,3.842928021e-02,7.558808091e+01
7.061969878e-01,4.192285114e-02,7.558239798e+01
7.061969878e-01,4.541642206e-02,7.557600828e+01
7.061969878e-01,4.890999299e-02,7.556948408e+01
7.061969878e-01,5.240356392e-02,7.556219679e+01
7.061969878e-01,5.589713485e-02,7.555473921e+01
7.061969878e-01,5.939070578e-02,7.554648084e+01
7.061969878e-01,6.288427670e-02,7.553814277e+01
7.061969878e-01,6.637784763e-02,7.552895404e+01
7.061969878e-01,6.987141856e-02,7.551243558e+01
7.061969878e-01,6.987141856e-02,7.551967134e+01
7.061969878e-01,7.336498949e-02,7.550959112e+01
7.061969878e-01,7.685856042e-02,7.549937204e+01
7.061969878e-01,8.035213134e-02,7.548834202e+01
7.061969878e-01,8.384570227e-02,7.547717725e+01
7.061969878e-01,8.733927320e-02,7.546533996e+01
7.061969878e-01,9.083284413e-02,7.545313078e+01
7.061969878e-01,1.048071278e-01,7.538262073e+01
7.061969878e-01,1.397428371e-01,7.520809132e+01
7.061969878e-01,1.746785464e-01,7.501330947e+01
7.061969878e-01,2.096142557e-01,7.475721641e+01
7.061969878e-01,2.445499650e-01,7.445692795e+01
7.061969878e-01,2.794856742e-01,7.412926581e+01
7.061969878e-01,3.144213835e-01,7.374622636e+01
7.061969878e-01,3.493570928e-01,7.332164998e+01
7.061969878e-01,3.842928021e-01,7.285786066e+01
7.061969878e-01,4.192285114e-01,7.235632146e+01
7.061969878e-01,4.541642206e-01,7.183221718e+01
7.061969878e-01,4.890999299e-01,7.126114109e+01
7.061969878e-01,5.240356392e-01,7.065660849e+01
7.061969878e-01,5.589713485e-01,7.002063974e+01
7.061969878e-01,5.939070578e-01,6.935491541e+01
7.061969878e-01,6.288427670e-01,6.866117968e+01
7.061969878e-01,6.637784763e-01,6.794112095e+01
7.061969878e-01,6.987141856e-01,6.719644471e+01
7.061969878e-01,7.336498949e-01,6.642886778e+01
7.061969878e-01,7.685856042e-01,6.564006214e+01
7.061969878e-01,8.035213134e-01,6.483168641e+01
7.061969878e-01,8.384570227e-01,6.400537200e+01
7.061969878e-01,8.733927320e-01,6.317231344e+01
7.061969878e-01,9.083284413e-01,6.231512020e+01
7.061969878e-01,9.432641506e-01,6.144454732e+01
7.061969878e-01,9.781998598e-01,6.056217494e+01
7.061969878e-01,1.013135569e+00,5.966942655e+01
7.061969878e-01,1.048071278e+00,5.876767660e+01
7.061969878e-01,1.083006988e+00,5.785824987e+01
7.061969878e-01,1.117942697e+00,5.694241289e+01
7.061969878e-01,1.152878406e+00,5.602140020e+01
7.061969878e-01,1.187814116e+00,5.509637554e+01
7.061969878e-01,1.222749825e+00,5.416844861e+01
7.061969878e-01,1.257685534e+00,5.323868078e+01
7.061969878e-01,1.292621243e+00,5.230815146e+01
7.061969878e-01,1.327556953e+00,5.137763602e+01
7.061969878e-01,1.362492662e+00,5.044818314e+01
7.061969878e-01,1.397428371e+00,4.952076039e+01
7.061969878e-01,1.432364080e+00,4.859578398e+01
7.061969878e-01,1.467299790e+00,4.767447354e+01
7.061969878e-01,1.502235499e+00,4.675738015e+01
7.061969878e-01,1.537171208e+00,4.584493633e+01
7.061969878e-01,1.572106918e+00,4.493846934e+01
7.061969878e-01,1.607042627e+00,4.403852740e+01
7.061969878e-01,1.641978336e+00,4.314455910e+01
7.061969878e-01,1.676914045e+00,4.225938755e+01
7.061969878e-01,1.711849755e+00,4.138124410e+01
7.061969878e-01,1.746785464e+00,4.051138810e+01
7.061969878e-01,1.781721173e+00,3.965055081e+01
7.061969878e-01,1.816656883e+00,3.879947889e+01
7.061969878e-01,1.851592592e+00,3.795758588e+01
7.061969878e-01,1.886528301e+00,3.712893364e+01
7.061969878e-01,1.921464010e+00,3.631040566e+01
7.061969878e-01,1.956399720e+00,3.550337475e+01
7.061969878e-01,1.991335429e+00,3.469230192e+01
7.061969878e-01,2.026271138e+00,3.390442493e+01
7.061969878e-01,2.061206847e+00,3.313154116e+01
7.061969878e-01,2.096142557e+00,3.239150004e+01
7.061969878e-01,2.131078266e+00,3.165110432e+01
7.061969878e-01,2.166013975e+00,3.092164123e+01
7.061969878e-01,2.200949685e+00,3.020632410e+01
7.061969878e-01,2.235885394e+00,2.950655611e+01
7.061969878e-01,2.270821103e+00,2.882313564e+01
7.061969878e-01,2.305756812e+00,2.815744874e+01
7.061969878e-01,2.340692522e+00,2.753571308e+01
7.061969878e-01,2.375628231e+00,2.696381986e+01
9.101278849e-01,0.000000000e+00,9.711516857e+01
9.101278849e-01,0.000000000e+00,9.711676146e+01
9.101278849e-01,5.141663835e-03,9.709963908e+01
9.101278849e-01,1.028332767e-02,9.708638439e+01
9.101278849e-01,1.542499150e-02,9.707953007e+01
9.101278849e-01,2.056665534e-02,9.707266036e+01
9.101278849e-01,2.570831917e-02,9.706925769e+01
9.101278849e-01,3.084998301e-02,9.706391158e+01
9.101278849e-01,3.599164684e-02,9.705859855e+01
9.101278849e-01,4.113331068e-02,9.705314328e+01
9.101278849e-01,4.627497451e-02,9.704737159e+01
9.101278849e-01,5.141663835e-02,9.705632811e+01
9.101278849e-01,5.141663835e-02,9.704118713e+01
9.101278849e-01,5.655830218e-02,9.703443072e+01
9.101278849e-01,6.169996602e-02,9.702729560e+01
9.101278849e-01,6.684162985e-02,9.701929944e+01
9.101278849e-01,7.198329369e-02,9.701110923e+01
9.101278849e-01,7.712495752e-02,9.700198906e+01
9.101278849e-01,8.226662136e-02,9.699262525e+01
9.101278849e-01,8.740828519e-02,9.698227855e+01
9.101278849e-01,9.254994902e-02,9.697179257e+01
9.101278849e-01,9.769161286e-02,9.696029133e+01
9.101278849e-01,1.028332767e-01,9.693927576e+01
9.101278849e-01,1.028332767e-01,9.694864710e+01
9.101278849e-01,1.079749405e-01,9.693605602e+01
9.101278849e-01,1.131166044e-01,9.692316059e+01
9.101278849e-01,1.182582682e-01,9.690933563e+01
9.101278849e-01,1.233999320e-01,9.689533056e+01
9.101278849e-01,1.285415959e-01,9.688031623e+01
9.101278849e-01,1.336832597e-01,9.686513026e+01
9.101278849e-01,1.388249235e-01,9.684902435e+01
9.101278849e-01,1.439665874e-01,9.683265210e+01
9.101278849e-01,1.491082512e-01,9.681537083e+01
9.101278849e-01,1.542499150e-01,9.679779202e+01
9.101278849e-01,1.542499150e-01,9.677659557e+01
9.101278849e-01,1.593915789e-01,9.677947529e+01
9.101278849e-01,1.645332427e-01,9.676067368e+01
9.101278849e-01,1.696749065e-01,9.674119391e+01
9.101278849e-01,1.748165704e-01,9.672123823e+01
9.101278849e-01,1.799582342e-01,9.670059312e+01
9.101278849e-01,1.850998980e-01,9.667945763e+01
9.101278849e-01,1.902415619e-01,9.665767508e+01
9.101278849e-01,1.953832257e-01,9.663539061e+01
9.101278849e-01,2.005248896e-01,9.661250024e+01
9.101278849e-01,2.056665534e-01,9.658903203e+01
9.101278849e-01,2.056665534e-01,9.655794447e+01
9.101278849e-01,2.108082172e-01,9.656499052e+01
9.101278849e-01,2.159498811e-01,9.654037814e+01
9.101278849e-01,2.210915449e-01,9.651519204e+01
9.101278849e-01,2.262332087e-01,9.648943678e+01
9.101278849e-01,2.313748726e-01,9.646311040e+01
9.101278849e-01,2.365165364e-01,9.643621701e+01
9.101278849e-01,2.416582002e-01,9.640875309e+01
9.101278849e-01,2.467998641e-01,9.638072255e+01
9.101278849e-01,2.519415279e-01,9.635212630e+01
9.101278849e-01,2.570831917e-01,9.632296235e+01
9.101278849e-01,2.570831917e-01,9.631297843e+01
9.101278849e-01,2.622248556e-01,9.629323938e+01
9.101278849e-01,2.673665194e-01,9.626294755e+01
9.101278849e-01,2.725081832e-01,9.623209419e+01
9.101278849e-01,2.776498471e-01,9.619664227e+01
9.101278849e-01,2.827915109e-01,9.616829375e+01
9.101278849e-01,2.879331747e-01,9.613198507e+01
9.101278849e-01,2.930748386e-01,9.610264356e+01
9.101278849e-01,2.982165024e-01,9.606510456e+01
9.101278849e-01,3.033581662e-01,9.603476891e+01
9.101278849e-01,3.084998301e-01,9.599600043e+01
9.101278849e-01,3.084998301e-01,9.599094266e+01
9.101278849e-01,3.136414939e-01,9.596049300e+01
9.101278849e-01,3.187831578e-01,9.592454653e+01
9.101278849e-01,3.239248216e-01,9.588805737e+01
9.101278849e-01,3.290664854e-01,9.585101581e+01
9.101278849e-01,3.342081493e-01,9.581342244e+01
9.101278849e-01,3.393498131e-01,9.577527953e+01
9.101278849e-01,3.444914769e-01,9.573659808e+01
9.101278849e-01,3.496331408e-01,9.569736723e+01
9.101278849e-01,3.547748046e-01,9.565759598e+01
9.101278849e-01,3.599164684e-01,9.561728432e+01
9.101278849e-01,3.599164684e-01,9.561375226e+01
9.101278849e-01,3.650581323e-01,9.557642436e+01
9.101278849e-01,3.701997961e-01,9.553502689e+01
9.101278849e-01,3.753414599e-01,9.549308619e+01
9.101278849e-01,3.804831238e-01,9.545061207e+01
9.101278849e-01,3.856247876e-01,9.540760052e+01
9.101278849e-01,3.907664514e-01,9.536405560e+01
9.101278849e-01,3.959081153e-01,9.531997893e+01
9.101278849e-01,4.010497791e-01,9.527537225e+01
9.101278849e-01,4.061914429e-01,9.523023052e+01
9.101278849e-01,4.113331068e-01,9.518456230e+01
9.101278849e-01,4.113331068e-01,9.518004063e+01
9.101278849e-01,4.164747706e-01,9.513836504e+01
9.101278849e-01,4.216164344e-01,9.509164439e+01
9.101278849e-01,4.267580983e-01,9.504440212e+01
9.101278849e-01,4.318997621e-01,9.499663365e+01
9.101278849e-01,4.370414259e-01,9.494834031e+01
9.101278849e-01,4.421830898e-01,9.489952478e+01
9.101278849e-01,4.473247536e-01,9.485019529e+01
9.101278849e-01,4.524664175e-01,9.480033917e+01
9.101278849e-01,4.576080813e-01,9.474996487e+01
9.101278849e-01,4.627497451e-01,9.471715323e+01
9.101278849e-01,4.627497451e-01,9.469907112e+01
9.101278849e-01,4.678914090e-01,9.464766335e+01
9.101278849e-01,4.730330728e-01,9.459575182e+01
9.101278849e-01,4.781747366e-01,9.454333242e+01
9.101278849e-01,4.833164005e-01,9.449040462e+01
9.101278849e-01,5.141663835e-01,9.415432117e+01
9.101278849e-01,5.141663835e-01,9.418387515e+01
9.101278849e-01,5.655830218e-01,9.359626350e+01
9.101278849e-01,5.655830218e-01,9.359965810e+01
9.101278849e-01,6.169996602e-01,9.296752926e+01
9.101278849e-01,6.169996602e-01,9.296585482e+01
9.101278849e-01,6.684162985e-01,9.228936220e+01
9.101278849e-01,6.684162985e-01,9.228783139e+01
9.101278849e-01,7.198329369e-01,9.156930253e+01
9.101278849e-01,7.198329369e-01,9.156782232e+01
9.101278849e-01,7.712495752e-01,9.082176581e+01
9.101278849e-01,8.226662136e-01,9.001893382e+01
9.101278849e-01,8.740828519e-01,8.917760456e+01
9.101278849e-01,9.254994902e-01,8.830035238e+01
9.101278849e-01,9.769161286e-01,8.738934054e+01
9.101278849e-01,1.028332767e+00,8.644666195e+01
9.101278849e-01,1.079749405e+00,8.547445392e+01
9.101278849e-01,1.131166044e+00,8.447485852e+01
9.101278849e-01,1.182582682e+00,8.344992591e+01
9.101278849e-01,1.233999320e+00,8.240175607e+01
9.101278849e-01,1.285415959e+00,8.133234629e+01
9.101278849e-01,1.336832597e+00,8.024371008e+01
9.101278849e-01,1.388249235e+00,7.915001214e+01
9.101278849e-01,1.439665874e+00,7.802896274e+01
9.101278849e-01,1.491082512e+00,7.689419786e+01
9.101278849e-01,1.542499150e+00,7.574763666e+01
9.101278849e-01,1.593915789e+00,7.459097436e+01
9.101278849e-01,1.645332427e+00,7.342587414e+01
9.101278849e-01,1.696749065e+00,7.225393706e+01
9.101278849e-01,1.748165704e+00,7.107669293e+01
9.101278849e-01,1.799582342e+00,6.988195539e+01
9.101278849e-01,1.850998980e+00,6.871191854e+01
9.101278849e-01,1.902415619e+00,6.754690536e+01
9.101278849e-01,1.953832257e+00,6.634339736e+01
9.101278849e-01,2.005248896e+00,6.516028591e+01
9.101278849e-01,2.056665534e+00,6.399655629e+01
9.101278849e-01,2.108082172e+00,6.278960116e+01
9.101278849e-01,2.159498811e+00,6.163034267e+01
9.101278849e-01,2.210915449e+00,6.048810588e+01
9.101278849e-01,2.262332087e+00,5.930529238e+01
9.101278849e-01,2.313748726e+00,5.815228637e+01
9.101278849e-01,2.365165364e+00,5.696134715e+01
9.101278849e-01,2.416582002e+00,5.587074804e+01
9.101278849e-01,2.467998641e+00,5.474789110e+01
9.101278849e-01,2.519415279e+00,5.361715621e+01
9.101278849e-01,2.570831917e+00,5.252872148e+01
9.101278849e-01,2.622248556e+00,5.143787707e+01
9.101278849e-01,2.673665194e+00,5.034049145e+01
9.101278849e-01,2.725081832e+00,4.927028221e+01
9.101278849e-01,2.776498471e+00,4.821565397e+01
9.101278849e-01,2.827915109e+00,4.717555358e+01
9.101278849e-01,2.879331747e+00,4.615026409e+01
9.101278849e-01,2.930748386e+00,4.514042119e+01
9.101278849e-01,2.982165024e+00,4.414598492e+01
9.101278849e-01,3.033581662e+00,4.319035799e+01
9.101278849e-01,3.084998301e+00,4.221125572e+01
9.101278849e-01,3.136414939e+00,4.126083467e+01
9.101278849e-01,3.187831578e+00,4.033121673e+01
9.101278849e-01,3.239248216e+00,3.944799944e+01
9.101278849e-01,3.290664854e+00,3.856561803e+01
9.101278849e-01,3.342081493e+00,3.769848596e+01
9.101278849e-01,3.393498131e+00,3.685109409e+01
9.101278849e-01,3.444914769e+00,3.602649630e+01
9.101278849e-01,3.496331408e+00,3.525614289e+01
9.101278849e-01,3.547748046e+00,3.457287510e+01
9.101278849e-01,3.547750000e+00,3.461244025e+01
9.101278849e-01,3.552891664e+00,3.442966345e+01
1.298940669e+00,0.000000000e+00,1.393660716e+02
1.298940669e+00,0.000000000e+00,1.393690675e+02
1.298940669e+00,9.436234305e-03,1.393443612e+02
1.298940669e+00,1.887246861e-02,1.393259679e+02
1.298940669e+00,2.830870291e-02,1.393167721e+02
1.298940669e+00,3.774493722e-02,1.393069906e+02
1.298940669e+00,4.718117152e-02,1.393020278e+02
1.298940669e+00,5.661740583e-02,1.392940571e+02
1.298940669e+00,6.605364013e-02,1.392859683e+02
1.298940669e+00,7.548987444e-02,1.392776814e+02
1.298940669e+00,8.492610874e-02,1.392687215e+02
1.298940669e+00,9.436234305e-02,1.392797010e+02
1.298940669e+00,9.436234305e-02,1.392592272e+02
1.298940669e+00,1.037985774e-01,1.392486791e+02
1.298940669e+00,1.132348117e-01,1.392376551e+02
1.298940669e+00,1.226710460e-01,1.392253407e+02
1.298940669e+00,1.321072803e-01,1.392125818e+02
1.298940669e+00,1.415435146e-01,1.391984209e+02
1.298940669e+00,1.509797489e-01,1.391838757e+02
1.298940669e+00,1.604159832e-01,1.391678594e+02
1.298940669e+00,1.698522175e-01,1.391514980e+02
1.298940669e+00,1.792884518e-01,1.391337832e+02
1.298940669e+00,1.887246861e-01,1.390998481e+02
1.298940669e+00,1.887246861e-01,1.391155497e+02
1.298940669e+00,1.981609204e-01,1.390958885e+02
1.298940669e+00,2.075971547e-01,1.390758694e+02
1.298940669e+00,2.170333890e-01,1.390544650e+02
1.298940669e+00,2.264696233e-01,1.390326514e+02
1.298940669e+00,2.359058576e-01,1.390093642e+02
1.298940669e+00,2.453420919e-01,1.389856477e+02
1.298940669e+00,2.547783262e-01,1.389606080e+02
1.298940669e+00,2.642145605e-01,1.389351050e+02
1.298940669e+00,2.736507948e-01,1.389083628e+02
1.298940669e+00,2.830870291e-01,1.388808879e+02
1.298940669e+00,2.830870291e-01,1.388483365e+02
1.298940669e+00,2.925232634e-01,1.388523917e+02
1.298940669e+00,3.019594977e-01,1.388231204e+02
1.298940669e+00,3.113957321e-01,1.387928076e+02
1.298940669e+00,3.208319664e-01,1.387617336e+02
1.298940669e+00,3.302682007e-01,1.387296670e+02
1.298940669e+00,3.397044350e-01,1.386967243e+02
1.298940669e+00,3.491406693e-01,1.386628882e+02
1.298940669e+00,3.585769036e-01,1.386281513e+02
1.298940669e+00,3.680131379e-01,1.385925183e+02
1.298940669e+00,3.774493722e-01,1.385092956e+02
1.298940669e+00,3.774493722e-01,1.385559962e+02
1.298940669e+00,3.868856065e-01,1.385185775e+02
1.298940669e+00,3.963218408e-01,1.384802697e+02
1.298940669e+00,4.057580751e-01,1.384410662e+02
1.298940669e+00,4.151943094e-01,1.384009778e+02
1.298940669e+00,4.246305437e-01,1.383600038e+02
1.298940669e+00,4.340667780e-01,1.383181463e+02
1.298940669e+00,4.435030123e-01,1.382754066e+02
1.298940669e+00,4.529392466e-01,1.382317809e+02
1.298940669e+00,4.623754809e-01,1.381872728e+02
1.298940669e+00,4.718117152e-01,1.381418857e+02
1.298940669e+00,4.718117152e-01,1.381279365e+02
1.298940669e+00,4.812479495e-01,1.380891577e+02
1.298940669e+00,4.906841838e-01,1.380477392e+02
1.298940669e+00,5.001204181e-01,1.379937483e+02
1.298940669e+00,5.095566524e-01,1.379508079e+02
1.298940669e+00,5.189928868e-01,1.378948778e+02
1.298940669e+00,5.284291211e-01,1.378503931e+02
1.298940669e+00,5.378653554e-01,1.377925274e+02
1.298940669e+00,5.473015897e-01,1.377398152e+02
1.298940669e+00,5.567378240e-01,1.376864531e+02
1.298940669e+00,5.661740583e-01,1.376266497e+02
1.298940669e+00,5.661740583e-01,1.376322340e+02
1.298940669e+00,5.756102926e-01,1.375771521e+02
1.298940669e+00,5.850465269e-01,1.375212197e+02
1.298940669e+00,5.944827612e-01,1.374644273e+02
1.298940669e+00,6.039189955e-01,1.374067868e+02
1.298940669e+00,6.133552298e-01,1.373482901e+02
1.298940669e+00,6.227914641e-01,1.372889460e+02
1.298940669e+00,6.322276984e-01,1.372287483e+02
1.298940669e+00,6.416639327e-01,1.371677040e+02
1.298940669e+00,6.511001670e-01,1.371058144e+02
1.298940669e+00,6.605364013e-01,1.370430862e+02
1.298940669e+00,6.605364013e-01,1.370403377e+02
1.298940669e+00,6.699726356e-01,1.369795165e+02
1.298940669e+00,6.794088699e-01,1.369151027e+02
1.298940669e+00,6.888451042e-01,1.368498629e+02
1.298940669e+00,6.982813385e-01,1.367837809e+02
1.298940669e+00,7.077175728e-01,1.367168667e+02
1.298940669e+00,7.171538071e-01,1.366491241e+02
1.298940669e+00,7.265900415e-01,1.365805509e+02
1.298940669e+00,7.360262758e-01,1.365111530e+02
1.298940669e+00,7.454625101e-01,1.364409386e+02
1.298940669e+00,7.548987444e-01,1.363698977e+02
1.298940669e+00,7.548987444e-01,1.363965059e+02
1.298940669e+00,7.643349787e-01,1.362980409e+02
1.298940669e+00,7.737712130e-01,1.362253586e+02
1.298940669e+00,7.832074473e-01,1.361518576e+02
1.298940669e+00,7.926436816e-01,1.360775512e+02
1.298940669e+00,8.020799159e-01,1.360024290e+02
1.298940669e+00,8.115161502e-01,1.359265018e+02
1.298940669e+00,8.209523845e-01,1.358497733e+02
1.298940669e+00,8.303886188e-01,1.357722486e+02
1.298940669e+00,8.398248531e-01,1.356939219e+02
1.298940669e+00,8.492610874e-01,1.356147977e+02
1.298940669e+00,8.492610874e-01,1.356463895e+02
1.298940669e+00,8.586973217e-01,1.355348825e+02
1.298940669e+00,8.681335560e-01,1.354541748e+02
1.298940669e+00,8.775697903e-01,1.353726741e+02
1.298940669e+00,8.870060246e-01,1.352903893e+02
1.298940669e+00,8.964422589e-01,1.352073223e+02
1.298940669e+00,9.058784932e-01,1.351234756e+02
1.298940669e+00,9.153147275e-01,1.350388473e+02
1.298940669e+00,9.247509618e-01,1.349534455e+02
1.298940669e+00,9.341871962e-01,1.348672708e+02
1.298940669e+00,9.436234305e-01,1.347803225e+02
1.298940669e+00,9.436234305e-01,1.348152632e+02
1.298940669e+00,9.530596648e-01,1.346926032e+02
1.298940669e+00,9.624958991e-01,1.346041072e+02
1.298940669e+00,9.719321334e-01,1.345148534e+02
1.298940669e+00,9.813683677e-01,1.344248416e+02
1.298940669e+00,9.908046020e-01,1.343340690e+02
1.298940669e+00,1.000240836e+00,1.342425479e+02
1.298940669e+00,1.009677071e+00,1.341502807e+02
1.298940669e+00,1.019113305e+00,1.340572646e+02
1.298940669e+00,1.028549539e+00,1.339635122e+02
1.298940669e+00,1.037985774e+00,1.338690162e+02
1.298940669e+00,1.037985774e+00,1.339073252e+02
1.298940669e+00,1.047422008e+00,1.337737713e+02
1.298940669e+00,1.056858242e+00,1.336777891e+02
1.298940669e+00,1.066294476e+00,1.335810807e+02
1.298940669e+00,1.075730711e+00,1.334836412e+02
1.298940669e+00,1.085166945e+00,1.333854688e+02
1.298940669e+00,1.094603179e+00,1.332865633e+02
1.298940669e+00,1.104039414e+00,1.331869379e+02
1.298940669e+00,1.113475648e+00,1.330865846e+02
1.298940669e+00,1.122911882e+00,1.329855151e+02
1.298940669e+00,1.132348117e+00,1.328837416e+02
1.298940669e+00,1.132348117e+00,1.329255226e+02
1.298940669e+00,1.141784351e+00,1.327812584e+02
1.298940669e+00,1.151220585e+00,1.326780676e+02
1.298940669e+00,1.160656819e+00,1.325741809e+02
1.298940669e+00,1.170093054e+00,1.324695936e+02
1.298940669e+00,1.179529288e+00,1.323643154e+02
1.298940669e+00,1.188965522e+00,1.322583360e+02
1.298940669e+00,1.198401757e+00,1.321516474e+02
1.298940669e+00,1.207837991e+00,1.320442861e+02
1.298940669e+00,1.217274225e+00,1.319362462e+02
1.298940669e+00,1.226710460e+00,1.318275091e+02
1.298940669e+00,1.226710460e+00,1.318763123e+02
1.298940669e+00,1.236146694e+00,1.317180847e+02
1.298940669e+00,1.245582928e+00,1.316079783e+02
1.298940669e+00,1.255019163e+00,1.314972093e+02
1.298940669e+00,1.264455397e+00,1.313857709e+02
1.298940669e+00,1.273891631e+00,1.312736805e+02
1.298940669e+00,1.321072803e+00,1.307781147e+02
1.298940669e+00,1.321072803e+00,1.307445173e+02
1.298940669e+00,1.368253974e+00,1.301594267e+02
1.298940669e+00,1.415435146e+00,1.295950944e+02
1.298940669e+00,1.415435146e+00,1.295586281e+02
1.298940669e+00,1.462616317e+00,1.289424773e+02
1.298940669e+00,1.509797489e+00,1.283499719e+02
1.298940669e+00,1.509797489e+00,1.283113920e+02
1.298940669e+00,1.556978660e+00,1.276657957e+02
1.298940669e+00,1.604159832e+00,1.270389941e+02
1.298940669e+00,1.604159832e+00,1.270466444e+02
1.298940669e+00,1.651341003e+00,1.263359287e+02
1.298940669e+00,1.698522175e+00,1.256885261e+02
1.298940669e+00,1.698522175e+00,1.256807871e+02
1.298940669e+00,1.745703346e+00,1.249836796e+02
1.298940669e+00,1.792884518e+00,1.242789878e+02
1.298940669e+00,1.792884518e+00,1.242726454e+02
1.298940669e+00,1.840065689e+00,1.235495897e+02
1.298940669e+00,1.887246861e+00,1.228214468e+02
1.298940669e+00,1.887246861e+00,1.228149127e+02
1.298940669e+00,1.934428032e+00,1.220691268e+02
1.298940669e+00,1.958018618e+00,1.214945361e+02
1.298940669e+00,1.981609204e+00,1.213192754e+02
1.298940669e+00,1.981609204e+00,1.210409706e+02
1.298940669e+00,2.005199790e+00,1.206255823e+02
1.298940669e+00,2.075971547e+00,1.197759667e+02
1.298940669e+00,2.170333890e+00,1.181948931e+02
1.298940669e+00,2.264696233e+00,1.165792707e+02
1.298940669e+00,2.359058576e+00,1.149324355e+02
1.298940669e+00,2.453420919e+00,1.132575645e+02
1.298940669e+00,2.547783262e+00,1.115757938e+02
1.298940669e+00,2.642145605e+00,1.098547681e+02
1.298940669e+00,2.736507948e+00,1.081147334e+02
1.298940669e+00,2.830870291e+00,1.063568678e+02
1.298940669e+00,2.925232634e+00,1.045894786e+02
1.298940669e+00,3.019594977e+00,1.028097795e+02
1.298940669e+00,3.113957321e+00,1.010218036e+02
1.298940669e+00,3.208319664e+00,9.921077419e+01
1.298940669e+00,3.302682007e+00,9.743275935e+01
1.298940669e+00,3.397044350e+00,9.563628080e+01
1.298940669e+00,3.491406693e+00,9.384090020e+01
1.298940669e+00,3.585769036e+00,9.204902812e+01
1.298940669e+00,3.680131379e+00,9.026296386e+01
1.298940669e+00,3.774493722e+00,8.846312990e+01
1.298940669e+00,3.868856065e+00,8.671244879e+01
1.298940669e+00,3.963218408e+00,8.495492135e+01
1.298940669e+00,4.057580751e+00,8.320833999e+01
1.298940669e+00,4.151943094e+00,8.147562256e+01
1.298940669e+00,4.246305437e+00,7.973428224e+01
1.298940669e+00,4.340667780e+00,7.803066179e+01
1.298940669e+00,4.435030123e+00,7.634679700e+01
1.298940669e+00,4.529392466e+00,7.470636094e+01
1.298940669e+00,4.623754809e+00,7.306503844e+01
1.298940669e+00,4.718117152e+00,7.141885765e+01
1.298940669e+00,4.812479495e+00,6.981413217e+01
1.298940669e+00,4.906841838e+00,6.838634291e+01
1.298940669e+00,5.001204181e+00,6.669643678e+01
1.298940669e+00,5.095566524e+00,6.518695133e+01
1.298940669e+00,5.189928868e+00,6.368902816e+01
1.298940669e+00,5.284291211e+00,6.221681566e+01
1.298940669e+00,5.378653554e+00,6.077241701e+01
1.298940669e+00,5.473015897e+00,5.932092792e+01
1.298940669e+00,5.567378240e+00,5.792326690e+01
1.298940669e+00,5.661740583e+00,5.660577020e+01
1.298940669e+00,5.756102926e+00,5.529321814e+01
1.298940669e+00,5.850465269e+00,5.400795958e+01
1.298940669e+00,5.944827612e+00,5.118060227e+01
1.298940669e+00,6.039189955e+00,5.147191148e+01
1.298940669e+00,6.133552298e+00,5.043410274e+01
1.499413584e+00,0.000000000e+00,1.617526142e+02
1.499413584e+00,6.120602741e-03,1.617586268e+02
1.499413584e+00,1.224120548e-02,1.617277269e+02
1.499413584e+00,1.224120548e-02,1.617102885e+02
1.499413584e+00,1.836180822e-02,1.617071281e+02
1.499413584e+00,2.448241096e-02,1.617067252e+02
1.499413584e+00,2.448241096e-02,1.616991186e+02
1.499413584e+00,3.060301370e-02,1.616960515e+02
1.499413584e+00,3.672361645e-02,1.616891696e+02
1.499413584e+00,3.672361645e-02,1.616962725e+02
1.499413584e+00,4.284421919e-02,1.616839956e+02
1.499413584e+00,4.896482193e-02,1.616847381e+02
1.499413584e+00,4.896482193e-02,1.616800135e+02
1.499413584e+00,5.508542467e-02,1.616765586e+02
1.499413584e+00,6.120602741e-02,1.616787916e+02
1.499413584e+00,6.120602741e-02,1.616732443e+02
1.499413584e+00,6.732663015e-02,1.616698661e+02
1.499413584e+00,7.344723289e-02,1.616692417e+02
1.499413584e+00,7.344723289e-02,1.616663187e+02
1.499413584e+00,7.956783563e-02,1.616625473e+02
1.499413584e+00,8.568843837e-02,1.616594727e+02
1.499413584e+00,8.568843837e-02,1.616585238e+02
1.499413584e+00,9.180904111e-02,1.616542337e+02
1.499413584e+00,9.792964385e-02,1.616496698e+02
1.499413584e+00,9.792964385e-02,1.616493397e+02
1.499413584e+00,1.040502466e-01,1.616448280e+02
1.499413584e+00,1.101708493e-01,1.616385009e+02
1.499413584e+00,1.101708493e-01,1.616397060e+02
1.499413584e+00,1.162914521e-01,1.616343026e+02
1.499413584e+00,1.224120548e-01,1.616410304e+02
1.499413584e+00,1.224120548e-01,1.616286174e+02
1.499413584e+00,1.285326576e-01,1.616226509e+02
1.499413584e+00,1.346532603e-01,1.616164027e+02
1.499413584e+00,1.346532603e-01,1.616140626e+02
1.499413584e+00,1.407738630e-01,1.616098724e+02
1.499413584e+00,1.468944658e-01,1.616030602e+02
1.499413584e+00,1.468944658e-01,1.616004469e+02
1.499413584e+00,1.530150685e-01,1.615959664e+02
1.499413584e+00,1.591356713e-01,1.615853114e+02
1.499413584e+00,1.591356713e-01,1.615885911e+02
1.499413584e+00,1.652562740e-01,1.615809337e+02
1.499413584e+00,1.713768767e-01,1.615729944e+02
1.499413584e+00,1.713768767e-01,1.615696145e+02
1.499413584e+00,1.774974795e-01,1.615647741e+02
1.499413584e+00,1.836180822e-01,1.615522011e+02
1.499413584e+00,1.836180822e-01,1.615562715e+02
1.499413584e+00,1.897386850e-01,1.615474878e+02
1.499413584e+00,1.958592877e-01,1.615384213e+02
1.499413584e+00,1.958592877e-01,1.615342915e+02
1.499413584e+00,2.019798904e-01,1.615290745e+02
1.499413584e+00,2.081004932e-01,1.615146646e+02
1.499413584e+00,2.081004932e-01,1.615194462e+02
1.499413584e+00,2.142210959e-01,1.615095368e+02
1.499413584e+00,2.203416987e-01,1.614993460e+02
1.499413584e+00,2.203416987e-01,1.614944898e+02
1.499413584e+00,2.264623014e-01,1.614888743e+02
1.499413584e+00,2.325829042e-01,1.614725995e+02
1.499413584e+00,2.325829042e-01,1.614781217e+02
1.499413584e+00,2.387035069e-01,1.614670885e+02
1.499413584e+00,2.448241096e-01,1.613899034e+02
1.499413584e+00,2.448241096e-01,1.614557743e+02
1.499413584e+00,2.509447124e-01,1.614441793e+02
1.499413584e+00,2.570653151e-01,1.614261292e+02
1.499413584e+00,2.570653151e-01,1.614323037e+02
1.499413584e+00,2.631859179e-01,1.614201476e+02
1.499413584e+00,2.693065206e-01,1.614014468e+02
1.499413584e+00,2.693065206e-01,1.614077117e+02
1.499413584e+00,2.754271233e-01,1.613949958e+02
1.499413584e+00,2.815477261e-01,1.613820000e+02
1.499413584e+00,2.815477261e-01,1.613751221e+02
1.499413584e+00,2.876683288e-01,1.613687243e+02
1.499413584e+00,2.937889316e-01,1.613551690e+02
1.499413584e+00,2.937889316e-01,1.613482185e+02
1.499413584e+00,2.999095343e-01,1.613413339e+02
1.499413584e+00,3.060301370e-01,1.613272183e+02
1.499413584e+00,3.060301370e-01,1.613196272e+02
1.499413584e+00,3.121507398e-01,1.613128230e+02
1.499413584e+00,3.182713425e-01,1.612981488e+02
1.499413584e+00,3.182713425e-01,1.612904444e+02
1.499413584e+00,3.243919453e-01,1.612831955e+02
1.499413584e+00,3.305125480e-01,1.612597732e+02
1.499413584e+00,3.305125480e-01,1.612679635e+02
1.499413584e+00,3.366331507e-01,1.612524517e+02
1.499413584e+00,3.427537535e-01,1.612282824e+02
1.499413584e+00,3.427537535e-01,1.612243986e+02
1.499413584e+00,3.488743562e-01,1.612192382e+02
1.499413584e+00,3.549949590e-01,1.611953650e+02
1.499413584e+00,3.549949590e-01,1.612040996e+02
1.499413584e+00,3.611155617e-01,1.611876041e+02
1.499413584e+00,3.672361645e-01,1.610186715e+02
1.499413584e+00,3.672361645e-01,1.611707153e+02
1.499413584e+00,3.733567672e-01,1.611535362e+02
1.499413584e+00,3.794773699e-01,1.611360781e+02
1.499413584e+00,3.855979727e-01,1.611183428e+02
1.499413584e+00,3.917185754e-01,1.611003306e+02
1.499413584e+00,3.978391782e-01,1.610820409e+02
1.499413584e+00,4.039597809e-01,1.610634740e+02
1.499413584e+00,4.100803836e-01,1.610446291e+02
1.499413584e+00,4.896482193e-01,1.605338608e+02
1.499413584e+00,6.120602741e-01,1.599342171e+02
1.499413584e+00,7.344723289e-01,1.595002195e+02
1.499413584e+00,8.568843837e-01,1.587877266e+02
1.499413584e+00,9.792964385e-01,1.580566297e+02
1.499413584e+00,1.101708493e+00,1.571373122e+02
1.499413584e+00,1.224120548e+00,1.561131337e+02
1.499413584e+00,1.346532603e+00,1.550502149e+02
1.499413584e+00,1.468944658e+00,1.538495118e+02
1.499413584e+00,1.530150685e+00,1.531255321e+02
1.499413584e+00,1.591356713e+00,1.525603324e+02
1.499413584e+00,1.652562740e+00,1.514198408e+02
1.499413584e+00,1.713768767e+00,1.511888898e+02
1.499413584e+00,1.836180822e+00,1.497394015e+02
1.499413584e+00,1.958592877e+00,1.482160383e+02
1.499413584e+00,2.081004932e+00,1.466542914e+02
1.499413584e+00,2.203416987e+00,1.449982363e+02
1.499413584e+00,2.325829042e+00,1.432802523e+02
1.499413584e+00,2.448241096e+00,1.415053897e+02
1.499413584e+00,2.570653151e+00,1.396779036e+02
1.499413584e+00,2.693065206e+00,1.378020120e+02
1.499413584e+00,2.815477261e+00,1.358818789e+02
1.499413584e+00,2.937889316e+00,1.339216075e+02
1.499413584e+00,3.060301370e+00,1.319334649e+02
1.499413584e+00,3.182713425e+00,1.298965529e+02
1.499413584e+00,3.305125480e+00,1.278392516e+02
1.499413584e+00,3.427537535e+00,1.257573510e+02
1.499413584e+00,3.549949590e+00,1.236542290e+02
1.499413584e+00,3.672361645e+00,1.201550541e+02
1.499413584e+00,3.794773699e+00,1.194123875e+02
1.499413584e+00,3.917185754e+00,1.158240818e+02
1.499413584e+00,4.039597809e+00,1.151141003e+02
1.499413584e+00,4.162009864e+00,1.114630079e+02
1.499413584e+00,4.284421919e+00,1.108101041e+02
1.499413584e+00,4.406833973e+00,1.086274311e+02
1.499413584e+00,4.529246028e+00,1.064721848e+02
1.499413584e+00,4.651658083e+00,1.043244697e+02
1.499413584e+00,4.774070138e+00,1.021863692e+02
1.499413584e+00,4.896482193e+00,1.000594611e+02
1.499413584e+00,5.018894248e+00,9.794617474e+01
1.499413584e+00,5.141306302e+00,9.584859957e+01
1.499413584e+00,5.263718357e+00,9.376868825e+01
1.499413584e+00,5.386130412e+00,9.170844357e+01
1.499413584e+00,5.508542467e+00,8.966957828e+01
1.499413584e+00,5.630954522e+00,8.768267179e+01
1.499413584e+00,5.753366576e+00,8.569480930e+01
1.499413584e+00,5.875778631e+00,8.370201092e+01
1.499413584e+00,5.998190686e+00,8.176103030e+01
1.499413584e+00,6.120602741e+00,7.985100707e+01
1.499413584e+00,6.243014796e+00,7.797159148e+01
1.499413584e+00,6.365426850e+00,7.612368549e+01
1.499413584e+00,6.487838905e+00,7.430840655e+01
1.499413584e+00,6.610250960e+00,7.252797445e+01
1.499413584e+00,6.732663015e+00,7.078271242e+01
1.499413584e+00,6.855075070e+00,6.907461647e+01
1.499413584e+00,6.977487125e+00,6.740441987e+01
1.499413584e+00,7.099899179e+00,6.577380766e+01
1.499413584e+00,7.222311234e+00,6.418332229e+01
1.499413584e+00,7.344723289e+00,6.263558495e+01
1.499413584e+00,7.467135344e+00,6.113258596e+01
1.499413584e+00,7.589547399e+00,5.967372341e+01
1.499413584e+00,7.711959453e+00,5.833328153e+01
1.499413584e+00,7.711960000e+00,5.839997177e+01
1.499413584e+00,7.724201205e+00,5.842537974e+01
1.499413584e+00,7.736442411e+00,5.839025185e+01
1.898992482e+00,0.000000000e+00,2.068454210e+02
1.898992482e+00,1.903086224e-02,2.068142330e+02
1.898992482e+00,3.806172447e-02,2.067879509e+02
1.898992482e+00,5.709258671e-02,2.067748606e+02
1.898992482e+00,7.612344894e-02,2.067597294e+02
1.898992482e+00,9.515431118e-02,2.067516048e+02
1.898992482e+00,1.141851734e-01,2.067382661e+02
1.898992482e+00,1.332160356e-01,2.067245875e+02
1.898992482e+00,1.522468979e-01,2.067102247e+02
1.898992482e+00,1.712777601e-01,2.066947979e+02
1.898992482e+00,1.903086224e-01,2.066893262e+02
1.898992482e+00,2.093394846e-01,2.066597896e+02
1.898992482e+00,2.283703468e-01,2.066395823e+02
1.898992482e+00,2.474012091e-01,2.066182754e+02
1.898992482e+00,2.664320713e-01,2.065951957e+02
1.898992482e+00,2.854629335e-01,2.065705599e+02
1.898992482e+00,3.044937958e-01,2.065442834e+02
1.898992482e+00,3.235246580e-01,2.065163668e+02
1.898992482e+00,3.425555202e-01,2.064869222e+02
1.898992482e+00,3.615863825e-01,2.064556856e+02
1.898992482e+00,3.806172447e-01,2.063305948e+02
1.898992482e+00,3.996481069e-01,2.063884868e+02
1.898992482e+00,4.186789692e-01,2.063526521e+02
1.898992482e+00,4.377098314e-01,2.063148830e+02
1.898992482e+00,4.567406936e-01,2.062755803e+02
1.898992482e+00,4.757715559e-01,2.062347248e+02
1.898992482e+00,4.948024181e-01,2.061922956e+02
1.898992482e+00,5.138332803e-01,2.061481681e+02
1.898992482e+00,5.328641426e-01,2.061026423e+02
1.898992482e+00,5.518950048e-01,2.060551837e+02
1.898992482e+00,5.709258671e-01,2.057974521e+02
1.898992482e+00,5.899567293e-01,2.059557461e+02
1.898992482e+00,6.089875915e-01,2.059036667e+02
1.898992482e+00,6.280184538e-01,2.058499015e+02
1.898992482e+00,6.470493160e-01,2.057945776e+02
1.898992482e+00,6.660801782e-01,2.057376627e+02
1.898992482e+00,6.851110405e-01,2.056791585e+02
1.898992482e+00,7.041419027e-01,2.056190551e+02
1.898992482e+00,7.231727649e-01,2.055573641e+02
1.898992482e+00,7.422036272e-01,2.054940909e+02
1.898992482e+00,7.612344894e-01,2.050940323e+02
1.898992482e+00,7.802653516e-01,2.053628037e+02
1.898992482e+00,7.992962139e-01,2.052947934e+02
1.898992482e+00,8.183270761e-01,2.052148455e+02
1.898992482e+00,8.373579383e-01,2.051527823e+02
1.898992482e+00,8.563888006e-01,2.050704903e+02
1.898992482e+00,8.754196628e-01,2.050057060e+02
1.898992482e+00,8.944505250e-01,2.049199094e+02
1.898992482e+00,9.134813873e-01,2.048523780e+02
1.898992482e+00,9.325122495e-01,2.047630854e+02
1.898992482e+00,9.515431118e-01,2.042359870e+02
1.898992482e+00,9.705739740e-01,2.045995805e+02
1.898992482e+00,9.896048362e-01,2.045157267e+02
1.898992482e+00,1.008635698e+00,2.044303319e+02
1.898992482e+00,1.027666561e+00,2.043434022e+02
1.898992482e+00,1.046697423e+00,2.042549408e+02
1.898992482e+00,1.065728285e+00,2.041649490e+02
1.898992482e+00,1.084759147e+00,2.040734177e+02
1.898992482e+00,1.103790010e+00,2.039803710e+02
1.898992482e+00,1.122820872e+00,2.038857978e+02
1.898992482e+00,1.141851734e+00,2.032225451e+02
1.898992482e+00,1.160882596e+00,2.036921076e+02
1.898992482e+00,1.179913459e+00,2.035929974e+02
1.898992482e+00,1.198944321e+00,2.034923837e+02
1.898992482e+00,1.217975183e+00,2.033902749e+02
1.898992482e+00,1.237006045e+00,2.032866707e+02
1.898992482e+00,1.256036908e+00,2.031815882e+02
1.898992482e+00,1.275067770e+00,2.030750173e+02
1.898992482e+00,1.294098632e+00,2.029669559e+02
1.898992482e+00,1.313129494e+00,2.028574071e+02
1.898992482e+00,1.332160356e+00,2.020577916e+02
1.898992482e+00,1.351191219e+00,2.026338658e+02
1.898992482e+00,1.370222081e+00,2.025198818e+02
1.898992482e+00,1.389252943e+00,2.024044229e+02
1.898992482e+00,1.522468979e+00,2.007463361e+02
1.898992482e+00,1.712777601e+00,1.992930191e+02
1.898992482e+00,1.903086224e+00,1.977034179e+02
1.898992482e+00,2.093394846e+00,1.959833358e+02
1.898992482e+00,2.283703468e+00,1.941387820e+02
1.898992482e+00,2.474012091e+00,1.921761330e+02
1.898992482e+00,2.664320713e+00,1.917164512e+02
1.898992482e+00,2.854629335e+00,1.896755906e+02
1.898992482e+00,3.044937958e+00,1.875139753e+02
1.898992482e+00,3.235246580e+00,1.852572139e+02
1.898992482e+00,3.425555202e+00,1.829125310e+02
1.898992482e+00,3.615863825e+00,1.804865547e+02
1.898992482e+00,3.806172447e+00,1.779855276e+02
1.898992482e+00,3.996481069e+00,1.754162942e+02
1.898992482e+00,4.186789692e+00,1.727850760e+02
1.898992482e+00,4.377098314e+00,1.700980145e+02
1.898992482e+00,4.567406936e+00,1.673612265e+02
1.898992482e+00,4.757715559e+00,1.645810296e+02
1.898992482e+00,4.948024181e+00,1.599831195e+02
1.898992482e+00,5.138332803e+00,1.589297394e+02
1.898992482e+00,5.328641426e+00,1.541657251e+02
1.898992482e+00,5.518950048e+00,1.530684366e+02
1.898992482e+00,5.709258671e+00,1.502171625e+02
1.898992482e+00,5.899567293e+00,1.472902078e+02
1.898992482e+00,6.089875915e+00,1.443533940e+02
1.898992482e+00,6.280184538e+00,1.414869624e+02
1.898992482e+00,6.470493160e+00,1.384765783e+02
1.898992482e+00,6.660801782e+00,1.354656976e+02
1.898992482e+00,6.851110405e+00,1.326121760e+02
1.898992482e+00,7.041419027e+00,1.297028129e+02
1.898992482e+00,7.231727649e+00,1.268065287e+02
1.898992482e+00,7.422036272e+00,1.239292776e+02
1.898992482e+00,7.612344894e+00,1.210747759e+02
1.898992482e+00,7.802653516e+00,1.182462156e+02
1.898992482e+00,7.992962139e+00,1.154856683e+02
1.898992482e+00,8.183270761e+00,1.127224920e+02
1.898992482e+00,8.373579383e+00,1.099921107e+02
1.898992482e+00,8.563888006e+00,1.072585289e+02
1.898992482e+00,8.754196628e+00,1.045967157e+02
1.898992482e+00,8.944505250e+00,1.019841461e+02
1.898992482e+00,9.134813873e+00,9.941621034e+01
1.898992482e+00,9.325122495e+00,9.689489501e+01
1.898992482e+00,9.515431118e+00,9.442350448e+01
1.898992482e+00,9.705739740e+00,9.200388024e+01
1.898992482e+00,9.896048362e+00,8.963930394e+01
1.898992482e+00,1.008635698e+01,8.735155935e+01
1.898992482e+00,1.027666561e+01,8.508620400e+01
1.898992482e+00,1.046697423e+01,8.290077613e+01
1.898992482e+00,1.065728285e+01,8.078287753e+01
1.898992482e+00,1.084759147e+01,7.873135928e+01
1.898992482e+00,1.103790010e+01,7.684921722e+01
