-6.396682817e+00,-1.506822489e+01,-2.760201723e-01
-6.396682817e+00,-1.437507771e+01,-2.761737008e-01
-6.396682817e+00,-1.396961260e+01,-2.762973217e-01
-6.396682817e+00,-1.368193053e+01,-2.764057943e-01
-6.396682817e+00,-1.345878698e+01,-2.765113441e-01
-6.396682817e+00,-1.327646542e+01,-2.766197175e-01
-6.396682817e+00,-1.312231474e+01,-2.767390546e-01
-6.396682817e+00,-1.298878335e+01,-2.768697011e-01
-6.396682817e+00,-1.287100032e+01,-2.770131418e-01
-6.396682817e+00,-1.276563980e+01,-2.770436832e-01
-6.396682817e+00,-1.276563980e+01,-2.770443240e-01
-6.396682817e+00,-1.267032962e+01,-2.773414093e-01
-6.396682817e+00,-1.258331824e+01,-2.775269824e-01
-6.396682817e+00,-1.250327554e+01,-2.777270909e-01
-6.396682817e+00,-1.242916756e+01,-2.779418147e-01
-6.396682817e+00,-1.236017469e+01,-2.781711977e-01
-6.396682817e+00,-1.229563617e+01,-2.784152597e-01
-6.396682817e+00,-1.223501155e+01,-2.786740135e-01
-6.396682817e+00,-1.217785313e+01,-2.789474607e-01
-6.396682817e+00,-1.212378591e+01,-2.792355831e-01
-6.396682817e+00,-1.207249262e+01,-2.795422293e-01
-6.396682817e+00,-1.207249262e+01,-2.795417299e-01
-6.396682817e+00,-1.202370245e+01,-2.798558562e-01
-6.396682817e+00,-1.197718244e+01,-2.801879867e-01
-6.396682817e+00,-1.193273068e+01,-2.805347751e-01
-6.396682817e+00,-1.189017106e+01,-2.808982452e-01
-6.396682817e+00,-1.184934907e+01,-2.812743451e-01
-6.396682817e+00,-1.181012835e+01,-2.816650571e-01
-6.396682817e+00,-1.177238803e+01,-2.820703654e-01
-6.396682817e+00,-1.173602038e+01,-2.824902434e-01
-6.396682817e+00,-1.170092906e+01,-2.829246917e-01
-6.396682817e+00,-1.166702751e+01,-2.832340787e-01
-6.396682817e+00,-1.166702751e+01,-2.832336164e-01
-6.396682817e+00,-1.163423769e+01,-2.838372050e-01
-6.396682817e+00,-1.160248899e+01,-2.843152389e-01
-6.396682817e+00,-1.157171733e+01,-2.848077780e-01
-6.396682817e+00,-1.154186437e+01,-2.853147890e-01
-6.396682817e+00,-1.151287683e+01,-2.855857050e-01
-6.396682817e+00,-1.148470595e+01,-2.860508293e-01
-6.396682817e+00,-1.145730698e+01,-2.865718170e-01
-6.396682817e+00,-1.143063873e+01,-2.871201490e-01
-6.396682817e+00,-1.140466325e+01,-2.876869316e-01
-6.396682817e+00,-1.137934544e+01,-2.884707975e-01
-6.396682817e+00,-1.137934544e+01,-2.882947529e-01
-6.396682817e+00,-1.135465283e+01,-2.888666117e-01
-6.396682817e+00,-1.133055527e+01,-2.894782846e-01
-6.396682817e+00,-1.130702478e+01,-2.901042937e-01
-6.396682817e+00,-1.128403526e+01,-2.907445804e-01
-6.396682817e+00,-1.126156240e+01,-2.913991067e-01
-6.396682817e+00,-1.123958350e+01,-2.920678747e-01
-6.396682817e+00,-1.121807729e+01,-2.927508524e-01
-6.396682817e+00,-1.119702388e+01,-2.934480119e-01
-6.396682817e+00,-1.117640459e+01,-2.941593202e-01
-6.396682817e+00,-1.115620189e+01,-2.949206352e-01
-6.396682817e+00,-1.115620189e+01,-2.949104162e-01
-6.396682817e+00,-1.113639926e+01,-2.956243803e-01
-6.396682817e+00,-1.111698117e+01,-2.963780766e-01
-6.396682817e+00,-1.109793298e+01,-2.971458220e-01
-6.396682817e+00,-1.107924085e+01,-2.979275926e-01
-6.396682817e+00,-1.106089171e+01,-2.987233899e-01
-6.396682817e+00,-1.104287320e+01,-2.995331699e-01
-6.396682817e+00,-1.102517362e+01,-3.003569110e-01
-6.396682817e+00,-1.100778188e+01,-3.011945822e-01
-6.396682817e+00,-1.099068745e+01,-3.020461567e-01
-6.396682817e+00,-1.097388033e+01,-3.027943436e-01
-6.396682817e+00,-1.097388033e+01,-3.029420752e-01
-6.396682817e+00,-1.095735103e+01,-3.037909133e-01
-6.396682817e+00,-1.094109051e+01,-3.046840413e-01
-6.396682817e+00,-1.092509017e+01,-3.055909702e-01
-6.396682817e+00,-1.090934181e+01,-3.065116628e-01
-6.396682817e+00,-1.089383762e+01,-3.074460971e-01
-6.396682817e+00,-1.081972965e+01,-3.121789997e-01
-6.396682817e+00,-1.081972965e+01,-3.121835282e-01
-6.396682817e+00,-1.075073678e+01,-3.173770918e-01
-6.396682817e+00,-1.068619826e+01,-3.229220521e-01
-6.396682817e+00,-1.068619826e+01,-3.229214867e-01
-6.396682817e+00,-1.062557364e+01,-3.287867129e-01
-6.396682817e+00,-1.056841522e+01,-3.349895899e-01
-6.396682817e+00,-1.056841522e+01,-3.349901822e-01
-6.396682817e+00,-1.051434800e+01,-3.415082012e-01
-6.396682817e+00,-1.046305471e+01,-3.483539708e-01
-6.396682817e+00,-1.046305471e+01,-3.483535084e-01
-6.396682817e+00,-1.041426454e+01,-3.555108742e-01
-6.396682817e+00,-1.039073404e+01,-3.592099524e-01
-6.396682817e+00,-1.036774453e+01,-3.628557719e-01
-6.396682817e+00,-1.036774453e+01,-3.629835905e-01
-6.396682817e+00,-1.034527167e+01,-3.668392721e-01
-6.396682817e+00,-1.032329276e+01,-3.706368953e-01
-6.396682817e+00,-1.030178656e+01,-3.746365637e-01
-6.396682817e+00,-1.028073315e+01,-3.787148362e-01
-6.396682817e+00,-1.028073315e+01,-3.787165421e-01
-6.396682817e+00,-1.027037036e+01,-3.807878627e-01
-6.396682817e+00,-1.026011386e+01,-3.828758241e-01
-6.396682817e+00,-1.024996149e+01,-3.849823044e-01
-6.396682817e+00,-1.023991116e+01,-3.871073601e-01
-6.396682817e+00,-1.022996082e+01,-3.892511848e-01
-6.396682817e+00,-1.022010853e+01,-3.914137628e-01
-6.396682817e+00,-1.021035235e+01,-3.935948246e-01
-6.396682817e+00,-1.020069044e+01,-3.957851561e-01
-6.396682817e+00,-1.020069044e+01,-3.957856273e-01
-6.396682817e+00,-1.019112099e+01,-3.980125342e-01
-6.396682817e+00,-1.018164225e+01,-4.002490218e-01
-6.396682817e+00,-1.017225251e+01,-4.025039088e-01
-6.396682817e+00,-1.016295011e+01,-4.047771888e-01
-6.396682817e+00,-1.015373346e+01,-4.070686726e-01
-6.396682817e+00,-1.014460098e+01,-4.093783909e-01
-6.396682817e+00,-1.013555114e+01,-4.117063378e-01
-6.396682817e+00,-1.012658247e+01,-4.140390962e-01
-6.396682817e+00,-1.012658247e+01,-4.140386330e-01
-6.396682817e+00,-1.011769352e+01,-4.164165331e-01
-6.396682817e+00,-1.010888289e+01,-4.187986917e-01
-6.396682817e+00,-1.010014921e+01,-4.211988629e-01
-6.396682817e+00,-1.009149115e+01,-4.236169664e-01
-6.396682817e+00,-1.008290741e+01,-4.260529294e-01
-6.396682817e+00,-1.007439672e+01,-4.285067980e-01
-6.396682817e+00,-1.006595785e+01,-4.309785313e-01
-6.396682817e+00,-1.005758960e+01,-4.334511919e-01
-6.396682817e+00,-1.005758960e+01,-4.334505427e-01
-6.396682817e+00,-1.004929080e+01,-4.359750577e-01
-6.396682817e+00,-1.004106030e+01,-4.384998820e-01
-6.396682817e+00,-1.003289699e+01,-4.410423831e-01
-6.396682817e+00,-1.002479978e+01,-4.436024708e-01
-6.396682817e+00,-1.001676760e+01,-4.461800200e-01
-6.396682817e+00,-1.000879943e+01,-4.487750432e-01
-6.396682817e+00,-1.000089425e+01,-4.513876831e-01
-6.396682817e+00,-9.993051077e+00,-4.539980697e-01
-6.396682817e+00,-9.993051077e+00,-4.539987592e-01
-6.396682817e+00,-9.985268937e+00,-4.566650623e-01
-6.396682817e+00,-9.977546891e+00,-4.593297797e-01
-6.396682817e+00,-9.969884018e+00,-4.620117840e-01
-6.396682817e+00,-9.962279419e+00,-4.647111253e-01
-6.396682817e+00,-9.954732213e+00,-4.674276686e-01
-6.396682817e+00,-9.947241541e+00,-4.701613220e-01
-6.396682817e+00,-9.939806563e+00,-4.729121929e-01
-6.396682817e+00,-9.932426455e+00,-4.756609313e-01
-6.396682817e+00,-9.932426455e+00,-4.756602752e-01
-6.396682817e+00,-9.925100415e+00,-4.784652682e-01
-6.396682817e+00,-9.917827656e+00,-4.812673915e-01
-6.396682817e+00,-9.910607408e+00,-4.840865078e-01
-6.396682817e+00,-9.903438919e+00,-4.869226132e-01
-6.396682817e+00,-9.896321451e+00,-4.897756045e-01
-6.396682817e+00,-9.889254284e+00,-4.926455596e-01
-6.396682817e+00,-9.882236711e+00,-4.955324345e-01
-6.396682817e+00,-9.875268042e+00,-4.984182021e-01
-6.396682817e+00,-9.875268042e+00,-4.984188143e-01
-6.396682817e+00,-9.868347599e+00,-5.013564997e-01
-6.396682817e+00,-9.861474720e+00,-5.042937663e-01
-6.396682817e+00,-9.854648754e+00,-5.072478163e-01
-6.396682817e+00,-9.847869067e+00,-5.102184781e-01
-6.396682817e+00,-9.841135035e+00,-5.132058402e-01
-6.396682817e+00,-9.834446047e+00,-5.162099477e-01
-6.396682817e+00,-9.827801504e+00,-5.192306160e-01
-6.396682817e+00,-9.821200820e+00,-5.222550655e-01
-6.396682817e+00,-9.821200820e+00,-5.222555279e-01
-6.396682817e+00,-9.814643420e+00,-5.253217756e-01
-6.396682817e+00,-9.808128739e+00,-5.283921739e-01
-6.396682817e+00,-9.801656224e+00,-5.314790557e-01
-6.396682817e+00,-9.795225334e+00,-5.345825225e-01
-6.396682817e+00,-9.788835536e+00,-5.377023221e-01
-6.396682817e+00,-9.782486308e+00,-5.408386023e-01
-6.396682817e+00,-9.776177139e+00,-5.439913709e-01
-6.396682817e+00,-9.769907526e+00,-5.471564144e-01
-6.396682817e+00,-9.769907526e+00,-5.471559528e-01
-6.396682817e+00,-9.763676976e+00,-5.503459347e-01
-6.396682817e+00,-9.757485006e+00,-5.535477063e-01
-6.396682817e+00,-9.751331140e+00,-5.567658161e-01
-6.396682817e+00,-9.745214913e+00,-5.600001553e-01
-6.396682817e+00,-9.739135867e+00,-5.632508820e-01
-6.396682817e+00,-9.733093553e+00,-5.665177745e-01
-6.396682817e+00,-9.727087529e+00,-5.698008493e-01
-6.396682817e+00,-9.721117362e+00,-5.731084966e-01
-6.396682817e+00,-9.721117362e+00,-5.731079201e-01
-6.396682817e+00,-9.715182626e+00,-5.764156516e-01
-6.396682817e+00,-9.709282904e+00,-5.797473112e-01
-6.396682817e+00,-9.703417785e+00,-5.830951922e-01
-6.396682817e+00,-9.697586864e+00,-5.864591542e-01
-6.396682817e+00,-9.691789747e+00,-5.898390272e-01
-6.396682817e+00,-9.686026042e+00,-5.932350193e-01
-6.396682817e+00,-9.680295367e+00,-5.966471495e-01
-6.396682817e+00,-9.674597346e+00,-6.001006175e-01
-6.396682817e+00,-9.674597346e+00,-6.001001601e-01
-6.396682817e+00,-9.668931609e+00,-6.035187251e-01
-6.396682817e+00,-9.663297791e+00,-6.069785396e-01
-6.396682817e+00,-9.657695535e+00,-6.104533519e-01
-6.396682817e+00,-9.652124490e+00,-6.139442351e-01
-6.396682817e+00,-9.646584310e+00,-6.174512757e-01
-6.396682817e+00,-9.641074654e+00,-6.209743573e-01
-6.396682817e+00,-9.635595188e+00,-6.245138583e-01
-6.396682817e+00,-9.630145584e+00,-6.281175072e-01
-6.396682817e+00,-9.630145584e+00,-6.281179648e-01
-6.396682817e+00,-9.624725516e+00,-6.316419632e-01
-6.396682817e+00,-9.619334667e+00,-6.352307035e-01
-6.396682817e+00,-9.613972724e+00,-6.388359147e-01
-6.396682817e+00,-9.608639378e+00,-6.424577672e-01
-6.396682817e+00,-9.603334326e+00,-6.460957377e-01
-6.396682817e+00,-9.598057269e+00,-6.497501767e-01
-6.396682817e+00,-9.587585969e+00,-6.571813216e-01
-6.396682817e+00,-9.587585969e+00,-6.571808597e-01
-6.396682817e+00,-9.546763975e+00,-6.872673033e-01
-6.396682817e+00,-9.546763975e+00,-6.872668392e-01
-6.396682817e+00,-9.507543262e+00,-7.183198756e-01
-6.396682817e+00,-9.507543262e+00,-7.185575112e-01
-6.396682817e+00,-9.469802934e+00,-7.503372284e-01
-6.396682817e+00,-9.469802934e+00,-7.506043981e-01
-6.396682817e+00,-9.433435289e+00,-7.833619653e-01
-6.396682817e+00,-9.433435289e+00,-7.836544168e-01
-6.396682817e+00,-9.398343970e+00,-8.174423071e-01
-6.396682817e+00,-9.398343970e+00,-8.177689443e-01
-6.396682817e+00,-9.364442418e+00,-8.526044438e-01
-6.396682817e+00,-9.364442418e+00,-8.529750555e-01
-6.396682817e+00,-9.331652595e+00,-8.892693564e-01
-6.396682817e+00,-9.331652595e+00,-8.892227405e-01
-6.396682817e+00,-9.299903897e+00,-9.266196046e-01
-6.396682817e+00,-9.299903897e+00,-9.266253368e-01
-6.396682817e+00,-9.269132238e+00,-9.650053348e-01
-6.396682817e+00,-9.269132238e+00,-9.650041914e-01
-6.396682817e+00,-9.239279275e+00,-1.004369100e+00
-6.396682817e+00,-9.239279275e+00,-1.004369650e+00
-6.396682817e+00,-9.210291738e+00,-1.044683716e+00
-6.396682817e+00,-9.210291738e+00,-1.044684182e+00
-6.396682817e+00,-9.182120861e+00,-1.085923384e+00
-6.396682817e+00,-9.182120861e+00,-1.085923840e+00
-6.396682817e+00,-9.154721887e+00,-1.128072517e+00
-6.396682817e+00,-9.154721887e+00,-1.128072977e+00
-6.396682817e+00,-9.128053640e+00,-1.170327377e+00
-6.396682817e+00,-9.128053640e+00,-1.171126744e+00
-6.396682817e+00,-9.102078153e+00,-1.215089962e+00
-6.396682817e+00,-9.102078153e+00,-1.213922269e+00
-6.396682817e+00,-9.076760345e+00,-1.259964923e+00
-6.396682817e+00,-9.076760345e+00,-1.258507980e+00
-6.396682817e+00,-9.052067733e+00,-1.301989034e+00
-6.396682817e+00,-9.052067733e+00,-1.305779559e+00
-6.396682817e+00,-9.027970181e+00,-1.351360972e+00
-6.396682817e+00,-9.027970181e+00,-1.339530760e+00
-6.396682817e+00,-9.027968816e+00,-1.342231269e+00
-6.396682817e+00,-9.027968816e+00,-1.341843538e+00
-6.396682817e+00,-9.027373756e+00,-1.351807282e+00
-6.396682817e+00,-9.027225046e+00,-1.362672784e+00
-6.396682817e+00,-9.025590697e+00,-1.345030985e+00
-6.396682817e+00,-9.023218220e+00,-1.349342215e+00
-6.396682817e+00,-9.020851358e+00,-1.353872870e+00
-6.396682817e+00,-9.004439684e+00,-1.401442082e+00
-6.396682817e+00,-8.992878861e+00,-1.427646286e+00
-6.396682817e+00,-8.991443111e+00,-1.435980250e+00
-5.703931280e+00,-1.381545502e+01,1.955922433e-01
-5.703931280e+00,-1.312230784e+01,1.954315740e-01
-5.703931280e+00,-1.271684273e+01,1.952977085e-01
-5.703931280e+00,-1.242916066e+01,1.951753916e-01
-5.703931280e+00,-1.220601711e+01,1.950495356e-01
-5.703931280e+00,-1.202369555e+01,1.949172003e-01
-5.703931280e+00,-1.186954487e+01,1.947765321e-01
-5.703931280e+00,-1.173601348e+01,1.946135114e-01
-5.703931280e+00,-1.161823044e+01,1.944408896e-01
-5.703931280e+00,-1.151286993e+01,1.943600080e-01
-5.703931280e+00,-1.151286993e+01,1.943593650e-01
-5.703931280e+00,-1.141755975e+01,1.940375309e-01
-5.703931280e+00,-1.133054837e+01,1.938084894e-01
-5.703931280e+00,-1.125050566e+01,1.935634900e-01
-5.703931280e+00,-1.117639769e+01,1.932995225e-01
-5.703931280e+00,-1.110740482e+01,1.930176769e-01
-5.703931280e+00,-1.104286630e+01,1.927148104e-01
-5.703931280e+00,-1.098224168e+01,1.923966644e-01
-5.703931280e+00,-1.092508326e+01,1.920605691e-01
-5.703931280e+00,-1.087101604e+01,1.917061927e-01
-5.703931280e+00,-1.081972275e+01,1.913252425e-01
-5.703931280e+00,-1.081972275e+01,1.913259070e-01
-5.703931280e+00,-1.077093258e+01,1.909437418e-01
-5.703931280e+00,-1.072441257e+01,1.905355132e-01
-5.703931280e+00,-1.067996080e+01,1.901093095e-01
-5.703931280e+00,-1.063740119e+01,1.896650865e-01
-5.703931280e+00,-1.059657920e+01,1.892029196e-01
-5.703931280e+00,-1.055735848e+01,1.887229347e-01
-5.703931280e+00,-1.051961815e+01,1.882249412e-01
-5.703931280e+00,-1.048325051e+01,1.877091281e-01
-5.703931280e+00,-1.044815919e+01,1.874276946e-01
-5.703931280e+00,-1.041425764e+01,1.867973005e-01
-5.703931280e+00,-1.041425764e+01,1.869553104e-01
-5.703931280e+00,-1.038146782e+01,1.864111440e-01
-5.703931280e+00,-1.034971912e+01,1.858427838e-01
-5.703931280e+00,-1.031894746e+01,1.852525822e-01
-5.703931280e+00,-1.028909450e+01,1.846433813e-01
-5.703931280e+00,-1.026010696e+01,1.840161174e-01
-5.703931280e+00,-1.023193608e+01,1.833710121e-01
-5.703931280e+00,-1.020453711e+01,1.827083223e-01
-5.703931280e+00,-1.017786886e+01,1.820278892e-01
-5.703931280e+00,-1.015189337e+01,1.813300231e-01
-5.703931280e+00,-1.012657557e+01,1.805855392e-01
-5.703931280e+00,-1.012657557e+01,1.805951402e-01
-5.703931280e+00,-1.010188295e+01,1.798814463e-01
-5.703931280e+00,-1.007778540e+01,1.791309503e-01
-5.703931280e+00,-1.005425490e+01,1.783630692e-01
-5.703931280e+00,-1.003126539e+01,1.775776814e-01
-5.703931280e+00,-1.000879253e+01,1.767749517e-01
-5.703931280e+00,-9.986813624e+00,1.759548814e-01
-5.703931280e+00,-9.965307419e+00,1.751174780e-01
-5.703931280e+00,-9.944254010e+00,1.742627255e-01
-5.703931280e+00,-9.923634722e+00,1.733908838e-01
-5.703931280e+00,-9.903432015e+00,1.724745841e-01
-5.703931280e+00,-9.903432015e+00,1.726223987e-01
-5.703931280e+00,-9.883629388e+00,1.715953376e-01
-5.703931280e+00,-9.864211302e+00,1.706718516e-01
-5.703931280e+00,-9.845163107e+00,1.697312989e-01
-5.703931280e+00,-9.826470974e+00,1.687736908e-01
-5.703931280e+00,-9.808121835e+00,1.677990000e-01
-5.703931280e+00,-9.790103330e+00,1.668073419e-01
-5.703931280e+00,-9.785648979e+00,1.664851165e-01
-5.703931280e+00,-9.774599143e+00,1.659960989e-01
-5.703931280e+00,-9.772403753e+00,1.657986229e-01
-5.703931280e+00,-9.763670073e+00,1.653996208e-01
-5.703931280e+00,-9.755012010e+00,1.647731067e-01
-5.703931280e+00,-9.752859157e+00,1.647688226e-01
-5.703931280e+00,-9.742163867e+00,1.641230215e-01
-5.703931280e+00,-9.737917577e+00,1.637306645e-01
-5.703931280e+00,-9.731581758e+00,1.634680315e-01
-5.703931280e+00,-9.729478708e+00,1.633304316e-01
-5.703931280e+00,-9.721110458e+00,1.628240201e-01
-5.703931280e+00,-9.721110458e+00,1.628191335e-01
-5.703931280e+00,-9.712811655e+00,1.623118335e-01
-5.703931280e+00,-9.710747671e+00,1.621365892e-01
-5.703931280e+00,-9.704581156e+00,1.617762492e-01
-5.703931280e+00,-9.700491171e+00,1.614608872e-01
-5.703931280e+00,-9.696417846e+00,1.612344081e-01
-5.703931280e+00,-9.690338800e+00,1.607786501e-01
-5.703931280e+00,-9.688320635e+00,1.606876117e-01
-5.703931280e+00,-9.680288464e+00,1.601365103e-01
-5.703931280e+00,-9.672320294e+00,1.595811957e-01
-5.703931280e+00,-9.670338133e+00,1.593943979e-01
-5.703931280e+00,-9.664415115e+00,1.590214628e-01
-5.703931280e+00,-9.660485836e+00,1.586925057e-01
-5.703931280e+00,-9.656571937e+00,1.584577735e-01
-5.703931280e+00,-9.650729661e+00,1.579841712e-01
-5.703931280e+00,-9.648789797e+00,1.578898593e-01
-5.703931280e+00,-9.641067751e+00,1.573178341e-01
-5.703931280e+00,-9.633404878e+00,1.567416459e-01
-5.703931280e+00,-9.631498300e+00,1.565478889e-01
-5.703931280e+00,-9.625800278e+00,1.561612341e-01
-5.703931280e+00,-9.622019556e+00,1.558200610e-01
-5.703931280e+00,-9.618253073e+00,1.555767284e-01
-5.703931280e+00,-9.612629815e+00,1.550857288e-01
-5.703931280e+00,-9.610762401e+00,1.549880262e-01
-5.703931280e+00,-9.603327423e+00,1.543953195e-01
-5.703931280e+00,-9.595947315e+00,1.537984499e-01
-5.703931280e+00,-9.594110767e+00,1.535977294e-01
-5.703931280e+00,-9.588621275e+00,1.531974586e-01
-5.703931280e+00,-9.584978284e+00,1.528439891e-01
-5.703931280e+00,-9.581348516e+00,1.525923847e-01
-5.703931280e+00,-9.575928448e+00,1.520840606e-01
-5.703931280e+00,-9.574128268e+00,1.519831351e-01
-5.703931280e+00,-9.566959778e+00,1.513446006e-01
-5.703931280e+00,-9.566959778e+00,1.513453725e-01
-5.703931280e+00,-9.559842311e+00,1.507522825e-01
-5.703931280e+00,-9.558070831e+00,1.505446115e-01
-5.703931280e+00,-9.552775143e+00,1.501307920e-01
-5.703931280e+00,-9.549260201e+00,1.497652601e-01
-5.703931280e+00,-9.545757571e+00,1.495051165e-01
-5.703931280e+00,-9.542267166e+00,1.491236566e-01
-5.703931280e+00,-9.540526521e+00,1.489796424e-01
-5.703931280e+00,-9.538788901e+00,1.487824038e-01
-5.703931280e+00,-9.433428386e+00,1.382301984e-01
-5.703931280e+00,-9.433428386e+00,1.382295240e-01
-5.703931280e+00,-9.315645350e+00,1.236508286e-01
-5.703931280e+00,-9.315645350e+00,1.235190116e-01
-5.703931280e+00,-9.210284834e+00,1.073946066e-01
-5.703931280e+00,-9.210284834e+00,1.073965912e-01
-5.703931280e+00,-9.114974655e+00,8.962587288e-02
-5.703931280e+00,-9.114974655e+00,8.962518414e-02
-5.703931280e+00,-9.027963278e+00,7.037807368e-02
-5.703931280e+00,-9.027963278e+00,7.037875148e-02
-5.703931280e+00,-8.947920570e+00,4.969162319e-02
-5.703931280e+00,-8.947920570e+00,4.969098741e-02
-5.703931280e+00,-8.873812598e+00,2.759847302e-02
-5.703931280e+00,-8.873812598e+00,2.759782807e-02
-5.703931280e+00,-8.804819726e+00,4.129449703e-03
-5.703931280e+00,-8.804819726e+00,4.130075464e-03
-5.703931280e+00,-8.740281205e+00,-2.068564628e-02
-5.703931280e+00,-8.740281205e+00,-2.068626529e-02
-5.703931280e+00,-8.679656583e+00,-4.682391739e-02
-5.703931280e+00,-8.679656583e+00,-4.682454277e-02
-5.703931280e+00,-8.622498170e+00,-7.426306810e-02
-5.703931280e+00,-8.622498170e+00,-7.426368046e-02
-5.703931280e+00,-8.568430948e+00,-1.029856997e-01
-5.703931280e+00,-8.568430948e+00,-1.029844302e-01
-5.703931280e+00,-8.517137654e+00,-1.329772076e-01
-5.703931280e+00,-8.517137654e+00,-1.329765994e-01
-5.703931280e+00,-8.468347490e+00,-1.642202049e-01
-5.703931280e+00,-8.468347490e+00,-1.642208189e-01
-5.703931280e+00,-8.421827474e+00,-1.967401752e-01
-5.703931280e+00,-8.421827474e+00,-1.967395601e-01
-5.703931280e+00,-8.377375712e+00,-2.304888266e-01
-5.703931280e+00,-8.377375712e+00,-2.304882002e-01
-5.703931280e+00,-8.334816097e+00,-2.654084469e-01
-5.703931280e+00,-8.334816097e+00,-2.654078173e-01
-5.703931280e+00,-8.293994103e+00,-3.015236104e-01
-5.703931280e+00,-8.293994103e+00,-3.015242453e-01
-5.703931280e+00,-8.254773389e+00,-3.389017127e-01
-5.703931280e+00,-8.254773389e+00,-3.392258160e-01
-5.703931280e+00,-8.217033061e+00,-3.779926203e-01
-5.703931280e+00,-8.217033061e+00,-3.775923111e-01
-5.703931280e+00,-8.180665417e+00,-4.176046364e-01
-5.703931280e+00,-8.180665417e+00,-4.180700159e-01
-5.703931280e+00,-8.145574098e+00,-4.593816105e-01
-5.703931280e+00,-8.145574098e+00,-4.594494702e-01
-5.703931280e+00,-8.111672546e+00,-5.020830593e-01
-5.703931280e+00,-8.111672546e+00,-5.020731301e-01
-5.703931280e+00,-8.078882723e+00,-5.459180993e-01
-5.703931280e+00,-8.078882723e+00,-5.459159158e-01
-5.703931280e+00,-8.047134025e+00,-5.909111533e-01
-5.703931280e+00,-8.047134025e+00,-5.909101692e-01
-5.703931280e+00,-8.016362366e+00,-6.370304683e-01
-5.703931280e+00,-8.016362366e+00,-6.370312508e-01
-5.703931280e+00,-7.986509403e+00,-6.834115291e-01
-5.703931280e+00,-7.986509403e+00,-6.842637562e-01
-5.703931280e+00,-7.957521866e+00,-7.326101415e-01
-5.703931280e+00,-7.957521866e+00,-7.313843398e-01
-5.703931280e+00,-7.929350989e+00,-7.805544901e-01
-5.703931280e+00,-7.929350989e+00,-7.820851519e-01
-5.703931280e+00,-7.901952015e+00,-8.327218179e-01
-5.703931280e+00,-7.901952015e+00,-8.286823806e-01
-5.703931280e+00,-7.875284044e+00,-8.818965788e-01
-5.703931280e+00,-7.875284044e+00,-8.679191592e-01
-5.703931280e+00,-7.875283768e+00,-8.705884205e-01
-5.703931280e+00,-7.875283768e+00,-8.832624111e-01
-5.703931280e+00,-7.849308550e+00,-9.378091238e-01
-5.703931280e+00,-7.836569521e+00,-9.672593838e-01
-5.298322011e+00,-1.506390811e+01,4.747256186e-01
-5.298322011e+00,-1.437076093e+01,4.746025398e-01
-5.298322011e+00,-1.396529582e+01,4.745265800e-01
-5.298322011e+00,-1.367761375e+01,4.744831446e-01
-5.298322011e+00,-1.345447020e+01,4.744583303e-01
-5.298322011e+00,-1.327214864e+01,4.744403016e-01
-5.298322011e+00,-1.311799796e+01,4.744277776e-01
-5.298322011e+00,-1.298446657e+01,4.744210128e-01
-5.298322011e+00,-1.286668353e+01,4.744143160e-01
-5.298322011e+00,-1.276132302e+01,4.746966713e-01
-5.298322011e+00,-1.266601284e+01,4.744025083e-01
-5.298322011e+00,-1.257900146e+01,4.743969830e-01
-5.298322011e+00,-1.249895875e+01,4.743913527e-01
-5.298322011e+00,-1.242485078e+01,4.743854618e-01
-5.298322011e+00,-1.235585791e+01,4.743791876e-01
-5.298322011e+00,-1.229131939e+01,4.743727168e-01
-5.298322011e+00,-1.223069477e+01,4.743654364e-01
-5.298322011e+00,-1.217353635e+01,4.743584364e-01
-5.298322011e+00,-1.211946913e+01,4.743503155e-01
-5.298322011e+00,-1.206817584e+01,4.744918427e-01
-5.298322011e+00,-1.201938567e+01,4.743337467e-01
-5.298322011e+00,-1.197286566e+01,4.743257881e-01
-5.298322011e+00,-1.192841389e+01,4.743156597e-01
-5.298322011e+00,-1.188585428e+01,4.743066318e-01
-5.298322011e+00,-1.184503228e+01,4.742964777e-01
-5.298322011e+00,-1.180581157e+01,4.742862201e-01
-5.298322011e+00,-1.176807124e+01,4.742758297e-01
-5.298322011e+00,-1.173170360e+01,4.742646607e-01
-5.298322011e+00,-1.169661228e+01,4.742526839e-01
-5.298322011e+00,-1.166271073e+01,4.742882726e-01
-5.298322011e+00,-1.162992090e+01,4.742288983e-01
-5.298322011e+00,-1.159817221e+01,4.742152672e-01
-5.298322011e+00,-1.156740055e+01,4.742033498e-01
-5.298322011e+00,-1.153754758e+01,4.741896435e-01
-5.298322011e+00,-1.150856005e+01,4.741750920e-01
-5.298322011e+00,-1.148038917e+01,4.741612426e-01
-5.298322011e+00,-1.145299020e+01,4.741461451e-01
-5.298322011e+00,-1.142632195e+01,4.741315626e-01
-5.298322011e+00,-1.140034646e+01,4.741160450e-01
-5.298322011e+00,-1.137502866e+01,4.740732033e-01
-5.298322011e+00,-1.135033604e+01,4.740832030e-01
-5.298322011e+00,-1.132623849e+01,4.740673148e-01
-5.298322011e+00,-1.130270799e+01,4.740502857e-01
-5.298322011e+00,-1.127971848e+01,4.740333405e-01
-5.298322011e+00,-1.125724562e+01,4.740145199e-01
-5.298322011e+00,-1.123526671e+01,4.739971405e-01
-5.298322011e+00,-1.121376051e+01,4.739793137e-01
-5.298322011e+00,-1.119270710e+01,4.739584957e-01
-5.298322011e+00,-1.117208781e+01,4.739398011e-01
-5.298322011e+00,-1.115188510e+01,4.738354097e-01
-5.298322011e+00,-1.113208248e+01,4.738998184e-01
-5.298322011e+00,-1.111266439e+01,4.738799148e-01
-5.298322011e+00,-1.109361620e+01,4.738599757e-01
-5.298322011e+00,-1.107492406e+01,4.738370107e-01
-5.298322011e+00,-1.105657492e+01,4.738161328e-01
-5.298322011e+00,-1.103855642e+01,4.737946731e-01
-5.298322011e+00,-1.102085684e+01,4.737720939e-01
-5.298322011e+00,-1.100346510e+01,4.737486652e-01
-5.298322011e+00,-1.098637067e+01,4.737256418e-01
-5.298322011e+00,-1.096956355e+01,4.735680106e-01
-5.298322011e+00,-1.095303425e+01,4.736769858e-01
-5.298322011e+00,-1.093677372e+01,4.736539392e-01
-5.298322011e+00,-1.092077338e+01,4.736286878e-01
-5.298322011e+00,-1.090502503e+01,4.736037675e-01
-5.298322011e+00,-1.088952084e+01,4.735772280e-01
-5.298322011e+00,-1.087425337e+01,4.735517279e-01
-5.298322011e+00,-1.085921549e+01,4.735249114e-01
-5.298322011e+00,-1.084440040e+01,4.734993219e-01
-5.298322011e+00,-1.082980160e+01,4.734718018e-01
-5.298322011e+00,-1.081541287e+01,4.732669470e-01
-5.298322011e+00,-1.080122823e+01,4.734166585e-01
-5.298322011e+00,-1.078724199e+01,4.733877443e-01
-5.298322011e+00,-1.077344867e+01,4.733601701e-01
-5.298322011e+00,-1.075984302e+01,4.733286439e-01
-5.298322011e+00,-1.074642000e+01,4.733010922e-01
-5.298322011e+00,-1.073317477e+01,4.732703204e-01
-5.298322011e+00,-1.072010269e+01,4.732400590e-01
-5.298322011e+00,-1.070719928e+01,4.732095589e-01
-5.298322011e+00,-1.069446026e+01,4.731794040e-01
-5.298322011e+00,-1.068188147e+01,4.729299378e-01
-5.298322011e+00,-1.066945895e+01,4.731163851e-01
-5.298322011e+00,-1.065718886e+01,4.730825581e-01
-5.298322011e+00,-1.064506750e+01,4.730506190e-01
-5.298322011e+00,-1.063309131e+01,4.730186555e-01
-5.298322011e+00,-1.062125685e+01,4.729830820e-01
-5.298322011e+00,-1.060956081e+01,4.729514633e-01
-5.298322011e+00,-1.059799999e+01,4.729156965e-01
-5.298322011e+00,-1.058657129e+01,4.728817430e-01
-5.298322011e+00,-1.057527174e+01,4.728481288e-01
-5.298322011e+00,-1.056409844e+01,4.725556915e-01
-5.298322011e+00,-1.055304860e+01,4.727758019e-01
-5.298322011e+00,-1.054211953e+01,4.727410021e-01
-5.298322011e+00,-1.053130862e+01,4.727023276e-01
-5.298322011e+00,-1.052061333e+01,4.726665218e-01
-5.298322011e+00,-1.051003122e+01,4.726299781e-01
-5.298322011e+00,-1.049955992e+01,4.725928233e-01
-5.298322011e+00,-1.048919713e+01,4.725514915e-01
-5.298322011e+00,-1.047894063e+01,4.725146198e-01
-5.298322011e+00,-1.046878826e+01,4.724773056e-01
-5.298322011e+00,-1.045873792e+01,4.721914586e-01
-5.298322011e+00,-1.045873792e+01,4.721925338e-01
-5.298322011e+00,-1.044878759e+01,4.723964950e-01
-5.298322011e+00,-1.043893530e+01,4.723585852e-01
-5.298322011e+00,-1.042917912e+01,4.723150887e-01
-5.298322011e+00,-1.041951721e+01,4.722771779e-01
-5.298322011e+00,-1.040994776e+01,4.722345993e-01
-5.298322011e+00,-1.040046902e+01,4.721933775e-01
-5.298322011e+00,-1.039107927e+01,4.721511030e-01
-5.298322011e+00,-1.038177688e+01,4.721077642e-01
-5.298322011e+00,-1.037256023e+01,4.720668729e-01
-5.298322011e+00,-1.036342774e+01,4.716929830e-01
-5.298322011e+00,-1.035437791e+01,4.719774780e-01
-5.298322011e+00,-1.034540924e+01,4.719374304e-01
-5.298322011e+00,-1.033652029e+01,4.718907249e-01
-5.298322011e+00,-1.032770966e+01,4.718471381e-01
-5.298322011e+00,-1.031897598e+01,4.718006417e-01
-5.298322011e+00,-1.031031792e+01,4.717558656e-01
-5.298322011e+00,-1.030173417e+01,4.717119082e-01
-5.298322011e+00,-1.029322348e+01,4.716624395e-01
-5.298322011e+00,-1.028478462e+01,4.716162145e-01
-5.298322011e+00,-1.027641637e+01,4.712039262e-01
-5.298322011e+00,-1.026811756e+01,4.715220669e-01
-5.298322011e+00,-1.025988706e+01,4.714768573e-01
-5.298322011e+00,-1.025172375e+01,4.714263736e-01
-5.298322011e+00,-1.024362654e+01,4.713793544e-01
-5.298322011e+00,-1.023559437e+01,4.713297386e-01
-5.298322011e+00,-1.022762620e+01,4.712823125e-01
-5.298322011e+00,-1.021972102e+01,4.712288693e-01
-5.298322011e+00,-1.021187785e+01,4.711792878e-01
-5.298322011e+00,-1.020409571e+01,4.711320349e-01
-5.298322011e+00,-1.019637366e+01,4.709006482e-01
-5.298322011e+00,-1.018871079e+01,4.710297410e-01
-5.298322011e+00,-1.018110619e+01,4.709778378e-01
-5.298322011e+00,-1.017355898e+01,4.709230855e-01
-5.298322011e+00,-1.016606831e+01,4.708742219e-01
-5.298322011e+00,-1.015863333e+01,4.708179124e-01
-5.298322011e+00,-1.015125322e+01,4.707656816e-01
-5.298322011e+00,-1.014392718e+01,4.707148521e-01
-5.298322011e+00,-1.013665442e+01,4.706571466e-01
-5.298322011e+00,-1.012943418e+01,4.706028522e-01
-5.298322011e+00,-1.012226569e+01,4.704099680e-01
-5.298322011e+00,-1.011514822e+01,4.704926800e-01
-5.298322011e+00,-1.010808105e+01,4.704369561e-01
-5.298322011e+00,-1.010106348e+01,4.703852411e-01
-5.298322011e+00,-1.009409481e+01,4.703254048e-01
-5.298322011e+00,-1.008717437e+01,4.702708298e-01
-5.298322011e+00,-1.008030149e+01,4.702152225e-01
-5.298322011e+00,-1.007347552e+01,4.701549517e-01
-5.298322011e+00,-1.006669584e+01,4.700981797e-01
-5.298322011e+00,-1.005996180e+01,4.700391767e-01
-5.298322011e+00,-1.005327282e+01,4.698475043e-01
-5.298322011e+00,-1.004662827e+01,4.699221846e-01
-5.298322011e+00,-1.004002759e+01,4.698629914e-01
-5.298322011e+00,-1.003347019e+01,4.698041064e-01
-5.298322011e+00,-1.002695551e+01,4.697422489e-01
-5.298322011e+00,-1.002048299e+01,4.696832713e-01
-5.298322011e+00,-1.001405210e+01,4.696238063e-01
-5.298322011e+00,-1.000766230e+01,4.695585512e-01
-5.298322011e+00,-1.000131308e+01,4.694963963e-01
-5.298322011e+00,-9.995003907e+00,4.694375570e-01
-5.298322011e+00,-9.988734294e+00,4.692360842e-01
-5.298322011e+00,-9.982503744e+00,4.693094953e-01
-5.298322011e+00,-9.976311774e+00,4.692498900e-01
-5.298322011e+00,-9.970157909e+00,4.691830657e-01
-5.298322011e+00,-9.964041682e+00,4.691221913e-01
-5.298322011e+00,-9.957962636e+00,4.690552268e-01
-5.298322011e+00,-9.951920321e+00,4.689917979e-01
-5.298322011e+00,-9.945914297e+00,4.689271729e-01
-5.298322011e+00,-9.939944130e+00,4.688593874e-01
-5.298322011e+00,-9.934009394e+00,4.687924334e-01
-5.298322011e+00,-9.928109672e+00,4.685827956e-01
-5.298322011e+00,-9.922244553e+00,4.686591219e-01
-5.298322011e+00,-9.916413633e+00,4.685950693e-01
-5.298322011e+00,-9.910616515e+00,4.685278567e-01
-5.298322011e+00,-9.904852810e+00,4.684590418e-01
-5.298322011e+00,-9.899122135e+00,4.683906423e-01
-5.298322011e+00,-9.893424114e+00,4.683221922e-01
-5.298322011e+00,-9.887758377e+00,4.682542534e-01
-5.298322011e+00,-9.882124559e+00,4.681857143e-01
-5.298322011e+00,-9.876522304e+00,4.681134008e-01
-5.298322011e+00,-9.870951259e+00,4.678899650e-01
-5.298322011e+00,-9.865411078e+00,4.679751373e-01
-5.298322011e+00,-9.859901422e+00,4.679020152e-01
-5.298322011e+00,-9.854421957e+00,4.678292286e-01
-5.298322011e+00,-9.848972352e+00,4.677619979e-01
-5.298322011e+00,-9.843552284e+00,4.676872542e-01
-5.298322011e+00,-9.838161436e+00,4.676163800e-01
-5.298322011e+00,-9.832799493e+00,4.675419551e-01
-5.298322011e+00,-9.827466147e+00,4.674694500e-01
-5.298322011e+00,-9.822161094e+00,4.673969957e-01
-5.298322011e+00,-9.816884037e+00,4.671583676e-01
-5.298322011e+00,-9.811634681e+00,4.672478105e-01
-5.298322011e+00,-9.806412737e+00,4.671722441e-01
-5.298322011e+00,-9.801217921e+00,4.670961710e-01
-5.298322011e+00,-9.796049950e+00,4.670241832e-01
-5.298322011e+00,-9.790908551e+00,4.669438989e-01
-5.298322011e+00,-9.785793450e+00,4.668696084e-01
-5.298322011e+00,-9.780704381e+00,4.667945452e-01
-5.298322011e+00,-9.775641079e+00,4.667151474e-01
-5.298322011e+00,-9.770603285e+00,4.666388047e-01
-5.298322011e+00,-9.765590743e+00,4.663948425e-01
-5.298322011e+00,-9.765590743e+00,4.663939532e-01
-5.298322011e+00,-9.760603201e+00,4.664821460e-01
-5.298322011e+00,-9.755640412e+00,4.664053705e-01
-5.298322011e+00,-9.750702130e+00,4.663238978e-01
-5.298322011e+00,-9.745788116e+00,4.662464504e-01
-5.298322011e+00,-9.740898130e+00,4.661674594e-01
-5.298322011e+00,-9.736031941e+00,4.660844597e-01
-5.298322011e+00,-9.731189316e+00,4.660045110e-01
-5.298322011e+00,-9.726370030e+00,4.659259574e-01
-5.298322011e+00,-9.721573857e+00,4.658426814e-01
-5.298322011e+00,-9.716800579e+00,4.655799866e-01
-5.298322011e+00,-9.712049976e+00,4.656774848e-01
-5.298322011e+00,-9.707321835e+00,4.655967948e-01
-5.298322011e+00,-9.702615944e+00,4.655152705e-01
-5.298322011e+00,-9.697932094e+00,4.654301583e-01
-5.298322011e+00,-9.693270081e+00,4.653466092e-01
-5.298322011e+00,-9.688629702e+00,4.652651168e-01
-5.298322011e+00,-9.684010756e+00,4.651785412e-01
-5.298322011e+00,-9.679413047e+00,4.650950480e-01
-5.298322011e+00,-9.674836380e+00,4.650110828e-01
-5.298322011e+00,-9.670280563e+00,4.647334280e-01
-5.298322011e+00,-9.665745408e+00,4.648373636e-01
-5.298322011e+00,-9.661230728e+00,4.647536046e-01
-5.298322011e+00,-9.656736338e+00,4.646638464e-01
-5.298322011e+00,-9.652262058e+00,4.645779316e-01
-5.298322011e+00,-9.647807707e+00,4.644927048e-01
-5.298322011e+00,-9.643373110e+00,4.644031677e-01
-5.298322011e+00,-9.638958092e+00,4.643155539e-01
-5.298322011e+00,-9.634562480e+00,4.642289785e-01
-5.298322011e+00,-9.630186106e+00,4.641368268e-01
-5.298322011e+00,-9.625828800e+00,4.638487705e-01
-5.298322011e+00,-9.621490399e+00,4.639574887e-01
-5.298322011e+00,-9.617170738e+00,4.638705881e-01
-5.298322011e+00,-9.612869656e+00,4.637802411e-01
-5.298322011e+00,-9.608586994e+00,4.636870696e-01
-5.298322011e+00,-9.604322595e+00,4.635977225e-01
-5.298322011e+00,-9.600076304e+00,4.635074295e-01
-5.298322011e+00,-9.595847968e+00,4.634118278e-01
-5.298322011e+00,-9.591637436e+00,4.633225554e-01
-5.298322011e+00,-9.587444557e+00,4.632299320e-01
-5.298322011e+00,-9.583269186e+00,4.629260718e-01
-5.298322011e+00,-9.579111176e+00,4.630427977e-01
-5.298322011e+00,-9.574970383e+00,4.629497186e-01
-5.298322011e+00,-9.570846666e+00,4.628538831e-01
-5.298322011e+00,-9.566739884e+00,4.627601357e-01
-5.298322011e+00,-9.562649899e+00,4.626659299e-01
-5.298322011e+00,-9.558576573e+00,4.625692117e-01
-5.298322011e+00,-9.554519773e+00,4.624726883e-01
-5.298322011e+00,-9.550479363e+00,4.623793034e-01
-5.298322011e+00,-9.546455213e+00,4.622801296e-01
-5.298322011e+00,-9.542447192e+00,4.619654631e-01
-5.298322011e+00,-9.538455170e+00,4.620868256e-01
-5.298322011e+00,-9.534479022e+00,4.619898785e-01
-5.298322011e+00,-9.530518621e+00,4.618910765e-01
-5.298322011e+00,-9.526573842e+00,4.617920438e-01
-5.298322011e+00,-9.522644564e+00,4.616953959e-01
-5.298322011e+00,-9.518730665e+00,4.615939129e-01
-5.298322011e+00,-9.514832025e+00,4.614952460e-01
-5.298322011e+00,-9.510948524e+00,4.613970279e-01
-5.298322011e+00,-9.507080048e+00,4.612940572e-01
-5.298322011e+00,-9.503226478e+00,4.609670032e-01
-5.298322011e+00,-9.499387702e+00,4.610949997e-01
-5.298322011e+00,-9.495563606e+00,4.609913155e-01
-5.298322011e+00,-9.491754077e+00,4.608903173e-01
-5.298322011e+00,-9.487959006e+00,4.607889695e-01
-5.298322011e+00,-9.484178283e+00,4.606845548e-01
-5.298322011e+00,-9.480411801e+00,4.605828302e-01
-5.298322011e+00,-9.476659451e+00,4.604808276e-01
-5.298322011e+00,-9.472921129e+00,4.603748385e-01
-5.298322011e+00,-9.469196730e+00,4.602725379e-01
-5.298322011e+00,-9.465486150e+00,4.599307958e-01
-5.298322011e+00,-9.461789289e+00,4.600615510e-01
-5.298322011e+00,-9.458106043e+00,4.599575126e-01
-5.298322011e+00,-9.454436314e+00,4.598533048e-01
-5.298322011e+00,-9.450780003e+00,4.597452522e-01
-5.298322011e+00,-9.447137012e+00,4.596411588e-01
-5.298322011e+00,-9.443507244e+00,4.595319987e-01
-5.298322011e+00,-9.439890603e+00,4.594267554e-01
-5.298322011e+00,-9.436286996e+00,4.593193421e-01
-5.298322011e+00,-9.432696328e+00,4.592096482e-01
-5.298322011e+00,-9.429118506e+00,4.588569362e-01
-5.298322011e+00,-9.425553440e+00,4.589954374e-01
-5.298322011e+00,-9.422001038e+00,4.588830427e-01
-5.298322011e+00,-9.418461212e+00,4.587764260e-01
-5.298322011e+00,-9.414933871e+00,4.586667576e-01
-5.298322011e+00,-9.411418929e+00,4.585558295e-01
-5.298322011e+00,-9.407916299e+00,4.584454913e-01
-5.298322011e+00,-9.404425894e+00,4.583345858e-01
-5.298322011e+00,-9.400947629e+00,4.582243968e-01
-5.298322011e+00,-9.397481421e+00,4.581121061e-01
-5.298322011e+00,-9.394027186e+00,4.577455138e-01
-5.298322011e+00,-9.390584842e+00,4.578876619e-01
-5.298322011e+00,-9.387154307e+00,4.577760117e-01
-5.298322011e+00,-9.383735500e+00,4.576609524e-01
-5.298322011e+00,-9.380328342e+00,4.575495359e-01
-5.298322011e+00,-9.376932753e+00,4.574335399e-01
-5.298322011e+00,-9.373548655e+00,4.573223538e-01
-5.298322011e+00,-9.370175971e+00,4.572047563e-01
-5.298322011e+00,-9.366814623e+00,4.570929650e-01
-5.298322011e+00,-9.363464536e+00,4.569746094e-01
-5.298322011e+00,-9.360125635e+00,4.567635992e-01
-5.298322011e+00,-9.360125635e+00,4.565882362e-01
-5.298322011e+00,-9.356797845e+00,4.567439195e-01
-5.298322011e+00,-9.353481092e+00,4.566285041e-01
-5.298322011e+00,-9.350175304e+00,4.565108285e-01
-5.298322011e+00,-9.346880408e+00,4.563935563e-01
-5.298322011e+00,-9.343596333e+00,4.562760278e-01
-5.298322011e+00,-9.340323007e+00,4.561589184e-01
-5.298322011e+00,-9.337060362e+00,4.560398040e-01
-5.298322011e+00,-9.333808326e+00,4.559230167e-01
-5.298322011e+00,-9.330566833e+00,4.558011565e-01
-5.298322011e+00,-9.327335812e+00,4.554104628e-01
-5.298322011e+00,-9.324115197e+00,4.555632777e-01
-5.298322011e+00,-9.320904922e+00,4.554447681e-01
-5.298322011e+00,-9.317704919e+00,4.553213446e-01
-5.298322011e+00,-9.314515124e+00,4.552033485e-01
-5.298322011e+00,-9.311335471e+00,4.550790790e-01
-5.298322011e+00,-9.308165896e+00,4.549604562e-01
-5.298322011e+00,-9.305006336e+00,4.548353474e-01
-5.298322011e+00,-9.301856727e+00,4.547160198e-01
-5.298322011e+00,-9.298717007e+00,4.545901943e-01
-5.298322011e+00,-9.295587114e+00,4.541870169e-01
-5.298322011e+00,-9.292466986e+00,4.543435580e-01
-5.298322011e+00,-9.289356564e+00,4.542227222e-01
-5.298322011e+00,-9.286255786e+00,4.540954214e-01
-5.298322011e+00,-9.283164594e+00,4.539738861e-01
-5.298322011e+00,-9.280082927e+00,4.538457939e-01
-5.298322011e+00,-9.277010728e+00,4.537235510e-01
-5.298322011e+00,-9.273947939e+00,4.535947608e-01
-5.298322011e+00,-9.270894501e+00,4.534717050e-01
-5.298322011e+00,-9.267850359e+00,4.533433199e-01
-5.298322011e+00,-9.264815455e+00,4.529264365e-01
-5.298322011e+00,-9.261789734e+00,4.530897501e-01
-5.298322011e+00,-9.258773140e+00,4.529638234e-01
-5.298322011e+00,-9.255765619e+00,4.528328475e-01
-5.298322011e+00,-9.252767116e+00,4.527075029e-01
-5.298322011e+00,-9.249777578e+00,4.525771470e-01
-5.298322011e+00,-9.246796949e+00,4.524497720e-01
-5.298322011e+00,-9.243825179e+00,4.523173325e-01
-5.298322011e+00,-9.240862214e+00,4.521905213e-01
-5.298322011e+00,-9.237908002e+00,4.520583335e-01
-5.298322011e+00,-9.234962492e+00,4.518325468e-01
-5.298322011e+00,-9.232025632e+00,4.517969254e-01
-5.298322011e+00,-9.229097372e+00,4.516665552e-01
-5.298322011e+00,-9.226177662e+00,4.515339892e-01
-5.298322011e+00,-9.223266452e+00,4.514028478e-01
-5.298322011e+00,-9.220363692e+00,4.512695709e-01
-5.298322011e+00,-9.217469334e+00,4.511377175e-01
-5.298322011e+00,-9.214583329e+00,4.510050817e-01
-5.298322011e+00,-9.211705630e+00,4.508711234e-01
-5.298322011e+00,-9.208836187e+00,4.507365075e-01
-5.298322011e+00,-9.205974955e+00,4.503517258e-01
-5.298322011e+00,-9.203121886e+00,4.504675416e-01
-5.298322011e+00,-9.200276934e+00,4.503334940e-01
-5.298322011e+00,-9.197440052e+00,4.501972129e-01
-5.298322011e+00,-9.194611196e+00,4.500624288e-01
-5.298322011e+00,-9.191790320e+00,4.499253735e-01
-5.298322011e+00,-9.188977379e+00,4.497899258e-01
-5.298322011e+00,-9.186172328e+00,4.496521727e-01
-5.298322011e+00,-9.183375123e+00,4.495159196e-01
-5.298322011e+00,-9.180585721e+00,4.493774494e-01
-5.298322011e+00,-9.177804078e+00,4.491491558e-01
-5.298322011e+00,-9.175030151e+00,4.491013069e-01
-5.298322011e+00,-9.172263898e+00,4.489637058e-01
-5.298322011e+00,-9.169505275e+00,4.488237179e-01
-5.298322011e+00,-9.166754242e+00,4.486852513e-01
-5.298322011e+00,-9.164010756e+00,4.485445541e-01
-5.298322011e+00,-9.161274776e+00,4.484053614e-01
-5.298322011e+00,-9.158546261e+00,4.482639475e-01
-5.298322011e+00,-9.155825171e+00,4.481240619e-01
-5.298322011e+00,-9.153111465e+00,4.479819100e-01
-5.298322011e+00,-9.150405104e+00,4.475786301e-01
-5.298322011e+00,-9.147706047e+00,4.476984181e-01
-5.298322011e+00,-9.145014255e+00,4.475571306e-01
-5.298322011e+00,-9.142329690e+00,4.474134918e-01
-5.298322011e+00,-9.139652312e+00,4.472713602e-01
-5.298322011e+00,-9.136982083e+00,4.471285566e-01
-5.298322011e+00,-9.134318966e+00,4.469854241e-01
-5.298322011e+00,-9.123736857e+00,4.463103479e-01
-5.298322011e+00,-9.097761370e+00,4.448617972e-01
-5.298322011e+00,-9.072443562e+00,4.433000319e-01
-5.298322011e+00,-9.072443562e+00,4.432939518e-01
-5.298322011e+00,-9.047750950e+00,4.418105531e-01
-5.298322011e+00,-9.023653398e+00,4.402284347e-01
-5.298322011e+00,-9.000122901e+00,4.386102799e-01
-5.298322011e+00,-8.977133383e+00,4.369562679e-01
-5.298322011e+00,-8.954660527e+00,4.352665674e-01
-5.298322011e+00,-8.932681620e+00,4.335413169e-01
-5.298322011e+00,-8.911175415e+00,4.317806333e-01
-5.298322011e+00,-8.890122006e+00,4.299845895e-01
-5.298322011e+00,-8.869502718e+00,4.281533752e-01
-5.298322011e+00,-8.849300011e+00,4.263821153e-01
-5.298322011e+00,-8.849300011e+00,4.263830443e-01
-5.298322011e+00,-8.829497384e+00,4.243859437e-01
-5.298322011e+00,-8.810079298e+00,4.224499905e-01
-5.298322011e+00,-8.791031103e+00,4.204793977e-01
-5.298322011e+00,-8.772338970e+00,4.184742970e-01
-5.298322011e+00,-8.753989831e+00,4.164348039e-01
-5.298322011e+00,-8.735971326e+00,4.143610528e-01
-5.298322011e+00,-8.718271749e+00,4.122531667e-01
-5.298322011e+00,-8.700880006e+00,4.101112834e-01
-5.298322011e+00,-8.683785573e+00,4.080890392e-01
-5.298322011e+00,-8.666978454e+00,4.058522754e-01
-5.298322011e+00,-8.666978454e+00,4.058512576e-01
-5.298322011e+00,-8.650449152e+00,4.036433129e-01
-5.298322011e+00,-8.634188631e+00,4.013795214e-01
-5.298322011e+00,-8.618188290e+00,3.990730423e-01
-5.298322011e+00,-8.602439933e+00,3.967326208e-01
-5.298322011e+00,-8.586935747e+00,3.943590957e-01
-5.298322011e+00,-8.571668274e+00,3.919526165e-01
-5.298322011e+00,-8.556630397e+00,3.895133481e-01
-5.298322011e+00,-8.541815311e+00,3.870414059e-01
-5.298322011e+00,-8.527216512e+00,3.845369238e-01
-5.298322011e+00,-8.512827774e+00,3.819635990e-01
-5.298322011e+00,-8.512827774e+00,3.819627229e-01
-5.298322011e+00,-8.498643139e+00,3.794307467e-01
-5.298322011e+00,-8.484656897e+00,3.768293435e-01
-5.298322011e+00,-8.470863575e+00,3.741958947e-01
-5.298322011e+00,-8.457257923e+00,3.715305562e-01
-5.298322011e+00,-8.443834903e+00,3.688334183e-01
-5.298322011e+00,-8.430589676e+00,3.661045762e-01
-5.298322011e+00,-8.417517595e+00,3.633441766e-01
-5.298322011e+00,-8.404614190e+00,3.605523578e-01
-5.298322011e+00,-8.391875164e+00,3.577292463e-01
-5.298322011e+00,-8.379296382e+00,3.548464925e-01
-5.298322011e+00,-8.379296382e+00,3.548456628e-01
-5.298322011e+00,-8.366873862e+00,3.519895657e-01
-5.298322011e+00,-8.354603769e+00,3.490731987e-01
-5.298322011e+00,-8.342482409e+00,3.461260029e-01
-5.298322011e+00,-8.330506218e+00,3.431480870e-01
-5.298322011e+00,-8.318671760e+00,3.401395698e-01
-5.298322011e+00,-8.306975720e+00,3.371005303e-01
-5.298322011e+00,-8.295414898e+00,3.340310830e-01
-5.298322011e+00,-8.283986202e+00,3.309313628e-01
-5.298322011e+00,-8.272686647e+00,3.278014823e-01
-5.298322011e+00,-8.261513346e+00,3.246192862e-01
-5.298322011e+00,-8.261513346e+00,3.246201113e-01
-5.298322011e+00,-8.250463510e+00,3.214516171e-01
-5.298322011e+00,-8.239534439e+00,3.182318294e-01
-5.298322011e+00,-8.228723523e+00,3.149822932e-01
-5.298322011e+00,-8.218028234e+00,3.117031248e-01
-5.298322011e+00,-8.207446125e+00,3.083943808e-01
-5.298322011e+00,-8.196974825e+00,3.050561527e-01
-5.298322011e+00,-8.186612038e+00,3.016885899e-01
-5.298322011e+00,-8.176355538e+00,2.982917788e-01
-5.298322011e+00,-8.166203166e+00,2.948657806e-01
-5.298322011e+00,-8.156152830e+00,2.913920369e-01
-5.298322011e+00,-8.156152830e+00,2.913911164e-01
-5.298322011e+00,-8.146202500e+00,2.879266166e-01
-5.298322011e+00,-8.136350203e+00,2.844136765e-01
-5.298322011e+00,-8.126594028e+00,2.808719017e-01
-5.298322011e+00,-8.116932117e+00,2.773013992e-01
-5.298322011e+00,-8.107362666e+00,2.737022708e-01
-5.298322011e+00,-8.097883922e+00,2.700746187e-01
-5.298322011e+00,-8.088494182e+00,2.664184533e-01
-5.298322011e+00,-8.079191789e+00,2.627339150e-01
-5.298322011e+00,-8.069975134e+00,2.590211061e-01
-5.298322011e+00,-8.060842651e+00,2.552561221e-01
-5.298322011e+00,-8.060842651e+00,2.552553190e-01
-5.298322011e+00,-8.051792815e+00,2.516239257e-01
-5.298322011e+00,-8.042824145e+00,2.477201788e-01
-5.298322011e+00,-8.033935198e+00,2.440024280e-01
-5.298322011e+00,-8.025124568e+00,2.401527320e-01
-5.298322011e+00,-8.016390888e+00,2.362722035e-01
-5.298322011e+00,-8.007732825e+00,2.323638209e-01
-5.298322011e+00,-7.999149082e+00,2.284276866e-01
-5.298322011e+00,-7.990638392e+00,2.244639094e-01
-5.298322011e+00,-7.982199523e+00,2.204725633e-01
-5.298322011e+00,-7.973831274e+00,2.162928559e-01
-5.298322011e+00,-7.973831274e+00,2.162920061e-01
-5.298322011e+00,-7.965532471e+00,2.124073145e-01
-5.298322011e+00,-7.957301972e+00,2.083335798e-01
-5.298322011e+00,-7.949138661e+00,2.042324737e-01
-5.298322011e+00,-7.941041451e+00,2.001041026e-01
-5.298322011e+00,-7.933009279e+00,1.959485390e-01
-5.298322011e+00,-7.925041109e+00,1.917657709e-01
-5.298322011e+00,-7.917135930e+00,1.875559155e-01
-5.298322011e+00,-7.909292753e+00,1.833190128e-01
-5.298322011e+00,-7.901510612e+00,1.790550878e-01
-5.298322011e+00,-7.893788566e+00,1.745673926e-01
-5.298322011e+00,-7.893788566e+00,1.745666067e-01
-5.298322011e+00,-7.886125693e+00,1.704464989e-01
-5.298322011e+00,-7.878521094e+00,1.661019111e-01
-5.298322011e+00,-7.870973888e+00,1.617305430e-01
-5.298322011e+00,-7.863483216e+00,1.573324039e-01
-5.298322011e+00,-7.856048238e+00,1.529075845e-01
-5.298322011e+00,-7.848668131e+00,1.484560938e-01
-5.298322011e+00,-7.841342091e+00,1.439780898e-01
-5.298322011e+00,-7.834069331e+00,1.394739275e-01
-5.298322011e+00,-7.826849083e+00,1.349436784e-01
-5.298322011e+00,-7.819680594e+00,1.301344050e-01
-5.298322011e+00,-7.819680594e+00,1.301336183e-01
-5.298322011e+00,-7.812563126e+00,1.258045705e-01
-5.298322011e+00,-7.805495959e+00,1.211952012e-01
-5.298322011e+00,-7.798478386e+00,1.165588863e-01
-5.298322011e+00,-7.791509717e+00,1.118954717e-01
-5.298322011e+00,-7.784589274e+00,1.072047987e-01
-5.298322011e+00,-7.777716395e+00,1.024868918e-01
-5.298322011e+00,-7.770890430e+00,9.774179685e-02
-5.298322011e+00,-7.764110743e+00,9.296971518e-02
-5.298322011e+00,-7.757376710e+00,8.817085854e-02
-5.298322011e+00,-7.750687722e+00,8.300999983e-02
-5.298322011e+00,-7.750687722e+00,8.301077571e-02
-5.298322011e+00,-7.744043180e+00,7.849404852e-02
-5.298322011e+00,-7.737442496e+00,7.361673334e-02
-5.298322011e+00,-7.730885095e+00,6.871388753e-02
-5.298322011e+00,-7.724370414e+00,6.378583086e-02
-5.298322011e+00,-7.717897900e+00,5.883278858e-02
-5.298322011e+00,-7.711467009e+00,5.385502008e-02
-5.298322011e+00,-7.705077211e+00,4.885267140e-02
-5.298322011e+00,-7.698727983e+00,4.382588765e-02
-5.298322011e+00,-7.692418814e+00,3.877475027e-02
-5.298322011e+00,-7.686149201e+00,3.324853406e-02
-5.298322011e+00,-7.686149201e+00,3.324774215e-02
-5.298322011e+00,-7.679918651e+00,2.859943762e-02
-5.298322011e+00,-7.673726681e+00,2.347519441e-02
-5.298322011e+00,-7.667572816e+00,1.832641015e-02
-5.298322011e+00,-7.661456589e+00,1.315304409e-02
-5.298322011e+00,-7.655377543e+00,7.954851407e-03
-5.298322011e+00,-7.649335228e+00,2.731678391e-03
-5.298322011e+00,-7.643329204e+00,-2.516661996e-03
-5.298322011e+00,-7.637359037e+00,-7.790390422e-03
-5.298322011e+00,-7.631424301e+00,-1.308971441e-02
-5.298322011e+00,-7.625524579e+00,-1.902736746e-02
-5.298322011e+00,-7.625524579e+00,-1.902812332e-02
-5.298322011e+00,-7.619659460e+00,-2.376601919e-02
-5.298322011e+00,-7.613828540e+00,-2.914340908e-02
-5.298322011e+00,-7.608031422e+00,-3.454724131e-02
-5.298322011e+00,-7.602267717e+00,-3.997769129e-02
-5.298322011e+00,-7.596537042e+00,-4.543492665e-02
-5.298322011e+00,-7.590839021e+00,-5.091911877e-02
-5.298322011e+00,-7.585173284e+00,-5.653371264e-02
-5.298322011e+00,-7.579539466e+00,-6.198573193e-02
-5.298322011e+00,-7.573937211e+00,-6.764125522e-02
-5.298322011e+00,-7.568366166e+00,-7.396649861e-02
-5.298322011e+00,-7.568366166e+00,-7.396575655e-02
-5.298322011e+00,-7.562825985e+00,-7.888535657e-02
-5.298322011e+00,-7.557316329e+00,-8.453575909e-02
-5.298322011e+00,-7.551836864e+00,-9.021312025e-02
-5.298322011e+00,-7.546387259e+00,-9.591796966e-02
-5.298322011e+00,-7.540967191e+00,-1.016508307e-01
-5.298322011e+00,-7.535576343e+00,-1.074111831e-01
-5.298322011e+00,-7.530214400e+00,-1.131989678e-01
-5.298322011e+00,-7.524881054e+00,-1.190142357e-01
-5.298322011e+00,-7.514298944e+00,-1.317218246e-01
-5.298322011e+00,-7.514298944e+00,-1.317210810e-01
-5.298322011e+00,-7.463005650e+00,-1.922839486e-01
-5.298322011e+00,-7.463005650e+00,-1.929867330e-01
-5.298322011e+00,-7.414215486e+00,-2.555268247e-01
-5.298322011e+00,-7.414215486e+00,-2.564877262e-01
-5.298322011e+00,-7.367695470e+00,-3.224903519e-01
-5.298322011e+00,-7.367695470e+00,-3.213120540e-01
-5.298322011e+00,-7.323243707e+00,-3.895605516e-01
-5.298322011e+00,-7.323243707e+00,-3.909879221e-01
-5.298322011e+00,-7.280684093e+00,-4.620207709e-01
-5.298322011e+00,-7.280684093e+00,-4.591231196e-01
-5.298322011e+00,-7.239862099e+00,-5.294184903e-01
-5.298322011e+00,-7.239862099e+00,-5.342436235e-01
-5.298322011e+00,-7.200641536e+00,-5.908308674e-01
-5.298322011e+00,-7.200641385e+00,-5.945923321e-01
-5.298322011e+00,-7.200641385e+00,-6.082133850e-01
-4.604442076e+00,-1.151242486e+01,9.563219495e-01
-4.604442076e+00,-1.081927768e+01,9.560983696e-01
-4.604442076e+00,-1.041381257e+01,9.558683523e-01
-4.604442076e+00,-1.012613050e+01,9.556128677e-01
-4.604442076e+00,-9.902986949e+00,9.553261826e-01
-4.604442076e+00,-9.720665392e+00,9.550005744e-01
-4.604442076e+00,-9.566514713e+00,9.546331194e-01
-4.604442076e+00,-9.432983320e+00,9.542212156e-01
-4.604442076e+00,-9.315200284e+00,9.537623918e-01
-4.604442076e+00,-9.209839769e+00,9.532773097e-01
-4.604442076e+00,-9.209839769e+00,9.532757591e-01
-4.604442076e+00,-9.161049604e+00,9.530906672e-01
-4.604442076e+00,-9.114529589e+00,9.528615963e-01
-4.604442076e+00,-9.070077826e+00,9.526045887e-01
-4.604442076e+00,-9.027518212e+00,9.523248465e-01
-4.604442076e+00,-8.986696217e+00,9.520273124e-01
-4.604442076e+00,-8.947475504e+00,9.517145671e-01
-4.604442076e+00,-8.909735176e+00,9.513880772e-01
-4.604442076e+00,-8.873367532e+00,9.510487193e-01
-4.604442076e+00,-8.838276212e+00,9.506968814e-01
-4.604442076e+00,-8.804374661e+00,9.503328479e-01
-4.604442076e+00,-8.771584838e+00,9.499567339e-01
-4.604442076e+00,-8.739836139e+00,9.495629605e-01
-4.604442076e+00,-8.709064481e+00,9.491630043e-01
-4.604442076e+00,-8.679211518e+00,9.487511924e-01
-4.604442076e+00,-8.650223981e+00,9.483275259e-01
-4.604442076e+00,-8.622053104e+00,9.478922012e-01
-4.604442076e+00,-8.594654130e+00,9.474450649e-01
-4.604442076e+00,-8.567985882e+00,9.469861991e-01
-4.604442076e+00,-8.542010396e+00,9.465155440e-01
-4.604442076e+00,-8.516692588e+00,9.462039387e-01
-4.604442076e+00,-8.516692588e+00,9.462052332e-01
-4.604442076e+00,-8.491999976e+00,9.455390897e-01
-4.604442076e+00,-8.467902424e+00,9.450333509e-01
-4.604442076e+00,-8.444371927e+00,9.445158639e-01
-4.604442076e+00,-8.421382408e+00,9.439868868e-01
-4.604442076e+00,-8.398909552e+00,9.434461141e-01
-4.604442076e+00,-8.376930646e+00,9.428937095e-01
-4.604442076e+00,-8.355424441e+00,9.423297763e-01
-4.604442076e+00,-8.334371031e+00,9.417542039e-01
-4.604442076e+00,-8.313751744e+00,9.411670125e-01
-4.604442076e+00,-8.293549037e+00,9.408630832e-01
-4.604442076e+00,-8.273746409e+00,9.403315779e-01
-4.604442076e+00,-8.254328324e+00,9.397396205e-01
-4.604442076e+00,-8.235280129e+00,9.391212943e-01
-4.604442076e+00,-8.216587996e+00,9.384869451e-01
-4.604442076e+00,-8.198238857e+00,9.378396916e-01
-4.604442076e+00,-8.180220351e+00,9.371805313e-01
-4.604442076e+00,-8.162520774e+00,9.365098415e-01
-4.604442076e+00,-8.145129032e+00,9.358276907e-01
-4.604442076e+00,-8.128034598e+00,9.351341093e-01
-4.604442076e+00,-8.111227480e+00,9.344069164e-01
-4.604442076e+00,-8.111227480e+00,9.344083696e-01
-4.604442076e+00,-8.094698178e+00,9.337128029e-01
-4.604442076e+00,-8.078437657e+00,9.329850783e-01
-4.604442076e+00,-8.062437316e+00,9.322461204e-01
-4.604442076e+00,-8.046688959e+00,9.314958084e-01
-4.604442076e+00,-8.031184772e+00,9.307342198e-01
-4.604442076e+00,-8.015917300e+00,9.299614305e-01
-4.604442076e+00,-8.008370095e+00,9.294919367e-01
-4.604442076e+00,-8.000879423e+00,9.290674450e-01
-4.604442076e+00,-7.993444444e+00,9.286554893e-01
-4.604442076e+00,-7.986064337e+00,9.282531655e-01
-4.604442076e+00,-7.978738297e+00,9.278454940e-01
-4.604442076e+00,-7.971465538e+00,9.274371583e-01
-4.604442076e+00,-7.964245290e+00,9.270270970e-01
-4.604442076e+00,-7.957076800e+00,9.266149485e-01
-4.604442076e+00,-7.949959332e+00,9.262004010e-01
-4.604442076e+00,-7.942892165e+00,9.257832236e-01
-4.604442076e+00,-7.935874593e+00,9.253633215e-01
-4.604442076e+00,-7.928905923e+00,9.249407443e-01
-4.604442076e+00,-7.921985480e+00,9.245153966e-01
-4.604442076e+00,-7.915112601e+00,9.240872931e-01
-4.604442076e+00,-7.908286636e+00,9.236564443e-01
-4.604442076e+00,-7.901506949e+00,9.232228256e-01
-4.604442076e+00,-7.894772917e+00,9.227863540e-01
-4.604442076e+00,-7.888083929e+00,9.223472171e-01
-4.604442076e+00,-7.881439386e+00,9.219052342e-01
-4.604442076e+00,-7.874838702e+00,9.214605698e-01
-4.604442076e+00,-7.868281301e+00,9.210130997e-01
-4.604442076e+00,-7.861766620e+00,9.205628946e-01
-4.604442076e+00,-7.855294106e+00,9.201099082e-01
-4.604442076e+00,-7.848863216e+00,9.196542543e-01
-4.604442076e+00,-7.842473417e+00,9.191957101e-01
-4.604442076e+00,-7.836124190e+00,9.187345974e-01
-4.604442076e+00,-7.829815021e+00,9.182705538e-01
-4.604442076e+00,-7.823545408e+00,9.179488364e-01
-4.604442076e+00,-7.823545408e+00,9.181041087e-01
-4.604442076e+00,-7.817314858e+00,9.173344181e-01
-4.604442076e+00,-7.811122888e+00,9.168622737e-01
-4.604442076e+00,-7.804969022e+00,9.163873288e-01
-4.604442076e+00,-7.798852795e+00,9.159097091e-01
-4.604442076e+00,-7.792773749e+00,9.154293585e-01
-4.604442076e+00,-7.786731434e+00,9.149462562e-01
-4.604442076e+00,-7.780725410e+00,9.144604150e-01
-4.604442076e+00,-7.774755243e+00,9.139719475e-01
-4.604442076e+00,-7.768820508e+00,9.134806591e-01
-4.604442076e+00,-7.762920786e+00,9.129867431e-01
-4.604442076e+00,-7.757055666e+00,9.124900621e-01
-4.604442076e+00,-7.751224746e+00,9.119906504e-01
-4.604442076e+00,-7.745427628e+00,9.114886156e-01
-4.604442076e+00,-7.739663924e+00,9.109837927e-01
-4.604442076e+00,-7.733933249e+00,9.104763882e-01
-4.604442076e+00,-7.728235228e+00,9.099661658e-01
-4.604442076e+00,-7.722569490e+00,9.094533175e-01
-4.604442076e+00,-7.716935672e+00,9.089377354e-01
-4.604442076e+00,-7.711333417e+00,9.084194812e-01
-4.604442076e+00,-7.705762372e+00,9.078985449e-01
-4.604442076e+00,-7.700222192e+00,9.073749055e-01
-4.604442076e+00,-7.694712536e+00,9.068486079e-01
-4.604442076e+00,-7.689233070e+00,9.063196477e-01
-4.604442076e+00,-7.683783465e+00,9.057880061e-01
-4.604442076e+00,-7.678363398e+00,9.052535401e-01
-4.604442076e+00,-7.672972549e+00,9.047166760e-01
-4.604442076e+00,-7.667610606e+00,9.041769702e-01
-4.604442076e+00,-7.662277260e+00,9.036347099e-01
-4.604442076e+00,-7.656972208e+00,9.030896487e-01
-4.604442076e+00,-7.651695151e+00,9.025420019e-01
-4.604442076e+00,-7.646445795e+00,9.019917239e-01
-4.604442076e+00,-7.641223851e+00,9.014388640e-01
-4.604442076e+00,-7.636029034e+00,9.008832305e-01
-4.604442076e+00,-7.630861064e+00,9.003250241e-01
-4.604442076e+00,-7.625719664e+00,8.997640706e-01
-4.604442076e+00,-7.620604564e+00,8.992006540e-01
-4.604442076e+00,-7.615515494e+00,8.986344389e-01
-4.604442076e+00,-7.610452192e+00,8.980657049e-01
-4.604442076e+00,-7.605414398e+00,8.974943175e-01
-4.604442076e+00,-7.600401856e+00,8.973154943e-01
-4.604442076e+00,-7.600401856e+00,8.973122465e-01
-4.604442076e+00,-7.595414315e+00,8.963435950e-01
-4.604442076e+00,-7.590451525e+00,8.957643229e-01
-4.604442076e+00,-7.585513244e+00,8.951824316e-01
-4.604442076e+00,-7.580599229e+00,8.945979181e-01
-4.604442076e+00,-7.575709244e+00,8.940107503e-01
-4.604442076e+00,-7.570843054e+00,8.934210040e-01
-4.604442076e+00,-7.566000430e+00,8.928286868e-01
-4.604442076e+00,-7.561181143e+00,8.922337470e-01
-4.604442076e+00,-7.556384971e+00,8.916361538e-01
-4.604442076e+00,-7.551611692e+00,8.910359988e-01
-4.604442076e+00,-7.546861089e+00,8.904332999e-01
-4.604442076e+00,-7.542132948e+00,8.898279745e-01
-4.604442076e+00,-7.537427057e+00,8.892199911e-01
-4.604442076e+00,-7.532743208e+00,8.886094406e-01
-4.604442076e+00,-7.528081195e+00,8.879964149e-01
-4.604442076e+00,-7.523440815e+00,8.873806720e-01
-4.604442076e+00,-7.518821869e+00,8.867623840e-01
-4.604442076e+00,-7.514224160e+00,8.861415510e-01
-4.604442076e+00,-7.509647493e+00,8.855181647e-01
-4.604442076e+00,-7.505091676e+00,8.848921741e-01
-4.604442076e+00,-7.500556521e+00,8.842635978e-01
-4.604442076e+00,-7.496041841e+00,8.836324662e-01
-4.604442076e+00,-7.491547451e+00,8.829987456e-01
-4.604442076e+00,-7.487073171e+00,8.823625282e-01
-4.604442076e+00,-7.482618821e+00,8.817237056e-01
-4.604442076e+00,-7.478184223e+00,8.810824033e-01
-4.604442076e+00,-7.473769205e+00,8.804384900e-01
-4.604442076e+00,-7.469373594e+00,8.797920179e-01
-4.604442076e+00,-7.464997219e+00,8.791430739e-01
-4.604442076e+00,-7.460639914e+00,8.784915248e-01
-4.604442076e+00,-7.456301512e+00,8.778374553e-01
-4.604442076e+00,-7.451981851e+00,8.771808904e-01
-4.604442076e+00,-7.447680769e+00,8.765217069e-01
-4.604442076e+00,-7.443398107e+00,8.758600890e-01
-4.604442076e+00,-7.439133709e+00,8.751958859e-01
-4.604442076e+00,-7.434887418e+00,8.745291196e-01
-4.604442076e+00,-7.430659082e+00,8.738599604e-01
-4.604442076e+00,-7.426448549e+00,8.731882003e-01
-4.604442076e+00,-7.422255671e+00,8.725139063e-01
-4.604442076e+00,-7.418080299e+00,8.723370340e-01
-4.604442076e+00,-7.418080299e+00,8.723356836e-01
-4.604442076e+00,-7.413922289e+00,8.711577118e-01
-4.604442076e+00,-7.409781497e+00,8.704759549e-01
-4.604442076e+00,-7.405657779e+00,8.697916831e-01
-4.604442076e+00,-7.401550997e+00,8.691048063e-01
-4.604442076e+00,-7.397461012e+00,8.684154780e-01
-4.604442076e+00,-7.393387687e+00,8.677237116e-01
-4.604442076e+00,-7.263929620e+00,8.433497688e-01
-4.604442076e+00,-7.263929620e+00,8.433483579e-01
-4.604442076e+00,-7.130398227e+00,8.106475263e-01
-4.604442076e+00,-7.130398227e+00,8.105225185e-01
-4.604442076e+00,-7.012615191e+00,7.740135707e-01
-4.604442076e+00,-7.012615191e+00,7.741449675e-01
-4.604442076e+00,-6.907254676e+00,7.340965414e-01
-4.604442076e+00,-6.907254676e+00,7.339566536e-01
-4.604442076e+00,-6.811944496e+00,6.906185850e-01
-4.604442076e+00,-6.811944496e+00,6.904652292e-01
-4.604442076e+00,-6.724933119e+00,6.436351357e-01
-4.604442076e+00,-6.724933119e+00,6.436322157e-01
-4.604442076e+00,-6.644890411e+00,5.935349013e-01
-4.604442076e+00,-6.644890411e+00,5.935361937e-01
-4.604442076e+00,-6.570782439e+00,5.401844704e-01
-4.604442076e+00,-6.570782439e+00,5.401857956e-01
-4.604442076e+00,-6.501789568e+00,4.837241254e-01
-4.604442076e+00,-6.501789568e+00,4.837253131e-01
-4.604442076e+00,-6.437251046e+00,4.241861235e-01
-4.604442076e+00,-6.437251046e+00,4.241848550e-01
-4.604442076e+00,-6.376626425e+00,3.613327539e-01
-4.604442076e+00,-6.376626425e+00,3.613340506e-01
-4.604442076e+00,-6.319468011e+00,2.950923046e-01
-4.604442076e+00,-6.319468011e+00,2.950935709e-01
-4.604442076e+00,-6.265400789e+00,2.246925345e-01
-4.604442076e+00,-6.265400789e+00,2.255990832e-01
-4.604442076e+00,-6.214107495e+00,1.530361284e-01
-4.604442076e+00,-6.214107495e+00,1.517580288e-01
-4.604442076e+00,-6.165317331e+00,7.591910008e-02
-4.604442076e+00,-6.165317331e+00,7.861326974e-02
-4.604442076e+00,-6.118797315e+00,6.523261630e-04
-4.604442076e+00,-6.118797315e+00,-1.471105439e-03
-4.604442076e+00,-6.074345553e+00,-8.272407359e-02
-4.604442076e+00,-6.074345553e+00,-7.533399130e-02
-4.604442076e+00,-6.052839348e+00,-1.198967022e-01
-4.604442076e+00,-6.042257238e+00,-1.318341418e-01
-4.604442076e+00,-6.037007882e+00,-1.419293396e-01
-4.604442076e+00,-6.031785938e+00,-1.546753953e-01
-4.093528938e+00,-1.151153528e+01,1.317648790e+00
-4.093528938e+00,-1.081838809e+01,1.317507544e+00
-4.093528938e+00,-1.041292299e+01,1.317404371e+00
-4.093528938e+00,-1.012524091e+01,1.317324192e+00
-4.093528938e+00,-9.902097363e+00,1.317248492e+00
-4.093528938e+00,-9.719775806e+00,1.317180412e+00
-4.093528938e+00,-9.565625126e+00,1.317105333e+00
-4.093528938e+00,-9.432093734e+00,1.317025274e+00
-4.093528938e+00,-9.314310698e+00,1.316935497e+00
-4.093528938e+00,-9.208950182e+00,1.316984359e+00
-4.093528938e+00,-9.208950182e+00,1.316982520e+00
-4.093528938e+00,-9.113640003e+00,1.316736458e+00
-4.093528938e+00,-9.026628626e+00,1.316626079e+00
-4.093528938e+00,-8.946585918e+00,1.316502635e+00
-4.093528938e+00,-8.872477946e+00,1.316375295e+00
-4.093528938e+00,-8.803485074e+00,1.316233939e+00
-4.093528938e+00,-8.738946553e+00,1.316089476e+00
-4.093528938e+00,-8.678321931e+00,1.315929672e+00
-4.093528938e+00,-8.621163517e+00,1.315768054e+00
-4.093528938e+00,-8.567096296e+00,1.315591266e+00
-4.093528938e+00,-8.515803002e+00,1.315285211e+00
-4.093528938e+00,-8.515803002e+00,1.315286975e+00
-4.093528938e+00,-8.467012838e+00,1.315216323e+00
-4.093528938e+00,-8.420492822e+00,1.315018489e+00
-4.093528938e+00,-8.376041059e+00,1.314807878e+00
-4.093528938e+00,-8.333481445e+00,1.314590341e+00
-4.093528938e+00,-8.292659451e+00,1.314362075e+00
-4.093528938e+00,-8.253438737e+00,1.314126789e+00
-4.093528938e+00,-8.215698409e+00,1.313881599e+00
-4.093528938e+00,-8.179330765e+00,1.313627662e+00
-4.093528938e+00,-8.144239445e+00,1.313364826e+00
-4.093528938e+00,-8.110337894e+00,1.313020952e+00
-4.093528938e+00,-8.110337894e+00,1.313019224e+00
-4.093528938e+00,-8.077548071e+00,1.312812573e+00
-4.093528938e+00,-8.045799373e+00,1.312523201e+00
-4.093528938e+00,-8.015027714e+00,1.312224986e+00
-4.093528938e+00,-7.985174751e+00,1.311917932e+00
-4.093528938e+00,-7.956187214e+00,1.311602033e+00
-4.093528938e+00,-7.928016337e+00,1.311277326e+00
-4.093528938e+00,-7.900617363e+00,1.310943855e+00
-4.093528938e+00,-7.873949116e+00,1.310601509e+00
-4.093528938e+00,-7.847973629e+00,1.310250441e+00
-4.093528938e+00,-7.822655821e+00,1.309986656e+00
-4.093528938e+00,-7.822655821e+00,1.309785582e+00
-4.093528938e+00,-7.797963209e+00,1.309521920e+00
-4.093528938e+00,-7.773865657e+00,1.309144507e+00
-4.093528938e+00,-7.750335160e+00,1.308758355e+00
-4.093528938e+00,-7.727345641e+00,1.308363424e+00
-4.093528938e+00,-7.704872786e+00,1.307959787e+00
-4.093528938e+00,-7.682893879e+00,1.307547366e+00
-4.093528938e+00,-7.661387674e+00,1.307118488e+00
-4.093528938e+00,-7.640334264e+00,1.306688563e+00
-4.093528938e+00,-7.619714977e+00,1.306249925e+00
-4.093528938e+00,-7.599512270e+00,1.305944974e+00
-4.093528938e+00,-7.599512270e+00,1.305923929e+00
-4.093528938e+00,-7.579709643e+00,1.305346545e+00
-4.093528938e+00,-7.560291557e+00,1.304881867e+00
-4.093528938e+00,-7.541243362e+00,1.304408517e+00
-4.093528938e+00,-7.522551229e+00,1.303926516e+00
-4.093528938e+00,-7.504202090e+00,1.303435873e+00
-4.093528938e+00,-7.486183585e+00,1.302936591e+00
-4.093528938e+00,-7.468484008e+00,1.302428686e+00
-4.093528938e+00,-7.451092265e+00,1.301912148e+00
-4.093528938e+00,-7.433997831e+00,1.301386994e+00
-4.093528938e+00,-7.417190713e+00,1.301020107e+00
-4.093528938e+00,-7.417190713e+00,1.301185262e+00
-4.093528938e+00,-7.400661411e+00,1.300311068e+00
-4.093528938e+00,-7.384400890e+00,1.299760200e+00
-4.093528938e+00,-7.368400549e+00,1.299200863e+00
-4.093528938e+00,-7.352652192e+00,1.298632921e+00
-4.093528938e+00,-7.337148005e+00,1.298056442e+00
-4.093528938e+00,-7.321880533e+00,1.297471470e+00
-4.093528938e+00,-7.306842656e+00,1.296877990e+00
-4.093528938e+00,-7.292027570e+00,1.296276001e+00
-4.093528938e+00,-7.277428771e+00,1.295665454e+00
-4.093528938e+00,-7.263040033e+00,1.295434734e+00
-4.093528938e+00,-7.263040033e+00,1.295444954e+00
-4.093528938e+00,-7.248855398e+00,1.294419127e+00
-4.093528938e+00,-7.234869156e+00,1.293783245e+00
-4.093528938e+00,-7.221075834e+00,1.293138979e+00
-4.093528938e+00,-7.207470182e+00,1.292486222e+00
-4.093528938e+00,-7.129508641e+00,1.288852008e+00
-4.093528938e+00,-7.129508641e+00,1.288854155e+00
-4.093528938e+00,-7.011725605e+00,1.281432558e+00
-4.093528938e+00,-7.011725605e+00,1.281430660e+00
-4.093528938e+00,-6.906365089e+00,1.273191989e+00
-4.093528938e+00,-6.906365089e+00,1.273335143e+00
-4.093528938e+00,-6.811054910e+00,1.264309688e+00
-4.093528938e+00,-6.811054910e+00,1.264150679e+00
-4.093528938e+00,-6.724043533e+00,1.254492409e+00
-4.093528938e+00,-6.724043533e+00,1.254487057e+00
-4.093528938e+00,-6.644000825e+00,1.243901542e+00
-4.093528938e+00,-6.644000825e+00,1.243899557e+00
-4.093528938e+00,-6.569892853e+00,1.232552077e+00
-4.093528938e+00,-6.569892853e+00,1.232550377e+00
-4.093528938e+00,-6.500899981e+00,1.220459371e+00
-4.093528938e+00,-6.500899981e+00,1.220457076e+00
-4.093528938e+00,-6.436361460e+00,1.207634546e+00
-4.093528938e+00,-6.436361460e+00,1.207636246e+00
-4.093528938e+00,-6.375736838e+00,1.194098724e+00
-4.093528938e+00,-6.375736838e+00,1.194096835e+00
-4.093528938e+00,-6.318578424e+00,1.179857399e+00
-4.093528938e+00,-6.318578424e+00,1.179859295e+00
-4.093528938e+00,-6.264511203e+00,1.164929418e+00
-4.093528938e+00,-6.264511203e+00,1.164931122e+00
-4.093528938e+00,-6.213217909e+00,1.149325167e+00
-4.093528938e+00,-6.213217909e+00,1.149327351e+00
-4.093528938e+00,-6.164427745e+00,1.133058016e+00
-4.093528938e+00,-6.164427745e+00,1.133056355e+00
-4.093528938e+00,-6.117907729e+00,1.116135912e+00
-4.093528938e+00,-6.117907729e+00,1.116133892e+00
-4.093528938e+00,-6.073455966e+00,1.098568071e+00
-4.093528938e+00,-6.073455966e+00,1.098569720e+00
-4.093528938e+00,-6.030896352e+00,1.080370149e+00
-4.093528938e+00,-6.030896352e+00,1.080368319e+00
-4.093528938e+00,-5.990074358e+00,1.061545165e+00
-4.093528938e+00,-5.990074358e+00,1.061543482e+00
-4.093528938e+00,-5.950853644e+00,1.042101675e+00
-4.093528938e+00,-5.913113316e+00,1.022050472e+00
-4.093528938e+00,-5.876745672e+00,1.001396716e+00
-4.093528938e+00,-5.841654352e+00,9.801466276e-01
-4.093528938e+00,-5.807752801e+00,9.583083748e-01
-4.093528938e+00,-5.774962978e+00,9.358841602e-01
-4.093528938e+00,-5.743214280e+00,9.128586574e-01
-4.093528938e+00,-5.712442621e+00,8.892518661e-01
-4.093528938e+00,-5.682589658e+00,8.650885952e-01
-4.093528938e+00,-5.653602121e+00,8.403854844e-01
-4.093528938e+00,-5.625431244e+00,8.151352505e-01
-4.093528938e+00,-5.598032270e+00,7.893236295e-01
-4.093528938e+00,-5.571364023e+00,7.629254485e-01
-4.093528938e+00,-5.545388536e+00,7.359272096e-01
-4.093528938e+00,-5.520070728e+00,7.083234098e-01
-4.093528938e+00,-5.495378116e+00,6.801186229e-01
-4.093528938e+00,-5.471280564e+00,6.513245272e-01
-4.093528938e+00,-5.447750067e+00,6.219588267e-01
-4.093528938e+00,-5.424760548e+00,5.920418308e-01
-4.093528938e+00,-5.402287693e+00,5.615945926e-01
-4.093528938e+00,-5.380308786e+00,5.300739478e-01
-4.093528938e+00,-5.358802581e+00,4.983795391e-01
-4.093528938e+00,-5.337749171e+00,4.663199744e-01
-4.093528938e+00,-5.317129884e+00,4.338181381e-01
-4.093528938e+00,-5.296927177e+00,4.008632556e-01
-4.093528938e+00,-5.277124550e+00,3.674596422e-01
-4.093528938e+00,-5.257706464e+00,3.345324802e-01
-4.093528938e+00,-5.238658269e+00,3.008854067e-01
-4.093528938e+00,-5.219966136e+00,2.666667912e-01
-4.093528938e+00,-5.201616997e+00,2.331195914e-01
-4.093528938e+00,-5.192567162e+00,2.220995400e-01
-4.093528938e+00,-5.191441669e+00,2.012401466e-01
-3.401529082e+00,-9.204803856e+00,1.816789400e+00
-3.401529082e+00,-8.511656675e+00,1.816470634e+00
-3.401529082e+00,-8.106191567e+00,1.816093516e+00
-3.401529082e+00,-7.818509494e+00,1.815641289e+00
-3.401529082e+00,-7.595365943e+00,1.815108749e+00
-3.401529082e+00,-7.413044386e+00,1.814693132e+00
-3.401529082e+00,-7.258893707e+00,1.814084418e+00
-3.401529082e+00,-7.125362314e+00,1.813364427e+00
-3.401529082e+00,-7.007579278e+00,1.812546513e+00
-3.401529082e+00,-6.902218763e+00,1.811660981e+00
-3.401529082e+00,-6.902218763e+00,1.811452180e+00
-3.401529082e+00,-6.806908583e+00,1.810630246e+00
-3.401529082e+00,-6.719897206e+00,1.809533941e+00
-3.401529082e+00,-6.639854498e+00,1.808345953e+00
-3.401529082e+00,-6.565746526e+00,1.807066867e+00
-3.401529082e+00,-6.496753654e+00,1.805703749e+00
-3.401529082e+00,-6.432215133e+00,1.804243484e+00
-3.401529082e+00,-6.371590512e+00,1.802692901e+00
-3.401529082e+00,-6.314432098e+00,1.801291621e+00
-3.401529082e+00,-6.260364876e+00,1.799389175e+00
-3.401529082e+00,-6.234389390e+00,1.798636008e+00
-3.401529082e+00,-6.221650364e+00,1.798121378e+00
-3.401529082e+00,-6.209071582e+00,1.797794609e+00
-3.401529082e+00,-6.209071582e+00,1.797786058e+00
-3.401529082e+00,-6.196649062e+00,1.797163996e+00
-3.401529082e+00,-6.184378969e+00,1.796687064e+00
-3.401529082e+00,-6.172257609e+00,1.796206636e+00
-3.401529082e+00,-6.160281418e+00,1.795721725e+00
-3.401529082e+00,-6.148446960e+00,1.795231754e+00
-3.401529082e+00,-6.136750920e+00,1.794736596e+00
-3.401529082e+00,-6.125190098e+00,1.794236263e+00
-3.401529082e+00,-6.113761402e+00,1.793730238e+00
-3.401529082e+00,-6.102461847e+00,1.793218953e+00
-3.401529082e+00,-6.091288546e+00,1.792702151e+00
-3.401529082e+00,-6.080238710e+00,1.792179869e+00
-3.401529082e+00,-6.069309640e+00,1.791652106e+00
-3.401529082e+00,-6.058498724e+00,1.791118960e+00
-3.401529082e+00,-6.047803434e+00,1.790580176e+00
-3.401529082e+00,-6.037221325e+00,1.790036114e+00
-3.401529082e+00,-6.026750025e+00,1.789486566e+00
-3.401529082e+00,-6.016387238e+00,1.788931558e+00
-3.401529082e+00,-6.006130738e+00,1.788371085e+00
-3.401529082e+00,-5.995978367e+00,1.787805134e+00
-3.401529082e+00,-5.985928031e+00,1.787233883e+00
-3.401529082e+00,-5.975977700e+00,1.786657196e+00
-3.401529082e+00,-5.966125403e+00,1.786075056e+00
-3.401529082e+00,-5.956369228e+00,1.785487488e+00
-3.401529082e+00,-5.946707318e+00,1.784894542e+00
-3.401529082e+00,-5.937137867e+00,1.784296242e+00
-3.401529082e+00,-5.927659123e+00,1.783692545e+00
-3.401529082e+00,-5.918269382e+00,1.783083377e+00
-3.401529082e+00,-5.908966990e+00,1.782468901e+00
-3.401529082e+00,-5.899750334e+00,1.781849124e+00
-3.401529082e+00,-5.890617851e+00,1.781223908e+00
-3.401529082e+00,-5.881568015e+00,1.780593542e+00
-3.401529082e+00,-5.872599345e+00,1.779957641e+00
-3.401529082e+00,-5.863710398e+00,1.779316439e+00
-3.401529082e+00,-5.854899768e+00,1.778669937e+00
-3.401529082e+00,-5.803606474e+00,1.775136066e+00
-3.401529082e+00,-5.803606474e+00,1.775139065e+00
-3.401529082e+00,-5.649455794e+00,1.760560273e+00
-3.401529082e+00,-5.580462923e+00,1.752506795e+00
-3.401529082e+00,-5.515924401e+00,1.743959064e+00
-3.401529082e+00,-5.515924401e+00,1.744096834e+00
-3.401529082e+00,-5.485152743e+00,1.739482386e+00
-3.401529082e+00,-5.455299780e+00,1.734895082e+00
-3.401529082e+00,-5.426312243e+00,1.730338434e+00
-3.401529082e+00,-5.398141366e+00,1.725518568e+00
-3.401529082e+00,-5.370742392e+00,1.720574282e+00
-3.401529082e+00,-5.344074145e+00,1.715511171e+00
-3.401529082e+00,-5.318098658e+00,1.710330566e+00
-3.401529082e+00,-5.292780850e+00,1.705046102e+00
-3.401529082e+00,-5.292780850e+00,1.705049707e+00
-3.401529082e+00,-5.268088238e+00,1.699620956e+00
-3.401529082e+00,-5.243990686e+00,1.694093537e+00
-3.401529082e+00,-5.110459293e+00,1.658599276e+00
-3.401529082e+00,-5.110459293e+00,1.658596766e+00
-3.401529082e+00,-4.956308614e+00,1.605191416e+00
-3.401529082e+00,-4.956308614e+00,1.605193929e+00
-3.401529082e+00,-4.822777221e+00,1.545215536e+00
-3.401529082e+00,-4.822777221e+00,1.545212760e+00
-3.401529082e+00,-4.704994185e+00,1.478962264e+00
-3.401529082e+00,-4.704994185e+00,1.478712392e+00
-3.401529082e+00,-4.599633670e+00,1.406337105e+00
-3.401529082e+00,-4.599633670e+00,1.406663186e+00
-3.401529082e+00,-4.599633670e+00,1.406305302e+00
-3.401529082e+00,-4.504323490e+00,1.328044414e+00
-3.401529082e+00,-4.504323490e+00,1.328031244e+00
-3.401529082e+00,-4.417312113e+00,1.244060618e+00
-3.401529082e+00,-4.417312113e+00,1.244063565e+00
-3.401529082e+00,-4.337269405e+00,1.153994822e+00
-3.401529082e+00,-4.337269405e+00,1.153997223e+00
-3.401529082e+00,-4.263161433e+00,1.057822177e+00
-3.401529082e+00,-4.263161433e+00,1.057824961e+00
-3.401529082e+00,-4.194168561e+00,9.559508778e-01
-3.401529082e+00,-4.194168561e+00,9.573382339e-01
-3.401529082e+00,-4.129630040e+00,8.485785655e-01
-3.401529082e+00,-4.129630040e+00,8.522091230e-01
-3.401529082e+00,-4.069005419e+00,7.376470522e-01
-3.401529082e+00,-4.069005419e+00,7.536755247e-01
-3.401529082e+00,-4.069004354e+00,7.536735012e-01
-3.401529082e+00,-4.063139241e+00,7.232702867e-01
-3.401529082e+00,-4.054406619e+00,7.277670267e-01
-2.995228834e+00,-6.895320322e+00,2.116967343e+00
-2.995228834e+00,-6.895320322e+00,2.116971195e+00
-2.995228834e+00,-6.202173142e+00,2.113084676e+00
-2.995228834e+00,-6.202173142e+00,2.112879205e+00
-2.995228834e+00,-5.796708034e+00,2.106881550e+00
-2.995228834e+00,-5.796708034e+00,2.106675104e+00
-2.995228834e+00,-5.509025961e+00,2.098147603e+00
-2.995228834e+00,-5.509025961e+00,2.098141889e+00
-2.995228834e+00,-5.285882410e+00,2.087220243e+00
-2.995228834e+00,-5.285882410e+00,2.087042773e+00
-2.995228834e+00,-5.103560853e+00,2.073841050e+00
-2.995228834e+00,-5.103560853e+00,2.073832949e+00
-2.995228834e+00,-4.949410173e+00,2.058211617e+00
-2.995228834e+00,-4.949410173e+00,2.058215121e+00
-2.995228834e+00,-4.815878781e+00,2.040562218e+00
-2.995228834e+00,-4.815878781e+00,2.040414619e+00
-2.995228834e+00,-4.755254159e+00,2.030871424e+00
-2.995228834e+00,-4.726266622e+00,2.025835661e+00
-2.995228834e+00,-4.712081987e+00,2.023264935e+00
-2.995228834e+00,-4.698095745e+00,2.020665901e+00
-2.995228834e+00,-4.698095745e+00,2.020678941e+00
-2.995228834e+00,-4.684302423e+00,2.018035678e+00
-2.995228834e+00,-4.670696771e+00,2.015373655e+00
-2.995228834e+00,-4.657273750e+00,2.012680232e+00
-2.995228834e+00,-4.644028524e+00,2.009955601e+00
-2.995228834e+00,-4.630956442e+00,2.007199803e+00
-2.995228834e+00,-4.618053037e+00,2.004413163e+00
-2.995228834e+00,-4.605314011e+00,2.001595596e+00
-2.995228834e+00,-4.592735229e+00,1.998699612e+00
-2.995228834e+00,-4.592735229e+00,1.998767661e+00
-2.995228834e+00,-4.580312709e+00,1.995868519e+00
-2.995228834e+00,-4.568042617e+00,1.992959042e+00
-2.995228834e+00,-4.555921256e+00,1.990019314e+00
-2.995228834e+00,-4.543945065e+00,1.987049538e+00
-2.995228834e+00,-4.532110607e+00,1.984049553e+00
-2.995228834e+00,-4.520414568e+00,1.981019723e+00
-2.995228834e+00,-4.508853745e+00,1.977960178e+00
-2.995228834e+00,-4.497425049e+00,1.974898035e+00
-2.995228834e+00,-4.497425049e+00,1.974871006e+00
-2.995228834e+00,-4.491759312e+00,1.973296854e+00
-2.995228834e+00,-4.486125494e+00,1.971731729e+00
-2.995228834e+00,-4.480523239e+00,1.970160809e+00
-2.995228834e+00,-4.474952194e+00,1.968582672e+00
-2.995228834e+00,-4.469412013e+00,1.966997332e+00
-2.995228834e+00,-4.463902357e+00,1.965404621e+00
-2.995228834e+00,-4.458422892e+00,1.963804771e+00
-2.995228834e+00,-4.452973287e+00,1.962197607e+00
-2.995228834e+00,-4.447553219e+00,1.960583269e+00
-2.995228834e+00,-4.442162371e+00,1.958961625e+00
-2.995228834e+00,-4.436800428e+00,1.957332720e+00
-2.995228834e+00,-4.431467082e+00,1.955696457e+00
-2.995228834e+00,-4.426162029e+00,1.954052945e+00
-2.995228834e+00,-4.420884972e+00,1.952402409e+00
-2.995228834e+00,-4.410413672e+00,1.949135257e+00
-2.995228834e+00,-4.330370965e+00,1.921541731e+00
-2.995228834e+00,-4.256262993e+00,1.892173858e+00
-2.995228834e+00,-4.187270121e+00,1.861079103e+00
-2.995228834e+00,-4.122731600e+00,1.828303876e+00
-2.995228834e+00,-4.062106978e+00,1.793891132e+00
-2.995228834e+00,-4.004948564e+00,1.757870867e+00
-2.995228834e+00,-3.950881343e+00,1.720288225e+00
-2.995228834e+00,-3.899588049e+00,1.680089102e+00
-2.995228834e+00,-3.899588049e+00,1.681135766e+00
-2.995228834e+00,-3.850797884e+00,1.640099774e+00
-2.995228834e+00,-3.804277869e+00,1.597924445e+00
-2.995228834e+00,-3.759826106e+00,1.554754756e+00
-2.995228834e+00,-3.717266492e+00,1.509713479e+00
-2.995228834e+00,-3.676444497e+00,1.459903275e+00
-2.995228834e+00,-3.676444497e+00,1.462550953e+00
-2.995228834e+00,-3.637223784e+00,1.414209031e+00
-2.995228834e+00,-3.599483456e+00,1.364423177e+00
-2.995228834e+00,-3.563115812e+00,1.313239025e+00
-2.995228834e+00,-3.528024492e+00,1.261694225e+00
-2.995228834e+00,-3.494122941e+00,1.208332447e+00
-2.995228834e+00,-3.494122941e+00,1.197773277e+00
-2.995228834e+00,-3.461333118e+00,1.154805787e+00
-2.995228834e+00,-3.429584419e+00,1.100820009e+00
-2.995228834e+00,-3.414080233e+00,1.060019116e+00
-2.995228834e+00,-3.398813226e+00,1.057629259e+00
-2.995228834e+00,-3.398812761e+00,1.054040144e+00
-2.995228834e+00,-3.395787504e+00,1.072698127e+00
-2.995228834e+00,-3.395032038e+00,1.034497503e+00
-2.995228834e+00,-3.385642298e+00,1.028599423e+00
-2.900428770e+00,-1.079816542e+01,2.228835500e+00
-2.900428770e+00,-1.010501824e+01,2.228718683e+00
-2.900428770e+00,-9.699553132e+00,2.228646298e+00
-2.900428770e+00,-9.411871060e+00,2.228605726e+00
-2.900428770e+00,-9.188727508e+00,2.228584780e+00
-2.900428770e+00,-9.006405952e+00,2.228564185e+00
-2.900428770e+00,-8.852255272e+00,2.228550211e+00
-2.900428770e+00,-8.718723879e+00,2.228539045e+00
-2.900428770e+00,-8.600940843e+00,2.228529169e+00
-2.900428770e+00,-8.495580328e+00,2.228520326e+00
-2.900428770e+00,-8.400270148e+00,2.228510690e+00
-2.900428770e+00,-8.313258771e+00,2.228500480e+00
-2.900428770e+00,-8.233216063e+00,2.228490020e+00
-2.900428770e+00,-8.159108091e+00,2.228478679e+00
-2.900428770e+00,-8.090115220e+00,2.228467032e+00
-2.900428770e+00,-8.025576699e+00,2.228454291e+00
-2.900428770e+00,-7.964952077e+00,2.228441024e+00
-2.900428770e+00,-7.907793663e+00,2.228426927e+00
-2.900428770e+00,-7.853726442e+00,2.228412446e+00
-2.900428770e+00,-7.802433147e+00,2.228396794e+00
-2.900428770e+00,-7.753642983e+00,2.228380642e+00
-2.900428770e+00,-7.707122967e+00,2.228363873e+00
-2.900428770e+00,-7.662671205e+00,2.228346119e+00
-2.900428770e+00,-7.620111590e+00,2.228327627e+00
-2.900428770e+00,-7.579289596e+00,2.228308495e+00
-2.900428770e+00,-7.540068883e+00,2.228288949e+00
-2.900428770e+00,-7.502328555e+00,2.228267098e+00
-2.900428770e+00,-7.465960911e+00,2.228246376e+00
-2.900428770e+00,-7.430869591e+00,2.228223456e+00
-2.900428770e+00,-7.396968039e+00,2.228201122e+00
-2.900428770e+00,-7.364178216e+00,2.228178005e+00
-2.900428770e+00,-7.332429518e+00,2.228151867e+00
-2.900428770e+00,-7.301657859e+00,2.228128231e+00
-2.900428770e+00,-7.271804896e+00,2.228100347e+00
-2.900428770e+00,-7.242817359e+00,2.228075466e+00
-2.900428770e+00,-7.214646482e+00,2.228046406e+00
-2.900428770e+00,-7.187247508e+00,2.228020006e+00
-2.900428770e+00,-7.160579261e+00,2.227988982e+00
-2.900428770e+00,-7.134603775e+00,2.227961394e+00
-2.900428770e+00,-7.109285967e+00,2.227928505e+00
-2.900428770e+00,-7.084593354e+00,2.227899349e+00
-2.900428770e+00,-7.060495803e+00,2.227867054e+00
-2.900428770e+00,-7.036965305e+00,2.227833842e+00
-2.900428770e+00,-7.013975787e+00,2.227800486e+00
-2.900428770e+00,-6.991502931e+00,2.227767352e+00
-2.900428770e+00,-6.969524024e+00,2.227729912e+00
-2.900428770e+00,-6.948017819e+00,2.227696425e+00
-2.900428770e+00,-6.926964410e+00,2.227657650e+00
-2.900428770e+00,-6.906345123e+00,2.227622634e+00
-2.900428770e+00,-6.886142415e+00,2.227582041e+00
-2.900428770e+00,-6.866339788e+00,2.227544918e+00
-2.900428770e+00,-6.846921702e+00,2.227504083e+00
-2.900428770e+00,-6.827873507e+00,2.227465132e+00
-2.900428770e+00,-6.809181374e+00,2.227423657e+00
-2.900428770e+00,-6.790832236e+00,2.227382576e+00
-2.900428770e+00,-6.772813730e+00,2.227339349e+00
-2.900428770e+00,-6.755114153e+00,2.227296456e+00
-2.900428770e+00,-6.737722410e+00,2.227253635e+00
-2.900428770e+00,-6.720627977e+00,2.227206307e+00
-2.900428770e+00,-6.703820859e+00,2.227163098e+00
-2.900428770e+00,-6.687291557e+00,2.227116349e+00
-2.900428770e+00,-6.671031036e+00,2.227067287e+00
-2.900428770e+00,-6.655030694e+00,2.227021720e+00
-2.900428770e+00,-6.639282337e+00,2.226970984e+00
-2.900428770e+00,-6.623778151e+00,2.226924337e+00
-2.900428770e+00,-6.608510679e+00,2.226871426e+00
-2.900428770e+00,-6.192995235e+00,2.224462360e+00
-2.900428770e+00,-6.192995235e+00,2.224465706e+00
-2.900428770e+00,-5.787530127e+00,2.219795134e+00
-2.900428770e+00,-5.499848054e+00,2.213363174e+00
-2.900428770e+00,-5.499848054e+00,2.213192618e+00
-2.900428770e+00,-5.276704503e+00,2.204942429e+00
-2.900428770e+00,-5.181394323e+00,2.200076268e+00
-2.900428770e+00,-5.094382946e+00,2.194785778e+00
-2.900428770e+00,-5.094382946e+00,2.194935477e+00
-2.900428770e+00,-5.014340238e+00,2.189195244e+00
-2.900428770e+00,-4.940232266e+00,2.183049259e+00
-2.900428770e+00,-4.871239395e+00,2.176474812e+00
-2.900428770e+00,-4.806700874e+00,2.169495785e+00
-2.900428770e+00,-4.806700874e+00,2.169490451e+00
-2.900428770e+00,-4.746076252e+00,2.162085729e+00
-2.900428770e+00,-4.688917838e+00,2.154283069e+00
-2.900428770e+00,-4.634850617e+00,2.146083070e+00
-2.900428770e+00,-4.590158627e+00,2.138727464e+00
-2.900428770e+00,-4.583557322e+00,2.137507441e+00
-2.900428770e+00,-4.583557322e+00,2.137510980e+00
-2.900428770e+00,-4.534767158e+00,2.128515197e+00
-2.900428770e+00,-4.488247143e+00,2.119159334e+00
-2.900428770e+00,-4.443795380e+00,2.109568409e+00
-2.900428770e+00,-4.401235766e+00,2.099491839e+00
-2.900428770e+00,-4.401235766e+00,2.099358665e+00
-2.900428770e+00,-4.380616478e+00,2.094288165e+00
-2.900428770e+00,-4.360413771e+00,2.089014951e+00
-2.900428770e+00,-4.340611144e+00,2.083652418e+00
-2.900428770e+00,-4.321193058e+00,2.078201435e+00
-2.900428770e+00,-4.302144863e+00,2.072662838e+00
-2.900428770e+00,-4.292755123e+00,2.069850438e+00
-2.900428770e+00,-4.283452730e+00,2.067025820e+00
-2.900428770e+00,-4.278833784e+00,2.065586231e+00
-2.900428770e+00,-4.274236075e+00,2.064158768e+00
-2.900428770e+00,-4.269659408e+00,2.062727613e+00
-2.900428770e+00,-4.265103591e+00,2.061291025e+00
-2.900428770e+00,-4.260568436e+00,2.059849078e+00
-2.900428770e+00,-4.256053756e+00,2.058401861e+00
-2.900428770e+00,-4.251559366e+00,2.056949105e+00
-2.900428770e+00,-4.247085086e+00,2.055547638e+00
-2.900428770e+00,-4.247085086e+00,2.055551889e+00
-2.900428770e+00,-4.242630735e+00,2.054217636e+00
-2.900428770e+00,-4.238196138e+00,2.052579017e+00
-2.900428770e+00,-4.233781120e+00,2.051087388e+00
-2.900428770e+00,-4.229385509e+00,2.049606167e+00
-2.900428770e+00,-4.225009134e+00,2.048121298e+00
-2.900428770e+00,-4.220651829e+00,2.046631444e+00
-2.900428770e+00,-4.216313427e+00,2.045136366e+00
-2.900428770e+00,-4.113553693e+00,2.006130489e+00
-2.900428770e+00,-4.113553693e+00,2.006126582e+00
-2.900428770e+00,-3.995770657e+00,1.951510755e+00
-2.900428770e+00,-3.995770657e+00,1.951329241e+00
-2.900428770e+00,-3.897011447e+00,1.895638716e+00
-2.900428770e+00,-3.890410142e+00,1.891713681e+00
-2.900428770e+00,-3.890410142e+00,1.891719864e+00
-2.900428770e+00,-3.795099962e+00,1.827306889e+00
-2.900428770e+00,-3.795099962e+00,1.827303222e+00
-2.900428770e+00,-3.708088585e+00,1.758225018e+00
-2.900428770e+00,-3.708088585e+00,1.758221750e+00
-2.900428770e+00,-3.628045877e+00,1.684680448e+00
-2.900428770e+00,-3.628045877e+00,1.684677229e+00
-2.900428770e+00,-3.553937905e+00,1.606766565e+00
-2.900428770e+00,-3.553937905e+00,1.606769777e+00
-2.900428770e+00,-3.491546339e+00,1.530614337e+00
-2.900428770e+00,-3.484945034e+00,1.524250098e+00
-2.900428770e+00,-3.484945034e+00,1.524253347e+00
-2.900428770e+00,-3.420406513e+00,1.438382910e+00
-2.900428770e+00,-3.420406513e+00,1.437236467e+00
-2.900428770e+00,-3.359781891e+00,1.349096354e+00
-2.900428770e+00,-3.359781891e+00,1.346139887e+00
-2.900428770e+00,-3.302623477e+00,1.253381578e+00
-2.900428770e+00,-3.302623477e+00,1.259619566e+00
-2.900428770e+00,-3.248556256e+00,1.134856519e+00
-2.484485388e+00,-1.080255177e+01,2.506795960e+00
-2.484485388e+00,-1.010940459e+01,2.506683511e+00
-2.484485388e+00,-9.703939483e+00,2.506608046e+00
-2.484485388e+00,-9.416257411e+00,2.506566036e+00
-2.484485388e+00,-9.193113860e+00,2.506549537e+00
-2.484485388e+00,-9.010792303e+00,2.506531488e+00
-2.484485388e+00,-8.856641623e+00,2.506520418e+00
-2.484485388e+00,-8.723110230e+00,2.506513177e+00
-2.484485388e+00,-8.605327195e+00,2.506508223e+00
-2.484485388e+00,-8.499966679e+00,2.506781729e+00
-2.484485388e+00,-8.404656499e+00,2.506501490e+00
-2.484485388e+00,-8.317645122e+00,2.506498650e+00
-2.484485388e+00,-8.237602415e+00,2.506495898e+00
-2.484485388e+00,-8.163494442e+00,2.506493073e+00
-2.484485388e+00,-8.094501571e+00,2.506490002e+00
-2.484485388e+00,-8.029963050e+00,2.506486644e+00
-2.484485388e+00,-7.969338428e+00,2.506483066e+00
-2.484485388e+00,-7.912180014e+00,2.506479500e+00
-2.484485388e+00,-7.858112793e+00,2.506475720e+00
-2.484485388e+00,-7.806819498e+00,2.506629763e+00
-2.484485388e+00,-7.758029334e+00,2.506467612e+00
-2.484485388e+00,-7.711509319e+00,2.506463429e+00
-2.484485388e+00,-7.667057556e+00,2.506458861e+00
-2.484485388e+00,-7.624497942e+00,2.506454198e+00
-2.484485388e+00,-7.583675947e+00,2.506449201e+00
-2.484485388e+00,-7.544455234e+00,2.506444210e+00
-2.484485388e+00,-7.506714906e+00,2.506438733e+00
-2.484485388e+00,-7.470347262e+00,2.506433268e+00
-2.484485388e+00,-7.435255942e+00,2.506427413e+00
-2.484485388e+00,-7.401354390e+00,2.506492938e+00
-2.484485388e+00,-7.368564568e+00,2.506415554e+00
-2.484485388e+00,-7.336815869e+00,2.506409450e+00
-2.484485388e+00,-7.306044211e+00,2.506402691e+00
-2.484485388e+00,-7.276191247e+00,2.506395817e+00
-2.484485388e+00,-7.247203711e+00,2.506389269e+00
-2.484485388e+00,-7.219032834e+00,2.506382088e+00
-2.484485388e+00,-7.191633859e+00,2.506374947e+00
-2.484485388e+00,-7.164965612e+00,2.506367500e+00
-2.484485388e+00,-7.138990126e+00,2.506359978e+00
-2.484485388e+00,-7.113672318e+00,2.506366314e+00
-2.484485388e+00,-7.088979705e+00,2.506344026e+00
-2.484485388e+00,-7.064882154e+00,2.506336186e+00
-2.484485388e+00,-7.041351656e+00,2.506327734e+00
-2.484485388e+00,-7.018362138e+00,2.506319382e+00
-2.484485388e+00,-6.995889282e+00,2.506310237e+00
-2.484485388e+00,-6.973910376e+00,2.506301376e+00
-2.484485388e+00,-6.952404170e+00,2.506292636e+00
-2.484485388e+00,-6.931350761e+00,2.506282600e+00
-2.484485388e+00,-6.910731474e+00,2.506273428e+00
-2.484485388e+00,-6.890528767e+00,2.506238074e+00
-2.484485388e+00,-6.870726139e+00,2.506253493e+00
-2.484485388e+00,-6.851308053e+00,2.506243495e+00
-2.484485388e+00,-6.832259858e+00,2.506233667e+00
-2.484485388e+00,-6.813567725e+00,2.506222493e+00
-2.484485388e+00,-6.795218587e+00,2.506212309e+00
-2.484485388e+00,-6.777200081e+00,2.506201681e+00
-2.484485388e+00,-6.759500504e+00,2.506189974e+00
-2.484485388e+00,-6.742108762e+00,2.506178735e+00
-2.484485388e+00,-6.725014328e+00,2.506168058e+00
-2.484485388e+00,-6.708207210e+00,2.506116046e+00
-2.484485388e+00,-6.691677908e+00,2.506144282e+00
-2.484485388e+00,-6.675417387e+00,2.506131927e+00
-2.484485388e+00,-6.659417046e+00,2.506120410e+00
-2.484485388e+00,-6.643668689e+00,2.506107844e+00
-2.484485388e+00,-6.628164502e+00,2.506095368e+00
-2.484485388e+00,-6.612897030e+00,2.506082436e+00
-2.484485388e+00,-6.597859153e+00,2.506070021e+00
-2.484485388e+00,-6.583044067e+00,2.506057208e+00
-2.484485388e+00,-6.568445267e+00,2.506042523e+00
-2.484485388e+00,-6.554056530e+00,2.505965559e+00
-2.484485388e+00,-6.539871895e+00,2.506016485e+00
-2.484485388e+00,-6.525885653e+00,2.506001311e+00
-2.484485388e+00,-6.512092331e+00,2.505987663e+00
-2.484485388e+00,-6.498486679e+00,2.505973851e+00
-2.484485388e+00,-6.485063659e+00,2.505959840e+00
-2.484485388e+00,-6.471818432e+00,2.505943897e+00
-2.484485388e+00,-6.458746350e+00,2.505929670e+00
-2.484485388e+00,-6.445842945e+00,2.505915156e+00
-2.484485388e+00,-6.433103920e+00,2.505898563e+00
-2.484485388e+00,-6.420525137e+00,2.505795105e+00
-2.484485388e+00,-6.408102617e+00,2.505868436e+00
-2.484485388e+00,-6.395832525e+00,2.505853122e+00
-2.484485388e+00,-6.383711164e+00,2.505835583e+00
-2.484485388e+00,-6.371734973e+00,2.505818639e+00
-2.484485388e+00,-6.359900516e+00,2.505803755e+00
-2.484485388e+00,-6.348204476e+00,2.505786427e+00
-2.484485388e+00,-6.336643653e+00,2.505769196e+00
-2.484485388e+00,-6.325214958e+00,2.505753290e+00
-2.484485388e+00,-6.313915402e+00,2.505735304e+00
-2.484485388e+00,-6.302742102e+00,2.505613452e+00
-2.484485388e+00,-6.291692266e+00,2.505700807e+00
-2.484485388e+00,-6.280763195e+00,2.505683182e+00
-2.484485388e+00,-6.269952279e+00,2.505664924e+00
-2.484485388e+00,-6.259256990e+00,2.505647506e+00
-2.484485388e+00,-6.248674880e+00,2.505628721e+00
-2.484485388e+00,-6.238203581e+00,2.505609647e+00
-2.484485388e+00,-6.227840794e+00,2.505591695e+00
-2.484485388e+00,-6.217584293e+00,2.505572858e+00
-2.484485388e+00,-6.207431922e+00,2.505552921e+00
-2.484485388e+00,-6.197381586e+00,2.505501582e+00
-2.484485388e+00,-6.197381586e+00,2.505409223e+00
-2.484485388e+00,-6.187431255e+00,2.505515145e+00
-2.484485388e+00,-6.177578959e+00,2.505494074e+00
-2.484485388e+00,-6.167822784e+00,2.505474465e+00
-2.484485388e+00,-6.158160873e+00,2.505455444e+00
-2.484485388e+00,-6.148591422e+00,2.505434603e+00
-2.484485388e+00,-6.139112678e+00,2.505413407e+00
-2.484485388e+00,-6.129722938e+00,2.505393422e+00
-2.484485388e+00,-6.120420545e+00,2.505372421e+00
-2.484485388e+00,-6.111203890e+00,2.505351714e+00
-2.484485388e+00,-6.102071406e+00,2.505190646e+00
-2.484485388e+00,-6.093021571e+00,2.505308471e+00
-2.484485388e+00,-6.084052901e+00,2.505286832e+00
-2.484485388e+00,-6.075163953e+00,2.505265502e+00
-2.484485388e+00,-6.066353324e+00,2.505242804e+00
-2.484485388e+00,-6.057619644e+00,2.505220757e+00
-2.484485388e+00,-6.048961581e+00,2.505199110e+00
-2.484485388e+00,-6.040377837e+00,2.505175238e+00
-2.484485388e+00,-6.031867148e+00,2.505152645e+00
-2.484485388e+00,-6.023428279e+00,2.505130955e+00
-2.484485388e+00,-6.015060029e+00,2.504950708e+00
-2.484485388e+00,-6.006761226e+00,2.505083661e+00
-2.484485388e+00,-5.998530727e+00,2.505059493e+00
-2.484485388e+00,-5.990367417e+00,2.505037074e+00
-2.484485388e+00,-5.982270206e+00,2.505012436e+00
-2.484485388e+00,-5.974238035e+00,2.504987866e+00
-2.484485388e+00,-5.966269865e+00,2.504964490e+00
-2.484485388e+00,-5.958364686e+00,2.504940652e+00
-2.484485388e+00,-5.950521508e+00,2.504916679e+00
-2.484485388e+00,-5.942739368e+00,2.504890288e+00
-2.484485388e+00,-5.935017322e+00,2.504693253e+00
-2.484485388e+00,-5.927354449e+00,2.504841097e+00
-2.484485388e+00,-5.919749849e+00,2.504815638e+00
-2.484485388e+00,-5.912202644e+00,2.504788429e+00
-2.484485388e+00,-5.904711972e+00,2.504762693e+00
-2.484485388e+00,-5.897276994e+00,2.504738475e+00
-2.484485388e+00,-5.889896886e+00,2.504710899e+00
-2.484485388e+00,-5.882570846e+00,2.504684390e+00
-2.484485388e+00,-5.875298087e+00,2.504658027e+00
-2.484485388e+00,-5.868077839e+00,2.504631683e+00
-2.484485388e+00,-5.860909349e+00,2.504399726e+00
-2.484485388e+00,-5.853791882e+00,2.504577293e+00
-2.484485388e+00,-5.846724714e+00,2.504550100e+00
-2.484485388e+00,-5.839707142e+00,2.504522836e+00
-2.484485388e+00,-5.832738472e+00,2.504494868e+00
-2.484485388e+00,-5.825818030e+00,2.504467252e+00
-2.484485388e+00,-5.818945150e+00,2.504439073e+00
-2.484485388e+00,-5.812119185e+00,2.504411080e+00
-2.484485388e+00,-5.805339498e+00,2.504382112e+00
-2.484485388e+00,-5.798605466e+00,2.504354180e+00
-2.484485388e+00,-5.791916478e+00,2.504102749e+00
-2.484485388e+00,-5.785271935e+00,2.504294667e+00
-2.484485388e+00,-5.778671251e+00,2.504266727e+00
-2.484485388e+00,-5.772113851e+00,2.504237172e+00
-2.484485388e+00,-5.765599170e+00,2.504206458e+00
-2.484485388e+00,-5.759126655e+00,2.504175703e+00
-2.484485388e+00,-5.752695765e+00,2.504145792e+00
-2.484485388e+00,-5.746305967e+00,2.504117370e+00
-2.484485388e+00,-5.739956739e+00,2.504087801e+00
-2.484485388e+00,-5.733647570e+00,2.504054763e+00
-2.484485388e+00,-5.727377957e+00,2.503786719e+00
-2.484485388e+00,-5.721147407e+00,2.503994454e+00
-2.484485388e+00,-5.714955437e+00,2.503963071e+00
-2.484485388e+00,-5.708801571e+00,2.503931208e+00
-2.484485388e+00,-5.702685344e+00,2.503899792e+00
-2.484485388e+00,-5.696606298e+00,2.503868840e+00
-2.484485388e+00,-5.690563984e+00,2.503835882e+00
-2.484485388e+00,-5.684557960e+00,2.503803961e+00
-2.484485388e+00,-5.678587793e+00,2.503772014e+00
-2.484485388e+00,-5.672653057e+00,2.503739203e+00
-2.484485388e+00,-5.666753335e+00,2.503451483e+00
-2.484485388e+00,-5.660888216e+00,2.503674148e+00
-2.484485388e+00,-5.655057295e+00,2.503640443e+00
-2.484485388e+00,-5.649260178e+00,2.503607009e+00
-2.484485388e+00,-5.643496473e+00,2.503574515e+00
-2.484485388e+00,-5.637765798e+00,2.503539606e+00
-2.484485388e+00,-5.632067777e+00,2.503506850e+00
-2.484485388e+00,-5.626402039e+00,2.503473453e+00
-2.484485388e+00,-5.620768222e+00,2.503437735e+00
-2.484485388e+00,-5.615165966e+00,2.503403144e+00
-2.484485388e+00,-5.609594921e+00,2.503097263e+00
-2.484485388e+00,-5.604054741e+00,2.503335281e+00
-2.484485388e+00,-5.598545085e+00,2.503298566e+00
-2.484485388e+00,-5.593065619e+00,2.503263449e+00
-2.484485388e+00,-5.587616014e+00,2.503229791e+00
-2.484485388e+00,-5.582195947e+00,2.503194436e+00
-2.484485388e+00,-5.576805098e+00,2.503156726e+00
-2.484485388e+00,-5.571443155e+00,2.503121898e+00
-2.484485388e+00,-5.566109809e+00,2.503086782e+00
-2.484485388e+00,-5.560804757e+00,2.503048905e+00
-2.484485388e+00,-5.555527700e+00,2.502723889e+00
-2.484485388e+00,-5.550278344e+00,2.502976341e+00
-2.484485388e+00,-5.545056400e+00,2.502940232e+00
-2.484485388e+00,-5.539861583e+00,2.502901393e+00
-2.484485388e+00,-5.534693613e+00,2.502863285e+00
-2.484485388e+00,-5.529552213e+00,2.502827755e+00
-2.484485388e+00,-5.524437113e+00,2.502790653e+00
-2.484485388e+00,-5.519348043e+00,2.502750896e+00
-2.484485388e+00,-5.514284741e+00,2.502712476e+00
-2.484485388e+00,-5.509246947e+00,2.502675386e+00
-2.484485388e+00,-5.504234406e+00,2.502331478e+00
-2.484485388e+00,-5.504234406e+00,2.502347128e+00
-2.484485388e+00,-5.499246864e+00,2.502596984e+00
-2.484485388e+00,-5.494284075e+00,2.502558227e+00
-2.484485388e+00,-5.489345793e+00,2.502520418e+00
-2.484485388e+00,-5.484431778e+00,2.502482295e+00
-2.484485388e+00,-5.479541793e+00,2.502440578e+00
-2.484485388e+00,-5.474675603e+00,2.502401080e+00
-2.484485388e+00,-5.469832979e+00,2.502362258e+00
-2.484485388e+00,-5.465013692e+00,2.502323464e+00
-2.484485388e+00,-5.460217520e+00,2.502281757e+00
-2.484485388e+00,-5.455444241e+00,2.501920038e+00
-2.484485388e+00,-5.450693639e+00,2.502201742e+00
-2.484485388e+00,-5.445965497e+00,2.502162471e+00
-2.484485388e+00,-5.441259606e+00,2.502119633e+00
-2.484485388e+00,-5.436575757e+00,2.502076998e+00
-2.484485388e+00,-5.431913744e+00,2.502036449e+00
-2.484485388e+00,-5.427273364e+00,2.501997573e+00
-2.484485388e+00,-5.422654419e+00,2.501953497e+00
-2.484485388e+00,-5.418056709e+00,2.501911748e+00
-2.484485388e+00,-5.413480042e+00,2.501871551e+00
-2.484485388e+00,-5.408924226e+00,2.501489550e+00
-2.484485388e+00,-5.404389071e+00,2.501786300e+00
-2.484485388e+00,-5.399874390e+00,2.501743423e+00
-2.484485388e+00,-5.395380001e+00,2.501701621e+00
-2.484485388e+00,-5.390905720e+00,2.501657446e+00
-2.484485388e+00,-5.386451370e+00,2.501614710e+00
-2.484485388e+00,-5.382016773e+00,2.501571687e+00
-2.484485388e+00,-5.377601755e+00,2.501527708e+00
-2.484485388e+00,-5.373206143e+00,2.501483827e+00
-2.484485388e+00,-5.368829768e+00,2.501440605e+00
-2.484485388e+00,-5.364472463e+00,2.501040139e+00
-2.484485388e+00,-5.360134062e+00,2.501351876e+00
-2.484485388e+00,-5.355814400e+00,2.501307796e+00
-2.484485388e+00,-5.351513318e+00,2.501262535e+00
-2.484485388e+00,-5.347230657e+00,2.501217713e+00
-2.484485388e+00,-5.342966258e+00,2.501172944e+00
-2.484485388e+00,-5.338719967e+00,2.501127336e+00
-2.484485388e+00,-5.334491631e+00,2.501082110e+00
-2.484485388e+00,-5.330281098e+00,2.501036915e+00
-2.484485388e+00,-5.326088220e+00,2.500990598e+00
-2.484485388e+00,-5.321912849e+00,2.500571684e+00
-2.484485388e+00,-5.317754839e+00,2.500898109e+00
-2.484485388e+00,-5.313614046e+00,2.500852102e+00
-2.484485388e+00,-5.309490329e+00,2.500806082e+00
-2.484485388e+00,-5.305383547e+00,2.500758481e+00
-2.484485388e+00,-5.301293562e+00,2.500710750e+00
-2.484485388e+00,-5.297220236e+00,2.500665724e+00
-2.484485388e+00,-5.293163435e+00,2.500616977e+00
-2.484485388e+00,-5.289123026e+00,2.500568885e+00
-2.484485388e+00,-5.285098876e+00,2.500521805e+00
-2.484485388e+00,-5.281090854e+00,2.500084326e+00
-2.484485388e+00,-5.241870141e+00,2.499577982e+00
-2.484485388e+00,-5.204129813e+00,2.499052815e+00
-2.484485388e+00,-5.167762169e+00,2.498508787e+00
-2.484485388e+00,-5.132670849e+00,2.497945796e+00
-2.484485388e+00,-5.098769297e+00,2.497363922e+00
-2.484485388e+00,-5.098769297e+00,2.497573835e+00
-2.484485388e+00,-5.065979475e+00,2.496763309e+00
-2.484485388e+00,-5.034230776e+00,2.496143863e+00
-2.484485388e+00,-5.003459118e+00,2.495505756e+00
-2.484485388e+00,-4.973606154e+00,2.494848863e+00
-2.484485388e+00,-4.944618618e+00,2.494173377e+00
-2.484485388e+00,-4.916447741e+00,2.493479160e+00
-2.484485388e+00,-4.889048766e+00,2.492766343e+00
-2.484485388e+00,-4.862380519e+00,2.492035022e+00
-2.484485388e+00,-4.836405033e+00,2.491285066e+00
-2.484485388e+00,-4.811087225e+00,2.490991259e+00
-2.484485388e+00,-4.811087225e+00,2.490516657e+00
-2.484485388e+00,-4.786394612e+00,2.489729747e+00
-2.484485388e+00,-4.762297061e+00,2.488924369e+00
-2.484485388e+00,-4.738766563e+00,2.488501426e+00
-2.484485388e+00,-4.715777045e+00,2.487759390e+00
-2.484485388e+00,-4.693304189e+00,2.486927055e+00
-2.484485388e+00,-4.671325283e+00,2.486068902e+00
-2.484485388e+00,-4.649819077e+00,2.485187033e+00
-2.484485388e+00,-4.628765668e+00,2.484285362e+00
-2.484485388e+00,-4.608146381e+00,2.483365015e+00
-2.484485388e+00,-4.587943674e+00,2.482426508e+00
-2.484485388e+00,-4.587943674e+00,2.482443158e+00
-2.484485388e+00,-4.577993343e+00,2.481865334e+00
-2.484485388e+00,-4.571008896e+00,2.481684033e+00
-2.484485388e+00,-4.568141046e+00,2.481345568e+00
-2.484485388e+00,-4.558384871e+00,2.480841481e+00
-2.484485388e+00,-4.548722960e+00,2.480341315e+00
-2.484485388e+00,-4.539153509e+00,2.479840861e+00
-2.484485388e+00,-4.529674766e+00,2.479337974e+00
-2.484485388e+00,-4.520285025e+00,2.478831824e+00
-2.484485388e+00,-4.510982632e+00,2.478321828e+00
-2.484485388e+00,-4.501765977e+00,2.477807625e+00
-2.484485388e+00,-4.492633494e+00,2.477289064e+00
-2.484485388e+00,-4.483583658e+00,2.476766213e+00
-2.484485388e+00,-4.474614988e+00,2.476238953e+00
-2.484485388e+00,-4.465726041e+00,2.475707330e+00
-2.484485388e+00,-4.456915411e+00,2.475171192e+00
-2.484485388e+00,-4.448181731e+00,2.474630639e+00
-2.484485388e+00,-4.439523669e+00,2.474085677e+00
-2.484485388e+00,-4.430939925e+00,2.473536314e+00
-2.484485388e+00,-4.422429235e+00,2.472982423e+00
-2.484485388e+00,-4.413990367e+00,2.472424201e+00
-2.484485388e+00,-4.405622117e+00,2.472227733e+00
-2.484485388e+00,-4.405622117e+00,2.471861571e+00
-2.484485388e+00,-4.397323314e+00,2.471294428e+00
-2.484485388e+00,-4.389092815e+00,2.470723069e+00
-2.484485388e+00,-4.380929504e+00,2.470147220e+00
-2.484485388e+00,-4.372832294e+00,2.469566891e+00
-2.484485388e+00,-4.364800122e+00,2.468982313e+00
-2.484485388e+00,-4.356831953e+00,2.468393284e+00
-2.484485388e+00,-4.348926773e+00,2.467799888e+00
-2.484485388e+00,-4.341083596e+00,2.467202091e+00
-2.484485388e+00,-4.333301455e+00,2.466600000e+00
-2.484485388e+00,-4.325579409e+00,2.465993479e+00
-2.484485388e+00,-4.317916536e+00,2.465382624e+00
-2.484485388e+00,-4.310311937e+00,2.464767452e+00
-2.484485388e+00,-4.302764731e+00,2.464147953e+00
-2.484485388e+00,-4.295274060e+00,2.463524032e+00
-2.484485388e+00,-4.287839081e+00,2.462895848e+00
-2.484485388e+00,-4.280458974e+00,2.462263334e+00
-2.484485388e+00,-4.273132934e+00,2.461626542e+00
-2.484485388e+00,-4.265860174e+00,2.460985321e+00
-2.484485388e+00,-4.258639926e+00,2.460339836e+00
-2.484485388e+00,-4.251471437e+00,2.460128171e+00
-2.484485388e+00,-4.251471437e+00,2.459690046e+00
-2.484485388e+00,-4.244353969e+00,2.459035990e+00
-2.484485388e+00,-4.237286802e+00,2.458377663e+00
-2.484485388e+00,-4.230269229e+00,2.457714975e+00
-2.484485388e+00,-4.223300560e+00,2.457048045e+00
-2.484485388e+00,-4.216380117e+00,2.456376859e+00
-2.484485388e+00,-4.209507238e+00,2.455701532e+00
-2.484485388e+00,-4.202681273e+00,2.455021905e+00
-2.484485388e+00,-4.195901586e+00,2.454337984e+00
-2.484485388e+00,-4.189167554e+00,2.453649845e+00
-2.484485388e+00,-4.182478566e+00,2.452957566e+00
-2.484485388e+00,-4.175834023e+00,2.452260981e+00
-2.484485388e+00,-4.169233339e+00,2.451560222e+00
-2.484485388e+00,-4.162675938e+00,2.450855115e+00
-2.484485388e+00,-4.156161257e+00,2.450145968e+00
-2.484485388e+00,-4.149688743e+00,2.449432443e+00
-2.484485388e+00,-4.143257852e+00,2.448714790e+00
-2.484485388e+00,-4.136868054e+00,2.447992807e+00
-2.484485388e+00,-4.130518827e+00,2.447266796e+00
-2.484485388e+00,-4.124209657e+00,2.446536591e+00
-2.484485388e+00,-4.117940044e+00,2.445802175e+00
-2.484485388e+00,-4.117940044e+00,2.446313572e+00
-2.484485388e+00,-4.111709495e+00,2.445063596e+00
-2.484485388e+00,-4.105517524e+00,2.444320898e+00
-2.484485388e+00,-4.099363659e+00,2.443573927e+00
-2.484485388e+00,-4.093247432e+00,2.442822777e+00
-2.484485388e+00,-4.087168386e+00,2.442067632e+00
-2.484485388e+00,-4.081126071e+00,2.441308246e+00
-2.484485388e+00,-4.075120047e+00,2.440544803e+00
-2.484485388e+00,-4.069149880e+00,2.439777226e+00
-2.484485388e+00,-4.063215145e+00,2.439005406e+00
-2.484485388e+00,-4.057315423e+00,2.438229671e+00
-2.484485388e+00,-4.051450303e+00,2.437449674e+00
-2.484485388e+00,-4.045619383e+00,2.436665640e+00
-2.484485388e+00,-4.039822265e+00,2.435877471e+00
-2.484485388e+00,-4.034058560e+00,2.435085291e+00
-2.484485388e+00,-4.028327886e+00,2.434288993e+00
-2.484485388e+00,-4.022629865e+00,2.433488601e+00
-2.484485388e+00,-4.016964127e+00,2.432684231e+00
-2.484485388e+00,-4.011330309e+00,2.431875735e+00
-2.484485388e+00,-4.005728054e+00,2.431063217e+00
-2.484485388e+00,-4.000157009e+00,2.430246687e+00
-2.484485388e+00,-4.000157009e+00,2.430835871e+00
-2.484485388e+00,-3.894796493e+00,2.413753589e+00
-2.484485388e+00,-3.877861715e+00,2.410791319e+00
-2.484485388e+00,-3.799486313e+00,2.395228089e+00
-2.484485388e+00,-3.712474936e+00,2.375067037e+00
-2.484485388e+00,-3.632432229e+00,2.353439110e+00
-2.484485388e+00,-3.558324256e+00,2.330389078e+00
-2.484485388e+00,-3.489331385e+00,2.305958480e+00
-2.484485388e+00,-3.472396607e+00,2.299468084e+00
-2.484485388e+00,-3.424792864e+00,2.280186133e+00
-2.484485388e+00,-3.364168242e+00,2.253108251e+00
-2.484485388e+00,-3.307009828e+00,2.224759753e+00
-2.484485388e+00,-3.252942607e+00,2.195174698e+00
-2.484485388e+00,-3.201649313e+00,2.164369162e+00
-2.484485388e+00,-3.184714534e+00,2.153459449e+00
-2.484485388e+00,-3.152859148e+00,2.132378010e+00
-2.484485388e+00,-3.106339133e+00,2.099225896e+00
-2.484485388e+00,-3.061887370e+00,2.064922947e+00
-2.484485388e+00,-3.019327756e+00,2.029185561e+00
-2.484485388e+00,-2.978505761e+00,1.992604019e+00
-2.484485388e+00,-2.961570983e+00,1.975687953e+00
-2.484485388e+00,-2.939285048e+00,1.954992529e+00
-2.484485388e+00,-2.901544720e+00,1.916315245e+00
-2.484485388e+00,-2.865177076e+00,1.876529057e+00
-2.484485388e+00,-2.830085756e+00,1.835606197e+00
-2.484485388e+00,-2.796184204e+00,1.793560990e+00
-2.484485388e+00,-2.779249426e+00,1.769719347e+00
-2.484485388e+00,-2.763394382e+00,1.750437800e+00
-2.484485388e+00,-2.731645683e+00,1.706297774e+00
-2.484485388e+00,-2.700874025e+00,1.661208146e+00
-2.484485388e+00,-2.671021061e+00,1.615241972e+00
-2.484485388e+00,-2.642033525e+00,1.569534236e+00
-2.484485388e+00,-2.625098746e+00,1.538815610e+00
-2.484485388e+00,-2.613862648e+00,1.523600218e+00
-2.484485388e+00,-2.586463673e+00,1.477507027e+00
-2.484485388e+00,-2.559795426e+00,1.438323196e+00
-2.484485388e+00,-2.559794865e+00,1.439940990e+00
-2.301906256e+00,-6.122518977e+00,2.648540143e+00
-2.301906256e+00,-6.122518977e+00,2.648536358e+00
-2.301906256e+00,-5.429371796e+00,2.646257999e+00
-2.301906256e+00,-5.429371796e+00,2.646262929e+00
-2.301906256e+00,-5.023906688e+00,2.643351235e+00
-2.301906256e+00,-5.023906688e+00,2.643168668e+00
-2.301906256e+00,-4.736224616e+00,2.638983179e+00
-2.301906256e+00,-4.736224616e+00,2.639004795e+00
-2.301906256e+00,-4.556315329e+00,2.634800222e+00
-2.301906256e+00,-4.513081064e+00,2.633428007e+00
-2.301906256e+00,-4.513081064e+00,2.633421060e+00
-2.301906256e+00,-4.330759508e+00,2.626659935e+00
-2.301906256e+00,-4.330759508e+00,2.626854015e+00
-2.301906256e+00,-4.176608828e+00,2.618969111e+00
-2.301906256e+00,-4.176608828e+00,2.618982601e+00
-2.301906256e+00,-4.043077435e+00,2.609946230e+00
-2.301906256e+00,-4.043077435e+00,2.609952206e+00
-2.301906256e+00,-3.925294399e+00,2.599796134e+00
-2.301906256e+00,-3.925294399e+00,2.599946300e+00
-2.301906256e+00,-3.863168148e+00,2.593592687e+00
-2.301906256e+00,-3.819933884e+00,2.588719791e+00
-2.301906256e+00,-3.819933884e+00,2.588711873e+00
-2.301906256e+00,-3.724623704e+00,2.576418023e+00
-2.301906256e+00,-3.724623704e+00,2.576423490e+00
-2.301906256e+00,-3.637612327e+00,2.563079344e+00
-2.301906256e+00,-3.637612327e+00,2.563084044e+00
-2.301906256e+00,-3.557569619e+00,2.548729805e+00
-2.301906256e+00,-3.557569619e+00,2.548724603e+00
-2.301906256e+00,-3.519829291e+00,2.541167664e+00
-2.301906256e+00,-3.483461647e+00,2.533371938e+00
-2.301906256e+00,-3.483461647e+00,2.533384359e+00
-2.301906256e+00,-3.457703040e+00,2.527526589e+00
-2.301906256e+00,-3.448370327e+00,2.525334773e+00
-2.301906256e+00,-3.414468776e+00,2.517074522e+00
-2.301906256e+00,-3.414468776e+00,2.517060188e+00
-2.301906256e+00,-3.397939474e+00,2.512831180e+00
-2.301906256e+00,-3.349930255e+00,2.499824952e+00
-2.301906256e+00,-3.289305633e+00,2.481658301e+00
-2.301906256e+00,-3.232147219e+00,2.462598847e+00
-2.301906256e+00,-3.178079998e+00,2.442798532e+00
-2.301906256e+00,-3.170020968e+00,2.439513631e+00
-2.301906256e+00,-3.126786703e+00,2.422018613e+00
-2.301906256e+00,-3.077996539e+00,2.400405952e+00
-2.301906256e+00,-3.031476523e+00,2.377976581e+00
-2.301906256e+00,-2.987024761e+00,2.354750548e+00
-2.301906256e+00,-2.946877416e+00,2.331909011e+00
-2.301906256e+00,-2.944465146e+00,2.330741964e+00
-2.301906256e+00,-2.903643152e+00,2.305800058e+00
-2.301906256e+00,-2.864422439e+00,2.280258522e+00
-2.301906256e+00,-2.826682111e+00,2.253970675e+00
-2.301906256e+00,-2.790314467e+00,2.226957466e+00
-2.301906256e+00,-2.764555860e+00,2.206421417e+00
-2.301906256e+00,-2.755223147e+00,2.199194625e+00
-2.301906256e+00,-2.721321595e+00,2.170743677e+00
-2.301906256e+00,-2.688531772e+00,2.141579086e+00
-2.301906256e+00,-2.656783074e+00,2.111754254e+00
-2.301906256e+00,-2.626011415e+00,2.081276166e+00
-2.301906256e+00,-2.610405180e+00,2.064184067e+00
-2.301906256e+00,-2.596158452e+00,2.050130362e+00
-2.301906256e+00,-2.567170915e+00,2.018294363e+00
-2.301906256e+00,-2.539000038e+00,1.985754560e+00
-2.301906256e+00,-2.511601064e+00,1.952517129e+00
-2.301906256e+00,-2.484932817e+00,1.918597289e+00
-2.301906256e+00,-2.476873787e+00,1.905427977e+00
-2.301906256e+00,-2.458957331e+00,1.883297648e+00
-2.301906256e+00,-2.433639523e+00,1.848674615e+00
-2.301906256e+00,-2.408946910e+00,1.813024449e+00
-2.301906256e+00,-2.384849358e+00,1.776748368e+00
-2.301906256e+00,-2.361318861e+00,1.739970492e+00
-2.301906256e+00,-2.359090752e+00,1.733669130e+00
-2.301906256e+00,-2.338329343e+00,1.702760794e+00
-2.301906256e+00,-2.315856487e+00,1.666199826e+00
-2.301906256e+00,-2.293877580e+00,1.629879108e+00
-2.301906256e+00,-2.272371375e+00,1.596311886e+00
-2.301906256e+00,-2.253730236e+00,1.561449311e+00
-2.301906256e+00,-2.251321799e+00,1.589229381e+00
-2.301906256e+00,-2.251317966e+00,1.581465451e+00
-1.885373306e+00,-9.101329662e+00,2.980387754e+00
-1.885373306e+00,-8.408182481e+00,2.980278753e+00
-1.885373306e+00,-8.002717373e+00,2.980200582e+00
-1.885373306e+00,-7.715035301e+00,2.980156849e+00
-1.885373306e+00,-7.491891749e+00,2.980139600e+00
-1.885373306e+00,-7.309570193e+00,2.980115897e+00
-1.885373306e+00,-7.155419513e+00,2.980100452e+00
-1.885373306e+00,-7.021888120e+00,2.980088096e+00
-1.885373306e+00,-6.904105085e+00,2.980077408e+00
-1.885373306e+00,-6.798744569e+00,2.980067335e+00
-1.885373306e+00,-6.703434389e+00,2.980056697e+00
-1.885373306e+00,-6.616423012e+00,2.980045724e+00
-1.885373306e+00,-6.536380304e+00,2.980033956e+00
-1.885373306e+00,-6.462272332e+00,2.980021352e+00
-1.885373306e+00,-6.393279461e+00,2.980008173e+00
-1.885373306e+00,-6.328740940e+00,2.979994275e+00
-1.885373306e+00,-6.268116318e+00,2.979979601e+00
-1.885373306e+00,-6.210957904e+00,2.979964097e+00
-1.885373306e+00,-6.156890683e+00,2.979947550e+00
-1.885373306e+00,-6.105597388e+00,2.979930470e+00
-1.885373306e+00,-6.056807224e+00,2.979913129e+00
-1.885373306e+00,-6.010287209e+00,2.979894010e+00
-1.885373306e+00,-5.965835446e+00,2.979874773e+00
-1.885373306e+00,-5.923275832e+00,2.979853999e+00
-1.885373306e+00,-5.882453837e+00,2.979833403e+00
-1.885373306e+00,-5.843233124e+00,2.979810676e+00
-1.885373306e+00,-5.805492796e+00,2.979788576e+00
-1.885373306e+00,-5.769125152e+00,2.979763681e+00
-1.885373306e+00,-5.734033832e+00,2.979740580e+00
-1.885373306e+00,-5.700132280e+00,2.979714162e+00
-1.885373306e+00,-5.667342457e+00,2.979689257e+00
-1.885373306e+00,-5.635593759e+00,2.979660701e+00
-1.885373306e+00,-5.604822100e+00,2.979634526e+00
-1.885373306e+00,-5.574969137e+00,2.979604117e+00
-1.885373306e+00,-5.545981600e+00,2.979576395e+00
-1.885373306e+00,-5.517810723e+00,2.979544263e+00
-1.885373306e+00,-5.490411749e+00,2.979513954e+00
-1.885373306e+00,-5.463743502e+00,2.979481893e+00
-1.885373306e+00,-5.437768016e+00,2.979449624e+00
-1.885373306e+00,-5.412450208e+00,2.979415396e+00
-1.885373306e+00,-5.387757595e+00,2.979381641e+00
-1.885373306e+00,-5.363660044e+00,2.979345934e+00
-1.885373306e+00,-5.340129546e+00,2.979309851e+00
-1.885373306e+00,-5.317140028e+00,2.979272121e+00
-1.885373306e+00,-5.294667172e+00,2.979236183e+00
-1.885373306e+00,-5.272688265e+00,2.979195225e+00
-1.885373306e+00,-5.251182060e+00,2.979157777e+00
-1.885373306e+00,-5.230128651e+00,2.979117318e+00
-1.885373306e+00,-5.209509364e+00,2.979074995e+00
-1.885373306e+00,-5.189306656e+00,2.979034126e+00
-1.885373306e+00,-5.169504029e+00,2.978990195e+00
-1.885373306e+00,-5.150085943e+00,2.978947722e+00
-1.885373306e+00,-5.131037748e+00,2.978902415e+00
-1.885373306e+00,-5.112345615e+00,2.978858140e+00
-1.885373306e+00,-5.093996477e+00,2.978810779e+00
-1.885373306e+00,-5.075977971e+00,2.978764994e+00
-1.885373306e+00,-5.058278394e+00,2.978715976e+00
-1.885373306e+00,-5.040886651e+00,2.978668691e+00
-1.885373306e+00,-5.023792218e+00,2.978618164e+00
-1.885373306e+00,-5.006985100e+00,2.978569060e+00
-1.885373306e+00,-4.990455798e+00,2.978516716e+00
-1.885373306e+00,-4.974195277e+00,2.978466075e+00
-1.885373306e+00,-4.958194936e+00,2.978411786e+00
-1.885373306e+00,-4.942446579e+00,2.978359750e+00
-1.885373306e+00,-4.926942392e+00,2.978304167e+00
-1.885373306e+00,-4.911674920e+00,2.978250193e+00
-1.885373306e+00,-4.896637043e+00,2.978192694e+00
-1.885373306e+00,-4.881821957e+00,2.978136914e+00
-1.885373306e+00,-4.867223157e+00,2.978080430e+00
-1.885373306e+00,-4.852834420e+00,2.978018967e+00
-1.885373306e+00,-4.838649785e+00,2.977961389e+00
-1.885373306e+00,-4.824663543e+00,2.977901785e+00
-1.885373306e+00,-4.810870221e+00,2.977838963e+00
-1.885373306e+00,-4.797264569e+00,2.977778415e+00
-1.885373306e+00,-4.783841548e+00,2.977717286e+00
-1.885373306e+00,-4.770596322e+00,2.977651093e+00
-1.885373306e+00,-4.757524240e+00,2.977589287e+00
-1.885373306e+00,-4.744620835e+00,2.977521020e+00
-1.885373306e+00,-4.731881809e+00,2.977457887e+00
-1.885373306e+00,-4.719303027e+00,2.977390851e+00
-1.885373306e+00,-4.706880507e+00,2.977320579e+00
-1.885373306e+00,-4.694610415e+00,2.977254715e+00
-1.885373306e+00,-4.682489054e+00,2.977185266e+00
-1.885373306e+00,-4.670512863e+00,2.977113728e+00
-1.885373306e+00,-4.496159476e+00,2.975206808e+00
-1.885373306e+00,-4.496159476e+00,2.975596865e+00
-1.885373306e+00,-4.378376440e+00,2.974419817e+00
-1.885373306e+00,-4.273015925e+00,2.973232980e+00
-1.885373306e+00,-4.177705745e+00,2.971860455e+00
-1.885373306e+00,-3.803012295e+00,2.963368180e+00
-1.885373306e+00,-3.397547187e+00,2.943062420e+00
-1.885373306e+00,-3.109865115e+00,2.915113285e+00
-1.885373306e+00,-2.886721563e+00,2.880037015e+00
-1.885373306e+00,-2.704400007e+00,2.838435769e+00
-1.885373306e+00,-2.550249327e+00,2.790507506e+00
-1.885373306e+00,-2.416717934e+00,2.736770765e+00
-1.885373306e+00,-2.298934899e+00,2.677386234e+00
-1.885373306e+00,-2.193574383e+00,2.612957797e+00
-1.885373306e+00,-2.098264203e+00,2.543644841e+00
-1.885373306e+00,-2.011252826e+00,2.469541313e+00
-1.885373306e+00,-1.931210118e+00,2.390949992e+00
-1.885373306e+00,-1.857102146e+00,2.309640994e+00
-1.885373306e+00,-1.788109275e+00,2.220510044e+00
-1.885373306e+00,-1.723570754e+00,2.128504715e+00
-1.885373306e+00,-1.662946132e+00,2.035775308e+00
-1.885373306e+00,-1.605787718e+00,1.944667836e+00
-1.791429523e+00,-7.552984403e+00,3.056847820e+00
-1.791429523e+00,-6.859837223e+00,3.056713423e+00
-1.791429523e+00,-6.454372115e+00,3.056594356e+00
-1.791429523e+00,-6.166690042e+00,3.056494108e+00
-1.791429523e+00,-5.943546491e+00,3.056414392e+00
-1.791429523e+00,-5.761224934e+00,3.056311498e+00
-1.791429523e+00,-5.607074254e+00,3.056201132e+00
-1.791429523e+00,-5.473542862e+00,3.056081509e+00
-1.791429523e+00,-5.355759826e+00,3.055949157e+00
-1.791429523e+00,-5.250399310e+00,3.055807647e+00
-1.791429523e+00,-5.155089131e+00,3.055649810e+00
-1.791429523e+00,-5.068077754e+00,3.055482802e+00
-1.791429523e+00,-4.988035046e+00,3.055300023e+00
-1.791429523e+00,-4.913927074e+00,3.055104837e+00
-1.791429523e+00,-4.844934202e+00,3.054893642e+00
-1.791429523e+00,-4.780395681e+00,3.054672919e+00
-1.791429523e+00,-4.719771059e+00,3.054435919e+00
-1.791429523e+00,-4.662612646e+00,3.054186788e+00
-1.791429523e+00,-4.608545424e+00,3.053923462e+00
-1.791429523e+00,-4.557252130e+00,3.053646643e+00
-1.791429523e+00,-4.508461966e+00,3.053356309e+00
-1.791429523e+00,-4.475036560e+00,3.052839639e+00
-1.791429523e+00,-4.475036560e+00,3.052847135e+00
-1.791429523e+00,-4.461941950e+00,3.053052440e+00
-1.791429523e+00,-4.417490188e+00,3.052735038e+00
-1.791429523e+00,-4.374930573e+00,3.052381261e+00
-1.791429523e+00,-4.334108579e+00,3.052036031e+00
-1.791429523e+00,-4.294887865e+00,3.051677506e+00
-1.791429523e+00,-4.257147537e+00,3.051305490e+00
-1.791429523e+00,-4.220779893e+00,3.050919999e+00
-1.791429523e+00,-4.185688573e+00,3.050521176e+00
-1.791429523e+00,-4.151787022e+00,3.050108866e+00
-1.791429523e+00,-4.118997199e+00,3.049683129e+00
-1.791429523e+00,-4.087248501e+00,3.049244101e+00
-1.791429523e+00,-4.056476842e+00,3.048791655e+00
-1.791429523e+00,-4.026623879e+00,3.048325869e+00
-1.791429523e+00,-3.997636342e+00,3.047846748e+00
-1.791429523e+00,-3.969465465e+00,3.047354288e+00
-1.791429523e+00,-3.942066491e+00,3.046848548e+00
-1.791429523e+00,-3.915398244e+00,3.046329503e+00
-1.791429523e+00,-3.889422757e+00,3.045797233e+00
-1.791429523e+00,-3.864104949e+00,3.045251709e+00
-1.791429523e+00,-3.839412337e+00,3.044692941e+00
-1.791429523e+00,-3.815314785e+00,3.044120958e+00
-1.791429523e+00,-3.791784288e+00,3.043535765e+00
-1.791429523e+00,-3.781889379e+00,3.043506475e+00
-1.791429523e+00,-3.781889379e+00,3.043500329e+00
-1.791429523e+00,-3.768794770e+00,3.042937378e+00
-1.791429523e+00,-3.746321914e+00,3.042325863e+00
-1.791429523e+00,-3.724343007e+00,3.041701255e+00
-1.791429523e+00,-3.702836802e+00,3.041063505e+00
-1.791429523e+00,-3.681783393e+00,3.040412701e+00
-1.791429523e+00,-3.661164105e+00,3.039748810e+00
-1.791429523e+00,-3.640961398e+00,3.039071860e+00
-1.791429523e+00,-3.621158771e+00,3.038381897e+00
-1.791429523e+00,-3.601740685e+00,3.037678926e+00
-1.791429523e+00,-3.582692490e+00,3.036963017e+00
-1.791429523e+00,-3.564000357e+00,3.036234139e+00
-1.791429523e+00,-3.545651218e+00,3.035492286e+00
-1.791429523e+00,-3.527632713e+00,3.034737496e+00
-1.791429523e+00,-3.509933136e+00,3.033969758e+00
-1.791429523e+00,-3.492541393e+00,3.033189273e+00
-1.791429523e+00,-3.475446960e+00,3.032395884e+00
-1.791429523e+00,-3.458639841e+00,3.031589721e+00
-1.791429523e+00,-3.442110539e+00,3.030770778e+00
-1.791429523e+00,-3.425850018e+00,3.029939100e+00
-1.791429523e+00,-3.409849677e+00,3.029094665e+00
-1.791429523e+00,-3.394101320e+00,3.028237599e+00
-1.791429523e+00,-3.378597134e+00,3.027367838e+00
-1.791429523e+00,-3.376424271e+00,3.027805804e+00
-1.791429523e+00,-3.376424271e+00,3.027799302e+00
-1.791429523e+00,-3.363329661e+00,3.026485397e+00
-1.791429523e+00,-3.348291784e+00,3.025590329e+00
-1.791429523e+00,-3.304489161e+00,3.023434173e+00
-1.791429523e+00,-3.235496290e+00,3.018631039e+00
-1.791429523e+00,-3.170957769e+00,3.013517426e+00
-1.791429523e+00,-3.110333147e+00,3.008098815e+00
-1.791429523e+00,-3.088742199e+00,3.006007312e+00
-1.791429523e+00,-3.088742199e+00,3.006162478e+00
-1.791429523e+00,-3.081345610e+00,3.005253775e+00
-1.791429523e+00,-3.053174733e+00,3.002353080e+00
-1.791429523e+00,-3.025775759e+00,2.999379511e+00
-1.791429523e+00,-2.999107512e+00,2.996331858e+00
-1.791429523e+00,-2.973132025e+00,2.993393348e+00
-1.791429523e+00,-2.960393000e+00,2.991600679e+00
-1.791429523e+00,-2.947814217e+00,2.990191634e+00
-1.791429523e+00,-2.935391697e+00,2.988363293e+00
-1.791429523e+00,-2.923121605e+00,2.986928231e+00
-1.791429523e+00,-2.911000244e+00,2.985292865e+00
-1.791429523e+00,-2.899024053e+00,2.983619853e+00
-1.791429523e+00,-2.887189596e+00,2.981926303e+00
-1.791429523e+00,-2.875493556e+00,2.980214665e+00
-1.791429523e+00,-2.869696438e+00,2.979312060e+00
-1.791429523e+00,-2.865598647e+00,2.978754306e+00
-1.791429523e+00,-2.865598647e+00,2.978748756e+00
-1.791429523e+00,-2.863932733e+00,2.978438109e+00
-1.791429523e+00,-2.858202059e+00,2.977564695e+00
-1.791429523e+00,-2.852504038e+00,2.976688000e+00
-1.791429523e+00,-2.846838300e+00,2.975807162e+00
-1.791429523e+00,-2.841204482e+00,2.974921953e+00
-1.791429523e+00,-2.835602227e+00,2.974032352e+00
-1.791429523e+00,-2.830031182e+00,2.973138407e+00
-1.791429523e+00,-2.824491001e+00,2.972240125e+00
-1.791429523e+00,-2.818981346e+00,2.971337509e+00
-1.791429523e+00,-2.813501880e+00,2.970430551e+00
-1.791429523e+00,-2.808052275e+00,2.969519263e+00
-1.791429523e+00,-2.802632208e+00,2.968603634e+00
-1.791429523e+00,-2.797241359e+00,2.967683624e+00
-1.791429523e+00,-2.791879416e+00,2.966759264e+00
-1.791429523e+00,-2.786546070e+00,2.965830518e+00
-1.791429523e+00,-2.781241018e+00,2.964897520e+00
-1.791429523e+00,-2.775963961e+00,2.963960182e+00
-1.791429523e+00,-2.770714605e+00,2.963018545e+00
-1.791429523e+00,-2.770288467e+00,2.963017241e+00
-1.791429523e+00,-2.765492661e+00,2.962072651e+00
-1.791429523e+00,-2.760297844e+00,2.961122427e+00
-1.791429523e+00,-2.755129874e+00,2.960167810e+00
-1.791429523e+00,-2.749988474e+00,2.959208835e+00
-1.791429523e+00,-2.744873373e+00,2.958245684e+00
-1.791429523e+00,-2.739784304e+00,2.957278311e+00
-1.791429523e+00,-2.734721002e+00,2.956306680e+00
-1.791429523e+00,-2.729683208e+00,2.955330867e+00
-1.791429523e+00,-2.724670666e+00,2.954350831e+00
-1.791429523e+00,-2.719683125e+00,2.953366547e+00
-1.791429523e+00,-2.714720335e+00,2.952377982e+00
-1.791429523e+00,-2.709782054e+00,2.951385231e+00
-1.791429523e+00,-2.704868039e+00,2.950388319e+00
-1.791429523e+00,-2.699978054e+00,2.949387151e+00
-1.791429523e+00,-2.695111864e+00,2.948381776e+00
-1.791429523e+00,-2.690269239e+00,2.947372347e+00
-1.791429523e+00,-2.685449953e+00,2.946358671e+00
-1.791429523e+00,-2.683277090e+00,2.946005427e+00
-1.791429523e+00,-2.683277090e+00,2.945989196e+00
-1.791429523e+00,-2.680653781e+00,2.945340731e+00
-1.791429523e+00,-2.675880502e+00,2.944318796e+00
-1.791429523e+00,-2.671129899e+00,2.943292526e+00
-1.791429523e+00,-2.666401758e+00,2.942262181e+00
-1.791429523e+00,-2.661695867e+00,2.941227743e+00
-1.791429523e+00,-2.657012018e+00,2.940189066e+00
-1.791429523e+00,-2.652350005e+00,2.939146251e+00
-1.791429523e+00,-2.647709625e+00,2.938099405e+00
-1.791429523e+00,-2.643090679e+00,2.937048405e+00
-1.791429523e+00,-2.642455096e+00,2.936991484e+00
-1.791429523e+00,-2.638492970e+00,2.935993314e+00
-1.791429523e+00,-2.633916303e+00,2.934934126e+00
-1.791429523e+00,-2.629360486e+00,2.933870881e+00
-1.791429523e+00,-2.624825331e+00,2.932803491e+00
-1.791429523e+00,-2.620310651e+00,2.931732009e+00
-1.791429523e+00,-2.615816261e+00,2.930656437e+00
-1.791429523e+00,-2.611341981e+00,2.929576700e+00
-1.791429523e+00,-2.606887630e+00,2.928492964e+00
-1.791429523e+00,-2.603234383e+00,2.927692080e+00
-1.791429523e+00,-2.602453033e+00,2.927405197e+00
-1.791429523e+00,-2.598038015e+00,2.926313438e+00
-1.791429523e+00,-2.593642404e+00,2.925217653e+00
-1.791429523e+00,-2.589266029e+00,2.924118043e+00
-1.791429523e+00,-2.584908724e+00,2.923014352e+00
-1.791429523e+00,-2.580570322e+00,2.922083766e+00
-1.791429523e+00,-2.576250661e+00,2.920833196e+00
-1.791429523e+00,-2.571949579e+00,2.919688037e+00
-1.791429523e+00,-2.567666917e+00,2.918739979e+00
-1.791429523e+00,-2.565494055e+00,2.918088828e+00
-1.791429523e+00,-2.563402519e+00,2.917474529e+00
-1.791429523e+00,-2.559156228e+00,2.916493846e+00
-1.791429523e+00,-2.554927892e+00,2.915215968e+00
-1.791429523e+00,-2.550717359e+00,2.914227841e+00
-1.791429523e+00,-2.546524481e+00,2.912940609e+00
-1.791429523e+00,-2.542349109e+00,2.911946134e+00
-1.791429523e+00,-2.538191099e+00,2.910649626e+00
-1.791429523e+00,-2.534050307e+00,2.909648752e+00
-1.791429523e+00,-2.529926589e+00,2.908342980e+00
-1.791429523e+00,-2.529126411e+00,2.908218416e+00
-1.791429523e+00,-2.529126411e+00,2.908184834e+00
-1.791429523e+00,-2.525819807e+00,2.907335732e+00
-1.791429523e+00,-2.521729822e+00,2.906020771e+00
-1.791429523e+00,-2.517656497e+00,2.905007165e+00
-1.791429523e+00,-2.513599696e+00,2.903682961e+00
-1.791429523e+00,-2.511426833e+00,2.903103895e+00
-1.791429523e+00,-2.509559287e+00,2.902662808e+00
-1.791429523e+00,-2.505535136e+00,2.901329508e+00
-1.791429523e+00,-2.501527115e+00,2.900302982e+00
-1.791429523e+00,-2.497535094e+00,2.899133662e+00
-1.791429523e+00,-2.494035091e+00,2.897965924e+00
-1.791429523e+00,-2.493558945e+00,2.897938614e+00
-1.791429523e+00,-2.489598544e+00,2.896752445e+00
-1.791429523e+00,-2.485653766e+00,2.895720974e+00
-1.791429523e+00,-2.481724488e+00,2.894214211e+00
-1.791429523e+00,-2.477810588e+00,2.893135097e+00
-1.791429523e+00,-2.476940657e+00,2.892894065e+00
-1.791429523e+00,-2.473911948e+00,2.891943179e+00
-1.791429523e+00,-2.470028448e+00,2.890727581e+00
-1.791429523e+00,-2.466159971e+00,2.889519562e+00
-1.791429523e+00,-2.462306402e+00,2.888291393e+00
-1.791429523e+00,-2.460133539e+00,2.887618146e+00
-1.791429523e+00,-2.458467625e+00,2.887067545e+00
-1.791429523e+00,-2.454643529e+00,2.885843760e+00
-1.791429523e+00,-2.450834001e+00,2.884608029e+00
-1.791429523e+00,-2.447038930e+00,2.883192471e+00
-1.791429523e+00,-2.443604237e+00,2.882266548e+00
-1.791429523e+00,-2.443258207e+00,2.882115252e+00
-1.791429523e+00,-2.439491724e+00,2.880888802e+00
-1.791429523e+00,-2.435739374e+00,2.879647430e+00
-1.791429523e+00,-2.435440927e+00,2.879553060e+00
-1.791429523e+00,-2.432001052e+00,2.878393376e+00
-1.791429523e+00,-2.428276653e+00,2.876955381e+00
-1.791429523e+00,-2.427343716e+00,2.876832168e+00
-1.791429523e+00,-2.424566074e+00,2.875862868e+00
-1.791429523e+00,-2.420869212e+00,2.874617947e+00
-1.791429523e+00,-2.419311545e+00,2.874094271e+00
-1.791429523e+00,-2.417185966e+00,2.873357728e+00
-1.791429523e+00,-2.413516238e+00,2.872085506e+00
-1.791429523e+00,-2.411343375e+00,2.871338794e+00
-1.791429523e+00,-2.409859926e+00,2.870625093e+00
-1.791429523e+00,-2.406216935e+00,2.869517662e+00
-1.791429523e+00,-2.403438195e+00,2.868565707e+00
-1.791429523e+00,-2.402587167e+00,2.868262680e+00
-1.791429523e+00,-2.398970526e+00,2.866972041e+00
-1.791429523e+00,-2.395595018e+00,2.865775082e+00
-1.791429523e+00,-2.395595018e+00,2.865696837e+00
-1.791429523e+00,-2.395366919e+00,2.865684567e+00
-1.791429523e+00,-2.391776251e+00,2.864396197e+00
-1.791429523e+00,-2.388198430e+00,2.863098115e+00
-1.791429523e+00,-2.387812878e+00,2.862967318e+00
-1.791429523e+00,-2.384633363e+00,2.861799774e+00
-1.791429523e+00,-2.381080962e+00,2.860497591e+00
-1.791429523e+00,-2.380090831e+00,2.860142189e+00
-1.791429523e+00,-2.377541135e+00,2.859191767e+00
-1.791429523e+00,-2.374013795e+00,2.857882312e+00
-1.791429523e+00,-2.372427959e+00,2.857300017e+00
-1.791429523e+00,-2.370498852e+00,2.856569134e+00
-1.791429523e+00,-2.366996222e+00,2.855254493e+00
-1.791429523e+00,-2.364823359e+00,2.854440507e+00
-1.791429523e+00,-2.363505817e+00,2.853931512e+00
-1.791429523e+00,-2.360027553e+00,2.852610247e+00
-1.791429523e+00,-2.357276154e+00,2.851563881e+00
-1.791429523e+00,-2.356561345e+00,2.851279583e+00
-1.791429523e+00,-2.353107110e+00,2.849948530e+00
-1.791429523e+00,-2.349785482e+00,2.848670051e+00
-1.791429523e+00,-2.349664766e+00,2.848613429e+00
-1.791429523e+00,-2.346234230e+00,2.847274647e+00
-1.791429523e+00,-2.342815424e+00,2.845932535e+00
-1.791429523e+00,-2.342350503e+00,2.845759069e+00
-1.791429523e+00,-2.339408265e+00,2.844595196e+00
-1.791429523e+00,-2.338653642e+00,2.844274897e+00
-1.791429523e+00,-2.337709030e+00,2.843567053e+00
-1.791429523e+00,-2.336012676e+00,2.842770778e+00
-1.791429523e+00,-2.334970396e+00,2.842806896e+00
-1.791429523e+00,-2.331300667e+00,2.841336338e+00
-1.791429523e+00,-2.327644356e+00,2.839861899e+00
-1.791429523e+00,-2.324001365e+00,2.838383260e+00
-1.791429523e+00,-2.320371597e+00,2.836900274e+00
-1.791429523e+00,-2.316754956e+00,2.835413199e+00
-1.791429523e+00,-2.313151349e+00,2.833921770e+00
-1.791429523e+00,-2.309560681e+00,2.832426288e+00
-1.791429523e+00,-2.277811982e+00,2.818711207e+00
-1.791429523e+00,-2.172451467e+00,2.767501459e+00
-1.791429523e+00,-2.077141287e+00,2.712276303e+00
-1.791429523e+00,-1.990129910e+00,2.653192791e+00
-1.791429523e+00,-1.910087202e+00,2.590473972e+00
-1.791429523e+00,-1.835979230e+00,2.524141496e+00
-1.791429523e+00,-1.766986359e+00,2.454478306e+00
-1.791429523e+00,-1.702447837e+00,2.381497411e+00
-1.791429523e+00,-1.641823216e+00,2.305089840e+00
-1.791429523e+00,-1.584664802e+00,2.225381722e+00
-1.791429523e+00,-1.530597580e+00,2.142722812e+00
-1.791429523e+00,-1.479304286e+00,2.060778797e+00
-1.791429523e+00,-1.430514122e+00,1.986961357e+00
-1.529526015e+00,-6.696958985e+00,3.272607343e+00
-1.529526015e+00,-6.003811804e+00,3.272437104e+00
-1.529526015e+00,-5.598346696e+00,3.272256484e+00
-1.529526015e+00,-5.310664623e+00,3.272073224e+00
-1.529526015e+00,-5.087521072e+00,3.271874522e+00
-1.529526015e+00,-4.905199515e+00,3.271651820e+00
-1.529526015e+00,-4.751048836e+00,3.271406342e+00
-1.529526015e+00,-4.617517443e+00,3.271128180e+00
-1.529526015e+00,-4.499734407e+00,3.270820749e+00
-1.529526015e+00,-4.394373892e+00,3.270537645e+00
-1.529526015e+00,-4.394373892e+00,3.270481136e+00
-1.529526015e+00,-4.299063712e+00,3.270109609e+00
-1.529526015e+00,-4.212052335e+00,3.269705990e+00
-1.529526015e+00,-4.132009627e+00,3.269270268e+00
-1.529526015e+00,-4.057901655e+00,3.268802279e+00
-1.529526015e+00,-3.988908783e+00,3.268302024e+00
-1.529526015e+00,-3.924370262e+00,3.267769609e+00
-1.529526015e+00,-3.863745641e+00,3.267204993e+00
-1.529526015e+00,-3.806587227e+00,3.266608145e+00
-1.529526015e+00,-3.752520005e+00,3.265979233e+00
-1.529526015e+00,-3.701226711e+00,3.265318388e+00
-1.529526015e+00,-3.701226711e+00,3.265596967e+00
-1.529526015e+00,-3.652436547e+00,3.264625650e+00
-1.529526015e+00,-3.605916531e+00,3.263900959e+00
-1.529526015e+00,-3.561464769e+00,3.263144343e+00
-1.529526015e+00,-3.518905154e+00,3.262356054e+00
-1.529526015e+00,-3.478083160e+00,3.261535927e+00
-1.529526015e+00,-3.438862447e+00,3.260684342e+00
-1.529526015e+00,-3.401122119e+00,3.259801045e+00
-1.529526015e+00,-3.364754474e+00,3.258886138e+00
-1.529526015e+00,-3.329663155e+00,3.257939770e+00
-1.529526015e+00,-3.295761603e+00,3.256962014e+00
-1.529526015e+00,-3.295761603e+00,3.257575074e+00
-1.529526015e+00,-3.262971780e+00,3.255952963e+00
-1.529526015e+00,-3.231223082e+00,3.254912689e+00
-1.529526015e+00,-3.200451423e+00,3.253841227e+00
-1.529526015e+00,-3.170598460e+00,3.253255207e+00
-1.529526015e+00,-3.141610923e+00,3.252249733e+00
-1.529526015e+00,-3.113440046e+00,3.251135863e+00
-1.529526015e+00,-3.086041072e+00,3.249970292e+00
-1.529526015e+00,-3.059372825e+00,3.248768071e+00
-1.529526015e+00,-3.033397338e+00,3.247533562e+00
-1.529526015e+00,-3.008079530e+00,3.246309461e+00
-1.529526015e+00,-3.008079530e+00,3.246267995e+00
-1.529526015e+00,-2.983386918e+00,3.244971788e+00
-1.529526015e+00,-2.959289366e+00,3.243645254e+00
-1.529526015e+00,-2.935758869e+00,3.242288592e+00
-1.529526015e+00,-2.912769351e+00,3.240901777e+00
-1.529526015e+00,-2.890296495e+00,3.239485197e+00
-1.529526015e+00,-2.868317588e+00,3.238038549e+00
-1.529526015e+00,-2.846811383e+00,3.236561992e+00
-1.529526015e+00,-2.825757974e+00,3.235055756e+00
-1.529526015e+00,-2.805138686e+00,3.233519851e+00
-1.529526015e+00,-2.784935979e+00,3.231954455e+00
-1.529526015e+00,-2.784935979e+00,3.232207548e+00
-1.529526015e+00,-2.765133352e+00,3.230359748e+00
-1.529526015e+00,-2.745715266e+00,3.228735925e+00
-1.529526015e+00,-2.726667071e+00,3.227082895e+00
-1.529526015e+00,-2.707974938e+00,3.225400552e+00
-1.529526015e+00,-2.689625799e+00,3.223952385e+00
-1.529526015e+00,-2.671607294e+00,3.222010291e+00
-1.529526015e+00,-2.653907717e+00,3.220462287e+00
-1.529526015e+00,-2.645174037e+00,3.219564244e+00
-1.529526015e+00,-2.636515974e+00,3.218448540e+00
-1.529526015e+00,-2.619421541e+00,3.216849727e+00
-1.529526015e+00,-2.602614422e+00,3.215015733e+00
-1.529526015e+00,-2.602614422e+00,3.214770557e+00
-1.529526015e+00,-2.594315620e+00,3.213590963e+00
-1.529526015e+00,-2.586085120e+00,3.212564072e+00
-1.529526015e+00,-2.577921810e+00,3.211563759e+00
-1.529526015e+00,-2.569824600e+00,3.210579505e+00
-1.529526015e+00,-2.561792428e+00,3.209599255e+00
-1.529526015e+00,-2.553824258e+00,3.208617561e+00
-1.529526015e+00,-2.545919079e+00,3.207631632e+00
-1.529526015e+00,-2.538075901e+00,3.206640307e+00
-1.529526015e+00,-2.530293761e+00,3.205642608e+00
-1.529526015e+00,-2.522571715e+00,3.204638455e+00
-1.529526015e+00,-2.514908842e+00,3.203627486e+00
-1.529526015e+00,-2.507304243e+00,3.202609699e+00
-1.529526015e+00,-2.499757037e+00,3.201585039e+00
-1.529526015e+00,-2.492266365e+00,3.200553431e+00
-1.529526015e+00,-2.484831387e+00,3.199515045e+00
-1.529526015e+00,-2.477451279e+00,3.198469783e+00
-1.529526015e+00,-2.470125239e+00,3.197417760e+00
-1.529526015e+00,-2.462852480e+00,3.196358898e+00
-1.529526015e+00,-2.455632232e+00,3.195293264e+00
-1.529526015e+00,-2.448463743e+00,3.194220897e+00
-1.529526015e+00,-2.448463743e+00,3.195003309e+00
-1.529526015e+00,-2.441346275e+00,3.193141744e+00
-1.529526015e+00,-2.434279108e+00,3.192055750e+00
-1.529526015e+00,-2.427261535e+00,3.190963086e+00
-1.529526015e+00,-2.420292866e+00,3.189863706e+00
-1.529526015e+00,-2.413372423e+00,3.188757724e+00
-1.529526015e+00,-2.406499543e+00,3.187644928e+00
-1.529526015e+00,-2.379470871e+00,3.183939535e+00
-1.529526015e+00,-2.346681048e+00,3.178173163e+00
-1.529526015e+00,-2.314932350e+00,3.172419231e+00
-1.529526015e+00,-2.314932350e+00,3.172396838e+00
-1.529526015e+00,-2.284160691e+00,3.166314336e+00
-1.529526015e+00,-2.254307728e+00,3.160066505e+00
-1.529526015e+00,-2.225320191e+00,3.153660675e+00
-1.529526015e+00,-2.197149314e+00,3.147120327e+00
-1.529526015e+00,-2.197149314e+00,3.147097452e+00
-1.529526015e+00,-2.169750340e+00,3.140379675e+00
-1.529526015e+00,-2.143082093e+00,3.133509261e+00
-1.529526015e+00,-2.117106607e+00,3.126486690e+00
-1.529526015e+00,-2.091788799e+00,3.119314976e+00
-1.529526015e+00,-2.091788799e+00,3.119343598e+00
-1.529526015e+00,-2.067096186e+00,3.111995381e+00
-1.529526015e+00,-2.042998634e+00,3.104542921e+00
-1.529526015e+00,-2.031164177e+00,3.100741235e+00
-1.529526015e+00,-2.019468137e+00,3.096916913e+00
-1.529526015e+00,-2.007907315e+00,3.093057264e+00
-1.529526015e+00,-1.996478619e+00,3.089161796e+00
-1.529526015e+00,-1.996478619e+00,3.089197437e+00
-1.529526015e+00,-1.985179064e+00,3.085231346e+00
-1.529526015e+00,-1.974005763e+00,3.081265982e+00
-1.529526015e+00,-1.962955927e+00,3.077265460e+00
-1.529526015e+00,-1.952026856e+00,3.073229590e+00
-1.529526015e+00,-1.941215940e+00,3.069159449e+00
-1.529526015e+00,-1.930520651e+00,3.065054906e+00
-1.529526015e+00,-1.919938542e+00,3.060916198e+00
-1.529526015e+00,-1.909467242e+00,3.056743443e+00
-1.529526015e+00,-1.909467242e+00,3.056778537e+00
-1.529526015e+00,-1.899104455e+00,3.052536586e+00
-1.529526015e+00,-1.888847955e+00,3.048295901e+00
-1.529526015e+00,-1.878695583e+00,3.044022090e+00
-1.529526015e+00,-1.868645247e+00,3.039715154e+00
-1.529526015e+00,-1.858694916e+00,3.035374548e+00
-1.529526015e+00,-1.853756635e+00,3.033158931e+00
-1.529526015e+00,-1.848842620e+00,3.030965661e+00
-1.529526015e+00,-1.843952635e+00,3.028766277e+00
-1.529526015e+00,-1.839086445e+00,3.026559045e+00
-1.529526015e+00,-1.834243821e+00,3.024477411e+00
-1.529526015e+00,-1.829424534e+00,3.022134516e+00
-1.529526015e+00,-1.829424534e+00,3.022187009e+00
-1.529526015e+00,-1.824628362e+00,3.020023888e+00
-1.529526015e+00,-1.819856520e+00,3.017792446e+00
-1.529526015e+00,-1.819855083e+00,3.017663192e+00
-1.529526015e+00,-1.816054229e+00,3.015914385e+00
-1.529526015e+00,-1.812266340e+00,3.014102937e+00
-1.529526015e+00,-1.808492745e+00,3.012294071e+00
-1.529526015e+00,-1.804733337e+00,3.010480902e+00
-1.529526015e+00,-1.800988009e+00,3.008662636e+00
-1.529526015e+00,-1.797256656e+00,3.006839417e+00
-1.529526015e+00,-1.793539175e+00,3.005011021e+00
-1.529526015e+00,-1.791685603e+00,3.003581336e+00
-1.529526015e+00,-1.789835462e+00,3.002494766e+00
-1.529526015e+00,-1.787988736e+00,3.001485572e+00
-1.529526015e+00,-1.786145415e+00,3.000540789e+00
-1.529526015e+00,-1.784305486e+00,2.999601498e+00
-1.529526015e+00,-1.782468936e+00,2.998661916e+00
-1.529526015e+00,-1.780635752e+00,2.997761569e+00
-1.529526015e+00,-1.778805923e+00,2.996832830e+00
-1.529526015e+00,-1.776979436e+00,2.995875173e+00
-1.529526015e+00,-1.775156279e+00,2.994972651e+00
-1.529526015e+00,-1.773336439e+00,2.994042263e+00
-1.529526015e+00,-1.771519906e+00,2.993082300e+00
-1.529526015e+00,-1.769706666e+00,2.992176043e+00
-1.529526015e+00,-1.767896709e+00,2.991242014e+00
-1.529526015e+00,-1.766090021e+00,2.990278815e+00
-1.529526015e+00,-1.764286592e+00,2.989368521e+00
-1.529526015e+00,-1.762486409e+00,2.988430890e+00
-1.529526015e+00,-1.760689460e+00,2.987464394e+00
-1.529526015e+00,-1.758895736e+00,2.986550054e+00
-1.529526015e+00,-1.757105222e+00,2.985608630e+00
-1.529526015e+00,-1.755317909e+00,2.984638696e+00
-1.529526015e+00,-1.755316562e+00,2.985514266e+00
-1.529526015e+00,-1.753533785e+00,2.983720182e+00
-1.529526015e+00,-1.751752838e+00,2.982775027e+00
-1.529526015e+00,-1.749975058e+00,2.981801731e+00
-1.529526015e+00,-1.748200432e+00,2.980879230e+00
-1.529526015e+00,-1.746428950e+00,2.979930231e+00
-1.529526015e+00,-1.744660601e+00,2.978953444e+00
-1.529526015e+00,-1.742895373e+00,2.978026658e+00
-1.529526015e+00,-1.741133255e+00,2.977073953e+00
-1.529526015e+00,-1.739374238e+00,2.976093719e+00
-1.529526015e+00,-1.737618309e+00,2.975163093e+00
-1.529526015e+00,-1.735865457e+00,2.974206558e+00
-1.529526015e+00,-1.734115673e+00,2.973223032e+00
-1.529526015e+00,-1.732368946e+00,2.972288343e+00
-1.529526015e+00,-1.730625264e+00,2.971328183e+00
-1.529526015e+00,-1.728884617e+00,2.970341291e+00
-1.529526015e+00,-1.727146995e+00,2.969402524e+00
-1.529526015e+00,-1.725412387e+00,2.968438614e+00
-1.529526015e+00,-1.723680782e+00,2.967448485e+00
-1.529526015e+00,-1.721952171e+00,2.966505678e+00
-1.529526015e+00,-1.720226543e+00,2.965538114e+00
-1.529526015e+00,-1.718503888e+00,2.964544547e+00
-1.529526015e+00,-1.716784194e+00,2.963597845e+00
-1.529526015e+00,-1.715067454e+00,2.962626616e+00
-1.529526015e+00,-1.713353655e+00,2.961629861e+00
-1.529526015e+00,-1.711642788e+00,2.960678927e+00
-1.529526015e+00,-1.709934844e+00,2.959703974e+00
-1.529526015e+00,-1.708229811e+00,2.958703815e+00
-1.529526015e+00,-1.706527681e+00,2.957748958e+00
-1.529526015e+00,-1.704828443e+00,2.956770451e+00
-1.529526015e+00,-1.703132088e+00,2.955767044e+00
-1.529526015e+00,-1.701438605e+00,2.954808165e+00
-1.529526015e+00,-1.699747985e+00,2.953803581e+00
-1.529526015e+00,-1.698060219e+00,2.952841489e+00
-1.529526015e+00,-1.696375297e+00,2.951856851e+00
-1.529526015e+00,-1.694693208e+00,2.950848279e+00
-1.529526015e+00,-1.693013945e+00,2.949882516e+00
-1.529526015e+00,-1.691337496e+00,2.948894142e+00
-1.529526015e+00,-1.689663854e+00,2.947882233e+00
-1.529526015e+00,-1.687993007e+00,2.946912490e+00
-1.529526015e+00,-1.686324948e+00,2.945920589e+00
-1.529526015e+00,-1.686323690e+00,2.946817959e+00
-1.529526015e+00,-1.684659667e+00,2.944905458e+00
-1.529526015e+00,-1.682997154e+00,2.943931845e+00
-1.529526015e+00,-1.681337400e+00,2.942915378e+00
-1.529526015e+00,-1.679680397e+00,2.941938725e+00
-1.529526015e+00,-1.678026135e+00,2.940940881e+00
-1.529526015e+00,-1.676374605e+00,2.939920778e+00
-1.529526015e+00,-1.674725798e+00,2.938940356e+00
-1.529526015e+00,-1.673079705e+00,2.937938794e+00
-1.529526015e+00,-1.671436317e+00,2.936915216e+00
-1.529526015e+00,-1.669795626e+00,2.935930855e+00
-1.529526015e+00,-1.668157621e+00,2.934905617e+00
-1.529526015e+00,-1.666522296e+00,2.933918157e+00
-1.529526015e+00,-1.664889641e+00,2.932910563e+00
-1.529526015e+00,-1.663259646e+00,2.931881742e+00
-1.529526015e+00,-1.661632305e+00,2.930890506e+00
-1.529526015e+00,-1.660007607e+00,2.929879423e+00
-1.529526015e+00,-1.658385545e+00,2.928847366e+00
-1.529526015e+00,-1.656766109e+00,2.927852474e+00
-1.529526015e+00,-1.655149292e+00,2.926818991e+00
-1.529526015e+00,-1.653535085e+00,2.925821066e+00
-1.529526015e+00,-1.651923479e+00,2.924804035e+00
-1.529526015e+00,-1.650314466e+00,2.923766929e+00
-1.529526015e+00,-1.648708038e+00,2.922765233e+00
-1.529526015e+00,-1.647104187e+00,2.921726738e+00
-1.529526015e+00,-1.645502903e+00,2.920722050e+00
-1.529526015e+00,-1.643904180e+00,2.919699043e+00
-1.529526015e+00,-1.642308008e+00,2.918656878e+00
-1.529526015e+00,-1.640714381e+00,2.917648518e+00
-1.529526015e+00,-1.639123289e+00,2.916604718e+00
-1.529526015e+00,-1.637534724e+00,2.915593532e+00
-1.529526015e+00,-1.635948679e+00,2.914564644e+00
-1.529526015e+00,-1.634365145e+00,2.913517283e+00
-1.529526015e+00,-1.632784116e+00,2.912502284e+00
-1.529526015e+00,-1.631205581e+00,2.911453319e+00
-1.529526015e+00,-1.629629535e+00,2.910435395e+00
-1.529526015e+00,-1.628055969e+00,2.909400709e+00
-1.529526015e+00,-1.626484875e+00,2.908348262e+00
-1.529526015e+00,-1.624916245e+00,2.907326815e+00
-1.529526015e+00,-1.623350072e+00,2.906272837e+00
-1.529526015e+00,-1.621786348e+00,2.905248513e+00
-1.529526015e+00,-1.621785169e+00,2.906207673e+00
-1.529526015e+00,-1.620225066e+00,2.904207787e+00
-1.529526015e+00,-1.618666217e+00,2.903150237e+00
-1.529526015e+00,-1.617109795e+00,2.902122298e+00
-1.529526015e+00,-1.615555791e+00,2.901063133e+00
-1.529526015e+00,-1.614004199e+00,2.900032323e+00
-1.529526015e+00,-1.612455010e+00,2.898985938e+00
-1.529526015e+00,-1.610908217e+00,2.897923175e+00
-1.529526015e+00,-1.609363814e+00,2.896888783e+00
-1.529526015e+00,-1.607821792e+00,2.895824734e+00
-1.529526015e+00,-1.606282144e+00,2.894787468e+00
-1.529526015e+00,-1.604744863e+00,2.893735242e+00
-1.529526015e+00,-1.603209941e+00,2.892667765e+00
-1.529526015e+00,-1.601677372e+00,2.891626729e+00
-1.529526015e+00,-1.600147148e+00,2.890557507e+00
-1.529526015e+00,-1.598619262e+00,2.889513647e+00
-1.529526015e+00,-1.597093707e+00,2.888442568e+00
-1.529526015e+00,-1.595570476e+00,2.887395884e+00
-1.529526015e+00,-1.594049561e+00,2.886335515e+00
-1.529526015e+00,-1.592530956e+00,2.885261028e+00
-1.529526015e+00,-1.591014654e+00,2.884210781e+00
-1.529526015e+00,-1.589500647e+00,2.883134952e+00
-1.529526015e+00,-1.587988930e+00,2.882082089e+00
-1.529526015e+00,-1.586479494e+00,2.881004420e+00
-1.529526015e+00,-1.584972333e+00,2.879948582e+00
-1.529526015e+00,-1.583467440e+00,2.878880415e+00
-1.529526015e+00,-1.581964808e+00,2.877799229e+00
-1.529526015e+00,-1.580464431e+00,2.876739947e+00
-1.529526015e+00,-1.578966302e+00,2.875657241e+00
-1.529526015e+00,-1.577470413e+00,2.874595204e+00
-1.529526015e+00,-1.575976760e+00,2.873510559e+00
-1.529526015e+00,-1.574485333e+00,2.872445702e+00
-1.529526015e+00,-1.572996128e+00,2.871369313e+00
-1.529526015e+00,-1.571509137e+00,2.870281191e+00
-1.529526015e+00,-1.570024354e+00,2.869212944e+00
-1.529526015e+00,-1.568541773e+00,2.868123309e+00
-1.529526015e+00,-1.567061386e+00,2.867052317e+00
-1.529526015e+00,-1.565583187e+00,2.865960938e+00
-1.529526015e+00,-1.564107171e+00,2.864887255e+00
-1.529526015e+00,-1.562633329e+00,2.863794047e+00
-1.529526015e+00,-1.561161657e+00,2.862717577e+00
-1.529526015e+00,-1.561160548e+00,2.863696633e+00
-1.529526015e+00,-1.559692148e+00,2.862883867e+00
-1.529526015e+00,-1.558224794e+00,2.860937729e+00
-1.529526015e+00,-1.556759591e+00,2.859612454e+00
-1.529526015e+00,-1.555296531e+00,2.858436264e+00
-1.529526015e+00,-1.553835609e+00,2.857305145e+00
-1.529526015e+00,-1.552376818e+00,2.856209492e+00
-1.529526015e+00,-1.550920152e+00,2.855104053e+00
-1.529526015e+00,-1.549465604e+00,2.853994001e+00
-1.529526015e+00,-1.548013170e+00,2.852903733e+00
-1.529526015e+00,-1.546562842e+00,2.851797451e+00
-1.529526015e+00,-1.545114614e+00,2.850706209e+00
-1.529526015e+00,-1.543668480e+00,2.849599823e+00
-1.529526015e+00,-1.542224435e+00,2.848506622e+00
-1.529526015e+00,-1.540782472e+00,2.847398786e+00
-1.529526015e+00,-1.539342586e+00,2.846303121e+00
-1.529526015e+00,-1.537904769e+00,2.845193655e+00
-1.529526015e+00,-1.536469018e+00,2.844095537e+00
-1.529526015e+00,-1.535035324e+00,2.842984148e+00
-1.529526015e+00,-1.533603683e+00,2.841883423e+00
-1.529526015e+00,-1.532174089e+00,2.840770141e+00
-1.529526015e+00,-1.530746535e+00,2.839666813e+00
-1.529526015e+00,-1.529321017e+00,2.838551663e+00
-1.529526015e+00,-1.527897527e+00,2.837445476e+00
-1.529526015e+00,-1.526476061e+00,2.836329164e+00
-1.529526015e+00,-1.525056613e+00,2.835220597e+00
-1.529526015e+00,-1.523639177e+00,2.834101910e+00
-1.529526015e+00,-1.522223747e+00,2.832991421e+00
-1.529526015e+00,-1.520810318e+00,2.831870948e+00
-1.529526015e+00,-1.519398883e+00,2.830757474e+00
-1.529526015e+00,-1.517989438e+00,2.829635218e+00
-1.529526015e+00,-1.516581977e+00,2.828519908e+00
-1.529526015e+00,-1.515176494e+00,2.827395710e+00
-1.529526015e+00,-1.513772984e+00,2.826277267e+00
-1.529526015e+00,-1.512371440e+00,2.825151386e+00
-1.529526015e+00,-1.510971858e+00,2.824030466e+00
-1.529526015e+00,-1.509574233e+00,2.822902699e+00
-1.529526015e+00,-1.508178557e+00,2.821779515e+00
-1.529526015e+00,-1.506784828e+00,2.820649877e+00
-1.529526015e+00,-1.505393037e+00,2.819524043e+00
-1.529526015e+00,-1.504003182e+00,2.818392768e+00
-1.529526015e+00,-1.504002134e+00,2.819385848e+00
-1.529526015e+00,-1.502615255e+00,2.817264686e+00
-1.529526015e+00,-1.501229252e+00,2.816131548e+00
-1.529526015e+00,-1.499845167e+00,2.815000692e+00
-1.529526015e+00,-1.498462996e+00,2.813865907e+00
-1.529526015e+00,-1.497082732e+00,2.813925910e+00
-1.529526015e+00,-1.495704370e+00,2.811994670e+00
-1.529526015e+00,-1.494327906e+00,2.810641056e+00
-1.529526015e+00,-1.492953334e+00,2.809412988e+00
-1.529526015e+00,-1.491580649e+00,2.808248974e+00
-1.529526015e+00,-1.490209845e+00,2.807075041e+00
-1.529526015e+00,-1.488840918e+00,2.807114616e+00
-1.529526015e+00,-1.487473863e+00,2.805163475e+00
-1.529526015e+00,-1.486108673e+00,2.803800955e+00
-1.529526015e+00,-1.484745345e+00,2.802565720e+00
-1.529526015e+00,-1.483383873e+00,2.801393418e+00
-1.529526015e+00,-1.482024252e+00,2.800213436e+00
-1.529526015e+00,-1.480666477e+00,2.800257046e+00
-1.529526015e+00,-1.479310544e+00,2.798289652e+00
-1.529526015e+00,-1.477956446e+00,2.796919470e+00
-1.529526015e+00,-1.476604179e+00,2.795678021e+00
-1.529526015e+00,-1.475253739e+00,2.794497556e+00
-1.529526015e+00,-1.473905119e+00,2.793311703e+00
-1.529526015e+00,-1.472558317e+00,2.793359765e+00
-1.529526015e+00,-1.471213325e+00,2.791376367e+00
-1.529526015e+00,-1.469870140e+00,2.789988393e+00
-1.529526015e+00,-1.468528757e+00,2.788754920e+00
-1.529526015e+00,-1.467189171e+00,2.787561797e+00
-1.529526015e+00,-1.465851376e+00,2.786370185e+00
-1.529526015e+00,-1.464515370e+00,2.786460247e+00
-1.529526015e+00,-1.463181145e+00,2.784435269e+00
-1.529526015e+00,-1.461848699e+00,2.783032445e+00
-1.529526015e+00,-1.460518025e+00,2.781789637e+00
-1.529526015e+00,-1.459189120e+00,2.780580198e+00
-1.529526015e+00,-1.457861978e+00,2.780620217e+00
-1.529526015e+00,-1.456536596e+00,2.778603808e+00
-1.529526015e+00,-1.455212968e+00,2.777209951e+00
-1.529526015e+00,-1.453891089e+00,2.775949227e+00
-1.529526015e+00,-1.452570956e+00,2.775999645e+00
-1.529526015e+00,-1.451252562e+00,2.773942804e+00
-1.529526015e+00,-1.449935905e+00,2.772524678e+00
-1.529526015e+00,-1.449934912e+00,2.772885608e+00
-1.529526015e+00,-1.448620979e+00,2.771268987e+00
-1.529526015e+00,-1.447307780e+00,2.770048211e+00
-1.529526015e+00,-1.445996303e+00,2.770094314e+00
-1.529526015e+00,-1.444686544e+00,2.768053147e+00
-1.529526015e+00,-1.443378498e+00,2.766638687e+00
-1.529526015e+00,-1.442072161e+00,2.765381077e+00
-1.529526015e+00,-1.440767528e+00,2.764156920e+00
-1.529526015e+00,-1.439464595e+00,2.764208884e+00
-1.529526015e+00,-1.438163357e+00,2.762154161e+00
-1.529526015e+00,-1.436863811e+00,2.760733772e+00
-1.529526015e+00,-1.435565951e+00,2.759470758e+00
-1.529526015e+00,-1.434269773e+00,2.758241167e+00
-1.529526015e+00,-1.432975273e+00,2.758297118e+00
-1.529526015e+00,-1.431682447e+00,2.756228725e+00
-1.529526015e+00,-1.430391290e+00,2.754802438e+00
-1.529526015e+00,-1.429101798e+00,2.753533904e+00
-1.529526015e+00,-1.427813966e+00,2.752299022e+00
-1.529526015e+00,-1.426527791e+00,2.752359152e+00
-1.529526015e+00,-1.425243268e+00,2.750277149e+00
-1.529526015e+00,-1.423960393e+00,2.748845336e+00
-1.529526015e+00,-1.422679162e+00,2.747587739e+00
-1.529526015e+00,-1.421399570e+00,2.747644652e+00
-1.529526015e+00,-1.420121613e+00,2.745517676e+00
-1.529526015e+00,-1.418845288e+00,2.744079049e+00
-1.529526015e+00,-1.417570589e+00,2.742785962e+00
-1.529526015e+00,-1.398641618e+00,2.725486269e+00
-1.529526015e+00,-1.349851454e+00,2.676095741e+00
-1.529526015e+00,-1.303331438e+00,2.624579103e+00
-1.529526015e+00,-1.258879676e+00,2.572524578e+00
-1.529526015e+00,-1.216320061e+00,2.517663784e+00
-1.529526015e+00,-1.175498067e+00,2.462023606e+00
-1.529526015e+00,-1.136277354e+00,2.405245424e+00
-1.529526015e+00,-1.098537026e+00,2.347310556e+00
-1.529526015e+00,-1.062169381e+00,2.289463704e+00
-1.529526015e+00,-1.027078062e+00,2.235760753e+00
-1.529526015e+00,-1.027077052e+00,2.236540719e+00
-1.529526015e+00,-1.023634711e+00,2.233979045e+00
-1.529526015e+00,-1.020204179e+00,2.228859794e+00
-1.529526015e+00,-1.016785376e+00,2.224010112e+00
-1.529526015e+00,-1.013378221e+00,2.219661519e+00
-1.386008627e+00,-4.333100377e+00,3.391217718e+00
-1.386008627e+00,-4.333100377e+00,3.391207818e+00
-1.386008627e+00,-3.639953197e+00,3.387092375e+00
-1.386008627e+00,-3.639953197e+00,3.387490208e+00
-1.386008627e+00,-3.234488089e+00,3.381753418e+00
-1.386008627e+00,-3.234488089e+00,3.381719519e+00
-1.386008627e+00,-2.946806016e+00,3.373833768e+00
-1.386008627e+00,-2.946806016e+00,3.373602409e+00
-1.386008627e+00,-2.723662465e+00,3.363548146e+00
-1.386008627e+00,-2.723662465e+00,3.363530876e+00
-1.386008627e+00,-2.541340908e+00,3.351097896e+00
-1.386008627e+00,-2.541340908e+00,3.351276954e+00
-1.386008627e+00,-2.387190228e+00,3.336768225e+00
-1.386008627e+00,-2.387190228e+00,3.336780072e+00
-1.386008627e+00,-2.253658836e+00,3.320258033e+00
-1.386008627e+00,-2.253658836e+00,3.320250383e+00
-1.386008627e+00,-2.135875800e+00,3.301777482e+00
-1.386008627e+00,-2.135875800e+00,3.301785649e+00
-1.386008627e+00,-2.030515284e+00,3.281424177e+00
-1.386008627e+00,-2.030515284e+00,3.281431437e+00
-1.386008627e+00,-1.935205104e+00,3.259260781e+00
-1.386008627e+00,-1.935205104e+00,3.259395484e+00
-1.386008627e+00,-1.890753342e+00,3.247505242e+00
-1.386008627e+00,-1.879942426e+00,3.244614231e+00
-1.386008627e+00,-1.869247137e+00,3.241593072e+00
-1.386008627e+00,-1.858665027e+00,3.238538891e+00
-1.386008627e+00,-1.848193727e+00,3.235498243e+00
-1.386008627e+00,-1.848193727e+00,3.235457904e+00
-1.386008627e+00,-1.837830940e+00,3.232350841e+00
-1.386008627e+00,-1.827574440e+00,3.229217613e+00
-1.386008627e+00,-1.817422069e+00,3.226058584e+00
-1.386008627e+00,-1.807371733e+00,3.222873435e+00
-1.386008627e+00,-1.804874853e+00,3.221680085e+00
-1.386008627e+00,-1.802384191e+00,3.220722995e+00
-1.386008627e+00,-1.799899718e+00,3.219862835e+00
-1.386008627e+00,-1.797421402e+00,3.219009944e+00
-1.386008627e+00,-1.794949213e+00,3.218199464e+00
-1.386008627e+00,-1.792483120e+00,3.217381996e+00
-1.386008627e+00,-1.790023095e+00,3.216566778e+00
-1.386008627e+00,-1.787569106e+00,3.215740772e+00
-1.386008627e+00,-1.785121124e+00,3.214935862e+00
-1.386008627e+00,-1.782679120e+00,3.214118875e+00
-1.386008627e+00,-1.780243065e+00,3.213300608e+00
-1.386008627e+00,-1.777812931e+00,3.212469861e+00
-1.386008627e+00,-1.775388687e+00,3.211659251e+00
-1.386008627e+00,-1.772970306e+00,3.210836508e+00
-1.386008627e+00,-1.770557760e+00,3.210012010e+00
-1.386008627e+00,-1.768151020e+00,3.209921099e+00
-1.386008627e+00,-1.768151020e+00,3.209175164e+00
-1.386008627e+00,-1.765750058e+00,3.208358352e+00
-1.386008627e+00,-1.763354847e+00,3.207529271e+00
-1.386008627e+00,-1.760965360e+00,3.206698598e+00
-1.386008627e+00,-1.760964538e+00,3.207407909e+00
-1.386008627e+00,-1.760201107e+00,3.207072862e+00
-1.386008627e+00,-1.759438258e+00,3.206801459e+00
-1.386008627e+00,-1.758675991e+00,3.206522742e+00
-1.386008627e+00,-1.757914305e+00,3.206250491e+00
-1.386008627e+00,-1.757153198e+00,3.205981190e+00
-1.386008627e+00,-1.756392670e+00,3.205713344e+00
-1.386008627e+00,-1.755632720e+00,3.205445964e+00
-1.386008627e+00,-1.754873347e+00,3.205178763e+00
-1.386008627e+00,-1.754114550e+00,3.204911627e+00
-1.386008627e+00,-1.753356329e+00,3.204627814e+00
-1.386008627e+00,-1.752598682e+00,3.204376533e+00
-1.386008627e+00,-1.751841609e+00,3.204109551e+00
-1.386008627e+00,-1.751085108e+00,3.203841936e+00
-1.386008627e+00,-1.750329179e+00,3.203574177e+00
-1.386008627e+00,-1.749573822e+00,3.203306238e+00
-1.386008627e+00,-1.748819034e+00,3.203038112e+00
-1.386008627e+00,-1.748064816e+00,3.202769914e+00
-1.386008627e+00,-1.747311166e+00,3.202501507e+00
-1.386008627e+00,-1.746558083e+00,3.202232843e+00
-1.386008627e+00,-1.745805568e+00,3.201964184e+00
-1.386008627e+00,-1.745053618e+00,3.201678813e+00
-1.386008627e+00,-1.744302233e+00,3.201425686e+00
-1.386008627e+00,-1.743551412e+00,3.201157066e+00
-1.386008627e+00,-1.742801155e+00,3.200887718e+00
-1.386008627e+00,-1.742051460e+00,3.200618191e+00
-1.386008627e+00,-1.741302327e+00,3.200348497e+00
-1.386008627e+00,-1.740553754e+00,3.200078622e+00
-1.386008627e+00,-1.739805742e+00,3.199808656e+00
-1.386008627e+00,-1.739058289e+00,3.199538486e+00
-1.386008627e+00,-1.738311393e+00,3.199268161e+00
-1.386008627e+00,-1.737565056e+00,3.198997646e+00
-1.386008627e+00,-1.736819275e+00,3.198710584e+00
-1.386008627e+00,-1.736074049e+00,3.198455618e+00
-1.386008627e+00,-1.694043048e+00,3.182730808e+00
-1.386008627e+00,-1.625050176e+00,3.153985277e+00
-1.386008627e+00,-1.560511655e+00,3.123736669e+00
-1.386008627e+00,-1.499887033e+00,3.092036051e+00
-1.386008627e+00,-1.442728619e+00,3.058930676e+00
-1.386008627e+00,-1.388661398e+00,3.024472054e+00
-1.386008627e+00,-1.337368104e+00,2.988682106e+00
-1.386008627e+00,-1.288577939e+00,2.951352096e+00
-1.386008627e+00,-1.242057924e+00,2.913305837e+00
-1.386008627e+00,-1.197606161e+00,2.873439245e+00
-1.386008627e+00,-1.155046547e+00,2.832640983e+00
-1.386008627e+00,-1.114224552e+00,2.790762707e+00
-1.386008627e+00,-1.075003839e+00,2.747800118e+00
-1.386008627e+00,-1.037263511e+00,2.703732996e+00
-1.386008627e+00,-1.000895867e+00,2.658552295e+00
-1.386008627e+00,-9.658045472e-01,2.612276044e+00
-1.386008627e+00,-9.319029955e-01,2.564975507e+00
-1.386008627e+00,-8.991131727e-01,2.516745126e+00
-1.386008627e+00,-8.673644744e-01,2.468846819e+00
-1.386008627e+00,-8.365928157e-01,2.419689213e+00
-1.386008627e+00,-8.067398526e-01,2.373509035e+00
-1.386008627e+00,-7.777523157e-01,2.332051031e+00
-1.386008627e+00,-7.777512756e-01,2.321448608e+00
-1.192676530e+00,-4.226540370e+00,3.556779598e+00
-1.192676530e+00,-4.226540370e+00,3.556787648e+00
-1.192676530e+00,-3.533393190e+00,3.553974308e+00
-1.192676530e+00,-3.533393190e+00,3.553965403e+00
-1.192676530e+00,-3.127928081e+00,3.550134898e+00
-1.192676530e+00,-3.127928081e+00,3.550366658e+00
-1.192676530e+00,-2.840246009e+00,3.544901370e+00
-1.192676530e+00,-2.840246009e+00,3.544927285e+00
-1.192676530e+00,-2.617102458e+00,3.537961132e+00
-1.192676530e+00,-2.617102458e+00,3.538157205e+00
-1.192676530e+00,-2.434780901e+00,3.529763379e+00
-1.192676530e+00,-2.434780901e+00,3.529779922e+00
-1.192676530e+00,-2.280630221e+00,3.519948866e+00
-1.192676530e+00,-2.280630221e+00,3.519957562e+00
-1.192676530e+00,-2.147098828e+00,3.508721618e+00
-1.192676530e+00,-2.147098828e+00,3.508730581e+00
-1.192676530e+00,-2.086474207e+00,3.502578809e+00
-1.192676530e+00,-2.057486670e+00,3.499355478e+00
-1.192676530e+00,-2.043302035e+00,3.497648348e+00
-1.192676530e+00,-2.029315793e+00,3.496302196e+00
-1.192676530e+00,-2.029315793e+00,3.495985159e+00
-1.192676530e+00,-2.015522471e+00,3.494310438e+00
-1.192676530e+00,-2.001916819e+00,3.492880980e+00
-1.192676530e+00,-1.988493798e+00,3.490961648e+00
-1.192676530e+00,-1.975248572e+00,3.489448959e+00
-1.192676530e+00,-1.962176490e+00,3.487477148e+00
-1.192676530e+00,-1.949273085e+00,3.485928180e+00
-1.192676530e+00,-1.936534059e+00,3.483909060e+00
-1.192676530e+00,-1.923955277e+00,3.482325528e+00
-1.192676530e+00,-1.923955277e+00,3.482395041e+00
-1.192676530e+00,-1.911532757e+00,3.480259420e+00
-1.192676530e+00,-1.899262665e+00,3.478641936e+00
-1.192676530e+00,-1.887141304e+00,3.476794260e+00
-1.192676530e+00,-1.875165113e+00,3.474905754e+00
-1.192676530e+00,-1.863330655e+00,3.472994556e+00
-1.192676530e+00,-1.857465536e+00,3.471983319e+00
-1.192676530e+00,-1.851634616e+00,3.470631014e+00
-1.192676530e+00,-1.845837498e+00,3.469497394e+00
-1.192676530e+00,-1.840073793e+00,3.468463518e+00
-1.192676530e+00,-1.834343118e+00,3.467439699e+00
-1.192676530e+00,-1.828645097e+00,3.466429146e+00
-1.192676530e+00,-1.828645097e+00,3.467192507e+00
-1.192676530e+00,-1.822979360e+00,3.465422750e+00
-1.192676530e+00,-1.817345542e+00,3.464415993e+00
-1.192676530e+00,-1.811743287e+00,3.463406682e+00
-1.192676530e+00,-1.806172241e+00,3.462393716e+00
-1.192676530e+00,-1.800632061e+00,3.461376376e+00
-1.192676530e+00,-1.795122405e+00,3.460354502e+00
-1.192676530e+00,-1.789642940e+00,3.459327948e+00
-1.192676530e+00,-1.784193335e+00,3.458296517e+00
-1.192676530e+00,-1.778773267e+00,3.457260429e+00
-1.192676530e+00,-1.773382419e+00,3.456219525e+00
-1.192676530e+00,-1.768020476e+00,3.455173766e+00
-1.192676530e+00,-1.762687130e+00,3.454123229e+00
-1.192676530e+00,-1.757382077e+00,3.453067938e+00
-1.192676530e+00,-1.752105020e+00,3.452007789e+00
-1.192676530e+00,-1.746855664e+00,3.450942959e+00
-1.192676530e+00,-1.741633720e+00,3.450736055e+00
-1.192676530e+00,-1.741633720e+00,3.449873286e+00
-1.192676530e+00,-1.736438903e+00,3.448798970e+00
-1.192676530e+00,-1.731270933e+00,3.447719647e+00
-1.192676530e+00,-1.726129534e+00,3.446635579e+00
-1.192676530e+00,-1.721014433e+00,3.445546957e+00
-1.192676530e+00,-1.715925364e+00,3.444453478e+00
-1.192676530e+00,-1.710862062e+00,3.443355421e+00
-1.192676530e+00,-1.705824268e+00,3.442252679e+00
-1.192676530e+00,-1.700811726e+00,3.441145280e+00
-1.192676530e+00,-1.695824184e+00,3.440033214e+00
-1.192676530e+00,-1.690861395e+00,3.438916431e+00
-1.192676530e+00,-1.685923113e+00,3.437794989e+00
-1.192676530e+00,-1.681009099e+00,3.436668988e+00
-1.192676530e+00,-1.676119113e+00,3.435538287e+00
-1.192676530e+00,-1.671252924e+00,3.434403089e+00
-1.192676530e+00,-1.666410299e+00,3.433263072e+00
-1.192676530e+00,-1.661591013e+00,3.432118590e+00
-1.192676530e+00,-1.661591013e+00,3.433064485e+00
-1.192676530e+00,-1.656794840e+00,3.430969422e+00
-1.192676530e+00,-1.652021562e+00,3.429815611e+00
-1.192676530e+00,-1.647270959e+00,3.428657234e+00
-1.192676530e+00,-1.642542818e+00,3.427494184e+00
-1.192676530e+00,-1.637836927e+00,3.426326617e+00
-1.192676530e+00,-1.633153077e+00,3.425154519e+00
-1.192676530e+00,-1.628491064e+00,3.423977864e+00
-1.192676530e+00,-1.623850685e+00,3.422796833e+00
-1.192676530e+00,-1.619231739e+00,3.421611225e+00
-1.192676530e+00,-1.614634030e+00,3.420421006e+00
-1.192676530e+00,-1.610057363e+00,3.419226301e+00
-1.192676530e+00,-1.605501546e+00,3.418027265e+00
-1.192676530e+00,-1.600966391e+00,3.416823585e+00
-1.192676530e+00,-1.596451711e+00,3.415615522e+00
-1.192676530e+00,-1.587483041e+00,3.414215422e+00
-1.192676530e+00,-1.518490169e+00,3.394227640e+00
-1.192676530e+00,-1.453951648e+00,3.373136323e+00
-1.192676530e+00,-1.393327026e+00,3.350973327e+00
-1.192676530e+00,-1.336168612e+00,3.327775186e+00
-1.192676530e+00,-1.282101391e+00,3.303570822e+00
-1.192676530e+00,-1.230808097e+00,3.278387815e+00
-1.192676530e+00,-1.182017932e+00,3.252255983e+00
-1.192676530e+00,-1.135497917e+00,3.225203934e+00
-1.192676530e+00,-1.091046154e+00,3.197250184e+00
-1.192676530e+00,-1.048486540e+00,3.168419811e+00
-1.192676530e+00,-1.007664545e+00,3.138738715e+00
-1.192676530e+00,-9.684438321e-01,3.108223024e+00
-1.192676530e+00,-9.307035041e-01,3.076899287e+00
-1.192676530e+00,-8.943358600e-01,3.044737146e+00
-1.192676530e+00,-8.592445401e-01,3.011862594e+00
-1.192676530e+00,-8.253429885e-01,2.978189446e+00
-1.192676530e+00,-7.925531656e-01,2.943830205e+00
-1.192676530e+00,-7.608044673e-01,2.908778099e+00
-1.192676530e+00,-7.300328087e-01,2.873039500e+00
-1.192676530e+00,-7.001798455e-01,2.836633287e+00
-1.192676530e+00,-6.711923086e-01,2.799489445e+00
-1.192676530e+00,-6.430214317e-01,2.761699695e+00
-1.192676530e+00,-6.156224575e-01,2.723294381e+00
-1.192676530e+00,-5.889542104e-01,2.684342964e+00
-1.192676530e+00,-5.629787240e-01,2.644920431e+00
-1.192676530e+00,-5.376609160e-01,2.606173627e+00
-1.192676530e+00,-5.129683034e-01,2.566613016e+00
-1.192676530e+00,-4.888707519e-01,2.530022304e+00
-1.192676530e+00,-4.653409166e-01,2.471033233e+00
-1.192676530e+00,-4.653402544e-01,2.485198320e+00
-8.359850489e-01,-6.245385486e+00,3.871314300e+00
-8.359850489e-01,-5.552238306e+00,3.871176903e+00
-8.359850489e-01,-5.146773198e+00,3.871091282e+00
-8.359850489e-01,-4.859091125e+00,3.871010774e+00
-8.359850489e-01,-4.635947574e+00,3.870960433e+00
-8.359850489e-01,-4.453626017e+00,3.870886928e+00
-8.359850489e-01,-4.299475337e+00,3.870812221e+00
-8.359850489e-01,-4.165943945e+00,3.870733299e+00
-8.359850489e-01,-4.048160909e+00,3.870648864e+00
-8.359850489e-01,-3.942800393e+00,3.870555328e+00
-8.359850489e-01,-3.942800393e+00,3.870691161e+00
-8.359850489e-01,-3.847490214e+00,3.870456685e+00
-8.359850489e-01,-3.760478837e+00,3.870345746e+00
-8.359850489e-01,-3.680436129e+00,3.870230690e+00
-8.359850489e-01,-3.606328157e+00,3.870102147e+00
-8.359850489e-01,-3.537335285e+00,3.869970286e+00
-8.359850489e-01,-3.472796764e+00,3.869824447e+00
-8.359850489e-01,-3.412172142e+00,3.869674723e+00
-8.359850489e-01,-3.355013729e+00,3.869512048e+00
-8.359850489e-01,-3.300946507e+00,3.869343970e+00
-8.359850489e-01,-3.249653213e+00,3.869044680e+00
-8.359850489e-01,-3.249653213e+00,3.869164007e+00
-8.359850489e-01,-3.200863049e+00,3.868978578e+00
-8.359850489e-01,-3.154343033e+00,3.868782166e+00
-8.359850489e-01,-3.109891271e+00,3.868578020e+00
-8.359850489e-01,-3.067331656e+00,3.868364315e+00
-8.359850489e-01,-3.026509662e+00,3.868142715e+00
-8.359850489e-01,-2.987288948e+00,3.867911327e+00
-8.359850489e-01,-2.949548620e+00,3.867672286e+00
-8.359850489e-01,-2.913180976e+00,3.867423951e+00
-8.359850489e-01,-2.878089656e+00,3.867166922e+00
-8.359850489e-01,-2.844188105e+00,3.866579764e+00
-8.359850489e-01,-2.844188105e+00,3.866901211e+00
-8.359850489e-01,-2.811398282e+00,3.866626753e+00
-8.359850489e-01,-2.779649584e+00,3.866343595e+00
-8.359850489e-01,-2.748877925e+00,3.866051763e+00
-8.359850489e-01,-2.719024962e+00,3.865751190e+00
-8.359850489e-01,-2.690037425e+00,3.865441948e+00
-8.359850489e-01,-2.661866548e+00,3.865124015e+00
-8.359850489e-01,-2.634467574e+00,3.864797391e+00
-8.359850489e-01,-2.607799327e+00,3.864429784e+00
-8.359850489e-01,-2.581823840e+00,3.864116351e+00
-8.359850489e-01,-2.556506032e+00,3.863731872e+00
-8.359850489e-01,-2.556506032e+00,3.863662312e+00
-8.359850489e-01,-2.531813420e+00,3.863369540e+00
-8.359850489e-01,-2.507715868e+00,3.862998978e+00
-8.359850489e-01,-2.484185371e+00,3.862619830e+00
-8.359850489e-01,-2.461195853e+00,3.862232147e+00
-8.359850489e-01,-2.438722997e+00,3.861835768e+00
-8.359850489e-01,-2.416744090e+00,3.861430822e+00
-8.359850489e-01,-2.395237885e+00,3.861017331e+00
-8.359850489e-01,-2.374184476e+00,3.860595178e+00
-8.359850489e-01,-2.353565188e+00,3.860164546e+00
-8.359850489e-01,-2.333362481e+00,3.859880981e+00
-8.359850489e-01,-2.333362481e+00,3.859725323e+00
-8.359850489e-01,-2.313559854e+00,3.859277560e+00
-8.359850489e-01,-2.294141768e+00,3.858821211e+00
-8.359850489e-01,-2.275093573e+00,3.858356451e+00
-8.359850489e-01,-2.256401440e+00,3.857883158e+00
-8.359850489e-01,-2.238052301e+00,3.857401260e+00
-8.359850489e-01,-2.220033796e+00,3.856910961e+00
-8.359850489e-01,-2.202334219e+00,3.856412137e+00
-8.359850489e-01,-2.184942476e+00,3.855904838e+00
-8.359850489e-01,-2.167848043e+00,3.855389138e+00
-8.359850489e-01,-2.151040924e+00,3.855065708e+00
-8.359850489e-01,-2.151040924e+00,3.854864836e+00
-8.359850489e-01,-2.134511622e+00,3.854332290e+00
-8.359850489e-01,-2.118251101e+00,3.853791159e+00
-8.359850489e-01,-2.110218930e+00,3.853557898e+00
-8.359850489e-01,-2.102250760e+00,3.853241706e+00
-8.359850489e-01,-2.086502403e+00,3.852683733e+00
-8.359850489e-01,-2.070998217e+00,3.852117469e+00
-8.359850489e-01,-2.055730744e+00,3.851542747e+00
-8.359850489e-01,-2.040692867e+00,3.850959628e+00
-8.359850489e-01,-2.033257889e+00,3.850768429e+00
-8.359850489e-01,-2.025877781e+00,3.850368106e+00
-8.359850489e-01,-2.011278982e+00,3.849768288e+00
-8.359850489e-01,-1.996890244e+00,3.849395413e+00
-8.359850489e-01,-1.996890244e+00,3.849160153e+00
-8.359850489e-01,-1.982705609e+00,3.848543665e+00
-8.359850489e-01,-1.968719367e+00,3.847919009e+00
-8.359850489e-01,-1.961798925e+00,3.847719873e+00
-8.359850489e-01,-1.954926045e+00,3.847285912e+00
-8.359850489e-01,-1.941320393e+00,3.846644699e+00
-8.359850489e-01,-1.927897373e+00,3.845995162e+00
-8.359850489e-01,-1.914652146e+00,3.845337345e+00
-8.359850489e-01,-1.901580065e+00,3.844671306e+00
-8.359850489e-01,-1.895107550e+00,3.844460844e+00
-8.359850489e-01,-1.888676660e+00,3.843997097e+00
-8.359850489e-01,-1.875937634e+00,3.843314669e+00
-8.359850489e-01,-1.863358852e+00,3.842893894e+00
-8.359850489e-01,-1.863358852e+00,3.842624115e+00
-8.359850489e-01,-1.850936332e+00,3.841925305e+00
-8.359850489e-01,-1.838666239e+00,3.841218369e+00
-8.359850489e-01,-1.832587193e+00,3.840996364e+00
-8.359850489e-01,-1.826544879e+00,3.840503205e+00
-8.359850489e-01,-1.814568688e+00,3.839780056e+00
-8.359850489e-01,-1.802734230e+00,3.839048628e+00
-8.359850489e-01,-1.791038190e+00,3.838309189e+00
-8.359850489e-01,-1.779477368e+00,3.837561560e+00
-8.359850489e-01,-1.773746693e+00,3.837328377e+00
-8.359850489e-01,-1.768048672e+00,3.836805983e+00
-8.359850489e-01,-1.745575816e+00,3.835768019e+00
-8.359850489e-01,-1.640215300e+00,3.827677694e+00
-8.359850489e-01,-1.544905121e+00,3.818793685e+00
-8.359850489e-01,-1.457893744e+00,3.809140389e+00
-8.359850489e-01,-1.377851036e+00,3.798732499e+00
-8.359850489e-01,-1.303743064e+00,3.787588830e+00
-8.359850489e-01,-1.234750192e+00,3.775855096e+00
-8.359850489e-01,-1.170211671e+00,3.763299224e+00
-8.359850489e-01,-1.109587049e+00,3.750076137e+00
-8.359850489e-01,-1.052428636e+00,3.736166060e+00
-8.359850489e-01,-9.983614143e-01,3.721603738e+00
-8.359850489e-01,-9.470681199e-01,3.706406485e+00
-8.359850489e-01,-8.982779558e-01,3.690590266e+00
-8.359850489e-01,-8.517579401e-01,3.674170165e+00
-8.359850489e-01,-8.073061776e-01,3.657161297e+00
-8.359850489e-01,-7.647465631e-01,3.639577846e+00
-8.359850489e-01,-7.239245686e-01,3.621433053e+00
-8.359850489e-01,-6.847038555e-01,3.602741591e+00
-8.359850489e-01,-6.469635275e-01,3.583515370e+00
-8.359850489e-01,-6.105958833e-01,3.563767063e+00
-8.359850489e-01,-5.755045635e-01,3.543508800e+00
-8.359850489e-01,-5.416030118e-01,3.522750971e+00
-8.359850489e-01,-5.088131890e-01,3.501501009e+00
-8.359850489e-01,-4.770644907e-01,3.479782524e+00
-8.359850489e-01,-4.462928320e-01,3.457592044e+00
-8.359850489e-01,-4.164398689e-01,3.434938921e+00
-8.359850489e-01,-3.874523320e-01,3.411837852e+00
-8.359850489e-01,-3.592814550e-01,3.388302267e+00
-8.359850489e-01,-3.318824808e-01,3.364351347e+00
-8.359850489e-01,-3.052142338e-01,3.340788790e+00
-8.359850489e-01,-2.792387474e-01,3.315184072e+00
-8.359850489e-01,-2.539209394e-01,3.289947513e+00
-8.359850489e-01,-2.292283268e-01,3.264356478e+00
-8.359850489e-01,-2.051307752e-01,3.238401249e+00
-8.359850489e-01,-1.816002778e-01,3.212086621e+00
-8.359850489e-01,-1.586107596e-01,3.185427278e+00
-8.359850489e-01,-1.361379037e-01,3.158423819e+00
-8.359850489e-01,-1.141589970e-01,3.131044600e+00
-8.359850489e-01,-9.265279178e-02,3.103404275e+00
-8.359850489e-01,-7.159938258e-02,3.075409453e+00
-8.359850489e-01,-5.098009538e-02,3.047113118e+00
-8.359850489e-01,-3.077738806e-02,3.018546406e+00
-8.359850489e-01,-1.097476076e-02,2.989742194e+00
-8.359850489e-01,8.443325095e-03,2.960739557e+00
-8.359850489e-01,2.749152007e-02,2.931603250e+00
-8.359850489e-01,4.618365308e-02,2.902403828e+00
-8.359850489e-01,6.453279175e-02,2.874188852e+00
-8.359850489e-01,8.255129725e-02,2.846533472e+00
-8.359850489e-01,1.002508743e-01,2.824930470e+00
-8.359850489e-01,1.002524919e-01,2.809059047e+00
-8.359850489e-01,1.020053379e-01,2.780800326e+00
-7.874691906e-01,-6.197209563e+00,3.915145221e+00
-7.874691906e-01,-5.504062382e+00,3.915008457e+00
-7.874691906e-01,-5.098597274e+00,3.914924678e+00
-7.874691906e-01,-4.810915202e+00,3.914846973e+00
-7.874691906e-01,-4.587771651e+00,3.914799803e+00
-7.874691906e-01,-4.405450094e+00,3.914729370e+00
-7.874691906e-01,-4.251299414e+00,3.914657394e+00
-7.874691906e-01,-4.117768021e+00,3.914582713e+00
-7.874691906e-01,-3.999984986e+00,3.914502245e+00
-7.874691906e-01,-3.894624470e+00,3.914414112e+00
-7.874691906e-01,-3.894624470e+00,3.914552192e+00
-7.874691906e-01,-3.799314290e+00,3.914319628e+00
-7.874691906e-01,-3.712302913e+00,3.914216206e+00
-7.874691906e-01,-3.632260206e+00,3.914105948e+00
-7.874691906e-01,-3.558152233e+00,3.913986587e+00
-7.874691906e-01,-3.489159362e+00,3.913859795e+00
-7.874691906e-01,-3.424620841e+00,3.913723936e+00
-7.874691906e-01,-3.363996219e+00,3.913580915e+00
-7.874691906e-01,-3.306837805e+00,3.913428444e+00
-7.874691906e-01,-3.252770584e+00,3.913268765e+00
-7.874691906e-01,-3.201477289e+00,3.913099087e+00
-7.874691906e-01,-3.201477289e+00,3.912989030e+00
-7.874691906e-01,-3.152687125e+00,3.912923439e+00
-7.874691906e-01,-3.106167110e+00,3.912737102e+00
-7.874691906e-01,-3.061715347e+00,3.912545038e+00
-7.874691906e-01,-3.019155733e+00,3.912343113e+00
-7.874691906e-01,-2.978333738e+00,3.912133803e+00
-7.874691906e-01,-2.939113025e+00,3.911915287e+00
-7.874691906e-01,-2.901372697e+00,3.911689474e+00
-7.874691906e-01,-2.865005053e+00,3.911454379e+00
-7.874691906e-01,-2.829913733e+00,3.911212092e+00
-7.874691906e-01,-2.796012181e+00,3.910658654e+00
-7.874691906e-01,-2.796012181e+00,3.910961025e+00
-7.874691906e-01,-2.763222358e+00,3.910701772e+00
-7.874691906e-01,-2.731473660e+00,3.910434300e+00
-7.874691906e-01,-2.700702002e+00,3.910158541e+00
-7.874691906e-01,-2.670849038e+00,3.909874584e+00
-7.874691906e-01,-2.641861501e+00,3.909582396e+00
-7.874691906e-01,-2.613690625e+00,3.909282043e+00
-7.874691906e-01,-2.586291650e+00,3.908973446e+00
-7.874691906e-01,-2.559623403e+00,3.908656659e+00
-7.874691906e-01,-2.533647917e+00,3.908331692e+00
-7.874691906e-01,-2.508330109e+00,3.907901339e+00
-7.874691906e-01,-2.508330109e+00,3.907965944e+00
-7.874691906e-01,-2.483637496e+00,3.907655318e+00
-7.874691906e-01,-2.459539945e+00,3.907273757e+00
-7.874691906e-01,-2.436009447e+00,3.906948164e+00
-7.874691906e-01,-2.413019929e+00,3.906549005e+00
-7.874691906e-01,-2.390547073e+00,3.906173944e+00
-7.874691906e-01,-2.368568166e+00,3.905791154e+00
-7.874691906e-01,-2.347061961e+00,3.905400353e+00
-7.874691906e-01,-2.326008552e+00,3.905001412e+00
-7.874691906e-01,-2.305389265e+00,3.904594361e+00
-7.874691906e-01,-2.285186558e+00,3.904118490e+00
-7.874691906e-01,-2.285186558e+00,3.904179148e+00
-7.874691906e-01,-2.265383930e+00,3.903755931e+00
-7.874691906e-01,-2.245965844e+00,3.903324565e+00
-7.874691906e-01,-2.226917649e+00,3.902885209e+00
-7.874691906e-01,-2.208225516e+00,3.902437773e+00
-7.874691906e-01,-2.189876378e+00,3.901982330e+00
-7.874691906e-01,-2.171857872e+00,3.901518750e+00
-7.874691906e-01,-2.154158295e+00,3.901047212e+00
-7.874691906e-01,-2.136766552e+00,3.900567565e+00
-7.874691906e-01,-2.119672119e+00,3.900079911e+00
-7.874691906e-01,-2.102865001e+00,3.899584318e+00
-7.874691906e-01,-2.102865001e+00,3.899759356e+00
-7.874691906e-01,-2.086335699e+00,3.899080656e+00
-7.874691906e-01,-2.070075178e+00,3.898568948e+00
-7.874691906e-01,-2.062043006e+00,3.898347600e+00
-7.874691906e-01,-2.054074837e+00,3.898049411e+00
-7.874691906e-01,-2.038326480e+00,3.897521868e+00
-7.874691906e-01,-2.022822293e+00,3.896986354e+00
-7.874691906e-01,-2.007554821e+00,3.896442890e+00
-7.874691906e-01,-1.992516944e+00,3.895891531e+00
-7.874691906e-01,-1.985081965e+00,3.895709562e+00
-7.874691906e-01,-1.977701858e+00,3.895332347e+00
-7.874691906e-01,-1.963103058e+00,3.894765148e+00
-7.874691906e-01,-1.948714321e+00,3.894411225e+00
-7.874691906e-01,-1.948714321e+00,3.894190107e+00
-7.874691906e-01,-1.934529686e+00,3.893607158e+00
-7.874691906e-01,-1.920543444e+00,3.893016468e+00
-7.874691906e-01,-1.913623001e+00,3.892826733e+00
-7.874691906e-01,-1.906750122e+00,3.892417801e+00
-7.874691906e-01,-1.893144470e+00,3.891811319e+00
-7.874691906e-01,-1.879721449e+00,3.891197121e+00
-7.874691906e-01,-1.866476223e+00,3.890574982e+00
-7.874691906e-01,-1.853404141e+00,3.889945021e+00
-7.874691906e-01,-1.846931627e+00,3.889744215e+00
-7.874691906e-01,-1.840500736e+00,3.889307272e+00
-7.874691906e-01,-1.827761711e+00,3.888661781e+00
-7.874691906e-01,-1.815182928e+00,3.888008554e+00
-7.874691906e-01,-1.815182928e+00,3.888262467e+00
-7.874691906e-01,-1.802760408e+00,3.887347558e+00
-7.874691906e-01,-1.790490316e+00,3.886678721e+00
-7.874691906e-01,-1.784411270e+00,3.886466907e+00
-7.874691906e-01,-1.778368955e+00,3.886002247e+00
-7.874691906e-01,-1.766392764e+00,3.885317984e+00
-7.874691906e-01,-1.754558306e+00,3.884626180e+00
-7.874691906e-01,-1.742862267e+00,3.883926391e+00
-7.874691906e-01,-1.731301444e+00,3.883219124e+00
-7.874691906e-01,-1.725570770e+00,3.882996373e+00
-7.874691906e-01,-1.697399893e+00,3.881520124e+00
-7.874691906e-01,-1.697399893e+00,3.881189136e+00
-7.874691906e-01,-1.670000918e+00,3.879334374e+00
-7.874691906e-01,-1.643332671e+00,3.877432248e+00
-7.874691906e-01,-1.617357185e+00,3.875483039e+00
-7.874691906e-01,-1.592039377e+00,3.873486933e+00
-7.874691906e-01,-1.592039377e+00,3.873862694e+00
-7.874691906e-01,-1.567346764e+00,3.871444071e+00
-7.874691906e-01,-1.496729197e+00,3.865452526e+00
-7.874691906e-01,-1.409717820e+00,3.856309800e+00
-7.874691906e-01,-1.329675113e+00,3.846450589e+00
-7.874691906e-01,-1.255567140e+00,3.835889535e+00
-7.874691906e-01,-1.186574269e+00,3.824644049e+00
-7.874691906e-01,-1.122035748e+00,3.812856407e+00
-7.874691906e-01,-1.061411126e+00,3.800296009e+00
-7.874691906e-01,-1.004252712e+00,3.787115556e+00
-7.874691906e-01,-9.501854908e-01,3.773293484e+00
-7.874691906e-01,-8.988921964e-01,3.758863425e+00
-7.874691906e-01,-8.501020323e-01,3.743841151e+00
-7.874691906e-01,-8.035820166e-01,3.728241273e+00
-7.874691906e-01,-7.591302541e-01,3.712077923e+00
-7.874691906e-01,-7.165706396e-01,3.695364630e+00
-7.874691906e-01,-6.757486451e-01,3.678113729e+00
-7.874691906e-01,-6.365279320e-01,3.660338444e+00
-7.874691906e-01,-5.987876040e-01,3.642051415e+00
-7.874691906e-01,-5.624199598e-01,3.623263583e+00
-7.874691906e-01,-5.273286400e-01,3.603987539e+00
-7.874691906e-01,-4.934270883e-01,3.584232479e+00
-7.874691906e-01,-4.606372655e-01,3.564010336e+00
-7.874691906e-01,-4.288885672e-01,3.543325726e+00
-7.874691906e-01,-3.981169085e-01,3.522197281e+00
-7.874691906e-01,-3.682639454e-01,3.500636274e+00
-7.874691906e-01,-3.392764085e-01,3.478635753e+00
-7.874691906e-01,-3.111055315e-01,3.456224545e+00
-7.874691906e-01,-2.837065573e-01,3.433386909e+00
-7.874691906e-01,-2.570383103e-01,3.410161743e+00
-7.874691906e-01,-2.310628239e-01,3.386545510e+00
-7.874691906e-01,-2.057450159e-01,3.362526723e+00
-7.874691906e-01,-1.810524033e-01,3.338124960e+00
-7.874691906e-01,-1.569548517e-01,3.313356822e+00
-7.874691906e-01,-1.334243543e-01,3.288246288e+00
-7.874691906e-01,-1.104348361e-01,3.262800017e+00
-7.874691906e-01,-8.796198022e-02,3.237031643e+00
-7.874691906e-01,-6.598307350e-02,3.210942591e+00
-7.874691906e-01,-4.447686828e-02,3.184503144e+00
-7.874691906e-01,-2.342345908e-02,3.157822556e+00
-7.874691906e-01,-2.804171875e-03,3.130811938e+00
-7.874691906e-01,1.739853544e-02,3.103510713e+00
-7.874691906e-01,3.720116274e-02,3.075946745e+00
-7.874691906e-01,5.661924860e-02,3.048148913e+00
-7.874691906e-01,7.566744357e-02,3.020153865e+00
-7.874691906e-01,9.435957658e-02,2.992006674e+00
-7.874691906e-01,1.127087152e-01,2.963771168e+00
-7.874691906e-01,1.307272207e-01,2.935500016e+00
-7.874691906e-01,1.484267978e-01,2.908285171e+00
-7.874691906e-01,1.658185406e-01,2.882552227e+00
-7.874691906e-01,1.829129739e-01,2.882819037e+00
-6.923113736e-01,-6.095896043e+00,4.001448512e+00
-6.923113736e-01,-5.402748863e+00,4.001312476e+00
-6.923113736e-01,-4.997283755e+00,4.001231779e+00
-6.923113736e-01,-4.709601682e+00,4.001157037e+00
-6.923113736e-01,-4.486458131e+00,4.001113989e+00
-6.923113736e-01,-4.304136574e+00,4.001047876e+00
-6.923113736e-01,-4.149985894e+00,4.000981445e+00
-6.923113736e-01,-4.016454502e+00,4.000913186e+00
-6.923113736e-01,-3.898671466e+00,4.000839430e+00
-6.923113736e-01,-3.793310950e+00,4.000903054e+00
-6.923113736e-01,-3.793310950e+00,4.000759776e+00
-6.923113736e-01,-3.698000771e+00,4.000673620e+00
-6.923113736e-01,-3.610989394e+00,4.000581572e+00
-6.923113736e-01,-3.530946686e+00,4.000478816e+00
-6.923113736e-01,-3.456838714e+00,4.000373002e+00
-6.923113736e-01,-3.387845842e+00,4.000254961e+00
-6.923113736e-01,-3.323307321e+00,4.000134433e+00
-6.923113736e-01,-3.262682699e+00,4.000002606e+00
-6.923113736e-01,-3.205524286e+00,3.999866111e+00
-6.923113736e-01,-3.151457064e+00,3.999719099e+00
-6.923113736e-01,-3.100163770e+00,3.999567993e+00
-6.923113736e-01,-3.100163770e+00,3.999470742e+00
-6.923113736e-01,-3.051373606e+00,3.999404970e+00
-6.923113736e-01,-3.004853590e+00,3.999238972e+00
-6.923113736e-01,-2.960401828e+00,3.999061952e+00
-6.923113736e-01,-2.917842213e+00,3.998880583e+00
-6.923113736e-01,-2.877020219e+00,3.998688435e+00
-6.923113736e-01,-2.837799505e+00,3.998491954e+00
-6.923113736e-01,-2.800059177e+00,3.998286121e+00
-6.923113736e-01,-2.763691533e+00,3.998073647e+00
-6.923113736e-01,-2.728600213e+00,3.997852849e+00
-6.923113736e-01,-2.694698662e+00,3.997352245e+00
-6.923113736e-01,-2.694698662e+00,3.997625394e+00
-6.923113736e-01,-2.661908839e+00,3.997389982e+00
-6.923113736e-01,-2.630160141e+00,3.997147107e+00
-6.923113736e-01,-2.599388482e+00,3.996896790e+00
-6.923113736e-01,-2.569535519e+00,3.996638940e+00
-6.923113736e-01,-2.540547982e+00,3.996373658e+00
-6.923113736e-01,-2.512377105e+00,3.996100885e+00
-6.923113736e-01,-2.484978131e+00,3.995820693e+00
-6.923113736e-01,-2.458309884e+00,3.995533011e+00
-6.923113736e-01,-2.432334397e+00,3.995237940e+00
-6.923113736e-01,-2.407016589e+00,3.994847651e+00
-6.923113736e-01,-2.407016589e+00,3.994935354e+00
-6.923113736e-01,-2.382323977e+00,3.994625404e+00
-6.923113736e-01,-2.358226425e+00,3.994307976e+00
-6.923113736e-01,-2.334695928e+00,3.993983142e+00
-6.923113736e-01,-2.311706410e+00,3.993617288e+00
-6.923113736e-01,-2.289233554e+00,3.993309163e+00
-6.923113736e-01,-2.267254647e+00,3.992929300e+00
-6.923113736e-01,-2.245748442e+00,3.992607653e+00
-6.923113736e-01,-2.224695033e+00,3.992211822e+00
-6.923113736e-01,-2.204075745e+00,3.991841379e+00
-6.923113736e-01,-2.183873038e+00,3.991410936e+00
-6.923113736e-01,-2.183873038e+00,3.991464133e+00
-6.923113736e-01,-2.164070411e+00,3.991079577e+00
-6.923113736e-01,-2.144652325e+00,3.990687661e+00
-6.923113736e-01,-2.125604130e+00,3.990288402e+00
-6.923113736e-01,-2.106911997e+00,3.989881852e+00
-6.923113736e-01,-2.088562858e+00,3.989467898e+00
-6.923113736e-01,-2.070544353e+00,3.989046621e+00
-6.923113736e-01,-2.052844776e+00,3.988618040e+00
-6.923113736e-01,-2.035453033e+00,3.988182083e+00
-6.923113736e-01,-2.018358600e+00,3.987738917e+00
-6.923113736e-01,-2.001551481e+00,3.987448095e+00
-6.923113736e-01,-2.001551481e+00,3.987288396e+00
-6.923113736e-01,-1.985022179e+00,3.986830626e+00
-6.923113736e-01,-1.968761658e+00,3.986365634e+00
-6.923113736e-01,-1.952761317e+00,3.985893335e+00
-6.923113736e-01,-1.937012960e+00,3.985413765e+00
-6.923113736e-01,-1.921508774e+00,3.984926977e+00
-6.923113736e-01,-1.906241301e+00,3.984432969e+00
-6.923113736e-01,-1.891203424e+00,3.983931694e+00
-6.923113736e-01,-1.876388338e+00,3.983423237e+00
-6.923113736e-01,-1.861789539e+00,3.982907622e+00
-6.923113736e-01,-1.847400801e+00,3.982585396e+00
-6.923113736e-01,-1.847400801e+00,3.982384735e+00
-6.923113736e-01,-1.833216166e+00,3.981854756e+00
-6.923113736e-01,-1.819229924e+00,3.981317540e+00
-6.923113736e-01,-1.805436602e+00,3.980773204e+00
-6.923113736e-01,-1.791830950e+00,3.980221623e+00
-6.923113736e-01,-1.778407930e+00,3.979663066e+00
-6.923113736e-01,-1.765162703e+00,3.979097211e+00
-6.923113736e-01,-1.752090622e+00,3.978524364e+00
-6.923113736e-01,-1.739187217e+00,3.977944304e+00
-6.923113736e-01,-1.726448191e+00,3.977357129e+00
-6.923113736e-01,-1.713869409e+00,3.976992762e+00
-6.923113736e-01,-1.713869409e+00,3.976762894e+00
-6.923113736e-01,-1.701446889e+00,3.976161529e+00
-6.923113736e-01,-1.689176796e+00,3.975553191e+00
-6.923113736e-01,-1.677055436e+00,3.974937732e+00
-6.923113736e-01,-1.665079245e+00,3.974315225e+00
-6.923113736e-01,-1.653244787e+00,3.973685600e+00
-6.923113736e-01,-1.641548747e+00,3.973048930e+00
-6.923113736e-01,-1.629987925e+00,3.972405335e+00
-6.923113736e-01,-1.618559229e+00,3.971754679e+00
-6.923113736e-01,-1.607259674e+00,3.971097043e+00
-6.923113736e-01,-1.596086373e+00,3.970692556e+00
-6.923113736e-01,-1.596086373e+00,3.970432452e+00
-6.923113736e-01,-1.585036537e+00,3.969760842e+00
-6.923113736e-01,-1.574107466e+00,3.969082328e+00
-6.923113736e-01,-1.563296550e+00,3.968396938e+00
-6.923113736e-01,-1.552601261e+00,3.967704494e+00
-6.923113736e-01,-1.542019152e+00,3.967005132e+00
-6.923113736e-01,-1.531547852e+00,3.966299058e+00
-6.923113736e-01,-1.521185065e+00,3.965585890e+00
-6.923113736e-01,-1.510928565e+00,3.964865944e+00
-6.923113736e-01,-1.500776193e+00,3.964139077e+00
-6.923113736e-01,-1.490725857e+00,3.963405329e+00
-6.923113736e-01,-1.490725857e+00,3.963878471e+00
-6.923113736e-01,-1.480775527e+00,3.962664774e+00
-6.923113736e-01,-1.395415678e+00,3.956223859e+00
-6.923113736e-01,-1.308404301e+00,3.947891907e+00
-6.923113736e-01,-1.228361593e+00,3.938902297e+00
-6.923113736e-01,-1.154253621e+00,3.929267532e+00
-6.923113736e-01,-1.085260749e+00,3.919002598e+00
-6.923113736e-01,-1.020722228e+00,3.908120954e+00
-6.923113736e-01,-9.600976064e-01,3.896636027e+00
-6.923113736e-01,-9.029391926e-01,3.884688930e+00
-6.923113736e-01,-8.488719713e-01,3.872048099e+00
-6.923113736e-01,-7.975786769e-01,3.858863151e+00
-6.923113736e-01,-7.487885127e-01,3.845109875e+00
-6.923113736e-01,-7.022684971e-01,3.830821181e+00
-6.923113736e-01,-6.578167345e-01,3.816009781e+00
-6.923113736e-01,-6.152571201e-01,3.800688195e+00
-6.923113736e-01,-5.744351256e-01,3.784868439e+00
-6.923113736e-01,-5.352144124e-01,3.768562064e+00
-6.923113736e-01,-4.974740844e-01,3.751780045e+00
-6.923113736e-01,-4.611064403e-01,3.734533094e+00
-6.923113736e-01,-4.611057332e-01,3.734619687e+00
-6.923113736e-01,-4.260144378e-01,3.716832838e+00
-6.923113736e-01,-3.921129088e-01,3.698686254e+00
-6.923113736e-01,-3.593231073e-01,3.680106320e+00
-6.923113736e-01,-3.275744290e-01,3.661101499e+00
-6.923113736e-01,-2.968027890e-01,3.641680368e+00
-6.923113736e-01,-2.669498435e-01,3.621852375e+00
-6.923113736e-01,-2.379623233e-01,3.601618918e+00
-6.923113736e-01,-2.097914620e-01,3.581007031e+00
-6.923113736e-01,-1.823925027e-01,3.560006570e+00
-6.923113736e-01,-1.557242697e-01,3.538631091e+00
-6.923113736e-01,-1.297487967e-01,3.516879246e+00
-6.923113736e-01,-1.044310014e-01,3.494782339e+00
-6.923113736e-01,-7.973840086e-02,3.472337933e+00
-6.923113736e-01,-5.564086078e-02,3.449536544e+00
-6.923113736e-01,-3.211037433e-02,3.426392136e+00
-6.923113736e-01,-9.120866571e-03,3.402914777e+00
-6.923113736e-01,1.335197928e-02,3.379130512e+00
-6.923113736e-01,3.533087644e-02,3.355040759e+00
-6.923113736e-01,5.683707250e-02,3.330665523e+00
-6.923113736e-01,7.789047292e-02,3.306010464e+00
-6.923113736e-01,9.850975171e-02,3.281043592e+00
-6.923113736e-01,1.187124509e-01,3.255870388e+00
-6.923113736e-01,1.385150705e-01,3.230403184e+00
-6.923113736e-01,1.579331489e-01,3.204682465e+00
-6.923113736e-01,1.769813367e-01,3.178717677e+00
-6.923113736e-01,1.956734627e-01,3.152536160e+00
-6.923113736e-01,2.140225948e-01,3.126164720e+00
-6.923113736e-01,2.320410938e-01,3.099639573e+00
-6.923113736e-01,2.497406647e-01,3.072997707e+00
-6.923113736e-01,2.671324014e-01,3.046298365e+00
-6.923113736e-01,2.842268290e-01,3.019606079e+00
-6.923113736e-01,3.010339417e-01,2.993953878e+00
-6.923113736e-01,3.175632383e-01,2.969742690e+00
-6.923113736e-01,3.338237539e-01,2.971098798e+00
-5.970748020e-01,-5.985559055e+00,4.089884821e+00
-5.970748020e-01,-5.292411875e+00,4.089748915e+00
-5.970748020e-01,-4.886946766e+00,4.089670553e+00
-5.970748020e-01,-4.599264694e+00,4.089597751e+00
-5.970748020e-01,-4.376121143e+00,4.089556843e+00
-5.970748020e-01,-4.193799586e+00,4.089494949e+00
-5.970748020e-01,-4.039648906e+00,4.089433412e+00
-5.970748020e-01,-3.906117513e+00,4.089369606e+00
-5.970748020e-01,-3.788334478e+00,4.089301196e+00
-5.970748020e-01,-3.682973962e+00,4.089227119e+00
-5.970748020e-01,-3.682973962e+00,4.089374205e+00
-5.970748020e-01,-3.587663782e+00,4.089146165e+00
-5.970748020e-01,-3.500652405e+00,4.089061686e+00
-5.970748020e-01,-3.420609698e+00,4.088966297e+00
-5.970748020e-01,-3.346501726e+00,4.088868462e+00
-5.970748020e-01,-3.277508854e+00,4.088759640e+00
-5.970748020e-01,-3.212970333e+00,4.088648186e+00
-5.970748020e-01,-3.152345711e+00,4.088525683e+00
-5.970748020e-01,-3.095187297e+00,4.088400283e+00
-5.970748020e-01,-3.041120076e+00,4.088263502e+00
-5.970748020e-01,-2.989826782e+00,4.088124149e+00
-5.970748020e-01,-2.989826782e+00,4.088013965e+00
-5.970748020e-01,-2.941036617e+00,4.087973506e+00
-5.970748020e-01,-2.894516602e+00,4.087820423e+00
-5.970748020e-01,-2.850064839e+00,4.087657304e+00
-5.970748020e-01,-2.807505225e+00,4.087488664e+00
-5.970748020e-01,-2.766683230e+00,4.087311005e+00
-5.970748020e-01,-2.727462517e+00,4.087129346e+00
-5.970748020e-01,-2.689722189e+00,4.086937559e+00
-5.970748020e-01,-2.653354545e+00,4.086741920e+00
-5.970748020e-01,-2.618263225e+00,4.086537611e+00
-5.970748020e-01,-2.584361673e+00,4.086327182e+00
-5.970748020e-01,-2.584361673e+00,4.086074718e+00
-5.970748020e-01,-2.551571851e+00,4.086109000e+00
-5.970748020e-01,-2.519823152e+00,4.085884727e+00
-5.970748020e-01,-2.489051494e+00,4.085652615e+00
-5.970748020e-01,-2.459198531e+00,4.085414500e+00
-5.970748020e-01,-2.430210994e+00,4.085169050e+00
-5.970748020e-01,-2.402040117e+00,4.084916720e+00
-5.970748020e-01,-2.374641143e+00,4.084657409e+00
-5.970748020e-01,-2.347972895e+00,4.084391215e+00
-5.970748020e-01,-2.321997409e+00,4.084118182e+00
-5.970748020e-01,-2.296679601e+00,4.083838165e+00
-5.970748020e-01,-2.296679601e+00,4.083756873e+00
-5.970748020e-01,-2.271986988e+00,4.083551299e+00
-5.970748020e-01,-2.247889437e+00,4.083257511e+00
-5.970748020e-01,-2.224358939e+00,4.082956894e+00
-5.970748020e-01,-2.201369421e+00,4.082649375e+00
-5.970748020e-01,-2.178896565e+00,4.082335008e+00
-5.970748020e-01,-2.156917659e+00,4.082013785e+00
-5.970748020e-01,-2.135411453e+00,4.081651135e+00
-5.970748020e-01,-2.114358044e+00,4.081348362e+00
-5.970748020e-01,-2.093738757e+00,4.080973143e+00
-5.970748020e-01,-2.073536050e+00,4.080657956e+00
-5.970748020e-01,-2.073536050e+00,4.080575167e+00
-5.970748020e-01,-2.053733422e+00,4.080267877e+00
-5.970748020e-01,-2.034315337e+00,4.079904330e+00
-5.970748020e-01,-2.015267142e+00,4.079534613e+00
-5.970748020e-01,-1.996575009e+00,4.079158109e+00
-5.970748020e-01,-1.978225870e+00,4.078774823e+00
-5.970748020e-01,-1.960207364e+00,4.078384772e+00
-5.970748020e-01,-1.942507787e+00,4.077987835e+00
-5.970748020e-01,-1.925116045e+00,4.077584210e+00
-5.970748020e-01,-1.908021611e+00,4.077173866e+00
-5.970748020e-01,-1.891214493e+00,4.076756704e+00
-5.970748020e-01,-1.891214493e+00,4.076693332e+00
-5.970748020e-01,-1.874685191e+00,4.076332786e+00
-5.970748020e-01,-1.858424670e+00,4.075902163e+00
-5.970748020e-01,-1.842424329e+00,4.075464803e+00
-5.970748020e-01,-1.826675972e+00,4.075020683e+00
-5.970748020e-01,-1.811171785e+00,4.074569826e+00
-5.970748020e-01,-1.795904313e+00,4.074112283e+00
-5.970748020e-01,-1.780866436e+00,4.073647994e+00
-5.970748020e-01,-1.766051350e+00,4.073177016e+00
-5.970748020e-01,-1.751452551e+00,4.072699418e+00
-5.970748020e-01,-1.737063813e+00,4.072385564e+00
-5.970748020e-01,-1.737063813e+00,4.072215088e+00
-5.970748020e-01,-1.722879178e+00,4.071724089e+00
-5.970748020e-01,-1.708892936e+00,4.071226455e+00
-5.970748020e-01,-1.695099614e+00,4.070722177e+00
-5.970748020e-01,-1.681493962e+00,4.070211209e+00
-5.970748020e-01,-1.668070942e+00,4.069693667e+00
-5.970748020e-01,-1.654825715e+00,4.069169464e+00
-5.970748020e-01,-1.641753633e+00,4.068638608e+00
-5.970748020e-01,-1.628850228e+00,4.068101150e+00
-5.970748020e-01,-1.616111203e+00,4.067557057e+00
-5.970748020e-01,-1.603532420e+00,4.067006394e+00
-5.970748020e-01,-1.603532420e+00,4.067217294e+00
-5.970748020e-01,-1.591109900e+00,4.066449078e+00
-5.970748020e-01,-1.578839808e+00,4.065885256e+00
-5.970748020e-01,-1.566718447e+00,4.065314844e+00
-5.970748020e-01,-1.554742256e+00,4.064737909e+00
-5.970748020e-01,-1.542907799e+00,4.064154547e+00
-5.970748020e-01,-1.531211759e+00,4.063564505e+00
-5.970748020e-01,-1.519650936e+00,4.062967973e+00
-5.970748020e-01,-1.508222241e+00,4.062364946e+00
-5.970748020e-01,-1.496922685e+00,4.061755442e+00
-5.970748020e-01,-1.485749385e+00,4.061139436e+00
-5.970748020e-01,-1.485749385e+00,4.061378643e+00
-5.970748020e-01,-1.474699549e+00,4.060516889e+00
-5.970748020e-01,-1.463770478e+00,4.059887943e+00
-5.970748020e-01,-1.452959562e+00,4.059252538e+00
-5.970748020e-01,-1.442264273e+00,4.058610649e+00
-5.970748020e-01,-1.431682164e+00,4.057962330e+00
-5.970748020e-01,-1.421210864e+00,4.057307592e+00
-5.970748020e-01,-1.410848077e+00,4.056646454e+00
-5.970748020e-01,-1.400591576e+00,4.055978888e+00
-5.970748020e-01,-1.390439205e+00,4.055304868e+00
-5.970748020e-01,-1.380388869e+00,4.054891686e+00
-5.970748020e-01,-1.380388869e+00,4.054624454e+00
-5.970748020e-01,-1.370438538e+00,4.053937661e+00
-5.970748020e-01,-1.360586242e+00,4.053244529e+00
-5.970748020e-01,-1.350830067e+00,4.052545051e+00
-5.970748020e-01,-1.341168156e+00,4.051839220e+00
-5.970748020e-01,-1.331598705e+00,4.051127048e+00
-5.970748020e-01,-1.322119961e+00,4.050408511e+00
-5.970748020e-01,-1.312730221e+00,4.049683716e+00
-5.970748020e-01,-1.303427828e+00,4.048952662e+00
-5.970748020e-01,-1.294211173e+00,4.048215337e+00
-5.970748020e-01,-1.285078689e+00,4.047953137e+00
-5.970748020e-01,-1.285078689e+00,4.047471725e+00
-5.970748020e-01,-1.276028854e+00,4.046721758e+00
-5.970748020e-01,-1.267060184e+00,4.045965595e+00
-5.970748020e-01,-1.258171236e+00,4.045203225e+00
-5.970748020e-01,-1.249360607e+00,4.044434615e+00
-5.970748020e-01,-1.240626927e+00,4.043659783e+00
-5.970748020e-01,-1.231968864e+00,4.042878742e+00
-5.970748020e-01,-1.223385120e+00,4.042091478e+00
-5.970748020e-01,-1.214874431e+00,4.041298002e+00
-5.970748020e-01,-1.206435562e+00,4.040498303e+00
-5.970748020e-01,-1.198067312e+00,4.039692548e+00
-5.970748020e-01,-1.198067312e+00,4.040227555e+00
-5.970748020e-01,-1.189768510e+00,4.038880574e+00
-5.970748020e-01,-1.181538010e+00,4.038062510e+00
-5.970748020e-01,-1.173374700e+00,4.037238315e+00
-5.970748020e-01,-1.165277490e+00,4.036408047e+00
-5.970748020e-01,-1.157245318e+00,4.035571703e+00
-5.970748020e-01,-1.149277148e+00,4.034729161e+00
-5.970748020e-01,-1.141371969e+00,4.033880667e+00
-5.970748020e-01,-1.133528791e+00,4.033026062e+00
-5.970748020e-01,-1.125746651e+00,4.032165374e+00
-5.970748020e-01,-1.118024605e+00,4.031298806e+00
-5.970748020e-01,-1.118024605e+00,4.031882685e+00
-5.970748020e-01,-1.110361732e+00,4.030426026e+00
-5.970748020e-01,-1.102757133e+00,4.029547362e+00
-5.970748020e-01,-1.095209927e+00,4.028662592e+00
-5.970748020e-01,-1.087719255e+00,4.027771853e+00
-5.970748020e-01,-1.080284277e+00,4.026875082e+00
-5.970748020e-01,-1.043916633e+00,4.022936221e+00
-5.970748020e-01,-9.749237610e-01,4.013400117e+00
-5.970748020e-01,-9.103852399e-01,4.003287645e+00
-5.970748020e-01,-8.497606181e-01,3.992611156e+00
-5.970748020e-01,-7.926022043e-01,3.981382822e+00
-5.970748020e-01,-7.385349830e-01,3.969615493e+00
-5.970748020e-01,-6.872416886e-01,3.957447680e+00
-5.970748020e-01,-6.384515244e-01,3.944646381e+00
-5.970748020e-01,-5.919315088e-01,3.931361031e+00
-5.970748020e-01,-5.474797462e-01,3.917564706e+00
-5.970748020e-01,-5.049201318e-01,3.903288828e+00
-5.970748020e-01,-4.640981373e-01,3.888544567e+00
-5.970748020e-01,-4.248774241e-01,3.873342777e+00
-5.970748020e-01,-3.871370961e-01,3.857694029e+00
-5.970748020e-01,-3.507694520e-01,3.841608536e+00
-5.970748020e-01,-3.156781322e-01,3.825095937e+00
-5.970748020e-01,-2.817765805e-01,3.808165777e+00
-5.970748020e-01,-2.489867577e-01,3.790827187e+00
-5.970748020e-01,-2.172380594e-01,3.773083193e+00
-5.970748020e-01,-1.864664007e-01,3.754959649e+00
-5.970748020e-01,-1.566134375e-01,3.736447434e+00
-5.970748020e-01,-1.276259007e-01,3.717560387e+00
-5.970748020e-01,-9.945502370e-02,3.698306138e+00
-5.970748020e-01,-7.205604951e-02,3.678685972e+00
-5.970748020e-01,-4.538780243e-02,3.658726105e+00
-5.970748020e-01,-1.941231602e-02,3.638414885e+00
-5.970748020e-01,5.905491962e-03,3.617765605e+00
-5.970748020e-01,3.059810455e-02,3.596775088e+00
-5.970748020e-01,5.469565613e-02,3.575469126e+00
-5.970748020e-01,7.822615354e-02,3.553850277e+00
-5.970748020e-01,1.012156718e-01,3.531920023e+00
-5.970748020e-01,1.236885276e-01,3.509693443e+00
-5.970748020e-01,1.456674343e-01,3.487142101e+00
-5.970748020e-01,1.671736396e-01,3.464320018e+00
-5.970748020e-01,1.882270488e-01,3.441221226e+00
-5.970748020e-01,2.088463360e-01,3.417863167e+00
-5.970748020e-01,2.290490433e-01,3.394256393e+00
-5.970748020e-01,2.488516706e-01,3.370405883e+00
-5.970748020e-01,2.682697564e-01,3.346313641e+00
-5.970748020e-01,2.873179514e-01,3.321514209e+00
-5.970748020e-01,3.060100844e-01,3.297342021e+00
-5.970748020e-01,3.243592231e-01,3.272658604e+00
-5.970748020e-01,3.423777286e-01,3.247714044e+00
-5.970748020e-01,3.600773057e-01,3.222588021e+00
-5.970748020e-01,3.774690484e-01,3.197317046e+00
-5.970748020e-01,3.945634818e-01,3.171940553e+00
-5.970748020e-01,4.113706001e-01,3.146496365e+00
-5.970748020e-01,4.278999020e-01,3.121085005e+00
-5.970748020e-01,4.441604229e-01,3.095675338e+00
-5.970748020e-01,4.601607642e-01,3.071361960e+00
-5.970748020e-01,4.759091212e-01,3.051673854e+00
-5.970748020e-01,4.759111455e-01,3.052929136e+00
-5.970748020e-01,4.774724229e-01,3.046557902e+00
-5.970748020e-01,4.790312665e-01,3.049016878e+00
-4.300854937e-01,-5.771382103e+00,4.246889608e+00
-4.300854937e-01,-5.078234923e+00,4.246753202e+00
-4.300854937e-01,-4.672769815e+00,4.246678017e+00
-4.300854937e-01,-4.385087742e+00,4.246607100e+00
-4.300854937e-01,-4.161944191e+00,4.246569715e+00
-4.300854937e-01,-3.979622634e+00,4.246511413e+00
-4.300854937e-01,-3.825471954e+00,4.246454406e+00
-4.300854937e-01,-3.691940562e+00,4.246395192e+00
-4.300854937e-01,-3.574157526e+00,4.246333079e+00
-4.300854937e-01,-3.468797010e+00,4.246265717e+00
-4.300854937e-01,-3.468797010e+00,4.246418130e+00
-4.300854937e-01,-3.373486830e+00,4.246192369e+00
-4.300854937e-01,-3.286475453e+00,4.246114909e+00
-4.300854937e-01,-3.206432746e+00,4.246027806e+00
-4.300854937e-01,-3.132324774e+00,4.245938986e+00
-4.300854937e-01,-3.063331902e+00,4.245839572e+00
-4.300854937e-01,-2.998793381e+00,4.245737821e+00
-4.300854937e-01,-2.938168759e+00,4.245626460e+00
-4.300854937e-01,-2.881010345e+00,4.245512534e+00
-4.300854937e-01,-2.826943124e+00,4.245387886e+00
-4.300854937e-01,-2.775649830e+00,4.245162226e+00
-4.300854937e-01,-2.775649830e+00,4.245260700e+00
-4.300854937e-01,-2.726859665e+00,4.245123659e+00
-4.300854937e-01,-2.680339650e+00,4.244984128e+00
-4.300854937e-01,-2.635887887e+00,4.244834075e+00
-4.300854937e-01,-2.593328273e+00,4.244682047e+00
-4.300854937e-01,-2.552506278e+00,4.244519843e+00
-4.300854937e-01,-2.513285565e+00,4.244354270e+00
-4.300854937e-01,-2.475545237e+00,4.244179672e+00
-4.300854937e-01,-2.439177593e+00,4.244001561e+00
-4.300854937e-01,-2.404086273e+00,4.243814191e+00
-4.300854937e-01,-2.370184722e+00,4.243393606e+00
-4.300854937e-01,-2.370184722e+00,4.243623502e+00
-4.300854937e-01,-2.337394899e+00,4.243424507e+00
-4.300854937e-01,-2.305646200e+00,4.243220148e+00
-4.300854937e-01,-2.274874542e+00,4.243008676e+00
-4.300854937e-01,-2.245021579e+00,4.242791663e+00
-4.300854937e-01,-2.216034042e+00,4.242567523e+00
-4.300854937e-01,-2.187863165e+00,4.242337918e+00
-4.300854937e-01,-2.160464191e+00,4.242101584e+00
-4.300854937e-01,-2.133795943e+00,4.241858884e+00
-4.300854937e-01,-2.107820457e+00,4.241609956e+00
-4.300854937e-01,-2.082502649e+00,4.241354709e+00
-4.300854937e-01,-2.082502649e+00,4.241009591e+00
-4.300854937e-01,-2.057810036e+00,4.241093173e+00
-4.300854937e-01,-2.033712485e+00,4.240825370e+00
-4.300854937e-01,-2.010181987e+00,4.240551265e+00
-4.300854937e-01,-1.987192469e+00,4.240270839e+00
-4.300854937e-01,-1.964719613e+00,4.239984215e+00
-4.300854937e-01,-1.942740707e+00,4.239691264e+00
-4.300854937e-01,-1.921234501e+00,4.239392129e+00
-4.300854937e-01,-1.900181092e+00,4.239086710e+00
-4.300854937e-01,-1.879561805e+00,4.238775020e+00
-4.300854937e-01,-1.859359098e+00,4.238457108e+00
-4.300854937e-01,-1.859359098e+00,4.238345416e+00
-4.300854937e-01,-1.839556470e+00,4.238096349e+00
-4.300854937e-01,-1.820138385e+00,4.237799638e+00
-4.300854937e-01,-1.801090190e+00,4.237427996e+00
-4.300854937e-01,-1.782398057e+00,4.237120081e+00
-4.300854937e-01,-1.764048918e+00,4.236734826e+00
-4.300854937e-01,-1.746030412e+00,4.236415664e+00
-4.300854937e-01,-1.728330835e+00,4.236016878e+00
-4.300854937e-01,-1.677037541e+00,4.234328696e+00
-4.300854937e-01,-1.677037541e+00,4.234831770e+00
-4.300854937e-01,-1.636215546e+00,4.233425689e+00
-4.300854937e-01,-1.522886861e+00,4.230695394e+00
-4.300854937e-01,-1.389355469e+00,4.226167541e+00
-4.300854937e-01,-1.271572433e+00,4.220847208e+00
-4.300854937e-01,-1.166211917e+00,4.214918806e+00
-4.300854937e-01,-1.070901737e+00,4.208404114e+00
-4.300854937e-01,-9.838903604e-01,4.201314117e+00
-4.300854937e-01,-9.038476527e-01,4.193855024e+00
-4.300854937e-01,-8.297396806e-01,4.185665647e+00
-4.300854937e-01,-7.607468091e-01,4.176926099e+00
-4.300854937e-01,-6.962082879e-01,4.167652922e+00
-4.300854937e-01,-6.355836661e-01,4.157857351e+00
-4.300854937e-01,-5.784252523e-01,4.147550807e+00
-4.300854937e-01,-5.243580310e-01,4.136744590e+00
-4.300854937e-01,-4.730647366e-01,4.125449953e+00
-4.300854937e-01,-4.242745725e-01,4.113678000e+00
-4.300854937e-01,-3.777545568e-01,4.101439987e+00
-4.300854937e-01,-3.333027943e-01,4.088894173e+00
-4.300854937e-01,-2.907431798e-01,4.075762472e+00
-4.300854937e-01,-2.499211853e-01,4.062194852e+00
-4.300854937e-01,-2.107004722e-01,4.048204342e+00
-4.300854937e-01,-1.729601442e-01,4.033799594e+00
-4.300854937e-01,-1.365925000e-01,4.018990872e+00
-4.300854937e-01,-1.015011802e-01,4.003787552e+00
-4.300854937e-01,-6.759962853e-02,3.988198724e+00
-4.300854937e-01,-3.480980570e-02,3.972233159e+00
-4.300854937e-01,-3.061107389e-03,3.955899053e+00
-4.300854937e-01,2.771055128e-02,3.939204347e+00
-4.300854937e-01,5.756351443e-02,3.922148900e+00
-4.300854937e-01,8.655105130e-02,3.904993173e+00
-4.300854937e-01,1.147219283e-01,3.887036041e+00
-4.300854937e-01,1.421209025e-01,3.868971349e+00
-4.300854937e-01,1.687891495e-01,3.850585396e+00
-4.300854937e-01,1.947646359e-01,3.831873845e+00
-4.300854937e-01,2.200824439e-01,3.812858615e+00
-4.300854937e-01,2.447750565e-01,3.793548308e+00
-4.300854937e-01,2.688726081e-01,3.773924834e+00
-4.300854937e-01,2.924031055e-01,3.754014461e+00
-4.300854937e-01,3.153926237e-01,3.734113638e+00
-4.300854937e-01,3.378654796e-01,3.713339935e+00
-4.300854937e-01,3.598443863e-01,3.693258121e+00
-4.300854937e-01,3.813505915e-01,3.671583016e+00
-4.300854937e-01,4.024040007e-01,3.650309482e+00
-4.300854937e-01,4.230232879e-01,3.628766671e+00
-4.300854937e-01,4.432259952e-01,3.606977846e+00
-4.300854937e-01,4.630286225e-01,3.584956942e+00
-4.300854937e-01,4.824467084e-01,3.562715694e+00
-4.300854937e-01,5.014949034e-01,3.540230532e+00
-4.300854937e-01,5.201870364e-01,3.517604742e+00
-4.300854937e-01,5.385361750e-01,3.494750942e+00
-4.300854937e-01,5.565546805e-01,3.471245155e+00
-4.300854937e-01,5.742542576e-01,3.447861448e+00
-4.300854937e-01,5.916460004e-01,3.424936010e+00
-4.300854937e-01,6.087404337e-01,3.401476680e+00
-4.300854937e-01,6.255475520e-01,3.377802941e+00
-4.300854937e-01,6.420768540e-01,3.353996236e+00
-4.300854937e-01,6.583373749e-01,3.330108369e+00
-4.300854937e-01,6.743377162e-01,3.306173569e+00
-4.300854937e-01,6.900860732e-01,3.282245712e+00
-4.300854937e-01,7.055902597e-01,3.258381038e+00
-4.300854937e-01,7.208577318e-01,3.235552503e+00
-4.300854937e-01,7.358956092e-01,3.215443606e+00
-4.300854937e-01,7.507106950e-01,3.267656240e+00
-3.478610608e-01,-5.656830877e+00,4.325984589e+00
-3.478610608e-01,-4.963683697e+00,4.325847882e+00
-3.478610608e-01,-4.558218589e+00,4.325773918e+00
-3.478610608e-01,-4.270536516e+00,4.325703447e+00
-3.478610608e-01,-4.047392965e+00,4.325667339e+00
-3.478610608e-01,-3.865071408e+00,4.325610014e+00
-3.478610608e-01,-3.710920728e+00,4.325554003e+00
-3.478610608e-01,-3.577389336e+00,4.325496293e+00
-3.478610608e-01,-3.459606300e+00,4.325435064e+00
-3.478610608e-01,-3.354245784e+00,4.325369945e+00
-3.478610608e-01,-3.354245784e+00,4.325524841e+00
-3.478610608e-01,-3.258935605e+00,4.325298611e+00
-3.478610608e-01,-3.171924228e+00,4.325223425e+00
-3.478610608e-01,-3.091881520e+00,4.325138882e+00
-3.478610608e-01,-3.017773548e+00,4.325052552e+00
-3.478610608e-01,-2.948780676e+00,4.324956116e+00
-3.478610608e-01,-2.884242155e+00,4.324857416e+00
-3.478610608e-01,-2.823617533e+00,4.324748107e+00
-3.478610608e-01,-2.766459119e+00,4.324637731e+00
-3.478610608e-01,-2.712391898e+00,4.324516080e+00
-3.478610608e-01,-2.661098604e+00,4.324297352e+00
-3.478610608e-01,-2.661098604e+00,4.324393170e+00
-3.478610608e-01,-2.612308440e+00,4.324259683e+00
-3.478610608e-01,-2.565788424e+00,4.324124339e+00
-3.478610608e-01,-2.521336661e+00,4.323978234e+00
-3.478610608e-01,-2.478777047e+00,4.323830322e+00
-3.478610608e-01,-2.437955052e+00,4.323673477e+00
-3.478610608e-01,-2.398734339e+00,4.323511679e+00
-3.478610608e-01,-2.255633496e+00,4.322576754e+00
-3.478610608e-01,-1.967951423e+00,4.320258823e+00
-3.478610608e-01,-1.744807872e+00,4.317665557e+00
-3.478610608e-01,-1.562486315e+00,4.314245748e+00
-3.478610608e-01,-1.408335635e+00,4.310220810e+00
-3.478610608e-01,-1.274804243e+00,4.305810405e+00
-3.478610608e-01,-1.157021207e+00,4.300629826e+00
-3.478610608e-01,-1.051660691e+00,4.294855926e+00
-3.478610608e-01,-9.563505115e-01,4.288510429e+00
-3.478610608e-01,-8.693391346e-01,4.281602823e+00
-3.478610608e-01,-7.892964269e-01,4.274333083e+00
-3.478610608e-01,-7.151884547e-01,4.266351173e+00
-3.478610608e-01,-6.461955832e-01,4.257831643e+00
-3.478610608e-01,-5.816570621e-01,4.248790052e+00
-3.478610608e-01,-5.210324403e-01,4.239237023e+00
-3.478610608e-01,-4.638740264e-01,4.229183969e+00
-3.478610608e-01,-4.098068052e-01,4.218641462e+00
-3.478610608e-01,-3.585135108e-01,4.207620340e+00
-3.478610608e-01,-3.097233466e-01,4.196131718e+00
-3.478610608e-01,-2.632033310e-01,4.184186213e+00
-3.478610608e-01,-2.187515684e-01,4.171794472e+00
-3.478610608e-01,-1.761919540e-01,4.158967017e+00
-3.478610608e-01,-1.353699595e-01,4.145866127e+00
-3.478610608e-01,-9.614924632e-02,4.132204096e+00
-3.478610608e-01,-5.840891834e-02,4.118135098e+00
-3.478610608e-01,-2.204127417e-02,4.103670522e+00
-3.478610608e-01,1.305004564e-02,4.088819771e+00
-3.478610608e-01,4.695159732e-02,4.073591986e+00
-3.478610608e-01,7.974142014e-02,4.057996052e+00
-3.478610608e-01,1.114901185e-01,4.042040457e+00
-3.478610608e-01,1.422617771e-01,4.025733764e+00
-3.478610608e-01,1.721147403e-01,4.009083934e+00
-3.478610608e-01,2.011022771e-01,3.992098610e+00
-3.478610608e-01,2.292731541e-01,3.974785215e+00
-3.478610608e-01,2.566721283e-01,3.957152219e+00
-3.478610608e-01,2.833403754e-01,3.939202981e+00
-3.478610608e-01,3.093158618e-01,3.920946733e+00
-3.478610608e-01,3.346336698e-01,3.902391983e+00
-3.478610608e-01,3.593262824e-01,3.883536778e+00
-3.478610608e-01,3.834238339e-01,3.864396109e+00
-3.478610608e-01,4.069543313e-01,3.844972107e+00
-3.478610608e-01,4.299438496e-01,3.825264753e+00
-3.478610608e-01,4.524167054e-01,3.805294206e+00
-3.478610608e-01,4.743956121e-01,3.785064874e+00
-3.478610608e-01,4.959018174e-01,3.764556317e+00
-3.478610608e-01,5.169552266e-01,3.743826520e+00
-3.478610608e-01,5.375745138e-01,3.722827737e+00
-3.478610608e-01,5.577772211e-01,3.701583122e+00
-3.478610608e-01,5.775798484e-01,3.680104840e+00
-3.478610608e-01,5.969979342e-01,3.658406816e+00
-3.478610608e-01,6.160461292e-01,3.636469375e+00
-3.478610608e-01,6.347382622e-01,3.614396548e+00
-3.478610608e-01,6.530874009e-01,3.592104358e+00
-3.478610608e-01,6.711059064e-01,3.569627755e+00
-3.478610608e-01,6.888054835e-01,3.546517816e+00
-3.478610608e-01,7.061972262e-01,3.523545535e+00
-3.478610608e-01,7.232916596e-01,3.500485734e+00
-3.478610608e-01,7.400987779e-01,3.477896044e+00
-3.478610608e-01,7.566280798e-01,3.454773040e+00
-3.478610608e-01,7.728886007e-01,3.431456302e+00
-3.478610608e-01,7.888889420e-01,3.408051310e+00
-3.478610608e-01,8.046372990e-01,3.384612480e+00
-3.478610608e-01,8.201414855e-01,3.361178385e+00
-3.478610608e-01,8.354089577e-01,3.337811928e+00
-3.478610608e-01,8.504468350e-01,3.315483820e+00
-3.478610608e-01,8.652619208e-01,3.294495962e+00
-3.478610608e-01,8.798607203e-01,3.229017249e+00
-9.417015645e-02,-5.270378549e+00,4.575737658e+00
-9.417015645e-02,-4.577231368e+00,4.575601143e+00
-9.417015645e-02,-4.171766260e+00,4.575530540e+00
-9.417015645e-02,-3.884084188e+00,4.575459774e+00
-9.417015645e-02,-3.660940636e+00,4.575424721e+00
-9.417015645e-02,-3.478619079e+00,4.575369644e+00
-9.417015645e-02,-3.324468400e+00,4.575314905e+00
-9.417015645e-02,-3.190937007e+00,4.575258697e+00
-9.417015645e-02,-3.073153971e+00,4.575199226e+00
-9.417015645e-02,-2.967793456e+00,4.575291512e+00
-9.417015645e-02,-2.967793456e+00,4.575135498e+00
-9.417015645e-02,-2.872483276e+00,4.575065871e+00
-9.417015645e-02,-2.785471899e+00,4.574992337e+00
-9.417015645e-02,-2.705429191e+00,4.574909922e+00
-9.417015645e-02,-2.631321219e+00,4.574825500e+00
-9.417015645e-02,-2.562328348e+00,4.574731484e+00
-9.417015645e-02,-2.497789826e+00,4.574634947e+00
-9.417015645e-02,-2.437165205e+00,4.574528266e+00
-9.417015645e-02,-2.380006791e+00,4.574420138e+00
-9.417015645e-02,-2.325939569e+00,4.574301527e+00
-9.417015645e-02,-2.274646275e+00,4.574084759e+00
-9.417015645e-02,-2.274646275e+00,4.574181427e+00
-9.417015645e-02,-2.225856111e+00,4.574051545e+00
-9.417015645e-02,-2.179336095e+00,4.573918506e+00
-9.417015645e-02,-2.134884333e+00,4.573775857e+00
-9.417015645e-02,-2.092324718e+00,4.573631329e+00
-9.417015645e-02,-2.051502724e+00,4.573476363e+00
-9.417015645e-02,-2.012282011e+00,4.573319601e+00
-9.417015645e-02,-1.974541683e+00,4.573153316e+00
-9.417015645e-02,-1.938174038e+00,4.572984252e+00
-9.417015645e-02,-1.903082719e+00,4.572805771e+00
-9.417015645e-02,-1.869181167e+00,4.572624184e+00
-9.417015645e-02,-1.869181167e+00,4.572405184e+00
-9.417015645e-02,-1.836391344e+00,4.572434940e+00
-9.417015645e-02,-1.804642646e+00,4.572240648e+00
-9.417015645e-02,-1.773870987e+00,4.572039309e+00
-9.417015645e-02,-1.744018024e+00,4.571833008e+00
-9.417015645e-02,-1.715030487e+00,4.571619536e+00
-9.417015645e-02,-1.686859610e+00,4.571400946e+00
-9.417015645e-02,-1.659460636e+00,4.571175614e+00
-9.417015645e-02,-1.632792389e+00,4.570945037e+00
-9.417015645e-02,-1.606816903e+00,4.570708135e+00
-9.417015645e-02,-1.581499095e+00,4.570465195e+00
-9.417015645e-02,-1.581499095e+00,4.570143289e+00
-9.417015645e-02,-1.556806482e+00,4.570216259e+00
-9.417015645e-02,-1.532708930e+00,4.569961347e+00
-9.417015645e-02,-1.509178433e+00,4.569700426e+00
-9.417015645e-02,-1.486188915e+00,4.569433539e+00
-9.417015645e-02,-1.463716059e+00,4.569160660e+00
-9.417015645e-02,-1.441737152e+00,4.568881826e+00
-9.417015645e-02,-1.420230947e+00,4.568596997e+00
-9.417015645e-02,-1.399177538e+00,4.568306208e+00
-9.417015645e-02,-1.378558251e+00,4.568009463e+00
-9.417015645e-02,-1.358355543e+00,4.567706736e+00
-9.417015645e-02,-1.358355543e+00,4.567603081e+00
-9.417015645e-02,-1.338552916e+00,4.567398113e+00
-9.417015645e-02,-1.319134830e+00,4.567083484e+00
-9.417015645e-02,-1.300086635e+00,4.566762922e+00
-9.417015645e-02,-1.281394502e+00,4.566394453e+00
-9.417015645e-02,-1.263045363e+00,4.566099717e+00
-9.417015645e-02,-1.245026858e+00,4.565722092e+00
-9.417015645e-02,-1.227327281e+00,4.565416824e+00
-9.417015645e-02,-1.209935538e+00,4.565026134e+00
-9.417015645e-02,-1.192841105e+00,4.564710302e+00
-9.417015645e-02,-1.176033986e+00,4.564306528e+00
-9.417015645e-02,-1.176033986e+00,4.564253840e+00
-9.417015645e-02,-1.159504684e+00,4.563936575e+00
-9.417015645e-02,-1.143244164e+00,4.563561909e+00
-9.417015645e-02,-1.127243822e+00,4.563181442e+00
-9.417015645e-02,-1.111495465e+00,4.562795067e+00
-9.417015645e-02,-1.095991279e+00,4.562402784e+00
-9.417015645e-02,-1.080723807e+00,4.562004609e+00
-9.417015645e-02,-1.065685929e+00,4.561600650e+00
-9.417015645e-02,-1.050870843e+00,4.561190787e+00
-9.417015645e-02,-1.036272044e+00,4.560775107e+00
-9.417015645e-02,-1.021883307e+00,4.560353602e+00
-9.417015645e-02,-1.021883307e+00,4.560316662e+00
-9.417015645e-02,-1.007698672e+00,4.559926183e+00
-9.417015645e-02,-9.937124296e-01,4.559492954e+00
-9.417015645e-02,-9.799191075e-01,4.559053849e+00
-9.417015645e-02,-9.663134554e-01,4.558608963e+00
-9.417015645e-02,-9.528904351e-01,4.558158245e+00
-9.417015645e-02,-9.396452084e-01,4.557701732e+00
-9.417015645e-02,-9.265731268e-01,4.557239431e+00
-9.417015645e-02,-9.136697220e-01,4.556771354e+00
-9.417015645e-02,-9.009306962e-01,4.556297439e+00
-9.417015645e-02,-8.883519140e-01,4.555817768e+00
-9.417015645e-02,-8.883519140e-01,4.555770263e+00
-9.417015645e-02,-8.759293940e-01,4.555332306e+00
-9.417015645e-02,-8.636593014e-01,4.554841104e+00
-9.417015645e-02,-8.515379408e-01,4.554344173e+00
-9.417015645e-02,-8.395617498e-01,4.553841456e+00
-9.417015645e-02,-8.277272922e-01,4.553332957e+00
-9.417015645e-02,-8.160312524e-01,4.552818698e+00
-9.417015645e-02,-8.044704300e-01,4.552298755e+00
-9.417015645e-02,-7.930417342e-01,4.551772987e+00
-9.417015645e-02,-7.817421789e-01,4.551241473e+00
-9.417015645e-02,-7.705688783e-01,4.550895116e+00
-9.417015645e-02,-7.705688783e-01,4.550704192e+00
-9.417015645e-02,-7.595190421e-01,4.550161190e+00
-9.417015645e-02,-7.485899716e-01,4.549612568e+00
-9.417015645e-02,-7.377790555e-01,4.549058274e+00
-9.417015645e-02,-7.270837664e-01,4.548498291e+00
-9.417015645e-02,-6.652083627e-01,4.544935151e+00
-9.417015645e-02,-6.652083627e-01,4.545248990e+00
-9.417015645e-02,-5.698981829e-01,4.538990463e+00
-9.417015645e-02,-5.698981829e-01,4.539026731e+00
-9.417015645e-02,-4.828868059e-01,4.532250284e+00
-9.417015645e-02,-4.828868059e-01,4.532232273e+00
-9.417015645e-02,-4.028440982e-01,4.524928882e+00
-9.417015645e-02,-4.028440982e-01,4.524912295e+00
-9.417015645e-02,-3.287361260e-01,4.517096090e+00
-9.417015645e-02,-3.287361260e-01,4.517079925e+00
-9.417015645e-02,-2.597432545e-01,4.508898968e+00
-9.417015645e-02,-1.952047334e-01,4.500020024e+00
-9.417015645e-02,-1.345801116e-01,4.490629938e+00
-9.417015645e-02,-7.742169776e-02,4.480744098e+00
-9.417015645e-02,-2.335447649e-02,4.470373313e+00
-9.417015645e-02,2.793881790e-02,4.459527599e+00
-9.417015645e-02,7.672898207e-02,4.448217547e+00
-9.417015645e-02,1.232489977e-01,4.436453958e+00
-9.417015645e-02,1.677007603e-01,4.424246762e+00
-9.417015645e-02,2.102603747e-01,4.411606748e+00
-9.417015645e-02,2.510823692e-01,4.398543801e+00
-9.417015645e-02,2.903030824e-01,4.385068380e+00
-9.417015645e-02,3.280434104e-01,4.371344940e+00
-9.417015645e-02,3.644110545e-01,4.357080075e+00
-9.417015645e-02,3.995023743e-01,4.342430423e+00
-9.417015645e-02,4.334039260e-01,4.327407245e+00
-9.417015645e-02,4.661937488e-01,4.312019513e+00
-9.417015645e-02,4.979424471e-01,4.296276382e+00
-9.417015645e-02,5.287141058e-01,4.280186818e+00
-9.417015645e-02,5.585670690e-01,4.263759476e+00
-9.417015645e-02,5.875546058e-01,4.246807467e+00
-9.417015645e-02,6.157254828e-01,4.229922671e+00
-9.417015645e-02,6.431244570e-01,4.212822251e+00
-9.417015645e-02,6.697927041e-01,4.194844244e+00
-9.417015645e-02,6.957681905e-01,4.176850172e+00
-9.417015645e-02,7.210859985e-01,4.158829274e+00
-9.417015645e-02,7.457786111e-01,4.139789473e+00
-9.417015645e-02,7.698761626e-01,4.121154325e+00
-9.417015645e-02,7.934066600e-01,4.102446749e+00
-9.417015645e-02,8.163961783e-01,4.082698550e+00
-9.417015645e-02,8.388690341e-01,4.063065197e+00
-9.417015645e-02,8.608479408e-01,4.042372918e+00
-9.417015645e-02,8.823541461e-01,4.023040952e+00
-9.417015645e-02,9.034075553e-01,4.002738849e+00
-9.417015645e-02,9.240268425e-01,3.981869095e+00
-9.417015645e-02,9.442295498e-01,3.961360096e+00
-9.417015645e-02,9.640321771e-01,3.940374809e+00
-9.417015645e-02,9.834502629e-01,3.918809752e+00
-9.417015645e-02,1.002498458e+00,3.897321104e+00
-9.417015645e-02,1.021190591e+00,3.875683739e+00
-9.417015645e-02,1.039539730e+00,3.853875826e+00
-9.417015645e-02,1.057558235e+00,3.831902683e+00
-9.417015645e-02,1.075257812e+00,3.809778102e+00
-9.417015645e-02,1.092649555e+00,3.787501981e+00
-9.417015645e-02,1.109743988e+00,3.765617276e+00
-9.417015645e-02,1.126551107e+00,3.742686909e+00
-9.417015645e-02,1.143080409e+00,3.719913737e+00
-9.417015645e-02,1.159340929e+00,3.697125778e+00
-9.417015645e-02,1.175341271e+00,3.674983335e+00
-9.417015645e-02,1.191089628e+00,3.652361155e+00
-9.417015645e-02,1.206593814e+00,3.629619933e+00
-9.417015645e-02,1.221861286e+00,3.606885309e+00
-9.417015645e-02,1.236899164e+00,3.584254676e+00
-9.417015645e-02,1.251714250e+00,3.562639780e+00
-9.417015645e-02,1.266313049e+00,3.543069418e+00
-9.417015645e-02,1.266313600e+00,3.544213162e+00
-9.417015645e-02,1.267761825e+00,3.538918502e+00
-9.417015645e-02,1.269207956e+00,3.543394612e+00
-9.417015645e-02,1.270651999e+00,3.537622448e+00
-9.417015645e-02,1.272093959e+00,3.523442870e+00
2.615490621e-01,-4.663198287e+00,4.936948288e+00
2.615490621e-01,-3.970051106e+00,4.936816281e+00
2.615490621e-01,-3.564585998e+00,4.936750276e+00
2.615490621e-01,-3.276903926e+00,4.936680063e+00
2.615490621e-01,-3.053760374e+00,4.936644438e+00
2.615490621e-01,-2.871438818e+00,4.936587217e+00
2.615490621e-01,-2.717288138e+00,4.936529146e+00
2.615490621e-01,-2.583756745e+00,4.936469648e+00
2.615490621e-01,-2.465973709e+00,4.936405315e+00
2.615490621e-01,-2.360613194e+00,4.936484149e+00
2.615490621e-01,-2.360613194e+00,4.936337141e+00
2.615490621e-01,-2.265303014e+00,4.936261393e+00
2.615490621e-01,-2.178291637e+00,4.936182222e+00
2.615490621e-01,-2.098248929e+00,4.936093777e+00
2.615490621e-01,-2.024140957e+00,4.936002130e+00
2.615490621e-01,-1.955148086e+00,4.935900403e+00
2.615490621e-01,-1.890609565e+00,4.935795906e+00
2.615490621e-01,-1.829984943e+00,4.935680826e+00
2.615490621e-01,-1.772826529e+00,4.935563253e+00
2.615490621e-01,-1.718759308e+00,4.935435940e+00
2.615490621e-01,-1.667466013e+00,4.935192007e+00
2.615490621e-01,-1.667466013e+00,4.935304881e+00
2.615490621e-01,-1.618675849e+00,4.935163541e+00
2.615490621e-01,-1.572155833e+00,4.935019607e+00
2.615490621e-01,-1.527704071e+00,4.934865691e+00
2.615490621e-01,-1.485144456e+00,4.934708807e+00
2.615490621e-01,-1.444322462e+00,4.934541299e+00
2.615490621e-01,-1.405101749e+00,4.934370674e+00
2.615490621e-01,-1.367361421e+00,4.934190497e+00
2.615490621e-01,-1.330993777e+00,4.934006954e+00
2.615490621e-01,-1.295902457e+00,4.933814455e+00
2.615490621e-01,-1.262000905e+00,4.933616644e+00
2.615490621e-01,-1.262000905e+00,4.933382233e+00
2.615490621e-01,-1.229211082e+00,4.933411439e+00
2.615490621e-01,-1.197462384e+00,4.933200608e+00
2.615490621e-01,-1.166690725e+00,4.932982229e+00
2.615490621e-01,-1.136837762e+00,4.932758315e+00
2.615490621e-01,-1.107850225e+00,4.932527198e+00
2.615490621e-01,-1.079679348e+00,4.932289710e+00
2.615490621e-01,-1.052280374e+00,4.932045723e+00
2.615490621e-01,-1.025612127e+00,4.931795178e+00
2.615490621e-01,-9.996366407e-01,4.931538105e+00
2.615490621e-01,-9.743188327e-01,4.930937440e+00
2.615490621e-01,-9.743188327e-01,4.931274548e+00
2.615490621e-01,-9.496262201e-01,4.931004450e+00
2.615490621e-01,-9.255286685e-01,4.930727858e+00
2.615490621e-01,-9.019981711e-01,4.930444720e+00
2.615490621e-01,-8.790086529e-01,4.930155108e+00
2.615490621e-01,-8.565357971e-01,4.929859011e+00
2.615490621e-01,-8.345568903e-01,4.929556440e+00
2.615490621e-01,-8.130506851e-01,4.929247396e+00
2.615490621e-01,-7.919972759e-01,4.928931848e+00
2.615490621e-01,-7.713779887e-01,4.928609815e+00
2.615490621e-01,-7.511752814e-01,4.928281314e+00
2.615490621e-01,-7.511752814e-01,4.928180332e+00
2.615490621e-01,-7.313726541e-01,4.927899547e+00
2.615490621e-01,-7.119545682e-01,4.927599562e+00
2.615490621e-01,-6.929063733e-01,4.927208382e+00
2.615490621e-01,-6.742142403e-01,4.926897157e+00
2.615490621e-01,-6.558651016e-01,4.926491640e+00
2.615490621e-01,-6.378465961e-01,4.926168989e+00
2.615490621e-01,-6.201470190e-01,4.925749130e+00
2.615490621e-01,-6.027552763e-01,4.925366508e+00
2.615490621e-01,-5.856608429e-01,4.924979021e+00
2.615490621e-01,-5.688537246e-01,4.924544582e+00
2.615490621e-01,-5.688537246e-01,4.924585157e+00
2.615490621e-01,-5.523244227e-01,4.924184866e+00
2.615490621e-01,-5.360639018e-01,4.923778230e+00
2.615490621e-01,-5.200635604e-01,4.923365173e+00
2.615490621e-01,-5.043152035e-01,4.922945773e+00
2.615490621e-01,-4.888110169e-01,4.922519963e+00
2.615490621e-01,-4.735435448e-01,4.922087799e+00
2.615490621e-01,-4.585056674e-01,4.921649229e+00
2.615490621e-01,-4.436905816e-01,4.921204294e+00
2.615490621e-01,-4.290917822e-01,4.920752996e+00
2.615490621e-01,-4.147030448e-01,4.920295374e+00
2.615490621e-01,-4.147030448e-01,4.920275318e+00
2.615490621e-01,-4.005184098e-01,4.919831400e+00
2.615490621e-01,-3.865321678e-01,4.919361045e+00
2.615490621e-01,-3.727388457e-01,4.918884434e+00
2.615490621e-01,-3.591331936e-01,4.918401438e+00
2.615490621e-01,-3.457101733e-01,4.917912121e+00
2.615490621e-01,-3.324649465e-01,4.917416502e+00
2.615490621e-01,-3.193928650e-01,4.916914557e+00
2.615490621e-01,-3.064894601e-01,4.916406319e+00
2.615490621e-01,-2.937504344e-01,4.915891836e+00
2.615490621e-01,-2.811716522e-01,4.915371030e+00
2.615490621e-01,-2.811716522e-01,4.915566128e+00
2.615490621e-01,-2.687491322e-01,4.914843966e+00
2.615490621e-01,-2.564790396e-01,4.914310563e+00
2.615490621e-01,-2.443576790e-01,4.913770863e+00
2.615490621e-01,-2.323814880e-01,4.913224952e+00
2.615490621e-01,-2.205470303e-01,4.912672746e+00
2.615490621e-01,-2.088509906e-01,4.912114312e+00
2.615490621e-01,-1.972901682e-01,4.911549667e+00
2.615490621e-01,-1.858614723e-01,4.910978840e+00
2.615490621e-01,-1.745619171e-01,4.910401775e+00
2.615490621e-01,-1.633886165e-01,4.909818497e+00
2.615490621e-01,-1.633886165e-01,4.910051422e+00
2.615490621e-01,-1.523387803e-01,4.909229043e+00
2.615490621e-01,-1.414097098e-01,4.908633390e+00
2.615490621e-01,-1.305987937e-01,4.908031524e+00
2.615490621e-01,-1.199035046e-01,4.907423500e+00
2.615490621e-01,-1.093213952e-01,4.906809321e+00
2.615490621e-01,-9.885009536e-02,4.906188995e+00
2.615490621e-01,-8.848730832e-02,4.905562495e+00
2.615490621e-01,-7.823080815e-02,4.904929871e+00
2.615490621e-01,-6.807843669e-02,4.904291116e+00
2.615490621e-01,-5.802810084e-02,4.903646213e+00
2.615490621e-01,-5.802810084e-02,4.903905421e+00
2.615490621e-01,-4.807776998e-02,4.902995169e+00
2.615490621e-01,-3.822547354e-02,4.902337931e+00
2.615490621e-01,-2.846929859e-02,4.901674627e+00
2.615490621e-01,-1.880738768e-02,4.901005244e+00
2.615490621e-01,-9.237936666e-03,4.900329750e+00
2.615490621e-01,2.408072881e-04,4.899648222e+00
2.615490621e-01,9.630547638e-03,4.898960669e+00
2.615490621e-01,1.893294030e-02,4.898267056e+00
2.615490621e-01,2.814959541e-02,4.897567466e+00
2.615490621e-01,3.728207897e-02,4.896861831e+00
2.615490621e-01,3.728207897e-02,4.897147958e+00
2.615490621e-01,4.633191449e-02,4.896150099e+00
2.615490621e-01,5.530058447e-02,4.895432345e+00
2.615490621e-01,6.418953189e-02,4.894708640e+00
2.615490621e-01,7.300016157e-02,4.893978932e+00
2.615490621e-01,8.173384154e-02,4.893243198e+00
2.615490621e-01,9.039190428e-02,4.892501421e+00
2.615490621e-01,9.897564797e-02,4.891753690e+00
2.615490621e-01,1.074863376e-01,4.890999929e+00
2.615490621e-01,1.159252063e-01,4.890240214e+00
2.615490621e-01,1.242934560e-01,4.889474623e+00
2.615490621e-01,1.242934560e-01,4.889788991e+00
2.615490621e-01,1.325922588e-01,4.888703100e+00
2.615490621e-01,1.408227579e-01,4.887925650e+00
2.615490621e-01,1.489860685e-01,4.887142344e+00
2.615490621e-01,1.570832788e-01,4.886353137e+00
2.615490621e-01,1.651154505e-01,4.885558086e+00
2.615490621e-01,1.730836201e-01,4.884757101e+00
2.615490621e-01,1.809887996e-01,4.883950107e+00
2.615490621e-01,1.888319771e-01,4.883137367e+00
2.615490621e-01,1.966141175e-01,4.882318822e+00
2.615490621e-01,2.043361636e-01,4.881494319e+00
2.615490621e-01,2.043361636e-01,4.881864455e+00
2.615490621e-01,2.119990364e-01,4.880663917e+00
2.615490621e-01,2.196036358e-01,4.879827643e+00
2.615490621e-01,2.271508414e-01,4.878985629e+00
2.615490621e-01,2.346415131e-01,4.878137811e+00
2.615490621e-01,2.420764916e-01,4.877284308e+00
2.615490621e-01,2.784441358e-01,4.873502107e+00
2.615490621e-01,2.784441358e-01,4.873245170e+00
2.615490621e-01,3.135354556e-01,4.868760058e+00
2.615490621e-01,3.474370073e-01,4.864414931e+00
2.615490621e-01,3.474370073e-01,4.864133506e+00
2.615490621e-01,3.802268301e-01,4.859366392e+00
2.615490621e-01,4.119755284e-01,4.854760689e+00
2.615490621e-01,4.119755284e-01,4.854460059e+00
2.615490621e-01,4.427471871e-01,4.849415878e+00
2.615490621e-01,4.726001502e-01,4.844494079e+00
2.615490621e-01,4.726001502e-01,4.844554298e+00
2.615490621e-01,5.015876871e-01,4.838944460e+00
2.615490621e-01,5.297585641e-01,4.833806832e+00
2.615490621e-01,5.297585641e-01,4.833745256e+00
2.615490621e-01,5.571575383e-01,4.828183166e+00
2.615490621e-01,5.838257853e-01,4.822528940e+00
2.615490621e-01,5.838257853e-01,4.822477905e+00
2.615490621e-01,6.098012717e-01,4.816642611e+00
2.615490621e-01,6.351190797e-01,4.810731649e+00
2.615490621e-01,6.351190797e-01,4.810678447e+00
2.615490621e-01,6.598116923e-01,4.804587497e+00
2.615490621e-01,6.719330528e-01,4.799869291e+00
2.615490621e-01,6.839092439e-01,4.798425710e+00
2.615490621e-01,6.839092439e-01,4.796129089e+00
2.615490621e-01,6.957437015e-01,4.792691387e+00
2.615490621e-01,7.304292595e-01,4.785623054e+00
2.615490621e-01,7.748810221e-01,4.772334899e+00
2.615490621e-01,8.174406365e-01,4.758571477e+00
2.615490621e-01,8.582626310e-01,4.744344438e+00
2.615490621e-01,8.974833442e-01,4.729664557e+00
2.615490621e-01,9.352236722e-01,4.714704125e+00
2.615490621e-01,9.715913163e-01,4.699159204e+00
2.615490621e-01,1.006682636e+00,4.683193009e+00
2.615490621e-01,1.040584188e+00,4.666800117e+00
2.615490621e-01,1.073374011e+00,4.650042959e+00
2.615490621e-01,1.105122709e+00,4.632880480e+00
2.615490621e-01,1.135894368e+00,4.615336371e+00
2.615490621e-01,1.165747331e+00,4.597246619e+00
2.615490621e-01,1.194734868e+00,4.579162492e+00
2.615490621e-01,1.222905745e+00,4.560552254e+00
2.615490621e-01,1.250304719e+00,4.541600797e+00
2.615490621e-01,1.276972966e+00,4.522321349e+00
2.615490621e-01,1.302948452e+00,4.502727231e+00
2.615490621e-01,1.328266260e+00,4.482585854e+00
2.615490621e-01,1.352958873e+00,4.462597458e+00
2.615490621e-01,1.377056424e+00,4.442120779e+00
2.615490621e-01,1.400586922e+00,4.421347583e+00
2.615490621e-01,1.423576440e+00,4.400303866e+00
2.615490621e-01,1.446049296e+00,4.378699634e+00
2.615490621e-01,1.468028203e+00,4.357101849e+00
2.615490621e-01,1.489534408e+00,4.335286079e+00
2.615490621e-01,1.510587817e+00,4.313565242e+00
2.615490621e-01,1.531207104e+00,4.291349982e+00
2.615490621e-01,1.551409812e+00,4.268561947e+00
2.615490621e-01,1.571212439e+00,4.245836456e+00
2.615490621e-01,1.590630525e+00,4.225173140e+00
2.615490621e-01,1.609678720e+00,4.200151530e+00
2.615490621e-01,1.628370853e+00,4.177259316e+00
2.615490621e-01,1.646719991e+00,4.154012305e+00
2.615490621e-01,1.664738497e+00,4.130625312e+00
2.615490621e-01,1.682438074e+00,4.107136018e+00
2.615490621e-01,1.699829817e+00,4.082962160e+00
2.615490621e-01,1.716924250e+00,4.059119150e+00
2.615490621e-01,1.733731368e+00,4.036110927e+00
2.615490621e-01,1.750260670e+00,4.012650263e+00
2.615490621e-01,1.766521191e+00,3.989131435e+00
2.615490621e-01,1.782521533e+00,3.935360598e+00
2.615490621e-01,1.798269890e+00,3.941036251e+00
2.615490621e-01,1.813774076e+00,3.920667588e+00
2.615490621e-01,1.829041548e+00,3.879074316e+00
4.050740878e-01,-5.096094700e+00,5.086105266e+00
4.050740878e-01,-4.402947520e+00,5.085914223e+00
4.050740878e-01,-4.402947520e+00,5.085806391e+00
4.050740878e-01,-3.997482412e+00,5.085786848e+00
4.050740878e-01,-3.709800339e+00,5.085784356e+00
4.050740878e-01,-3.709800339e+00,5.085737316e+00
4.050740878e-01,-3.486656788e+00,5.085718348e+00
4.050740878e-01,-3.304335231e+00,5.085675786e+00
4.050740878e-01,-3.304335231e+00,5.085719714e+00
4.050740878e-01,-3.150184551e+00,5.085643786e+00
4.050740878e-01,-3.016653159e+00,5.085648378e+00
4.050740878e-01,-3.016653159e+00,5.085619156e+00
4.050740878e-01,-2.898870123e+00,5.085597787e+00
4.050740878e-01,-2.793509607e+00,5.085611599e+00
4.050740878e-01,-2.793509607e+00,5.085577288e+00
4.050740878e-01,-2.698199427e+00,5.085556393e+00
4.050740878e-01,-2.611188050e+00,5.085552530e+00
4.050740878e-01,-2.611188050e+00,5.085534450e+00
4.050740878e-01,-2.531145343e+00,5.085511121e+00
4.050740878e-01,-2.457037371e+00,5.085492103e+00
4.050740878e-01,-2.457037371e+00,5.085486233e+00
4.050740878e-01,-2.388044499e+00,5.085459694e+00
4.050740878e-01,-2.323505978e+00,5.085431461e+00
4.050740878e-01,-2.323505978e+00,5.085429419e+00
4.050740878e-01,-2.262881356e+00,5.085401509e+00
4.050740878e-01,-2.205722942e+00,5.085362366e+00
4.050740878e-01,-2.205722942e+00,5.085369821e+00
4.050740878e-01,-2.151655721e+00,5.085336392e+00
4.050740878e-01,-2.100362427e+00,5.085378015e+00
4.050740878e-01,-2.100362427e+00,5.085301218e+00
4.050740878e-01,-2.051572263e+00,5.085264303e+00
4.050740878e-01,-2.005052247e+00,5.085225643e+00
4.050740878e-01,-2.005052247e+00,5.085211164e+00
4.050740878e-01,-1.960600484e+00,5.085185236e+00
4.050740878e-01,-1.918040870e+00,5.085143083e+00
4.050740878e-01,-1.918040870e+00,5.085126912e+00
4.050740878e-01,-1.877218875e+00,5.085099185e+00
4.050740878e-01,-1.837998162e+00,5.085033247e+00
4.050740878e-01,-1.837998162e+00,5.085053544e+00
4.050740878e-01,-1.800257834e+00,5.085006155e+00
4.050740878e-01,-1.763890190e+00,5.084957018e+00
4.050740878e-01,-1.763890190e+00,5.084936099e+00
4.050740878e-01,-1.728798870e+00,5.084906140e+00
4.050740878e-01,-1.694897319e+00,5.084828317e+00
4.050740878e-01,-1.694897319e+00,5.084853512e+00
4.050740878e-01,-1.662107496e+00,5.084799141e+00
4.050740878e-01,-1.630358797e+00,5.084743017e+00
4.050740878e-01,-1.630358797e+00,5.084717451e+00
4.050740878e-01,-1.599587139e+00,5.084685154e+00
4.050740878e-01,-1.569734176e+00,5.084595941e+00
4.050740878e-01,-1.569734176e+00,5.084625545e+00
4.050740878e-01,-1.540746639e+00,5.084564192e+00
4.050740878e-01,-1.512575762e+00,5.084501093e+00
4.050740878e-01,-1.512575762e+00,5.084471023e+00
4.050740878e-01,-1.485176788e+00,5.084436251e+00
4.050740878e-01,-1.458508541e+00,5.084335465e+00
4.050740878e-01,-1.458508541e+00,5.084369664e+00
4.050740878e-01,-1.432533054e+00,5.084301335e+00
4.050740878e-01,-1.407215246e+00,5.083823198e+00
4.050740878e-01,-1.407215246e+00,5.084231262e+00
4.050740878e-01,-1.382522634e+00,5.084159444e+00
4.050740878e-01,-1.358425082e+00,5.084047634e+00
4.050740878e-01,-1.358425082e+00,5.084085882e+00
4.050740878e-01,-1.334894585e+00,5.084010578e+00
4.050740878e-01,-1.311905066e+00,5.083894720e+00
4.050740878e-01,-1.311905066e+00,5.083933535e+00
4.050740878e-01,-1.289432210e+00,5.083854750e+00
4.050740878e-01,-1.267453304e+00,5.083774226e+00
4.050740878e-01,-1.267453304e+00,5.083731606e+00
4.050740878e-01,-1.245947099e+00,5.083691959e+00
4.050740878e-01,-1.224893689e+00,5.083607954e+00
4.050740878e-01,-1.224893689e+00,5.083564877e+00
4.050740878e-01,-1.204274402e+00,5.083522207e+00
4.050740878e-01,-1.184071695e+00,5.083434714e+00
4.050740878e-01,-1.184071695e+00,5.083387659e+00
4.050740878e-01,-1.164269068e+00,5.083345480e+00
4.050740878e-01,-1.144850982e+00,5.083254508e+00
4.050740878e-01,-1.144850982e+00,5.083206742e+00
4.050740878e-01,-1.125802787e+00,5.083161798e+00
4.050740878e-01,-1.107110654e+00,5.083016563e+00
4.050740878e-01,-1.107110654e+00,5.083067351e+00
4.050740878e-01,-1.088761515e+00,5.082971160e+00
4.050740878e-01,-1.070743010e+00,5.082821264e+00
4.050740878e-01,-1.070743010e+00,5.082797175e+00
4.050740878e-01,-1.053043432e+00,5.082765167e+00
4.050740878e-01,-1.035651690e+00,5.082617077e+00
4.050740878e-01,-1.035651690e+00,5.082671262e+00
4.050740878e-01,-1.018557256e+00,5.082568929e+00
4.050740878e-01,-1.001750138e+00,5.081520330e+00
4.050740878e-01,-1.001750138e+00,5.082464147e+00
4.050740878e-01,-9.852208361e-01,5.082357552e+00
4.050740878e-01,-9.689603152e-01,5.082249214e+00
4.050740878e-01,-9.529599738e-01,5.082139143e+00
4.050740878e-01,-9.372116169e-01,5.082027342e+00
4.050740878e-01,-9.217074303e-01,5.081913806e+00
4.050740878e-01,-9.064399582e-01,5.081798536e+00
4.050740878e-01,-8.914020808e-01,5.081681526e+00
4.050740878e-01,-7.140680656e-01,5.078504891e+00
4.050740878e-01,-4.909245143e-01,5.074762588e+00
4.050740878e-01,-3.086029575e-01,5.072045298e+00
4.050740878e-01,-1.544522776e-01,5.067568257e+00
4.050740878e-01,-2.092088500e-02,5.062953385e+00
4.050740878e-01,9.686215065e-02,5.057120023e+00
4.050740878e-01,2.022226663e-01,5.050580961e+00
4.050740878e-01,2.975328461e-01,5.043749031e+00
4.050740878e-01,3.845442231e-01,5.035974929e+00
4.050740878e-01,4.253662176e-01,5.031258056e+00
4.050740878e-01,4.645869308e-01,5.027560140e+00
4.050740878e-01,5.023272588e-01,5.020056381e+00
4.050740878e-01,5.386949029e-01,5.018529981e+00
4.050740878e-01,6.076877744e-01,5.008896460e+00
4.050740878e-01,6.722262956e-01,4.998670928e+00
4.050740878e-01,7.328509174e-01,4.988078058e+00
4.050740878e-01,7.900093312e-01,4.976721579e+00
4.050740878e-01,8.440765525e-01,4.964802519e+00
4.050740878e-01,8.953698469e-01,4.952337806e+00
4.050740878e-01,9.441600110e-01,4.939339083e+00
4.050740878e-01,9.906800267e-01,4.925817959e+00
4.050740878e-01,1.035131789e+00,4.911785971e+00
4.050740878e-01,1.077691404e+00,4.897254610e+00
4.050740878e-01,1.118513398e+00,4.882297742e+00
4.050740878e-01,1.157734111e+00,4.866738386e+00
4.050740878e-01,1.195474439e+00,4.850773628e+00
4.050740878e-01,1.231842083e+00,4.834354264e+00
4.050740878e-01,1.266933403e+00,4.817489195e+00
4.050740878e-01,1.300834955e+00,4.788783026e+00
4.050740878e-01,1.333624778e+00,4.782582944e+00
4.050740878e-01,1.365373476e+00,4.752072504e+00
4.050740878e-01,1.396145135e+00,4.745923813e+00
4.050740878e-01,1.425998098e+00,4.713692768e+00
4.050740878e-01,1.454985635e+00,4.707817963e+00
4.050740878e-01,1.483156512e+00,4.687923964e+00
4.050740878e-01,1.510555486e+00,4.667883775e+00
4.050740878e-01,1.537223733e+00,4.647505944e+00
4.050740878e-01,1.563199219e+00,4.626798295e+00
4.050740878e-01,1.588517027e+00,4.605764620e+00
4.050740878e-01,1.613209640e+00,4.584418090e+00
4.050740878e-01,1.637307192e+00,4.562769859e+00
4.050740878e-01,1.660837689e+00,4.540830986e+00
4.050740878e-01,1.683827207e+00,4.518614453e+00
4.050740878e-01,1.706300063e+00,4.496131562e+00
4.050740878e-01,1.728278970e+00,4.473724295e+00
4.050740878e-01,1.749785175e+00,4.450792255e+00
4.050740878e-01,1.770838584e+00,4.427263003e+00
4.050740878e-01,1.791457871e+00,4.403800728e+00
4.050740878e-01,1.811660579e+00,4.380162487e+00
4.050740878e-01,1.831463206e+00,4.356344549e+00
4.050740878e-01,1.850881292e+00,4.332359458e+00
4.050740878e-01,1.869929487e+00,4.308224089e+00
4.050740878e-01,1.888621620e+00,4.283972342e+00
4.050740878e-01,1.906970759e+00,4.259614796e+00
4.050740878e-01,1.924989264e+00,4.235187318e+00
4.050740878e-01,1.942688841e+00,4.210710592e+00
4.050740878e-01,1.960080584e+00,4.186221699e+00
4.050740878e-01,1.977175017e+00,4.161743400e+00
4.050740878e-01,1.993982136e+00,4.137333566e+00
4.050740878e-01,2.010511437e+00,4.113045046e+00
4.050740878e-01,2.026771958e+00,4.088891780e+00
4.050740878e-01,2.042772300e+00,4.066172797e+00
4.050740878e-01,2.042772371e+00,4.067315406e+00
4.050740878e-01,2.044358414e+00,4.067750380e+00
4.050740878e-01,2.045941945e+00,4.067148956e+00
4.050740878e-01,2.047522973e+00,4.066986966e+00
4.050740878e-01,2.049101505e+00,4.031356149e+00
4.050740878e-01,2.050677550e+00,4.061167496e+00
6.413234729e-01,-3.961693289e+00,5.331820965e+00
6.413234729e-01,-3.268546109e+00,5.331693876e+00
6.413234729e-01,-2.863081001e+00,5.331630572e+00
6.413234729e-01,-2.575398928e+00,5.331557391e+00
6.413234729e-01,-2.352255377e+00,5.331518096e+00
6.413234729e-01,-2.169933820e+00,5.331453578e+00
6.413234729e-01,-2.015783140e+00,5.331387412e+00
6.413234729e-01,-1.882251748e+00,5.331317932e+00
6.413234729e-01,-1.764468712e+00,5.331243299e+00
6.413234729e-01,-1.659108196e+00,5.331216826e+00
6.413234729e-01,-1.563798017e+00,5.331073913e+00
6.413234729e-01,-1.476786640e+00,5.330976128e+00
6.413234729e-01,-1.396743932e+00,5.330873011e+00
6.413234729e-01,-1.322635960e+00,5.330761303e+00
6.413234729e-01,-1.253643088e+00,5.330642048e+00
6.413234729e-01,-1.189104567e+00,5.330514837e+00
6.413234729e-01,-1.128479945e+00,5.330379668e+00
6.413234729e-01,-1.071321532e+00,5.330237080e+00
6.413234729e-01,-1.017254310e+00,5.330085792e+00
6.413234729e-01,-9.659610159e-01,5.329479712e+00
6.413234729e-01,-9.171708517e-01,5.329760251e+00
6.413234729e-01,-8.706508361e-01,5.329586609e+00
6.413234729e-01,-8.261990735e-01,5.329403560e+00
6.413234729e-01,-7.836394591e-01,5.329213043e+00
6.413234729e-01,-7.428174646e-01,5.329014961e+00
6.413234729e-01,-7.035967514e-01,5.328809207e+00
6.413234729e-01,-6.658564234e-01,5.328595173e+00
6.413234729e-01,-6.294887793e-01,5.328374308e+00
6.413234729e-01,-5.943974595e-01,5.328144015e+00
6.413234729e-01,-5.604959078e-01,5.326892443e+00
6.413234729e-01,-5.277060850e-01,5.327661321e+00
6.413234729e-01,-4.959573866e-01,5.327408422e+00
6.413234729e-01,-4.651857280e-01,5.327147269e+00
6.413234729e-01,-4.353327648e-01,5.326878475e+00
6.413234729e-01,-4.063452280e-01,5.326601875e+00
6.413234729e-01,-3.781743510e-01,5.326317471e+00
6.413234729e-01,-3.507753768e-01,5.326025210e+00
6.413234729e-01,-3.241071297e-01,5.325725139e+00
6.413234729e-01,-2.981316433e-01,5.325417279e+00
6.413234729e-01,-2.728138353e-01,5.323468568e+00
6.413234729e-01,-2.481212227e-01,5.324778189e+00
6.413234729e-01,-2.240236712e-01,5.324446963e+00
6.413234729e-01,-2.004931738e-01,5.324057457e+00
6.413234729e-01,-1.775036555e-01,5.323754981e+00
6.413234729e-01,-1.550307997e-01,5.323353775e+00
6.413234729e-01,-1.330518930e-01,5.323037813e+00
6.413234729e-01,-1.115456877e-01,5.322619217e+00
6.413234729e-01,-9.049227854e-02,5.322289612e+00
6.413234729e-01,-6.987299134e-02,5.321853630e+00
6.413234729e-01,-4.967028402e-02,5.319276124e+00
6.413234729e-01,-2.986765672e-02,5.321054803e+00
6.413234729e-01,-1.044957087e-02,5.320644875e+00
6.413234729e-01,8.598624103e-03,5.320227242e+00
6.413234729e-01,2.729075712e-02,5.319801923e+00
6.413234729e-01,4.563989578e-02,5.319368923e+00
6.413234729e-01,6.365840129e-02,5.318928240e+00
6.413234729e-01,8.135797839e-02,5.318479820e+00
6.413234729e-01,9.874972110e-02,5.318023769e+00
6.413234729e-01,1.158441545e-01,5.317560022e+00
6.413234729e-01,1.326512728e-01,5.314301660e+00
6.413234729e-01,1.491805747e-01,5.316609577e+00
6.413234729e-01,1.654410956e-01,5.316122890e+00
6.413234729e-01,1.814414369e-01,5.315628578e+00
6.413234729e-01,1.971897939e-01,5.315126670e+00
6.413234729e-01,2.126939804e-01,5.314617154e+00
6.413234729e-01,2.279614526e-01,5.314100103e+00
6.413234729e-01,2.429993299e-01,5.313575454e+00
6.413234729e-01,2.578144157e-01,5.313043187e+00
6.413234729e-01,2.724132151e-01,5.312503304e+00
6.413234729e-01,2.868019526e-01,5.308553753e+00
6.413234729e-01,3.009865876e-01,5.311400734e+00
6.413234729e-01,3.149728296e-01,5.310838064e+00
6.413234729e-01,3.287661517e-01,5.310267790e+00
6.413234729e-01,4.203333452e-01,5.302042102e+00
6.413234729e-01,5.381163809e-01,5.294776200e+00
6.413234729e-01,6.434768965e-01,5.286768019e+00
6.413234729e-01,7.387870763e-01,5.278029634e+00
6.413234729e-01,8.257984533e-01,5.268573274e+00
6.413234729e-01,9.058411610e-01,5.258412311e+00
6.413234729e-01,9.799491332e-01,5.256017464e+00
6.413234729e-01,1.048942005e+00,5.245315195e+00
6.413234729e-01,1.113480526e+00,5.233853377e+00
6.413234729e-01,1.174105148e+00,5.221745205e+00
6.413234729e-01,1.231263561e+00,5.209008066e+00
6.413234729e-01,1.285330783e+00,5.195656286e+00
6.413234729e-01,1.336624077e+00,5.181702241e+00
6.413234729e-01,1.385414241e+00,5.167161973e+00
6.413234729e-01,1.431934257e+00,5.152048487e+00
6.413234729e-01,1.476386019e+00,5.136374827e+00
6.413234729e-01,1.518945634e+00,5.120154510e+00
6.413234729e-01,1.559767628e+00,5.103403030e+00
6.413234729e-01,1.598988342e+00,5.075068306e+00
6.413234729e-01,1.636728670e+00,5.068462214e+00
6.413234729e-01,1.673096314e+00,5.038028161e+00
6.413234729e-01,1.708187634e+00,5.030885120e+00
6.413234729e-01,1.742089185e+00,5.012081997e+00
6.413234729e-01,1.774879008e+00,4.992404843e+00
6.413234729e-01,1.806627706e+00,4.972264418e+00
6.413234729e-01,1.837399365e+00,4.952207575e+00
6.413234729e-01,1.867252328e+00,4.930701202e+00
6.413234729e-01,1.896239865e+00,4.908718454e+00
6.413234729e-01,1.924410742e+00,4.887428898e+00
6.413234729e-01,1.951809716e+00,4.865245778e+00
6.413234729e-01,1.978477963e+00,4.842662529e+00
6.413234729e-01,2.004453450e+00,4.819711061e+00
6.413234729e-01,2.029771258e+00,4.796408338e+00
6.413234729e-01,2.054463870e+00,4.772769024e+00
6.413234729e-01,2.078561422e+00,4.749146438e+00
6.413234729e-01,2.102091919e+00,4.724928975e+00
6.413234729e-01,2.125081437e+00,4.700408642e+00
6.413234729e-01,2.147554293e+00,4.675242078e+00
6.413234729e-01,2.169533200e+00,4.650112152e+00
6.413234729e-01,2.191039405e+00,4.624817371e+00
6.413234729e-01,2.212092814e+00,4.599315182e+00
6.413234729e-01,2.232712102e+00,4.573626834e+00
6.413234729e-01,2.252914809e+00,4.547790030e+00
6.413234729e-01,2.272717436e+00,4.521830753e+00
6.413234729e-01,2.292135522e+00,4.495793884e+00
6.413234729e-01,2.311183717e+00,4.469940888e+00
6.413234729e-01,2.329875850e+00,4.443664907e+00
6.413234729e-01,2.348224989e+00,4.417644424e+00
6.413234729e-01,2.366243494e+00,4.391765031e+00
6.413234729e-01,2.383943071e+00,4.366041542e+00
6.413234729e-01,2.401334814e+00,4.341845284e+00
6.413234729e-01,2.409918558e+00,4.336436091e+00
6.413234729e-01,2.418429247e+00,4.281501508e+00
