run,Mt,Mp,Mlr,Rt,Rp,Vimp,Vesc,vve,b,QS,xi,gamma,Mt_ME,Mp_ME,Mlr_ME
simArray_Sun_JS_frag_2Gyr_Run001_step.mat,5.573866666666664e+23,5.573866666666664e+23,1.1147733333333328e+24,3539828.6277588736,3539828.6277588736,4584.637779753966,4584.637779753966,1.0,0.9828,158.35320614584165,1.0,1.0,0.09333333333333328,0.09333333333333328,0.18666666666666656
simArray_Sun_JS_frag_2Gyr_Run001_step.mat,6.131253333333334e+23,5.5738666666666665e+23,6.131253333333334e+23,3654094.7045586845,3539828.627758874,21091.557648558894,4660.39676703248,4.5257,0.9236414545759302,260226.3210442711,0.0,0.9090909090909091,0.10266666666666667,0.09333333333333332,0.10266666666666667
simArray_Sun_JS_frag_2Gyr_Run001_step.mat,6.131253333333334e+23,5.5738666666666665e+23,6.131253333333334e+23,3654094.7045586845,3539828.627758874,12878.074386340853,4660.39676703248,2.7633,0.615320753449891,7508839.35679366,0.0,0.9090909090909091,0.10266666666666667,0.09333333333333332,0.10266666666666667
simArray_Sun_JS_frag_2Gyr_Run001_step.mat,6.68864e+23,5.5738666666666665e+23,6.68864e+23,3761629.2247258904,3539828.627758874,7360.738006160182,4734.811531043472,1.5546,0.7156487459950913,1135195.9368041232,0.0,0.8333333333333334,0.11199999999999999,0.09333333333333332,0.11199999999999999
simArray_Sun_JS_frag_2Gyr_Run001_step.mat,6.68864e+23,5.5738666666666665e+23,6.68864e+23,3761629.2247258904,3539828.627758874,5063.880932450993,4734.811531043472,1.0695,0.812607275975853,180627.42985198268,0.0,0.8333333333333334,0.11199999999999999,0.09333333333333332,0.11199999999999999
simArray_Sun_JS_frag_2Gyr_Run001_step.mat,7.688949999999999e+23,6.484795733333333e+23,7.68895e+23,3940509.609337076,3723020.939811659,8066.242486687905,4968.733822032712,1.6234,0.6277229666179203,2622174.6728956234,2.0697294644161293e-16,0.8433915857605179,0.12874999999999998,0.10858666666666666,0.12875
simArray_Sun_JS_frag_2Gyr_Run001_step.mat,7.688949999999999e+23,6.484795733333333e+23,1.2685324266666667e+24,3940509.609337076,3723020.939811659,5216.176766369941,4968.733822032712,1.0498,0.21544554637361446,4611716.148501638,0.7704751964636545,0.8433915857605179,0.12874999999999998,0.10858666666666666,0.21241333333333334
simArray_Sun_JS_frag_2Gyr_Run001_step.mat,7.2297032e+23,6.68864e+23,7.2297032e+23,3860440.5447313255,3761629.2247258904,6152.660012772558,4937.136906413543,1.2462,0.8841654908411297,74576.3571011956,0.0,0.9251610771518255,0.12105999999999999,0.11199999999999999,0.12105999999999999
simArray_Sun_JS_frag_2Gyr_Run001_step.mat,6.131253333333334e+23,6.131253333333334e+23,1.0357438666666666e+24,3654094.7045586845,3654094.7045586845,6168.037221967874,4732.630416610047,1.3033,0.25605,6443509.827359903,0.6892857142857142,1.0,0.10266666666666667,0.10266666666666667,0.17343333333333333
simArray_Sun_JS_frag_2Gyr_Run001_step.mat,1.1908167999999999e+24,6.68864e+23,1.1908168000000002e+24,4559092.07227725,3761629.2247258904,16338.664180136284,5462.061371355693,2.9913,0.614711779582144,9235393.20550068,4.0133039900487996e-16,0.5616850551654965,0.19939999999999997,0.11199999999999999,0.19940000000000002
simArray_Sun_JS_frag_2Gyr_Run001_step.mat,6.967333333333333e+23,6.68864e+23,1.1386016133333334e+24,3813164.796205839,3761629.2247258904,8049.138924682185,4905.6185547794885,1.6408,0.4733486940983932,5858773.579974028,0.6606250000000002,0.96,0.11666666666666665,0.11199999999999999,0.19065666666666667
simArray_Sun_JS_frag_2Gyr_Run001_step.mat,7.2297032e+23,6.4927584e+23,1.2544584133333335e+24,3860440.5447313255,3724544.146323069,5088.697334519672,4914.241752312575,1.0355,0.35331881807396887,3312857.512152316,0.8185859700760365,0.8980670741780935,0.12105999999999999,0.10872,0.21005666666666667
simArray_Sun_JS_frag_2Gyr_Run001_step.mat,1.2544584133333335e+24,5.5738666666666665e+23,1.2544584133333335e+24,4638904.887535679,3539828.627758874,8845.372547460805,5437.951891959182,1.6266,0.6695690976475893,1634029.6850063405,0.0,0.4443245473443673,0.21005666666666667,0.09333333333333332,0.21005666666666667
simArray_Sun_JS_frag_2Gyr_Run001_step.mat,1.2544584133333335e+24,1.0357438666666666e+24,1.2544584133333335e+24,4638904.887535679,4351919.319998874,8005.600850440966,5831.160937024521,1.3729,0.6375716660908598,2398768.8481763196,0.0,0.8256502213688369,0.21005666666666667,0.17343333333333333,0.21005666666666667
simArray_Sun_JS_frag_2Gyr_Run001_step.mat,1.2823277466666666e+24,1.2786251066666666e+24,2.2805077333333335e+24,4673006.572281601,4668504.566425934,7232.020753504424,6049.369095361291,1.1955,0.3773817860711765,6578731.050401641,0.7806666562874627,0.9971125634537467,0.2147233333333333,0.2141033333333333,0.3818666666666667
simArray_Sun_JS_frag_2Gyr_Run001_step.mat,1.956885053333333e+24,6.1015924e+23,1.956885053333333e+24,5380035.615753535,3648192.751640559,7997.879888382919,6160.745561841718,1.2982,0.656695755500886,1184338.1750302596,0.0,0.3118012675096386,0.3276766666666666,0.10216999999999998,0.3276766666666666
simArray_Sun_JS_frag_2Gyr_Run001_step.mat,1.956885053333333e+24,6.1015924e+23,2.4104982666666666e+24,5380035.615753535,3648192.751640559,6382.53240206802,6160.745561841718,1.036,0.2278174113684108,3719606.199081481,0.7434341457048713,0.3118012675096386,0.3276766666666666,0.10216999999999998,0.4036333333333333
simArray_Sun_JS_frag_2Gyr_Run001_step.mat,1.2941523066666666e+24,5.5738666666666665e+23,1.2941523066666666e+24,4687326.174302671,3539828.627758874,7705.1836269706755,5480.995608885101,1.4058,0.9659345165015532,1988.4145745066303,0.0,0.43069634369568227,0.2167033333333333,0.09333333333333332,0.2167033333333333
simArray_Sun_JS_frag_2Gyr_Run001_step.mat,2.4579557600000003e+24,1.0929158133333334e+24,2.457876133333333e+24,5804810.758483446,4430563.328900687,7488.314292628768,6805.08387189092,1.1004,0.9852788617802878,157.22633643540254,-7.285709081680728e-05,0.44464421659620645,0.41158000000000006,0.18300666666666665,0.41156666666666664
simArray_Sun_JS_frag_2Gyr_Run001_step.mat,1.3611183333333332e+24,5.5738666666666665e+23,1.8070674800000003e+24,4766819.126143608,3539828.627758874,6324.821626512301,5552.4726771243095,1.1391,0.4887531011326634,2142564.018197574,0.8000714285714293,0.40950639853747717,0.22791666666666663,0.09333333333333332,0.30259
simArray_Sun_JS_frag_2Gyr_Run001_step.mat,1.0929158133333334e+24,1.0525450933333332e+24,1.0929158133333334e+24,4430563.328900687,4375324.640344193,7161.062739387945,5702.845217319379,1.2557,0.8583004927122416,183287.50141972362,0.0,0.9630614549561034,0.18300666666666665,0.17624666666666663,0.18300666666666665
simArray_Sun_JS_frag_2Gyr_Run001_step.mat,1.0929158133333334e+24,1.0525450933333332e+24,1.0929158133333334e+24,4430563.328900687,4375324.640344193,5990.838900794008,5702.845217319379,1.0505,0.9465506283718508,7663.155010826858,0.0,0.9630614549561034,0.18300666666666665,0.17624666666666663,0.18300666666666665
simArray_Sun_JS_frag_2Gyr_Run001_step.mat,1.14865448e+24,1.0525450933333332e+24,1.14865448e+24,4504637.510465739,4375324.640344193,6780.81880548114,5752.306417951425,1.1788,0.9834659870417789,290.4618918397098,0.0,0.9163287234411285,0.19233999999999998,0.17624666666666663,0.19233999999999998
simArray_Sun_JS_frag_2Gyr_Run001_step.mat,1.8422425599999998e+24,1.14865448e+24,1.8422425599999998e+24,5272852.819414941,4504637.510465739,7215.016040912198,6390.059375531129,1.1291,0.8317390893786654,227311.8235340818,0.0,0.623508817427386,0.30848,0.19233999999999998,0.30848
simArray_Sun_JS_frag_2Gyr_Run001_step.mat,1.8422425599999998e+24,1.14865448e+24,2.9908970399999996e+24,5272852.819414941,4504637.510465739,6376.6402508425135,6390.059375531129,0.9978999999999999,0.9744878003677936,728.5540312210952,0.9999999999999999,0.623508817427386,0.30848,0.19233999999999998,0.5008199999999999
simArray_Sun_JS_frag_2Gyr_Run001_step.mat,1.0525450933333332e+24,6.131253333333334e+23,1.6656704266666666e+24,4375324.640344193,3654094.7045586845,5630.066372102594,5262.2360707567,1.0699,0.5971687450098174,1240346.611586714,1.0,0.5825169270340811,0.17624666666666663,0.10266666666666667,0.2789133333333333
simArray_Sun_JS_frag_2Gyr_Run001_step.mat,1.6656704266666666e+24,7.182922533333333e+23,1.7415745466666668e+24,5098703.258459982,3852096.0386480703,11785.702312944042,5962.613737197229,1.9766,0.2957553447375065,13806564.750125865,0.10567303162153963,0.43123311900948924,0.2789133333333333,0.12027666666666666,0.29162333333333335
simArray_Sun_JS_frag_2Gyr_Run002_step.mat,6.131253333333334e+23,5.5738666666666665e+23,6.131253333333334e+23,3654094.7045586845,3539828.627758874,7267.422718510449,4660.39676703248,1.5594,0.5402977426487116,3526435.1847721953,0.0,0.9090909090909091,0.10266666666666667,0.09333333333333332,0.10266666666666667
simArray_Sun_JS_frag_2Gyr_Run002_step.mat,6.131253333333334e+23,5.573866666666667e+23,1.1705120000000001e+24,3654094.7045586845,3539828.6277588746,4695.8157824619275,4660.39676703248,1.0076,0.6605275778324569,747841.1013096308,1.0000000000000002,0.9090909090909092,0.10266666666666667,0.09333333333333334,0.196
simArray_Sun_JS_frag_2Gyr_Run002_step.mat,1.2819893333333334e+24,5.7331199999999997e+23,1.2819893333333334e+24,4672595.458750138,3573225.209775838,6221.29116966317,5480.348105763892,1.1352,0.9591892245748084,2267.7590821870194,0.0,0.44720496894409933,0.21466666666666667,0.09599999999999999,0.21466666666666667
simArray_Sun_JS_frag_2Gyr_Run002_step.mat,7.246026666666667e+23,6.131253333333334e+23,1.0209333066666667e+24,3863343.771591996,3654094.7045586845,8545.216294061975,4873.790163726672,1.7533,0.373001377838648,8596305.891513687,0.4833116883116883,0.8461538461538461,0.12133333333333332,0.10266666666666667,0.17095333333333332
simArray_Sun_JS_frag_2Gyr_Run002_step.mat,5.5738666666666665e+23,4.967907733333334e+23,5.573866666666667e+23,3539828.627758874,3406600.6040459964,6443.407532894564,4500.843484838338,1.4316,0.8660476558706843,120512.24213227864,1.350847632489578e-16,0.8912857142857145,0.09333333333333332,0.08318666666666667,0.09333333333333334
simArray_Sun_JS_frag_2Gyr_Run002_step.mat,1.0004095333333333e+24,7.998498666666666e+23,1.5873177866666668e+24,4301857.160159667,3992695.628108921,6568.876767300717,5382.560445182496,1.2204,0.35277649260116495,5223307.166127303,0.7337730214036837,0.7995224355785493,0.16751666666666665,0.13393333333333332,0.2657933333333333
simArray_Sun_JS_frag_2Gyr_Run002_step.mat,5.5738666666666665e+23,5.5738666666666665e+23,5.573866666666667e+23,3539828.627758874,3539828.627758874,11641.312250351271,4584.637779753966,2.5392,0.6683,4593672.798637788,1.2039911970146398e-16,1.0,0.09333333333333332,0.09333333333333332,0.09333333333333334
simArray_Sun_JS_frag_2Gyr_Run002_step.mat,1.0766719733333332e+24,6.131253333333334e+23,1.0766719733333335e+24,4408503.413245545,3654094.7045586845,8398.340095155616,5289.293421813588,1.5878,0.963598265924541,3431.0869117663683,4.3781498073259624e-16,0.5694634471027623,0.18028666666666665,0.10266666666666667,0.18028666666666668
simArray_Sun_JS_frag_2Gyr_Run002_step.mat,1.0766719733333332e+24,6.131253333333334e+23,1.5482609066666668e+24,4408503.413245545,3654094.7045586845,6788.808106897741,5289.293421813588,1.2835,0.5012919992053675,2833209.201649816,0.7691558441558446,0.5694634471027623,0.18028666666666665,0.10266666666666667,0.25925333333333334
simArray_Sun_JS_frag_2Gyr_Run002_step.mat,1.5659380266666666e+24,7.839245333333335e+23,1.9620806933333334e+24,4994839.859886576,3966019.0632220334,8904.320233111795,5916.491849243718,1.505,0.3167183004152239,8197609.787472662,0.5053326561706452,0.5006101901759383,0.2622133333333333,0.13126666666666667,0.32854666666666665
simArray_Sun_JS_frag_2Gyr_Run002_step.mat,6.970319333333334e+23,4.681251733333333e+23,1.0407006266666669e+24,3813709.4562327024,3339776.290515556,6527.5207239962565,4662.847863416142,1.3999,0.4972466481037107,2916094.297919327,0.7341384589215857,0.67159788662002,0.11671666666666666,0.07838666666666666,0.17426333333333335
simArray_Sun_JS_frag_2Gyr_Run002_step.mat,1.8671856133333332e+24,5.6712102666666666e+23,2.3587409333333336e+24,5296543.492262311,3560316.6764405444,6229.134028380287,6057.112046266324,1.0284,0.5496962450972681,1326254.7234702879,0.8667555898767952,0.3037303964945574,0.31265666666666664,0.09496333333333333,0.3949666666666667
simArray_Sun_JS_frag_2Gyr_Run002_step.mat,6.8666056e+23,5.5738666666666665e+23,3.0413405333333333e+22,3794699.7013373757,3539828.627758874,31265.7208937182,4758.282232561971,6.5708,0.5172195294928272,68103096.23374093,-1.1773642857142856,0.8117353742679886,0.11497999999999998,0.09333333333333332,0.005092666666666666
simArray_Sun_JS_frag_2Gyr_Run002_step.mat,3.5934519333333335e+24,1.6366664133333334e+24,3.593551466666667e+24,6588208.352968335,5068935.5428273305,8813.024906751762,7738.869781130805,1.1388,0.949872616981889,8455.488207211207,6.081467336434958e-05,0.45545799518045593,0.6017166666666667,0.27405666666666667,0.6017333333333333
simArray_Sun_JS_frag_2Gyr_Run002_step.mat,3.12037e+24,3.0413405333333333e+22,3.150783405333333e+24,6285387.776392027,1342615.7226501603,15957.252166200788,7425.431440763512,2.149,0.7146452960003625,317791.6164068045,0.9999999999999956,0.009746730462519936,0.5225,0.005092666666666666,0.5275926666666666
simArray_Sun_JS_frag_2Gyr_Run002_step.mat,3.593551466666667e+24,1.6366664133333334e+24,5.230217880000001e+24,6588269.180300561,5068935.5428273305,8180.04185228932,7738.923228277503,1.057,0.6020725658055501,2206493.935703547,1.0000000000000007,0.45544538001329493,0.6017333333333333,0.27405666666666667,0.8757900000000002
simArray_Sun_JS_frag_2Gyr_Run002_step.mat,2.1570864000000003e+24,5.856103386666667e+23,2.742696738666667e+24,5557582.165802995,3598594.875045558,6649.039929130895,6323.385572164427,1.0515,0.6325299684732358,886058.7012950768,0.9999999999999999,0.2714820967146548,0.3612,0.09805933333333333,0.45925933333333335
simArray_Sun_JS_frag_2Gyr_Run003_step.mat,5.573866666666664e+23,5.573866666666664e+23,1.1147733333333328e+24,3539828.6277588736,3539828.6277588736,4719.426130478733,4584.637779753966,1.0294,0.97865,319.8763399340636,1.0,1.0,0.09333333333333328,0.09333333333333328,0.18666666666666656
simArray_Sun_JS_frag_2Gyr_Run003_step.mat,6.68864e+23,6.131253333333334e+23,6.68864e+23,3761629.2247258904,3654094.7045586845,5586.798442751869,4803.781980010205,1.163,0.9941601370065457,8.759929954300564,0.0,0.9166666666666667,0.11199999999999999,0.10266666666666667,0.11199999999999999
simArray_Sun_JS_frag_2Gyr_Run003_step.mat,6.68864e+23,5.5738666666666665e+23,1.09478704e+24,3761629.2247258904,3539828.627758874,5872.586741953219,4734.811531043472,1.2403,0.42111531565501953,3482876.3289195974,0.7641428571428572,0.8333333333333334,0.11199999999999999,0.09333333333333332,0.18331999999999998
simArray_Sun_JS_frag_2Gyr_Run003_step.mat,9.475573333333333e+23,6.131253333333334e+23,1.37791956e+24,4224725.969533426,3654094.7045586845,5851.764195121095,5142.147798876183,1.138,0.2167909107385778,5051321.722403905,0.7019155844155843,0.6470588235294118,0.15866666666666665,0.10266666666666667,0.23072999999999996
simArray_Sun_JS_frag_2Gyr_Run003_step.mat,1.4336582266666666e+24,1.16955648e+24,1.433658226666667e+24,4850039.277524831,4531796.974776245,7171.692560281746,6085.957705602297,1.1784,0.5460137383729445,3158221.6627271334,2.2951901903873853e-16,0.8157847234757495,0.24006333333333332,0.19584,0.24006333333333335
simArray_Sun_JS_frag_2Gyr_Run003_step.mat,6.131253333333334e+23,6.131253333333334e+23,6.131253333333334e+23,3654094.7045586845,3654094.7045586845,8009.976980112504,4732.630416610047,1.6925,0.88315,136347.206527168,0.0,1.0,0.10266666666666667,0.10266666666666667,0.10266666666666667
simArray_Sun_JS_frag_2Gyr_Run003_step.mat,7.246026666666667e+23,6.131253333333334e+23,7.246026666666667e+23,3863343.771591996,3654094.7045586845,5119.916566994869,4873.790163726672,1.0505,0.9541393746145411,3268.8861222123114,0.0,0.8461538461538461,0.12133333333333332,0.10266666666666667,0.12133333333333332
simArray_Sun_JS_frag_2Gyr_Run003_step.mat,6.68864e+23,6.388845600000001e+23,1.1648386000000001e+24,3761629.2247258904,3704567.4758432996,5283.615605921529,4835.376229451385,1.0927,0.25760385102842553,4615217.671257915,0.7763133295943168,0.9551785714285717,0.11199999999999999,0.10698,0.19505
simArray_Sun_JS_frag_2Gyr_Run003_step.mat,1.1648386e+24,5.5738666666666665e+23,1.1648386000000001e+24,4525695.149507436,3539828.627758874,5957.072793106597,5338.835627448107,1.1158,0.9563101487650414,2654.672241400784,2.4079823940292795e-16,0.47850978381611553,0.19504999999999997,0.09333333333333332,0.19505
simArray_Sun_JS_frag_2Gyr_Run003_step.mat,1.2810338133333333e+24,5.5738666666666665e+23,1.2810338133333333e+24,4671434.276928281,3539828.627758874,6234.915834336031,5466.826685082009,1.1405,0.8277009040379639,144688.3575630508,0.0,0.4351069119840875,0.21450666666666665,0.09333333333333332,0.21450666666666665
simArray_Sun_JS_frag_2Gyr_Run003_step.mat,1.1648386e+24,5.5738666666666665e+23,1.1648386000000001e+24,4525695.149507436,3539828.627758874,8737.538387881572,5338.835627448107,1.6366,0.9182103663903737,36051.46448522645,2.4079823940292795e-16,0.47850978381611553,0.19504999999999997,0.09333333333333332,0.19505
simArray_Sun_JS_frag_2Gyr_Run003_step.mat,1.255413933333333e+24,5.5738666666666665e+23,1.4310902666666667e+24,4640082.405365837,3539828.627758874,9629.73905368968,5438.994099796487,1.7705,0.32809937081166335,8691629.85941455,0.3151785714285719,0.4439863632759852,0.2102166666666666,0.09333333333333332,0.23963333333333334
simArray_Sun_JS_frag_2Gyr_Run003_step.mat,1.9910847066666669e+24,1.1031080266666666e+24,2.7055150666666667e+24,5411196.323647106,4444293.4486535005,7813.106102365979,6473.697988537558,1.2069,0.20117339460456654,8481919.2332788,0.6476522178510844,0.5540236550324431,0.33340333333333333,0.1847133333333333,0.4530333333333333
simArray_Sun_JS_frag_2Gyr_Run003_step.mat,8.068371066666667e+23,5.5738666666666665e+23,8.068371066666667e+23,4004288.2531197136,3539828.627758874,11008.313619949427,4913.109711661799,2.2406,0.8608767891966312,332163.038569345,0.0,0.690829241814907,0.13510333333333333,0.09333333333333332,0.13510333333333333
simArray_Sun_JS_frag_2Gyr_Run003_step.mat,3.160581466666667e+24,8.898479066666668e+23,3.160581466666667e+24,6312272.054098519,4137156.7226361623,8193.773759523465,7193.199683542678,1.1391,0.8736178828226743,79978.10439945424,0.0,0.28154563204635635,0.5292333333333333,0.14900333333333335,0.5292333333333333
simArray_Sun_JS_frag_2Gyr_Run003_step.mat,3.160581466666667e+24,8.898479066666668e+23,3.160581466666667e+24,6312272.054098519,4137156.7226361623,7916.835571707072,7193.199683542678,1.1006,0.8373731912382734,151933.752278313,0.0,0.28154563204635635,0.5292333333333333,0.14900333333333335,0.5292333333333333
simArray_Sun_JS_frag_2Gyr_Run003_step.mat,1.7866631466666666e+24,1.2819893333333334e+24,1.786663146666667e+24,5219284.113205081,4672595.458750138,7350.12050358049,6435.0555976015485,1.1422,0.9248354801611894,25847.97174201472,2.0938977339385038e-16,0.7175327569302078,0.2991733333333333,0.21466666666666667,0.29917333333333335
simArray_Sun_JS_frag_2Gyr_Run003_step.mat,1.3646418133333333e+24,5.5738666666666665e+23,1.3646418133333333e+24,4770928.81530026,3539828.627758874,9397.747921006348,5556.1948214534395,1.6914000000000002,0.8155765120491979,381241.4457384107,0.0,0.4084490605671607,0.22850666666666666,0.09333333333333332,0.22850666666666666
simArray_Sun_JS_frag_2Gyr_Run003_step.mat,3.394544519999999e+24,1.3295264533333332e+24,3.3944848000000004e+24,6464335.4005887825,4729650.392146727,8424.251983748652,7505.570192220823,1.1224,0.9609892972260952,3349.52974333208,-4.4918248786370295e-05,0.39166564041214386,0.5684099999999999,0.22262666666666664,0.5684
simArray_Sun_JS_frag_2Gyr_Run003_step.mat,3.394544519999999e+24,1.3295264533333332e+24,4.4993048e+24,6464335.4005887825,4729650.392146727,7909.369868562303,7505.570192220823,1.0538,0.493805629504257,3197570.802819424,0.8309426843145481,0.39166564041214386,0.5684099999999999,0.22262666666666664,0.7534
simArray_Sun_JS_frag_2Gyr_Run003_step.mat,1.8812198133333334e+24,9.749489066666665e+23,1.8812198133333334e+24,5309780.399878054,4265048.72990184,11969.850032984865,6310.216686691372,1.8969000000000003,0.8860143643190199,185670.77317180278,0.0,0.5182535819347738,0.31500666666666666,0.1632533333333333,0.31500666666666666
simArray_Sun_JS_frag_2Gyr_Run003_step.mat,1.8812198133333334e+24,9.749489066666665e+23,1.8812198133333334e+24,5309780.399878054,4265048.72990184,6727.953031350341,6310.216686691372,1.0662,0.9376989977010897,10141.69352223089,0.0,0.5182535819347738,0.31500666666666666,0.1632533333333333,0.31500666666666666
simArray_Sun_JS_frag_2Gyr_Run003_step.mat,1.8812198133333334e+24,9.749489066666665e+23,1.8812198133333334e+24,5309780.399878054,4265048.72990184,6838.381823367441,6310.216686691372,1.0837,0.9083629772513955,32314.329327220315,0.0,0.5182535819347738,0.31500666666666666,0.1632533333333333,0.31500666666666666
simArray_Sun_JS_frag_2Gyr_Run003_step.mat,1.8812198133333334e+24,9.749489066666665e+23,2.5930424e+24,5309780.399878054,4265048.72990184,6758.24207144646,6310.216686691372,1.071,0.24971663532130853,5581822.618885454,0.7301127082652727,0.5182535819347738,0.31500666666666666,0.1632533333333333,0.4342
simArray_Sun_JS_frag_2Gyr_Run003_step.mat,1.8911333333333334e+24,1.4203804799999998e+24,3.311513813333333e+24,5319091.099920046,4835020.024486838,6997.14481082092,6597.967761264422,1.0605,0.5684670564377342,2576888.9584787115,1.0,0.7510736842105262,0.31666666666666665,0.23783999999999994,0.5545066666666666
simArray_Sun_JS_frag_2Gyr_Run003_step.mat,3.311513813333333e+24,7.356707733333333e+23,3.803964933333334e+24,6411193.758849372,3882914.9639993194,8977.93465626921,7244.359441837496,1.2393,0.275776822729428,5282104.047466856,0.6693906266912011,0.22215542945080313,0.5545066666666666,0.12318666666666667,0.6369666666666667
simArray_Sun_JS_frag_2Gyr_Run003_step.mat,3.94743228e+24,7.923251466666665e+23,4.506670266666667e+24,6797798.30640031,3980135.509935551,9296.005220084773,7661.753251532822,1.2133,0.3383152164124868,4655256.460148518,0.7058188030752229,0.20071912333519917,0.66099,0.1326733333333333,0.7546333333333334
simArray_Sun_JS_frag_2Gyr_Run004_step.mat,5.573866666666664e+23,5.573866666666664e+23,1.1147733333333328e+24,3539828.6277588736,3539828.6277588736,4579.136214418261,4584.637779753966,0.9987999999999999,0.44315,2153219.878462553,1.0,1.0,0.09333333333333328,0.09333333333333328,0.18666666666666656
simArray_Sun_JS_frag_2Gyr_Run004_step.mat,6.131253333333334e+23,5.5738666666666665e+23,6.131253333333334e+23,3654094.7045586845,3539828.627758874,5360.388361440758,4660.39676703248,1.1502,0.9937374294612571,9.887666033188905,0.0,0.9090909090909091,0.10266666666666667,0.09333333333333332,0.10266666666666667
simArray_Sun_JS_frag_2Gyr_Run004_step.mat,6.688639999999997e+23,6.131253333333331e+23,1.2819893333333326e+24,3761629.22472589,3654094.704558684,4838.369210266277,4803.781980010203,1.0072,0.6505486890713276,853876.0271063369,0.9999999999999998,0.9166666666666667,0.11199999999999995,0.10266666666666663,0.21466666666666653
simArray_Sun_JS_frag_2Gyr_Run004_step.mat,5.573866666666664e+23,5.573866666666664e+23,1.1147733333333328e+24,3539828.6277588736,3539828.6277588736,4592.431663979548,4584.637779753966,1.0017,0.73815,400533.43668266333,1.0,1.0,0.09333333333333328,0.09333333333333328,0.18666666666666656
simArray_Sun_JS_frag_2Gyr_Run004_step.mat,1.1147733333333333e+24,6.131253333333334e+23,1.1147733333333334e+24,4459904.601133889,3654094.7045586845,5740.026359649202,5331.623964006319,1.0766,0.9557410382092316,2797.2393020972495,2.1890749036629812e-16,0.55,0.18666666666666665,0.10266666666666667,0.18666666666666668
simArray_Sun_JS_frag_2Gyr_Run004_step.mat,6.2335736e+23,6.131253333333334e+23,1.0927366533333335e+24,3674309.5580040826,3654094.7045586845,5104.555909128649,4745.775296698261,1.0756,0.14780659184333939,5338349.641908298,0.7655519480519482,0.9835856166570862,0.10438,0.10266666666666667,0.18297666666666668
simArray_Sun_JS_frag_2Gyr_Run004_step.mat,1.1983813333333327e+24,6.688639999999997e+23,1.8672453333333324e+24,4568725.413795676,3761629.22472589,5614.948269548079,5469.993443300613,1.0265,0.6068522757708316,1138509.610353325,1.0,0.5581395348837209,0.20066666666666655,0.11199999999999995,0.3126666666666665
simArray_Sun_JS_frag_2Gyr_Run004_step.mat,6.201722933333333e+23,5.3431484e+23,6.201722933333333e+23,3668040.863893826,3490297.5905897394,6833.144122034077,4639.87514227886,1.4727,0.6114137221406176,2099570.1399194114,0.0,0.8615587083520575,0.10384666666666666,0.08947,0.10384666666666666
simArray_Sun_JS_frag_2Gyr_Run004_step.mat,1.4763779333333335e+24,6.947426666666667e+23,1.4763779333333335e+24,4897741.8858245425,3809529.746532363,7986.3622651171545,5769.242407799721,1.3843,0.8860884463588251,77625.39442699001,0.0,0.4705723724128632,0.2472166666666667,0.11633333333333334,0.2472166666666667
simArray_Sun_JS_frag_2Gyr_Run004_step.mat,1.4763779333333335e+24,6.0687464e+23,2.0006199999999999e+24,4897741.8858245425,3641634.6710420796,6030.140735754502,5706.577775863067,1.0567,0.5546782187479657,1454600.3659193662,0.8638391392770447,0.41105642823434224,0.2472166666666667,0.10161999999999999,0.33499999999999996
simArray_Sun_JS_frag_2Gyr_Run004_step.mat,6.201722933333333e+23,5.6409521333333336e+23,6.201722933333333e+23,3668040.863893826,3553973.4861336346,7384.194872450813,4678.57496828918,1.5783,0.7064850046520487,1301845.8768635553,0.0,0.9095782243050652,0.10384666666666666,0.09445666666666666,0.10384666666666666
simArray_Sun_JS_frag_2Gyr_Run004_step.mat,5.900535066666667e+23,5.6409521333333336e+23,1.0018229066666665e+24,3607673.092106248,3553973.4861336346,5506.380165403547,4638.123454686276,1.1872,0.2362583327329834,5237934.067976251,0.729964357553728,0.9560068823588947,0.09880333333333333,0.09445666666666666,0.1677533333333333
simArray_Sun_JS_frag_2Gyr_Run004_step.mat,1.5480419333333334e+24,5.8812256e+23,1.5480419333333334e+24,4975739.312894162,3603733.4284008513,10581.793816739704,5765.074266815421,1.8355,0.592079771998541,3510034.4959161226,0.0,0.37991384298849096,0.25921666666666665,0.09848,0.25921666666666665
simArray_Sun_JS_frag_2Gyr_Run004_step.mat,2.637195386666666e+24,4.7602812000000004e+23,2.6372352e+24,5942613.443767516,3358465.680753275,9065.256162143018,6684.306269092329,1.3562000000000003,0.8023514113549421,260505.50895868303,8.363651570382892e-05,0.18050544241307995,0.4415933333333332,0.07971,0.4416
simArray_Sun_JS_frag_2Gyr_Run004_step.mat,2.692934053333333e+24,4.2526612e+23,2.692973866666667e+24,5984188.768948918,3234573.123379343,9211.690393214354,6719.447365390877,1.3709,0.716641180028469,642006.0361531556,9.361980995298699e-05,0.15791924777125627,0.4509266666666666,0.07121,0.45093333333333335
simArray_Sun_JS_frag_2Gyr_Run004_step.mat,1.3534542666666667e+24,3.323019866666667e+23,1.3688023066666666e+24,4757855.41756721,2979255.0984351095,11898.450664064727,5392.943237123114,2.2063,0.3854441227850019,7825456.018031268,0.046187024501287643,0.24552140020591265,0.22663333333333333,0.055643333333333336,0.22920333333333331
simArray_Sun_JS_frag_2Gyr_Run004_step.mat,4.1491465333333335e+24,1.5193365199999998e+24,5.198825066666667e+24,6911669.605039027,4944792.110558762,10569.791092498006,7988.656256139375,1.3231,0.44303849038868315,6644312.74219359,0.6908795513803181,0.3661804922515952,0.6947666666666666,0.25440999999999997,0.8705333333333334
simArray_Sun_JS_frag_2Gyr_Run004_step.mat,2.9015957333333334e+24,4.536729333333333e+23,2.9015957333333334e+24,6134921.546237403,3305047.2181895184,9322.974400683499,6888.04905850277,1.3535,0.9917939354835646,22.779808444458126,0.0,0.1563529088913282,0.48586666666666667,0.07596666666666665,0.48586666666666667
simArray_Sun_JS_frag_2Gyr_Run004_step.mat,5.864583626666666e+24,4.536729333333333e+23,6.262239200000001e+24,7756678.179544391,3305047.2181895184,13301.189893148921,8731.825571554467,1.5233,0.6743611088733051,1210182.8012508175,0.8765247915752542,0.07735808067779121,0.9820133333333332,0.07596666666666665,1.0486
simArray_Sun_JS_frag_2Gyr_Run004_step.mat,3.0359657333333336e+24,1.1264585466666666e+24,3.923803066666667e+24,6228196.896736971,4475433.586901894,7206.299853213476,7204.858881437189,1.0002,0.35570143875902566,4066088.2539037056,0.7881668934560944,0.37103796472362466,0.5083666666666666,0.1886233333333333,0.6570333333333334
simArray_Sun_JS_frag_2Gyr_Run005_step.mat,5.573866666666664e+23,5.573866666666664e+23,1.1147733333333328e+24,3539828.6277588736,3539828.6277588736,4619.939490658072,4584.637779753966,1.0077,0.5421,1485139.0144176781,1.0,1.0,0.09333333333333328,0.09333333333333328,0.18666666666666656
simArray_Sun_JS_frag_2Gyr_Run005_step.mat,7.246026666666667e+23,6.131253333333334e+23,1.2220901733333334e+24,3863343.771591996,3654094.7045586845,4889.873671266971,4873.790163726672,1.0033,0.30629487626320506,3348020.2513773693,0.8113961038961041,0.8461538461538461,0.12133333333333332,0.10266666666666667,0.20463666666666666
simArray_Sun_JS_frag_2Gyr_Run005_step.mat,1.2220901733333334e+24,5.573866666666664e+23,1.7794768399999998e+24,4598658.1781778075,3539828.6277588736,5383.559295692185,5402.467933459292,0.9965,0.7179534992832403,413880.4273792291,1.0,0.4560929126419179,0.20463666666666666,0.09333333333333328,0.29796999999999996
simArray_Sun_JS_frag_2Gyr_Run005_step.mat,5.5738666666666665e+23,5.5738666666666665e+23,5.573866666666667e+23,3539828.627758874,3539828.627758874,6785.722377813845,4584.637779753966,1.4801,0.7046,1180669.8797663297,1.2039911970146398e-16,1.0,0.09333333333333332,0.09333333333333332,0.09333333333333334
simArray_Sun_JS_frag_2Gyr_Run005_step.mat,1.2262506666666667e+24,5.4542276e+23,1.2262506666666667e+24,4603870.836582874,3514318.59850389,6532.405532650363,5397.344073907596,1.2103,0.6861410872117802,785486.3027264208,0.0,0.44478896103896104,0.20533333333333334,0.09133,0.20533333333333334
simArray_Sun_JS_frag_2Gyr_Run005_step.mat,2.117452226666667e+24,6.938070533333333e+23,2.1174721333333335e+24,5523333.314544691,3807818.874200297,6777.930626960273,6341.626709356543,1.0688,0.8627292903505438,75928.10488659068,2.8691934697137862e-05,0.3276612546888661,0.35456333333333334,0.11617666666666666,0.3545666666666667
simArray_Sun_JS_frag_2Gyr_Run005_step.mat,1.0588077306666665e+24,6.932297600000001e+23,1.7520374906666668e+24,4383985.205146234,3806762.462136594,5933.983668163682,5343.524239679136,1.1105,0.5361461686258715,2008372.3644039067,1.0000000000000002,0.6547267647578618,0.1772953333333333,0.11608000000000002,0.2933753333333333
simArray_Sun_JS_frag_2Gyr_Run005_step.mat,7.535071466666667e+23,6.413529866666666e+23,1.2816310133333334e+24,3914045.20534055,3709332.3957997784,5804.963203702885,4942.076624981172,1.1746,0.4876526299151665,2715448.4353044974,0.8234527282885346,0.8511571383282256,0.12617333333333333,0.10739333333333333,0.21460666666666667
simArray_Sun_JS_frag_2Gyr_Run005_step.mat,2.357447e+24,1.3095003466666668e+24,2.3575465333333333e+24,5724585.214965388,4705783.2321929755,7541.682473912489,6850.470046246242,1.1009,0.9667785857467733,2075.9150436293253,7.600863458083866e-05,0.5554739286468229,0.39475,0.21927333333333335,0.39476666666666665
simArray_Sun_JS_frag_2Gyr_Run005_step.mat,2.357447e+24,5.5738666666666665e+23,2.698547733333333e+24,5724585.214965388,3539828.627758874,8577.085126300124,6480.608331167453,1.3235000000000001,0.21725758323744784,5502094.091038602,0.6119642857142852,0.23643656322567025,0.39475,0.09333333333333332,0.4518666666666666
simArray_Sun_JS_frag_2Gyr_Run005_step.mat,1.2819893333333334e+24,7.286437199999999e+23,1.2819893333333334e+24,4672595.458750138,3870512.318927019,6534.880167448833,5605.009149540127,1.1659,0.826321919702987,192011.1501403896,0.0,0.5683695652173911,0.21466666666666667,0.12200999999999998,0.21466666666666667
simArray_Sun_JS_frag_2Gyr_Run005_step.mat,2.890109586666667e+24,1.5031524e+24,2.890049866666667e+24,6126815.685149477,4927171.929290789,7702.510521209369,7283.697892396565,1.0575,0.8682528971037433,116410.66203539865,-3.972983710764188e-05,0.5201022158241667,0.48394333333333334,0.2517,0.4839333333333333
simArray_Sun_JS_frag_2Gyr_Run005_step.mat,1.5588910666666663e+24,7.2864372e+23,2.2875347866666665e+24,4987336.07877817,3870512.3189270194,5900.701608769876,5871.344884348136,1.005,0.6647830764115287,776353.0102675414,1.0000000000000002,0.4674115694036523,0.2610333333333333,0.12201000000000001,0.3830433333333333
simArray_Sun_JS_frag_2Gyr_Run005_step.mat,2.9878911333333333e+24,1.343799533333333e+24,4.0529973333333336e+24,6195147.274967135,4746515.178102949,7705.676743338402,7269.506361640001,1.06,0.41717467814180514,4350746.182557981,0.7926079549662991,0.4497484926213397,0.5003166666666666,0.22501666666666661,0.6786666666666666
simArray_Sun_JS_frag_2Gyr_Run005_step.mat,2.40211756e+24,6.369536133333332e+23,2.558802933333333e+24,5760517.027166354,3700831.516089502,11848.035871740245,6548.0467954793,1.8094,0.219611240638629,11472995.086108798,0.24599181173234963,0.2651633808186029,0.40223,0.10665666666666664,0.4284666666666666
simArray_Sun_JS_frag_2Gyr_Run006_step.mat,6.131253333333331e+23,6.131253333333331e+23,1.2262506666666662e+24,3654094.704558684,3654094.704558684,4836.2750227338065,4732.630416610046,1.0219,0.9087,24485.055868707557,1.0,1.0,0.10266666666666663,0.10266666666666663,0.20533333333333326
simArray_Sun_JS_frag_2Gyr_Run006_step.mat,6.131253333333334e+23,6.131253333333334e+23,1.1148131466666666e+24,3654094.7045586845,3654094.7045586845,4743.51546656825,4732.630416610047,1.0023,0.26565,3734397.6844475954,0.818246753246753,1.0,0.10266666666666667,0.10266666666666667,0.1866733333333333
simArray_Sun_JS_frag_2Gyr_Run006_step.mat,6.131253333333334e+23,5.5738666666666665e+23,1.03685864e+24,3654094.7045586845,3539828.627758874,4916.7185892192665,4660.39676703248,1.055,0.1097662331356459,5051372.86119159,0.7602142857142857,0.9090909090909091,0.10266666666666667,0.09333333333333332,0.17362
simArray_Sun_JS_frag_2Gyr_Run006_step.mat,1.2262904799999998e+24,6.131253333333331e+23,1.8394158133333331e+24,4603920.661485601,3654094.704558684,5521.510435014609,5452.805090869652,1.0126,0.9901365803240357,27.78385198237708,1.0000000000000004,0.49998376676081935,0.20533999999999994,0.10266666666666663,0.3080066666666666
simArray_Sun_JS_frag_2Gyr_Run006_step.mat,9.475573333333333e+23,8.3608e+23,1.6450869333333335e+24,4224725.969533426,4052092.2463936,6277.312382989358,5363.390621146068,1.1704,0.5011899888658187,3065229.706329311,0.8342857142857146,0.8823529411764706,0.15866666666666665,0.13999999999999999,0.2754666666666667
simArray_Sun_JS_frag_2Gyr_Run006_step.mat,6.688639999999997e+23,5.663446666666666e+23,1.2352086666666662e+24,3761629.22472589,3558691.3033816153,4803.373976502212,4745.94800563404,1.0121,0.8487446644752313,91065.98499012415,0.9999999999999999,0.8467261904761908,0.11199999999999995,0.09483333333333333,0.20683333333333326
simArray_Sun_JS_frag_2Gyr_Run006_step.mat,1.8973044e+24,5.640553999999999e+23,2.3241033333333334e+24,5324870.496148853,3553889.8720813,6497.423261580953,6083.160061399638,1.0681,0.34658471814774566,2937796.365642078,0.7566613728604201,0.2972930437519672,0.3177,0.09444999999999998,0.38916666666666666
simArray_Sun_JS_frag_2Gyr_Run006_step.mat,1.8672851466666665e+24,1.2476702399999997e+24,1.8672851466666665e+24,5296637.604180984,4630522.342820203,10322.667837918283,6471.892061390773,1.595,0.9924566200339343,52.35099952761137,0.0,0.6681733864949574,0.3126733333333333,0.20891999999999994,0.3126733333333333
simArray_Sun_JS_frag_2Gyr_Run006_step.mat,1.2352086666666668e+24,6.68864e+23,1.2352086666666668e+24,4615054.372434689,3761629.2247258904,7477.069337679717,5508.375819713951,1.3574,0.7242113065631056,836645.7947737906,0.0,0.5414987912973408,0.20683333333333334,0.11199999999999999,0.20683333333333334
simArray_Sun_JS_frag_2Gyr_Run006_step.mat,2.40767152e+24,1.2352086666666668e+24,3.1130045333333336e+24,5764953.259551218,4615054.372434689,9214.060367714885,6844.495890443385,1.3461999999999998,0.24498256388097953,10409874.364534572,0.5710233682514104,0.5130303932268413,0.40315999999999996,0.20683333333333334,0.5212666666666667
simArray_Sun_JS_frag_2Gyr_Run006_step.mat,3.1408738666666665e+24,6.772447066666666e+23,3.1408738666666665e+24,6299124.7692685155,3777274.833145508,9133.902194830118,7111.969317784098,1.2843,0.8089890918932461,268204.19097133825,0.0,0.21562301939409304,0.5259333333333333,0.11340333333333333,0.5259333333333333
simArray_Sun_JS_frag_2Gyr_Run006_step.mat,1.89515448e+24,1.1790718666666669e+24,1.8951544799999999e+24,5322858.453449783,4544053.866509774,7444.128151509336,6449.041108472092,1.1543,0.5833240084714607,2429860.1005224553,-2.27666746691946e-16,0.6221507951513624,0.31734,0.19743333333333335,0.31733999999999996
simArray_Sun_JS_frag_2Gyr_Run006_step.mat,1.89515448e+24,7.524719999999999e+23,2.4126879999999999e+24,5322858.453449783,3912252.0493358,6904.437101647537,6186.217275913929,1.1161,0.057233732532830456,6382772.40835677,0.6877777777777775,0.3970504821327282,0.31734,0.12599999999999997,0.40399999999999997
simArray_Sun_JS_frag_2Gyr_Run006_step.mat,3.5095652399999997e+24,7.7976404e+23,4.1055509333333336e+24,6536538.427132607,3958990.379319186,7709.526103777174,7386.018493750885,1.0438,0.20533474388644846,4290613.233233515,0.7643154374409646,0.22218251739922068,0.5876699999999999,0.13057,0.6874666666666667
simArray_Sun_JS_frag_2Gyr_Run006_step.mat,2.41274772e+24,5.052710133333333e+23,2.792905333333333e+24,5769001.91725719,3425874.9518155847,7047.534096031791,6508.62033250073,1.0828,0.22806528317702818,3317300.414978106,0.7523835789141905,0.2094172586487133,0.40401,0.08460666666666666,0.4676666666666666
simArray_Sun_JS_frag_2Gyr_Run006_step.mat,2.9960130533333334e+24,1.4826485333333335e+24,2.995953333333334e+24,6200755.574782126,4904666.129567292,10517.733286297122,7337.10030435795,1.4335,0.8739913674241752,185371.59866465908,-4.027926960218942e-05,0.4948738563350897,0.5016766666666667,0.24826666666666666,0.5016666666666667
simArray_Sun_JS_frag_2Gyr_Run006_step.mat,5.512136093333334e+24,2.9960130533333334e+24,7.740906400000001e+24,7598071.146727671,6200755.574782126,11500.873237339345,9072.235731907664,1.2677,0.4617597272754695,9248841.171288973,0.7439120814867479,0.5435303124966142,0.9229966666666667,0.5016766666666667,1.2962
simArray_Sun_JS_frag_2Gyr_Run007_step.mat,6.131253333333331e+23,6.131253333333331e+23,1.2262506666666662e+24,3654094.704558684,3654094.704558684,4899.21900727472,4732.630416610046,1.0352,0.7438,431306.7979592701,1.0,1.0,0.10266666666666663,0.10266666666666663,0.20533333333333326
simArray_Sun_JS_frag_2Gyr_Run007_step.mat,1.337728e+24,6.131253333333334e+23,1.8118052666666668e+24,4739355.842131882,3654094.7045586845,5582.8715021862945,5570.060363350588,1.0023,0.3019179721964401,3169203.872881373,0.7732142857142861,0.45833333333333337,0.22399999999999998,0.10266666666666667,0.30338333333333334
simArray_Sun_JS_frag_2Gyr_Run007_step.mat,6.131253333333334e+23,5.5738666666666665e+23,6.131253333333334e+23,3654094.7045586845,3539828.627758874,5754.191888255003,4660.39676703248,1.2347,0.7585603543025156,482270.5222793111,0.0,0.9090909090909091,0.10266666666666667,0.09333333333333332,0.10266666666666667
simArray_Sun_JS_frag_2Gyr_Run007_step.mat,6.131253333333334e+23,5.8513656e+23,6.131253333333334e+23,3654094.7045586845,3597624.1513634673,6501.8185495081425,4696.488406174619,1.3844,0.6981445797545693,1112052.13898385,0.0,0.9543506493506493,0.10266666666666667,0.09798,0.10266666666666667
simArray_Sun_JS_frag_2Gyr_Run007_step.mat,6.131253333333334e+23,5.8513656e+23,1.0991665066666668e+24,3654094.7045586845,3597624.1513634673,4926.146689236557,4696.488406174619,1.0489,0.38809884902704395,2898951.8573537027,0.8306457100088455,0.9543506493506493,0.10266666666666667,0.09798,0.18405333333333335
simArray_Sun_JS_frag_2Gyr_Run007_step.mat,1.1321916666666666e+24,7.246026666666667e+23,1.1321916666666666e+24,4483013.327657222,3863343.771591996,5778.033308066145,5449.432526705786,1.0603,0.9641342716894498,1675.040559350585,0.0,0.64,0.18958333333333333,0.12133333333333332,0.18958333333333333
simArray_Sun_JS_frag_2Gyr_Run007_step.mat,1.8675439333333335e+24,6.68864e+23,2.3860130666666668e+24,5296882.279519011,3761629.2247258904,6150.309507612622,6113.627741165628,1.006,0.32423883577527385,3136552.9504089225,0.7751488095238095,0.35815168150082605,0.3127166666666667,0.11199999999999999,0.39953333333333335
simArray_Sun_JS_frag_2Gyr_Run007_step.mat,1.1600609999999999e+24,6.639669599999999e+23,1.1600609999999999e+24,4519499.272641403,3752426.5626131515,11267.432484389168,5425.381589170439,2.0768,0.7089099229178188,2252873.6489034547,0.0,0.5723552123552124,0.19424999999999998,0.11117999999999999,0.19424999999999998
simArray_Sun_JS_frag_2Gyr_Run007_step.mat,1.1600609999999999e+24,5.1299479999999996e+23,1.6730558e+24,4519499.272641403,3443243.20905912,5476.514922366323,5295.923916803329,1.0341,0.5738241284508621,1135898.3923407397,1.0000000000000002,0.44221364221364223,0.19424999999999998,0.08589999999999999,0.28014999999999995
simArray_Sun_JS_frag_2Gyr_Run007_step.mat,6.556857866666666e+23,5.854351600000001e+23,6.556857866666666e+23,3736760.8296580785,3598236.0130289546,6865.506098280512,4752.5308724079405,1.4446,0.6966119915332691,1207381.1640815432,0.0,0.8928593114336026,0.10979333333333333,0.09803,0.10979333333333333
simArray_Sun_JS_frag_2Gyr_Run007_step.mat,8.849110533333332e+23,8.013826799999998e+23,1.3338462000000003e+24,4129491.583363122,3995244.503034225,7821.654904109121,5263.5631925364205,1.486,0.2260747717522952,10513492.873460865,0.5602007104354528,0.9056081704271928,0.14817666666666662,0.13418999999999998,0.22335000000000005
simArray_Sun_JS_frag_2Gyr_Run007_step.mat,2.420849733333333e+24,5.5738666666666665e+23,2.420849733333334e+24,5775452.143994633,3539828.627758874,7598.301534036214,6532.801594047128,1.1631,0.9700483158698197,901.6583838372579,9.631929576117118e-16,0.23024422333689665,0.40536666666666665,0.09333333333333332,0.4053666666666667
simArray_Sun_JS_frag_2Gyr_Run007_step.mat,2.1314864266666666e+24,5.854351600000001e+23,2.5584048e+24,5535509.100906547,3598236.0130289546,6836.3088820724615,6301.326280829995,1.0849,0.2589652994814314,3699152.713889118,0.7292325478594991,0.2746605151577414,0.3569133333333333,0.09803,0.4284
simArray_Sun_JS_frag_2Gyr_Run007_step.mat,2.590155933333333e+24,6.556857866666666e+23,3.0361648e+24,5907068.613859727,3736760.8296580785,8066.829221121795,6702.807828102862,1.2035,0.29382734635287,4555740.879660574,0.6802173781043177,0.2531452945471314,0.4337166666666666,0.10979333333333333,0.5084
simArray_Sun_JS_frag_2Gyr_Run007_step.mat,2.420849733333333e+24,5.8525599999999994e+23,2.8163952e+24,5775452.143994633,3597868.9210030413,7902.56841376173,6542.9445386336565,1.2078,0.26180577822594076,4469422.06359911,0.6758503401360546,0.24175643450374146,0.40536666666666665,0.09799999999999999,0.47159999999999996
simArray_Sun_JS_frag_2Gyr_Run007_step.mat,1.0471105733333334e+24,6.68864e+23,1.5399001066666667e+24,4367781.390966267,3761629.2247258904,5685.036070210618,5308.156928301231,1.071,0.22469109558523284,4665007.454019576,0.7367559523809524,0.63877112602422,0.17533666666666667,0.11199999999999999,0.2578533333333333
simArray_Sun_JS_frag_2Gyr_Run007_step.mat,1.5399001066666667e+24,5.869480666666667e+23,2.0328688000000002e+24,4967000.781736321,3601332.9188190214,5863.868521205792,5756.227074905068,1.0187,0.48995629808995933,1756590.2458827465,0.8398846871290491,0.3811598324628988,0.2578533333333333,0.09828333333333333,0.34040000000000004
simArray_Sun_JS_frag_2Gyr_Run007_step.mat,2.9000430133333333e+24,2.0694174399999997e+24,2.9000032e+24,6133827.031823559,5481247.512087722,8427.800355718417,7557.209788126271,1.1152,0.8919472550592288,96880.91576489522,-1.9238908769082038e-05,0.7135816367155859,0.48560666666666663,0.34651999999999994,0.4856
simArray_Sun_JS_frag_2Gyr_Run007_step.mat,2.0972867733333333e+24,1.856913773333333e+24,2.0973664e+24,5505743.625529287,5286813.104734171,7557.010030896026,6993.346317690197,1.0806,0.8787207361515245,124591.51005034674,4.2881186951226775e-05,0.8853885872660312,0.35118666666666665,0.3109366666666666,0.35119999999999996
simArray_Sun_JS_frag_2Gyr_Run007_step.mat,4.855793386666667e+24,1.8764024e+24,4.8558332e+24,7283667.495947284,5305244.110472126,10522.30770644149,8448.93825794242,1.2454,0.9095246405408486,61319.18782911268,2.1217907914265776e-05,0.3864255026073267,0.8130933333333333,0.3142,0.8131
simArray_Sun_JS_frag_2Gyr_Run007_step.mat,4.855793386666667e+24,1.8764024e+24,6.3858596e+24,7283667.495947284,5305244.110472126,8829.985373375623,8448.93825794242,1.0451,0.4585809351734583,4530141.220516068,0.8154254190536813,0.3864255026073267,0.8130933333333333,0.3142,1.0693
simArray_Sun_JS_frag_2Gyr_Run007_step.mat,2.9348796800000003e+24,5.5738666666666665e+23,3.4259373333333335e+24,6158290.132909658,3539828.627758874,8129.065847318937,6933.1052002720135,1.1725,0.6234414531003241,1124879.1416818793,0.8809999999999998,0.18991806392099406,0.49144000000000004,0.09333333333333332,0.5736666666666667
simArray_Sun_JS_frag_2Gyr_Run007_step.mat,3.4538066666666663e+24,2.1287154186666664e+24,5.582522085333333e+24,6501736.827719966,5533109.274558276,8109.665705608024,7868.878037655758,1.0306,0.9811886521980216,471.50148376185774,1.0000000000000002,0.6163389048991355,0.5783333333333333,0.3564493333333333,0.9347826666666667
simArray_Sun_JS_frag_2Gyr_Run007_step.mat,7.323861733333333e+24,6.409946666666667e+23,7.870697866666667e+24,8353018.133694588,3708641.4733209005,15295.055049644305,9388.653274595976,1.6291,0.6731356952926083,1746352.4519843508,0.8531055900621133,0.08752140469136474,1.2263666666666666,0.10733333333333334,1.3179333333333334
simArray_Sun_JS_frag_2Gyr_Run008_step.mat,5.573866666666664e+23,5.573866666666664e+23,1.1147733333333328e+24,3539828.6277588736,3539828.6277588736,4584.637779753966,4584.637779753966,1.0,0.56455,1315353.4017840482,1.0,1.0,0.09333333333333328,0.09333333333333328,0.18666666666666656
simArray_Sun_JS_frag_2Gyr_Run008_step.mat,6.131253333333334e+23,5.5738666666666665e+23,1.08517212e+24,3654094.7045586845,3539828.627758874,5203.332990391764,4660.39676703248,1.1165,0.4916877078912783,2221111.558121633,0.8468928571428571,0.9090909090909091,0.10266666666666667,0.09333333333333332,0.18170999999999998
simArray_Sun_JS_frag_2Gyr_Run008_step.mat,8.3608e+23,6.397007333333333e+23,8.3608e+23,4052092.2463936,3706144.3296046183,5699.147188464475,5039.033765220579,1.131,0.9377816153361628,9316.246241353492,0.0,0.7651190476190476,0.13999999999999999,0.10711666666666665,0.13999999999999999
simArray_Sun_JS_frag_2Gyr_Run008_step.mat,6.131253333333334e+23,6.131253333333334e+23,6.131253333333334e+23,3654094.7045586845,3654094.7045586845,5397.091727102098,4732.630416610047,1.1404,0.9173,22892.262392546454,0.0,1.0,0.10266666666666667,0.10266666666666667,0.10266666666666667
simArray_Sun_JS_frag_2Gyr_Run008_step.mat,8.3608e+23,6.397007333333333e+23,1.3496919066666665e+24,4052092.2463936,3706144.3296046183,6309.878080809209,5039.033765220579,1.2522,0.5073056435399693,2803370.6872925325,0.8028940407655203,0.7651190476190476,0.13999999999999999,0.10711666666666665,0.2260033333333333
simArray_Sun_JS_frag_2Gyr_Run008_step.mat,6.131253333333334e+23,5.8360374666666675e+23,6.131253333333334e+23,3654094.7045586845,3594479.9801952695,7288.682872473186,4694.501399248477,1.5526,0.7745683472591549,665778.7921406003,0.0,0.9518506493506494,0.10266666666666667,0.09772333333333334,0.10266666666666667
simArray_Sun_JS_frag_2Gyr_Run008_step.mat,1.4872270666666668e+24,9.494086533333335e+23,1.4872270666666668e+24,4909709.604349832,4227475.576764588,10535.934355881016,5966.325588018017,1.7659,0.8764973181422006,206498.81952379228,0.0,0.6383750501940839,0.24903333333333333,0.15897666666666668,0.24903333333333333
simArray_Sun_JS_frag_2Gyr_Run008_step.mat,6.573181333333333e+23,5.5738666666666665e+23,6.573181333333333e+23,3739859.1807381324,3539828.627758874,9681.12964606954,4719.509406751592,2.0513,0.9921326628061335,60.999289607628455,0.0,0.8479709267110842,0.11006666666666666,0.09333333333333332,0.11006666666666666
simArray_Sun_JS_frag_2Gyr_Run008_step.mat,9.513993200000001e+23,7.097323866666667e+23,9.513993200000001e+23,4230428.158463761,3836733.079466946,7510.770153394895,5242.754539574825,1.4326,0.9310741379552584,21488.006351945354,0.0,0.7459879061787291,0.15931,0.11884333333333334,0.15931
simArray_Sun_JS_frag_2Gyr_Run008_step.mat,9.513993200000001e+23,7.097323866666667e+23,1.6611317066666668e+24,4230428.158463761,3836733.079466946,5495.979583836289,5242.754539574825,1.0483,0.7669890364254355,355263.5446996708,1.0,0.7459879061787291,0.15931,0.11884333333333334,0.27815333333333336
simArray_Sun_JS_frag_2Gyr_Run008_step.mat,6.573181333333333e+23,5.5738666666666665e+23,1.12279572e+24,3739859.1807381324,3539828.627758874,5039.020193588675,4719.509406751592,1.0677,0.44253473267460824,2408881.100219303,0.8351071428571428,0.8479709267110842,0.11006666666666666,0.09333333333333332,0.18800999999999998
simArray_Sun_JS_frag_2Gyr_Run008_step.mat,6.2926964e+23,5.5738666666666665e+23,6.2926964e+23,3685889.4469392067,3539828.627758874,10269.22969044587,4682.090772099517,2.1933,0.8261693144611341,629171.87975595,0.0,0.8857676125399386,0.10536999999999999,0.09333333333333332,0.10536999999999999
simArray_Sun_JS_frag_2Gyr_Run008_step.mat,1.6270315866666663e+24,6.2926964e+23,2.126032e+24,5058969.2551784115,3685889.4469392067,6328.77826925577,5868.674211105128,1.0784,0.43833538484966666,2502050.503212044,0.7929834551263807,0.3867593260983936,0.27244333333333326,0.10536999999999999,0.356
simArray_Sun_JS_frag_2Gyr_Run008_step.mat,2.3157823466666668e+24,5.919446399999999e+23,2.812812e+24,5690659.82176678,3611523.203362824,6668.838942518649,6459.549537503534,1.0324,0.4971735370779191,1726489.0308224154,0.8396556362658059,0.2556132448509438,0.38777333333333336,0.09911999999999999,0.471
simArray_Sun_JS_frag_2Gyr_Run008_step.mat,2.8444237866666665e+24,6.113735466666666e+23,3.3785594666666667e+24,6094360.576285112,3650611.294721303,7264.125771586409,6880.210050754318,1.0558,0.5696007834968974,1317045.1496464973,0.8736650169314929,0.21493757348412743,0.4762933333333333,0.10237333333333332,0.5657333333333333
simArray_Sun_JS_frag_2Gyr_Run008_step.mat,3.462167466666667e+24,1.12279572e+24,4.584963186666667e+24,6506978.958278595,4470577.501308415,7814.724586817067,7466.7729665746865,1.0466,0.7460388609285773,540187.5810173497,1.0000000000000002,0.3243042778288868,0.5797333333333333,0.18800999999999998,0.7677433333333333
simArray_Sun_JS_frag_2Gyr_Run008_step.mat,1.1966494533333334e+24,1.1147733333333333e+24,1.1966494533333334e+24,4566523.47170526,4459904.601133889,9742.689210297054,5846.548974014075,1.6664,0.7165145659817869,2108832.73600771,0.0,0.9315788598140168,0.20037666666666668,0.18666666666666665,0.20037666666666668
simArray_Sun_JS_frag_2Gyr_Run008_step.mat,5.15956912e+24,1.1966494533333334e+24,6.123290666666666e+24,7432493.252465803,4566523.47170526,11295.812024310433,8409.001730298842,1.3433,0.5830649343502257,3110746.198109608,0.8053499243092167,0.23192817568714602,0.86396,0.20037666666666668,1.0253333333333332
simArray_Sun_JS_frag_2Gyr_Run008_step.mat,6.291820506666667e+24,5.5738666666666665e+23,6.291900133333334e+24,7940639.629271604,3539828.627758874,10113.5377253252,8923.972227411277,1.1333,0.7490041749187679,398762.04568586,0.00014285714285704944,0.08858909215163921,1.0535533333333333,0.09333333333333332,1.0535666666666668
simArray_Sun_JS_frag_2Gyr_Run008_step.mat,6.323352666666667e+24,5.948311066666667e+23,6.323352666666667e+24,7953882.664490506,3617383.910704533,19512.63227707517,8933.537348720432,2.1842,0.9491373404767811,17062.34932586475,0.0,0.09406894380607587,1.0588333333333333,0.09960333333333334,1.0588333333333333
simArray_Sun_JS_frag_2Gyr_Run008_step.mat,6.467934786666667e+24,5.948311066666667e+23,6.467875066666667e+24,8014047.695670739,3617383.910704533,10409.302860114376,9003.02963165056,1.1562,0.7765710587886394,318899.5199884861,-0.00010039824637723094,0.09196615709436065,1.0830433333333334,0.09960333333333334,1.0830333333333333
simArray_Sun_JS_frag_2Gyr_Run008_step.mat,6.527057586666666e+24,4.470440133333333e+23,6.920552666666667e+24,8038392.227488761,3288870.7503314517,10522.513398216934,9065.661581990982,1.1607,0.5528173538016303,1384899.5219499096,0.8802155229995134,0.06849089461789724,1.0929433333333332,0.07485666666666665,1.1588333333333334
simArray_Sun_JS_frag_2Gyr_Run008_step.mat,7.06165112e+24,6.409946666666667e+23,7.061690933333334e+24,8252118.665262668,3708641.4733209005,10824.6863611515,9271.679966725054,1.1675,0.7984590294141162,260016.64948461618,6.211180124387052e-05,0.090771217067244,1.1824599999999998,0.10733333333333334,1.1824666666666668
simArray_Sun_JS_frag_2Gyr_Run008_step.mat,7.06165112e+24,4.7138986666666666e+23,7.480726266666667e+24,8252118.665262668,3347522.1508153365,9877.685708931598,9310.666140947873,1.0609,0.5046042254306514,1433900.897269427,0.889020270270272,0.06675349130907882,1.1824599999999998,0.07893333333333333,1.2526333333333333
simArray_Sun_JS_frag_2Gyr_Run008_step.mat,1.14387688e+24,4.769239199999999e+23,1.4084762933333334e+24,4498383.450137282,3360571.038426513,7601.6650810902,5246.869879272639,1.4488,0.35081755729736847,4921086.588958814,0.5548042407546543,0.416936410149316,0.19154,0.07985999999999999,0.23584666666666668
simArray_Sun_JS_frag_2Gyr_Run008_step.mat,1.4937763599999998e+24,6.131253333333334e+23,1.4937763599999998e+24,4916906.004457153,3654094.7045586845,6942.6752317570545,5728.279894188989,1.212,0.7061275347369858,716691.531209352,0.0,0.41045323098655373,0.25012999999999996,0.10266666666666667,0.25012999999999996
simArray_Sun_JS_frag_2Gyr_Run008_step.mat,3.994750426666667e+24,6.131253333333334e+23,3.9946708e+24,6824852.387411375,3654094.7045586845,24947.124146386104,7661.422562000523,3.2562,0.7258647189466801,4252502.716428947,-0.00012987012987004492,0.15348276308839212,0.6689133333333334,0.10266666666666667,0.6689
simArray_Sun_JS_frag_2Gyr_Run009_step.mat,6.131253333333334e+23,5.5738666666666665e+23,1.0962601333333333e+24,3654094.7045586845,3539828.627758874,4822.57857452521,4660.39676703248,1.0348,0.48731940800712026,1940780.4725231137,0.8667857142857143,0.9090909090909091,0.10266666666666667,0.09333333333333332,0.18356666666666666
simArray_Sun_JS_frag_2Gyr_Run009_step.mat,1.2634761333333335e+24,6.131253333333334e+23,1.7363988133333334e+24,4649994.003912831,3654094.7045586845,5642.836369475148,5492.346086699579,1.0274,0.32567529172908993,3163356.6698525744,0.7713311688311687,0.48526863084922006,0.21156666666666668,0.10266666666666667,0.29075666666666666
simArray_Sun_JS_frag_2Gyr_Run009_step.mat,6.131253333333331e+23,6.131253333333331e+23,1.2262506666666662e+24,3654094.704558684,3654094.704558684,4771.437986026249,4732.630416610046,1.0082,0.6909500000000001,651608.3680700314,1.0,1.0,0.10266666666666663,0.10266666666666663,0.20533333333333326
simArray_Sun_JS_frag_2Gyr_Run009_step.mat,8.083898266666668e+23,6.131253333333334e+23,8.083898266666668e+23,4006855.2951370417,3654094.7045586845,7134.277383048193,4976.824124902821,1.4335,0.7545134022535424,692893.2390984782,0.0,0.7584525597773892,0.13536333333333334,0.10266666666666667,0.13536333333333334
simArray_Sun_JS_frag_2Gyr_Run009_step.mat,8.083898266666668e+23,6.868357386666667e+23,1.4952255653333335e+24,4006855.2951370417,3795022.371154719,5072.5843774923715,5057.916419874735,1.0029,0.7831003272996568,271529.5035517029,1.0,0.8496343175158215,0.13536333333333334,0.11500933333333334,0.2503726666666667
simArray_Sun_JS_frag_2Gyr_Run009_step.mat,1.66242564e+24,6.131253333333334e+23,1.66242564e+24,5095390.286371568,3654094.7045586845,6393.514611978833,5892.097144944091,1.0851,0.8315001692582844,129097.16918968184,0.0,0.36881368921459445,0.27837,0.10266666666666667,0.27837
simArray_Sun_JS_frag_2Gyr_Run009_step.mat,1.8482225226666663e+24,8.360799999999996e+23,2.6843025226666657e+24,5278551.925456164,4052092.246393599,6313.449512577896,6196.946910657534,1.0188,0.9654613925972502,1434.1715846514123,0.9999999999999999,0.45236977135939255,0.3094813333333333,0.13999999999999993,0.4494813333333332
simArray_Sun_JS_frag_2Gyr_Run009_step.mat,1.66242564e+24,6.131253333333334e+23,2.2755509733333335e+24,5095390.286371568,3654094.7045586845,6042.345622140166,5892.097144944091,1.0255,0.6822983599264645,618599.7207313349,1.0,0.36881368921459445,0.27837,0.10266666666666667,0.3810366666666667
simArray_Sun_JS_frag_2Gyr_Run009_step.mat,6.131253333333334e+23,5.5738666666666665e+23,1.05429688e+24,3654094.7045586845,3539828.627758874,5119.911888261882,4660.39676703248,1.0986,0.3369686212965641,3521184.7093821657,0.7915000000000001,0.9090909090909091,0.10266666666666667,0.09333333333333332,0.17654
simArray_Sun_JS_frag_2Gyr_Run009_step.mat,1.3098586666666668e+24,5.8525599999999994e+23,1.7085493866666667e+24,4706212.409239697,3597868.9210030413,6223.093978528552,5519.373816876765,1.1275,0.17591450200612388,4901093.002392493,0.6812244897959182,0.4468085106382978,0.21933333333333335,0.09799999999999999,0.2860933333333333
simArray_Sun_JS_frag_2Gyr_Run009_step.mat,2.97536984e+24,5.8525599999999994e+23,2.975449466666667e+24,6186481.199738756,3597868.9210030413,9735.995268063149,6969.715275297551,1.3969,0.7397082347075349,659083.7337491977,0.00013605442176861852,0.19670025290032514,0.49822,0.09799999999999999,0.4982333333333333
simArray_Sun_JS_frag_2Gyr_Run009_step.mat,2.97536984e+24,5.200815733333333e+23,2.975449466666667e+24,6186481.199738756,3459026.3279706873,9397.112938088358,6955.157233430803,1.3511,0.9432203775902618,7775.073380130497,0.00015310418739942526,0.17479560568958824,0.49822,0.08708666666666666,0.4982333333333333
simArray_Sun_JS_frag_2Gyr_Run009_step.mat,2.975449466666667e+24,5.200815733333333e+23,3.4955310400000003e+24,6186536.386657637,3459026.3279706873,7345.40420409675,6955.21655534206,1.0561,0.7769759422569722,232333.220619151,1.0000000000000004,0.17479092794540707,0.4982333333333333,0.08708666666666666,0.5853200000000001
simArray_Sun_JS_frag_2Gyr_Run009_step.mat,3.3784798399999996e+24,6.674108133333334e+23,3.8525372000000003e+24,6454121.7837631535,3758903.0536933714,8785.179115716097,7271.897289724441,1.2081,0.3399891388621484,4093531.5917431996,0.7102931965281725,0.19754766786867478,0.5657199999999999,0.11175666666666667,0.6451
simArray_Sun_JS_frag_2Gyr_Run010_step.mat,5.5738666666666665e+23,5.5738666666666665e+23,1.0021215066666668e+24,3539828.627758874,3539828.627758874,4668.078187345488,4584.637779753966,1.0182,0.18945,4195099.983721955,0.7978928571428574,1.0,0.09333333333333332,0.09333333333333332,0.16780333333333333
simArray_Sun_JS_frag_2Gyr_Run010_step.mat,6.131253333333331e+23,6.131253333333334e+23,1.2262506666666665e+24,3654094.704558684,3654094.7045586845,4814.978185859062,4732.630416610047,1.0174,0.9593499999999999,2260.3202097672247,1.0,0.9999999999999996,0.10266666666666663,0.10266666666666667,0.20533333333333328
simArray_Sun_JS_frag_2Gyr_Run010_step.mat,5.5738666666666665e+23,5.5738666666666665e+23,5.573866666666667e+23,3539828.627758874,3539828.627758874,12980.02648203943,4584.637779753966,2.8312,0.9008,224068.5114201613,1.2039911970146398e-16,1.0,0.09333333333333332,0.09333333333333332,0.09333333333333334
simArray_Sun_JS_frag_2Gyr_Run010_step.mat,6.68864e+23,5.5738666666666665e+23,6.68864e+23,3761629.2247258904,3539828.627758874,9322.370423471493,4734.811531043472,1.9689,0.8806637149262178,174090.69829700407,0.0,0.8333333333333334,0.11199999999999999,0.09333333333333332,0.11199999999999999
simArray_Sun_JS_frag_2Gyr_Run010_step.mat,6.131253333333331e+23,5.573866666666667e+23,1.1705119999999997e+24,3654094.704558684,3539828.6277588746,4650.143894145008,4660.396767032479,0.9978,0.4859479650202333,1814084.446031816,0.9999999999999999,0.9090909090909095,0.10266666666666663,0.09333333333333334,0.19599999999999995
simArray_Sun_JS_frag_2Gyr_Run010_step.mat,7.803413333333333e+23,5.5738666666666665e+23,7.803413333333335e+23,3959967.142737017,3539828.627758874,11001.36445898122,4879.519408755974,2.2546,0.5578953628945654,6531852.777133654,4.815964788058559e-16,0.7142857142857143,0.13066666666666665,0.09333333333333332,0.13066666666666668
simArray_Sun_JS_frag_2Gyr_Run010_step.mat,1.3934666666666666e+24,6.131253333333334e+23,1.8381616933333334e+24,4804286.593457831,3654094.7045586845,5870.449369827934,5627.347938868802,1.0432,0.12632125471047015,4597104.709940831,0.7252922077922079,0.44000000000000006,0.2333333333333333,0.10266666666666667,0.30779666666666666
simArray_Sun_JS_frag_2Gyr_Run010_step.mat,1.8381616933333334e+24,7.803413333333333e+23,1.8381616933333334e+24,5268956.532385914,3959967.142737017,11971.689914661916,6154.16126801106,1.9453,0.8393062149966642,432835.0036684028,0.0,0.4245226827234429,0.30779666666666666,0.13066666666666665,0.30779666666666666
simArray_Sun_JS_frag_2Gyr_Run010_step.mat,7.803413333333333e+23,6.68864e+23,7.803413333333335e+23,3959967.142737017,3761629.2247258904,6712.094330808487,5005.290328716247,1.341,0.6463873983024161,1626326.1544842587,4.0133039900487996e-16,0.8571428571428572,0.13066666666666665,0.11199999999999999,0.13066666666666668
simArray_Sun_JS_frag_2Gyr_Run010_step.mat,7.803413333333333e+23,3.412798933333333e+23,7.803413333333335e+23,3959967.142737017,3005847.520722324,8323.23281604278,4636.1236651494355,1.7952999999999997,0.7805310864067408,500075.90482883656,7.8655514503989535e-16,0.43734693877551023,0.13066666666666665,0.057146666666666665,0.13066666666666668
simArray_Sun_JS_frag_2Gyr_Run010_step.mat,2.033247026666667e+24,3.412798933333333e+23,2.0332669333333336e+24,5449124.876016078,3005847.520722324,6599.769734706224,6122.803353470845,1.0779,0.7652645773601195,209695.2728999252,5.832944470364827e-05,0.1678496950234484,0.34046333333333334,0.057146666666666665,0.3404666666666667
simArray_Sun_JS_frag_2Gyr_Run010_step.mat,8.242952533333334e+23,7.008142e+23,8.242952533333334e+23,4032963.6873518717,3820595.0586460284,8075.430484562855,5091.375376434559,1.5861,0.9537616892896715,8357.799196965094,0.0,0.850198029366306,0.13802666666666666,0.11735,0.13802666666666666
simArray_Sun_JS_frag_2Gyr_Run010_step.mat,1.1114290133333332e+24,7.926635599999999e+23,1.6713040133333333e+24,4455440.22918008,3980702.0867639915,7087.8919997260755,5488.958413789263,1.2913,0.3853816843616011,5234683.536047266,0.7063211029910347,0.713193150881215,0.18610666666666664,0.13273,0.27985666666666664
simArray_Sun_JS_frag_2Gyr_Run010_step.mat,2.1447442666666665e+24,5.573866666666667e+23,2.7021309333333334e+24,5546962.337970151,3539828.6277588746,6664.527251569582,6300.366091481927,1.0578,0.6430400070668912,808637.7035670597,1.0000000000000004,0.25988490811212184,0.3591333333333333,0.09333333333333334,0.45246666666666663
simArray_Sun_JS_frag_2Gyr_Run010_step.mat,7.1496784e+23,6.189778933333333e+23,7.1496784e+23,3846144.066412845,3665684.5705339517,5933.012707926824,4868.712217238491,1.2186,0.9434839389599811,8254.508731789756,0.0,0.8657422875598618,0.11972,0.10364666666666665,0.11972
simArray_Sun_JS_frag_2Gyr_Run010_step.mat,1.842103213333333e+24,8.845706493333333e+23,2.7266738626666665e+24,5272719.870401878,4128962.010086832,6235.090238757925,6222.023988382322,1.0021,0.7554343739465201,396094.752973575,1.0000000000000002,0.4801960296962297,0.3084566666666666,0.14811966666666665,0.45657633333333325
simArray_Sun_JS_frag_2Gyr_Run010_step.mat,3.089932706666667e+24,8.137447199999998e+23,3.0899128e+24,6264884.265350589,4015683.1646699803,8381.013337293509,7119.447279386263,1.1772,0.6519873266844751,1212733.554631727,-2.446303635271578e-05,0.26335354108013725,0.5174033333333333,0.13625999999999996,0.5174
simArray_Sun_JS_frag_2Gyr_Run010_step.mat,3.089932706666667e+24,8.137447199999998e+23,3.7965994666666666e+24,6264884.265350589,4015683.1646699803,7413.480452024915,7119.447279386263,1.0413,0.5576536149630461,1654714.2498136424,0.8684133274622042,0.26335354108013725,0.5174033333333333,0.13625999999999996,0.6357333333333333
simArray_Sun_JS_frag_2Gyr_Run010_step.mat,1.2532441066666668e+24,5.514146666666667e+23,1.2532441066666668e+24,4637407.595521307,3527140.9610942807,6349.855337339775,5431.869407476283,1.169,0.608150258167231,1257242.9640772233,0.0,0.43998983416989645,0.20985333333333334,0.09233333333333334,0.20985333333333334
simArray_Sun_JS_frag_2Gyr_Run010_step.mat,2.872611626666667e+24,7.607332666666667e+23,2.8725320000000003e+24,6114425.859110476,3926517.295262864,7672.7843358301,6949.985811440307,1.104,0.9611047672579272,2169.5544871606444,-0.00010467094073001136,0.2648228739328085,0.48101333333333335,0.12738333333333332,0.48100000000000004
simArray_Sun_JS_frag_2Gyr_Run010_step.mat,2.872611626666667e+24,7.607332666666667e+23,3.436686933333333e+24,6114425.859110476,3926517.295262864,7364.20496580215,6949.985811440307,1.0596,0.1521155489203765,4810675.72121,0.7414889441318846,0.2648228739328085,0.48101333333333335,0.12738333333333332,0.5754666666666666
simArray_Sun_JS_frag_2Gyr_Run010_step.mat,3.5337120266666667e+24,3.331380666666667e+23,3.7707208e+24,6551495.245557766,2981751.632276942,12539.23911577524,7358.2765775337375,1.7040999999999997,0.5558971221497786,2436816.3821224575,0.7114430833582317,0.0942742544250031,0.5917133333333333,0.05578333333333333,0.6314
simArray_Sun_JS_frag_2Gyr_Run010_step.mat,4.378073200000001e+24,5.806376533333333e+23,4.958710853333334e+24,7036516.62626934,3588380.135702356,8038.190293884778,7892.959832958345,1.0184,0.8492909741791466,80678.68148592887,0.9999999999999998,0.1326240167325967,0.7331000000000001,0.09722666666666666,0.8303266666666668
simArray_Sun_JS_frag_2Gyr_Run011_step.mat,5.573866666666664e+23,5.573866666666664e+23,1.1147733333333328e+24,3539828.6277588736,3539828.6277588736,4566.29922863495,4584.637779753966,0.9959999999999999,0.8388,109258.83946603468,1.0,1.0,0.09333333333333328,0.09333333333333328,0.18666666666666656
simArray_Sun_JS_frag_2Gyr_Run011_step.mat,6.131253333333334e+23,5.5738666666666665e+23,1.0681121066666667e+24,3654094.7045586845,3539828.627758874,5023.441675184311,4660.39676703248,1.0779,0.3870516874102831,2954174.1667286474,0.8162857142857143,0.9090909090909091,0.10266666666666667,0.09333333333333332,0.17885333333333334
simArray_Sun_JS_frag_2Gyr_Run011_step.mat,8.3608e+23,7.246026666666667e+23,1.4200022533333334e+24,4052092.2463936,3863343.771591996,5294.4084027054305,5130.24070029596,1.032,0.31734094973818583,3866039.6423816164,0.8058516483516485,0.8666666666666667,0.13999999999999999,0.12133333333333332,0.23777666666666666
simArray_Sun_JS_frag_2Gyr_Run011_step.mat,1.6153463733333334e+24,5.8360374666666675e+23,1.6153463733333334e+24,5046829.105197149,3594479.9801952695,6787.542544776496,5828.217881484196,1.1646,0.7386293796772556,469212.85221055266,0.0,0.3612870628250315,0.27048666666666665,0.09772333333333334,0.27048666666666665
simArray_Sun_JS_frag_2Gyr_Run011_step.mat,1.6989543733333332e+24,1.1147733333333333e+24,2.4662369333333336e+24,5132440.821925723,4459904.601133889,7508.924446079091,6257.437038399243,1.2,0.2728249932293606,7489780.021305295,0.6882857142857147,0.656152602348089,0.2844866666666666,0.18666666666666665,0.4129666666666667
simArray_Sun_JS_frag_2Gyr_Run011_step.mat,6.7405964e+23,2.5990144e+23,6.7405964e+23,3771344.046344624,2744940.535133436,7516.3412908437385,4374.034736291747,1.7184,0.7160957951108654,740824.0694650725,0.0,0.3855763267475857,0.11287,0.043519999999999996,0.11287
simArray_Sun_JS_frag_2Gyr_Run011_step.mat,5.5738666666666665e+23,3.1235550666666665e+23,5.573866666666667e+23,3539828.627758874,2918410.870006596,8051.154219418983,4239.9042705877,1.8989,0.9868728848605025,149.29210870141748,2.1484770579574224e-16,0.5603928571428571,0.09333333333333332,0.05230333333333333,0.09333333333333334
simArray_Sun_JS_frag_2Gyr_Run011_step.mat,7.2517996e+23,2.6195182666666667e+23,9.169806933333334e+23,3864369.4788184683,2752139.999624839,6850.584542609294,4462.630800996218,1.5351,0.5734782672970014,1579237.7250344432,0.7321984953263928,0.36122320129567104,0.12143,0.04386333333333333,0.15354666666666666
simArray_Sun_JS_frag_2Gyr_Run011_step.mat,1.0681121066666665e+24,5.5738666666666665e+23,1.0681121066666667e+24,4396789.337792724,3539828.627758874,10313.604105602699,5228.696631484258,1.9725,0.890092160123345,124711.31943192254,2.4079823940292795e-16,0.5218428507529447,0.1788533333333333,0.09333333333333332,0.17885333333333334
simArray_Sun_JS_frag_2Gyr_Run011_step.mat,6.131253333333334e+23,5.8360374666666675e+23,1.1967290800000002e+24,3654094.7045586845,3594479.9801952695,5392.104307176802,4694.501399248477,1.1486,0.5227139077598553,2149264.322652239,1.0000000000000002,0.9518506493506494,0.10266666666666667,0.09772333333333334,0.20039
simArray_Sun_JS_frag_2Gyr_Run011_step.mat,2.8204163466666667e+24,1.1967290799999999e+24,2.8203765333333334e+24,6077166.283716161,4566624.756999908,8559.329828006923,7097.87696161118,1.2059,0.8576943268123619,157321.42286306448,-3.3268459836630105e-05,0.42430936886831067,0.4722733333333333,0.20038999999999998,0.47226666666666667
simArray_Sun_JS_frag_2Gyr_Run011_step.mat,1.0786825466666667e+24,8.317403466666667e+23,1.0786825466666667e+24,4411245.847970896,4045069.3187869065,7771.040406775318,5491.513254734872,1.4151,0.8526908376639678,208505.58488501058,0.0,0.7710705519774115,0.18062333333333333,0.13927333333333333,0.18062333333333333
simArray_Sun_JS_frag_2Gyr_Run011_step.mat,2.8482856799999995e+24,5.5738666666666665e+23,3.2559344e+24,6097117.447121276,3539828.627758874,7858.714656254946,6868.305065770796,1.1442,0.14880668755643717,4299199.673780529,0.7313571428571443,0.19569198082218592,0.47693999999999986,0.09333333333333332,0.5452
simArray_Sun_JS_frag_2Gyr_Run011_step.mat,1.0786825466666667e+24,5.191857733333333e+23,1.4897552133333334e+24,4411245.847970896,3457039.2188466326,6332.701486993895,5206.529217293345,1.2163,0.510122925514717,2159204.555937272,0.7917641194739466,0.48131470647941377,0.18062333333333333,0.08693666666666665,0.24945666666666666
simArray_Sun_JS_frag_2Gyr_Run011_step.mat,1.489755213333333e+24,1.3754312266666666e+24,2.6021994666666666e+24,4912490.044884714,4783469.4573683385,6601.504791931764,6280.567778452825,1.0511,0.3309966121019205,5987586.925748929,0.8087967117260545,0.9232598848163343,0.2494566666666666,0.23031333333333331,0.4357333333333333
simArray_Sun_JS_frag_2Gyr_Run011_step.mat,1.8154879999999996e+24,8.874790133333332e+23,2.195506266666667e+24,5247202.678034622,4133482.239794799,12127.089112201798,6201.845715557839,1.9554,0.4906727205412859,8661803.89341974,0.42819972186084165,0.48883771929824565,0.30399999999999994,0.14860666666666664,0.36763333333333337
simArray_Sun_JS_frag_2Gyr_Run011_step.mat,3.691253386666667e+24,5.8854059999999994e+23,4.156910133333334e+24,6647443.654186,3604587.075821999,7904.588940924461,7464.9059787746355,1.0589,0.16398102428847555,3589321.1430428433,0.7912058176898367,0.1594419397286278,0.6180933333333333,0.09854999999999998,0.6960666666666667
simArray_Sun_JS_frag_2Gyr_Run011_step.mat,3.199817506666667e+24,3.0588584e+23,3.1997976000000005e+24,6338285.273925526,2898120.9281258993,7562.092601111855,7117.933547733298,1.0624,0.9785618565162664,200.29424734066131,-6.50787452817484e-05,0.09559477669045233,0.5358033333333334,0.051219999999999995,0.5358
simArray_Sun_JS_frag_2Gyr_Run011_step.mat,4.457421173333333e+24,3.0588584e+23,4.457500800000001e+24,7078772.187718112,2898120.9281258993,9788.144666126253,7983.1536303125795,1.2261,0.8472338804482744,84858.09793901253,0.00026031498113050387,0.06862394826631416,0.7463866666666666,0.051219999999999995,0.7464000000000001
simArray_Sun_JS_frag_2Gyr_Run011_step.mat,4.5165638800000004e+24,1.8764024e+23,4.5166236000000003e+24,7109942.650427318,2462476.182275738,8803.991943339503,8099.348613927786,1.087,0.97709155022378,212.67420485210508,0.00031826861871398664,0.04154491002128812,0.75629,0.03142,0.7563
simArray_Sun_JS_frag_2Gyr_Run011_step.mat,4.5444929333333337e+24,1.8763824933333333e+23,4.732131182666667e+24,7124567.784796044,2462467.4741461305,9118.817093254513,8117.1595987667015,1.1234,0.6497326280757294,443220.55322300806,0.9999999999999994,0.04128914976564895,0.7609666666666667,0.031419666666666665,0.7923863333333333
simArray_Sun_JS_frag_2Gyr_Run011_step.mat,4.3720812933333337e+24,7.027451466666666e+23,4.3721012e+24,7033305.061256561,3824100.790527121,9234.578576791591,7898.878262587966,1.1691,0.928799469642463,13875.445504438301,2.8327006967661228e-05,0.1607346935058667,0.7320966666666667,0.11767333333333331,0.7321
simArray_Sun_JS_frag_2Gyr_Run011_step.mat,4.844207706666667e+24,7.027451466666666e+23,4.844287333333334e+24,7277870.060664328,3824100.790527121,16085.075034853453,8166.670915339892,1.9696,0.9156032969262364,65059.746660146106,0.00011330802787370076,0.14506916078341126,0.8111533333333334,0.11767333333333331,0.8111666666666667
simArray_Sun_JS_frag_2Gyr_Run011_step.mat,4.844207706666667e+24,7.027451466666666e+23,5.424964800000001e+24,7277870.060664328,3824100.790527121,8379.00435913873,8166.670915339892,1.026,0.4070950435964723,2512831.63749773,0.8264121012973774,0.14506916078341126,0.8111533333333334,0.11767333333333331,0.9084000000000001
simArray_Sun_JS_frag_2Gyr_Run012_step.mat,6.131253333333331e+23,6.131253333333331e+23,1.2262506666666662e+24,3654094.704558684,3654094.704558684,4720.798840568521,4732.630416610046,0.9974999999999999,0.49415,1899562.3317569832,1.0,1.0,0.10266666666666663,0.10266666666666663,0.20533333333333326
simArray_Sun_JS_frag_2Gyr_Run012_step.mat,1.2262506666666662e+24,6.688639999999997e+23,1.895114666666666e+24,4603870.836582873,3761629.22472589,5486.427250529961,5499.0751233135825,0.9977,0.8994759954772922,28078.875352069277,1.0000000000000002,0.5454545454545454,0.20533333333333326,0.11199999999999995,0.3173333333333332
simArray_Sun_JS_frag_2Gyr_Run012_step.mat,6.131253333333334e+23,5.5738666666666665e+23,1.0924181466666668e+24,3654094.7045586845,3539828.627758874,4660.862806709183,4660.39676703248,1.0001,0.44251893710215046,2133827.6725652902,0.8598928571428572,0.9090909090909091,0.10266666666666667,0.09333333333333332,0.18292333333333333
simArray_Sun_JS_frag_2Gyr_Run012_step.mat,7.246026666666667e+23,6.68864e+23,7.246026666666667e+23,3863343.771591996,3761629.2247258904,5416.700712770227,4939.090647187223,1.0967,0.9544139587198673,3807.375290034386,0.0,0.923076923076923,0.12133333333333332,0.11199999999999999,0.12133333333333332
simArray_Sun_JS_frag_2Gyr_Run012_step.mat,7.451662533333333e+23,6.68864e+23,1.1844864800000001e+24,3899549.5057477034,3761629.2247258904,6947.096746906876,4963.6301421169455,1.3996,0.3321742119562371,6523178.760605968,0.6568154761904765,0.8976037186439773,0.12477666666666666,0.11199999999999999,0.19834000000000002
simArray_Sun_JS_frag_2Gyr_Run012_step.mat,2.2852853333333333e+24,5.5738666666666665e+23,2.2852853333333333e+24,5665568.865333232,3539828.627758874,10132.62573227499,6420.368604913819,1.5782000000000003,0.9575967365001841,4650.987726427038,0.0,0.24390243902439024,0.38266666666666665,0.09333333333333332,0.38266666666666665
simArray_Sun_JS_frag_2Gyr_Run012_step.mat,1.2402251466666664e+24,7.246026666666667e+23,1.78037264e+24,4621293.54968575,3863343.771591996,5646.032770220893,5559.855017450412,1.0155,0.14275696102355354,5004273.961514524,0.7454395604395608,0.5842509068729737,0.2076733333333333,0.12133333333333332,0.29812
simArray_Sun_JS_frag_2Gyr_Run012_step.mat,7.9582872e+23,6.68864e+23,7.9582872e+23,3985993.455618155,3761629.2247258904,9705.41280809368,5023.505594251387,1.9320000000000002,0.9263718836482283,47050.90938927758,0.0,0.8404622542398319,0.13326,0.11199999999999999,0.13326
simArray_Sun_JS_frag_2Gyr_Run012_step.mat,2.4525013333333335e+24,1.7803726399999998e+24,2.4525013333333335e+24,5800513.778007883,5213151.5360553,7700.491631201621,7162.581742351057,1.0751,0.8402415923804498,246966.43608539013,0.0,0.7259415584415583,0.4106666666666667,0.29811999999999994,0.4106666666666667
simArray_Sun_JS_frag_2Gyr_Run012_step.mat,2.4832372266666666e+24,1.7803726399999998e+24,4.0109942666666665e+24,5824644.833318902,5213151.5360553,7221.606996476309,7180.677136796568,1.0057,0.47878218445244436,3976748.4715004973,0.8581108278545553,0.7169563265567882,0.4158133333333333,0.29811999999999994,0.6716333333333333
simArray_Sun_JS_frag_2Gyr_Run012_step.mat,6.409946666666667e+23,5.5738666666666665e+23,1.0540978133333334e+24,3708641.4733209005,3539828.627758874,5081.113312885524,4697.774882475522,1.0816,0.09465427366005984,5387934.92079305,0.7411428571428571,0.8695652173913042,0.10733333333333334,0.09333333333333332,0.17650666666666667
simArray_Sun_JS_frag_2Gyr_Run012_step.mat,4.320582746666666e+24,1.10983648e+24,4.3205429333333336e+24,7005580.927409419,4453311.189705915,9230.93705799087,7953.5904342502745,1.1606,0.6152179473548265,1840164.084124877,-3.587315253165363e-05,0.25687194183614237,0.7234733333333332,0.18583999999999998,0.7234666666666667
simArray_Sun_JS_frag_2Gyr_Run012_step.mat,4.3205429333333336e+24,1.10983648e+24,5.430379413333334e+24,7005559.408986117,4453311.189705915,8234.329722829469,7953.568746092406,1.0353,0.8031510013417517,263187.26824786566,1.0,0.25687430888315516,0.7234666666666667,0.18583999999999998,0.9093066666666667
simArray_Sun_JS_frag_2Gyr_Run012_step.mat,9.254211199999999e+23,6.68864e+23,1.4984146133333334e+24,4191567.9818178467,3761629.2247258904,5294.413136132878,5172.851134472768,1.0235,0.48655345269577344,2082760.1715284684,0.8566666666666669,0.7227671657201858,0.15496,0.11199999999999999,0.25090666666666667
simArray_Sun_JS_frag_2Gyr_Run012_step.mat,5.963241066666666e+24,5.5738666666666665e+23,5.963241066666667e+24,7799932.315346767,3539828.627758874,10220.745764006955,8761.139862855267,1.1666,0.9675146460152809,1241.8453133560135,1.9263859152234236e-15,0.09347042328748832,0.9985333333333332,0.09333333333333332,0.9985333333333334
simArray_Sun_JS_frag_2Gyr_Run012_step.mat,2.2367926933333333e+24,1.0437662533333334e+24,2.8631758666666666e+24,5625208.493030319,4363126.410602657,8328.308903940837,6621.330023804132,1.2578,0.09348751507154562,9996136.16754497,0.6001182461426963,0.4666352212452387,0.37454666666666664,0.17477666666666666,0.4794333333333333
simArray_Sun_JS_frag_2Gyr_Run012_step.mat,6.441735622666668e+24,5.573866666666667e+23,6.999122289333334e+24,8003212.424552113,3539828.6277588746,9126.174548646248,8996.623174927296,1.0144,0.8920468236026277,31665.352916364584,0.9999999999999989,0.08652740492878638,1.0786563333333334,0.09333333333333334,1.1719896666666667
simArray_Sun_JS_frag_2Gyr_Run012_step.mat,1.8072068266666666e+24,5.958065333333333e+23,1.8072068266666666e+24,5239212.313697336,3619360.1387614743,16176.77010585713,6017.4720477093815,2.6883,0.8210210587436023,911410.6753478312,0.0,0.3296836446951004,0.3026133333333333,0.09976666666666666,0.3026133333333333
simArray_Sun_JS_frag_2Gyr_Run013_step.mat,6.68864e+23,6.131253333333334e+23,1.15187936e+24,3761629.2247258904,3654094.7045586845,4816.271813158231,4803.781980010205,1.0026,0.14203012315007543,4639798.462831933,0.7877922077922078,0.9166666666666667,0.11199999999999999,0.10266666666666667,0.19288
simArray_Sun_JS_frag_2Gyr_Run013_step.mat,7.803413333333333e+23,6.131253333333334e+23,7.803413333333335e+23,3959967.142737017,3654094.7045586845,5721.58652360935,4942.628303048851,1.1576,0.8377545653620251,149662.44720141543,4.3781498073259624e-16,0.7857142857142858,0.13066666666666665,0.10266666666666667,0.13066666666666668
simArray_Sun_JS_frag_2Gyr_Run013_step.mat,7.803413333333333e+23,6.68864e+23,7.803413333333335e+23,3959967.142737017,3761629.2247258904,5570.387606828312,5005.290328716247,1.1129,0.8007018763642989,262716.24180984823,4.0133039900487996e-16,0.8571428571428572,0.13066666666666665,0.11199999999999999,0.13066666666666668
simArray_Sun_JS_frag_2Gyr_Run013_step.mat,1.1797486933333333e+24,6.68864e+23,1.8486126933333333e+24,4544923.179800216,3761629.2247258904,5708.775834207327,5450.425658017306,1.0474,0.7369552050905468,444203.465788855,1.0,0.5669546436285097,0.19754666666666665,0.11199999999999999,0.30954666666666664
simArray_Sun_JS_frag_2Gyr_Run013_step.mat,1.8486126933333336e+24,5.5738666666666665e+23,1.8486126933333336e+24,5278923.3437943775,3539828.627758874,7270.1096261955245,6034.788433797231,1.2047,0.6668427260406512,891074.8426425855,0.0,0.3015161957270847,0.3095466666666667,0.09333333333333332,0.3095466666666667
simArray_Sun_JS_frag_2Gyr_Run013_step.mat,6.68864e+23,6.428658933333334e+23,7.790474000000001e+23,3761629.2247258904,3712246.790279802,10241.95318698102,4840.242526928648,2.116,0.2653920249968786,17106528.04476112,0.1713940670093518,0.9611309523809525,0.11199999999999999,0.10764666666666667,0.13045
simArray_Sun_JS_frag_2Gyr_Run013_step.mat,8.082106666666666e+23,5.8525599999999994e+23,1.2493224933333333e+24,4006559.2658327725,3597868.9210030413,5740.541419011175,4945.758093401546,1.1607,0.3628039666714804,3691703.416367398,0.7537074829931975,0.7241379310344828,0.1353333333333333,0.09799999999999999,0.20919666666666667
simArray_Sun_JS_frag_2Gyr_Run013_step.mat,6.452945066666667e+23,6.131253333333334e+23,6.452945066666667e+23,3716915.6140983514,3654094.7045586845,6778.364011549411,4773.831968131144,1.4199,0.7294140427648786,919305.3390530857,0.0,0.9501480750246791,0.10805333333333333,0.10266666666666667,0.10805333333333333
simArray_Sun_JS_frag_2Gyr_Run013_step.mat,1.25125344e+24,6.131253333333334e+23,1.25125344e+24,4634950.924653699,3654094.7045586845,16916.538530072903,5479.395760072848,3.0873,0.9322971572795412,78972.56433633041,0.0,0.4900089092528955,0.20952,0.10266666666666667,0.20952
simArray_Sun_JS_frag_2Gyr_Run013_step.mat,1.25125344e+24,8.295705200000001e+23,1.25125344e+24,4634950.924653699,4041548.6916678576,6899.935934240994,5658.004046118076,1.2195,0.7684408690080726,512240.1520481571,0.0,0.66299159984727,0.20952,0.13891,0.20952
simArray_Sun_JS_frag_2Gyr_Run013_step.mat,1.4315083066666664e+24,8.295705200000001e+23,1.4315083066666667e+24,4847613.684772206,4041548.6916678576,6279.179153399311,5827.003668707602,1.0776,0.9895189961128589,47.31611758198046,3.2358364904288064e-16,0.5795080029480888,0.23970333333333327,0.13891,0.23970333333333332
simArray_Sun_JS_frag_2Gyr_Run013_step.mat,2.07192568e+24,1.45937764e+24,2.0718858666666666e+24,5483461.13562408,4878870.318519535,7633.545890330758,6744.606724095033,1.1318,0.9479596673612478,9360.95700444345,-2.7281035588093082e-05,0.7043581022655214,0.34693999999999997,0.24437,0.3469333333333333
simArray_Sun_JS_frag_2Gyr_Run013_step.mat,6.43483e+23,6.131253333333334e+23,6.099800800000001e+23,3713434.2435455904,3654094.7045586845,11985.108169249359,4771.521685344916,2.5118,0.34223440031630126,19460678.66163723,-0.05464285714285708,0.9528228924980665,0.10775,0.10266666666666667,0.10214000000000001
simArray_Sun_JS_frag_2Gyr_Run013_step.mat,1.54788268e+24,1.3268788666666667e+24,1.54788268e+24,4975568.682235212,4726508.802246852,7813.540121151534,6289.069640334461,1.2424,0.8773075002043407,134784.14655327224,0.0,0.8572218578391657,0.25919,0.22218333333333332,0.25919
simArray_Sun_JS_frag_2Gyr_Run013_step.mat,1.54788268e+24,1.3268788666666667e+24,2.8747615466666666e+24,4975568.682235212,4726508.802246852,6613.5856337757195,6289.069640334461,1.0516,0.67766068321156,1267519.8861326848,1.0,0.8572218578391657,0.25919,0.22218333333333332,0.48137333333333326
simArray_Sun_JS_frag_2Gyr_Run013_step.mat,1.2491831466666668e+24,6.900247866666666e+23,1.7040106666666667e+24,4632393.221357318,3800886.861955045,6811.775406202704,5540.280932251081,1.2295,0.27739604918548,5553421.531871684,0.6591466405100539,0.5523808006119326,0.20917333333333335,0.11554333333333332,0.2853333333333333
simArray_Sun_JS_frag_2Gyr_Run013_step.mat,6.938468666666667e+23,5.5738666666666665e+23,6.938468666666667e+23,3807891.708600793,3539828.627758874,6115.077615755456,4767.719956148024,1.2826,0.7091613147365525,810931.0250641459,0.0,0.8033280734471381,0.11618333333333332,0.09333333333333332,0.11618333333333332
simArray_Sun_JS_frag_2Gyr_Run013_step.mat,1.6542041866666663e+24,7.2195508e+23,1.654204186666667e+24,5086976.72481505,3858632.674456184,6266.593253519184,5954.573597034572,1.0524,0.850027367489688,99470.24375530897,1.1154521802104364e-15,0.4364364966665865,0.27699333333333326,0.12089,0.27699333333333337
simArray_Sun_JS_frag_2Gyr_Run013_step.mat,3.8522585066666667e+24,5.5738666666666665e+23,3.852338133333334e+24,6742720.944845279,3539828.627758874,9378.877073631802,7566.051204930463,1.2396,0.884467606617531,54531.203042625115,0.00014285714285801261,0.1446908782736311,0.6450533333333333,0.09333333333333332,0.6450666666666667
simArray_Sun_JS_frag_2Gyr_Run013_step.mat,3.8522585066666667e+24,5.5738666666666665e+23,4.320343866666667e+24,6742720.944845279,3539828.627758874,8536.775574523042,7566.051204930463,1.1283,0.5231526220043492,1750026.3954030066,0.839785714285715,0.1446908782736311,0.6450533333333333,0.09333333333333332,0.7234333333333334
simArray_Sun_JS_frag_2Gyr_Run013_step.mat,2.5691743066666667e+24,1.9389491466666666e+24,4.118490266666666e+24,5891075.22899554,5363548.164779015,8041.267349982879,7312.237291973156,1.0997,0.40325510660166614,6571708.999589993,0.7990493008357115,0.7546973911561199,0.4302033333333333,0.3246733333333333,0.6896333333333332
simArray_Sun_JS_frag_2Gyr_Run013_step.mat,1.8009163199999997e+24,6.7340272e+23,2.3099696e+24,5233126.381757079,3770118.4987100353,6460.832351351447,6056.841053109072,1.0667,0.34741248071150155,3356382.3845088948,0.7559418233416109,0.373922270858204,0.30155999999999994,0.11275999999999999,0.3868
simArray_Sun_JS_frag_2Gyr_Run013_step.mat,4.607298466666667e+24,6.68864e+23,4.607398e+24,7157238.582738886,3761629.2247258904,9585.407024311253,8031.342291002306,1.1935,0.8188415314859795,201518.787030651,0.0001488095238094265,0.1451748795610188,0.7714833333333333,0.11199999999999999,0.7715
simArray_Sun_JS_frag_2Gyr_Run013_step.mat,4.607298466666667e+24,6.308024533333333e+23,5.1604052e+24,7157238.582738886,3688879.7916015307,8423.343423689184,8029.113929739,1.0491,0.5525913863677543,1439112.4637185775,0.8768303458722537,0.13691373760504655,0.7714833333333333,0.10562666666666666,0.8640999999999999
simArray_Sun_JS_frag_2Gyr_Run014_step.mat,5.573866666666664e+23,5.573866666666664e+23,1.1147733333333328e+24,3539828.6277588736,3539828.6277588736,4595.1824466474,4584.637779753966,1.0023,0.7734,276506.14726464776,1.0,1.0,0.09333333333333328,0.09333333333333328,0.18666666666666656
simArray_Sun_JS_frag_2Gyr_Run014_step.mat,7.246026666666667e+23,6.68864e+23,7.246026666666667e+23,3863343.771591996,3761629.2247258904,5370.2732606866675,4939.090647187223,1.0873,0.9032909728756062,33814.81677520826,0.0,0.923076923076923,0.12133333333333332,0.11199999999999999,0.12133333333333332
simArray_Sun_JS_frag_2Gyr_Run014_step.mat,6.131253333333334e+23,5.5738666666666665e+23,9.399131733333334e+23,3654094.7045586845,3539828.627758874,6628.016282073592,4660.39676703248,1.4222,0.19367822625924008,8032146.46134219,0.5862857142857144,0.9090909090909091,0.10266666666666667,0.09333333333333332,0.15738666666666667
simArray_Sun_JS_frag_2Gyr_Run014_step.mat,9.399131733333333e+23,5.5738666666666665e+23,9.399131733333334e+23,4213334.674693669,3539828.627758874,6025.231325906548,5077.299507800242,1.1867,0.5928324501006416,1470481.0449408747,2.4079823940292795e-16,0.5930193154862758,0.15738666666666665,0.09333333333333332,0.15738666666666667
simArray_Sun_JS_frag_2Gyr_Run014_step.mat,1.0244766933333333e+24,6.131253333333334e+23,1.0244766933333333e+24,4336081.197751718,3654094.7045586845,5981.085930743963,5230.508028634861,1.1435,0.7584447646797724,403854.25104188797,0.0,0.5984766050054408,0.17154666666666665,0.10266666666666667,0.17154666666666665
simArray_Sun_JS_frag_2Gyr_Run014_step.mat,8.639493333333332e+23,6.8534672e+23,1.27544004e+24,4096624.2983540203,3792277.9266766342,7778.42613493095,5120.080394241015,1.5192,0.372486377114139,6908512.083908868,0.6004124549785061,0.7932718894009219,0.14466666666666664,0.11476,0.21357
simArray_Sun_JS_frag_2Gyr_Run014_step.mat,7.189491733333333e+23,6.584528133333332e+23,1.2389710266666667e+24,3853270.002715462,3742009.891718973,5202.542382661501,4920.127087820599,1.0574,0.27359999122444284,4240373.976143912,0.7897632796202803,0.9158544689334367,0.12038666666666666,0.11025666666666664,0.20746333333333333
simArray_Sun_JS_frag_2Gyr_Run014_step.mat,7.388160266666666e+23,7.246026666666667e+23,1.2698462666666667e+24,3888440.7092484194,3863343.771591996,7017.419168508685,5019.972221552819,1.3979,0.43696012320753663,5115148.160338996,0.7328571428571429,0.9807619766125991,0.12371333333333331,0.12133333333333332,0.2126333333333333
simArray_Sun_JS_frag_2Gyr_Run014_step.mat,1.6371242666666664e+24,6.600851599999999e+23,1.6371242666666664e+24,5069408.172768713,3745099.567295397,10026.931411367696,5898.1949478633505,1.7,0.7762407626788431,727036.8444718275,0.0,0.4031979571984436,0.2741333333333333,0.11052999999999998,0.2741333333333333
simArray_Sun_JS_frag_2Gyr_Run014_step.mat,1.681038373333333e+24,6.161710533333334e+23,2.0081845333333333e+24,5114335.972288815,3660135.32460891,8127.908159126225,5911.635871064241,1.3749,0.09022756833112204,8055221.207889826,0.5309339967046817,0.36654193212230307,0.2814866666666666,0.10317666666666667,0.33626666666666666
simArray_Sun_JS_frag_2Gyr_Run014_step.mat,1.3691805333333333e+24,6.68864e+23,1.3691805333333333e+24,4776212.240232474,3761629.2247258904,6280.999217712143,5644.82719305486,1.1127,0.8166926357362846,187170.9755718737,0.0,0.48851410293690023,0.22926666666666665,0.11199999999999999,0.22926666666666665
simArray_Sun_JS_frag_2Gyr_Run014_step.mat,2.690963293333333e+24,6.68864e+23,2.6909832e+24,5982728.617096987,3761629.2247258904,7306.601601800559,6784.216900464772,1.077,0.9884892601321232,50.383784329208474,2.9761904761885297e-05,0.24855931764549227,0.45059666666666665,0.11199999999999999,0.45059999999999995
simArray_Sun_JS_frag_2Gyr_Run014_step.mat,2.5039202533333337e+24,5.5426131999999994e+23,2.5038605333333337e+24,5840771.410821956,3533200.115003815,15139.098797106742,6599.145110111479,2.2941,0.9934450848029612,37.47448731360375,-0.00010774701002040147,0.221357417139041,0.4192766666666667,0.09280999999999999,0.4192666666666667
simArray_Sun_JS_frag_2Gyr_Run014_step.mat,2.718832626666666e+24,6.68864e+23,2.718852533333333e+24,6003311.375710061,3761629.2247258904,8551.304433594883,6805.112552598189,1.2566,0.7698917119338211,421128.9467251431,2.976190476268796e-05,0.24601146589153533,0.4552633333333332,0.11199999999999999,0.4552666666666666
simArray_Sun_JS_frag_2Gyr_Run014_step.mat,2.75960148e+24,5.005929466666666e+23,2.7596612e+24,6033169.150871752,3415269.2982818657,7491.854325673465,6786.714671323004,1.1039,0.9519296356241072,3093.078937568202,0.00011929852467483351,0.18140044868604238,0.46209,0.08382333333333332,0.46209999999999996
simArray_Sun_JS_frag_2Gyr_Run014_step.mat,2.75960148e+24,5.2846228000000004e+23,3.1386841333333335e+24,6033169.150871752,3477507.244266606,9261.337419365067,6793.323127239101,1.3633,0.48014521160967305,2952113.43922864,0.7173315252194223,0.19149949144106126,0.46209,0.08849,0.5255666666666666
simArray_Sun_JS_frag_2Gyr_Run014_step.mat,1.7960391866666667e+24,6.68864e+23,1.7960391866666667e+24,5228398.09812412,3761629.2247258904,7709.193917533568,6049.748032279344,1.2743,0.9735608248947033,856.2339366147542,0.0,0.3724105826673908,0.3007433333333333,0.11199999999999999,0.3007433333333333
simArray_Sun_JS_frag_2Gyr_Run014_step.mat,1.3691805333333333e+24,6.68864e+23,1.3691805333333333e+24,4776212.240232474,3761629.2247258904,6019.643718673703,5644.82719305486,1.0664,0.7883302022601358,254157.10262368002,0.0,0.48851410293690023,0.22926666666666665,0.11199999999999999,0.22926666666666665
simArray_Sun_JS_frag_2Gyr_Run014_step.mat,1.7960391866666667e+24,6.967333333333333e+23,1.7960391866666667e+24,5228398.09812412,3813164.796205839,7397.476952049428,6066.489217688559,1.2194,0.8974636291450553,43621.96479158876,0.0,0.3879276902785321,0.3007433333333333,0.11666666666666665,0.3007433333333333
simArray_Sun_JS_frag_2Gyr_Run014_step.mat,1.7960391866666667e+24,6.967333333333333e+23,2.4927725199999996e+24,5228398.09812412,3813164.796205839,6350.400913076383,6066.489217688559,1.0468,0.7018373754467484,601024.9899673121,0.9999999999999994,0.3879276902785321,0.3007433333333333,0.11666666666666665,0.4174099999999999
simArray_Sun_JS_frag_2Gyr_Run014_step.mat,1.4097105066666667e+24,6.512266933333333e+23,1.4097105066666667e+24,4822882.605817413,3728270.746386608,6449.6559889492655,5672.021800148857,1.1371,0.7356864988752383,506732.20784806105,0.0,0.4619577496610935,0.23605333333333334,0.10904666666666665,0.23605333333333334
simArray_Sun_JS_frag_2Gyr_Run014_step.mat,1.4097105066666667e+24,6.512266933333333e+23,1.4097105066666667e+24,4822882.605817413,3728270.746386608,7475.724732596194,5672.021800148857,1.318,0.7921996751917815,360313.26603478665,0.0,0.4619577496610935,0.23605333333333334,0.10904666666666665,0.23605333333333334
simArray_Sun_JS_frag_2Gyr_Run014_step.mat,1.4097105066666667e+24,6.512266933333333e+23,1.4097105066666667e+24,4822882.605817413,3728270.746386608,5960.160507596419,5672.021800148857,1.0508,0.8913515354357764,37312.218337601254,0.0,0.4619577496610935,0.23605333333333334,0.10904666666666665,0.23605333333333334
simArray_Sun_JS_frag_2Gyr_Run014_step.mat,3.626059053333333e+24,6.2562672e+23,4.122670666666667e+24,6608075.599562302,3678762.98680813,7696.638076188977,7427.7534030003635,1.0362,0.31810735722429995,2953997.34767951,0.7937826142293505,0.17253627445059924,0.6071766666666666,0.10476,0.6903333333333334
simArray_Sun_JS_frag_2Gyr_Run014_step.mat,2.6696830666666665e+24,1.4933185066666668e+24,4.1630015733333336e+24,5966916.323628409,4916403.597289972,7287.826771887233,7145.628759571755,1.0199,0.8411991728504224,184452.4666379274,1.0000000000000002,0.5593617179926926,0.4470333333333333,0.25005333333333335,0.6970866666666666
simArray_Sun_JS_frag_2Gyr_Run015_step.mat,5.573866666666667e+23,5.573866666666664e+23,1.1147733333333332e+24,3539828.6277588746,3539828.6277588736,4906.020888114719,4584.637779753966,1.0701,0.538,1706131.2991369008,1.0000000000000002,0.9999999999999994,0.09333333333333334,0.09333333333333328,0.18666666666666662
simArray_Sun_JS_frag_2Gyr_Run015_step.mat,6.131253333333334e+23,5.5738666666666665e+23,6.131253333333334e+23,3654094.7045586845,3539828.627758874,5338.484496635706,4660.39676703248,1.1455,0.802141764774697,245548.88487452597,0.0,0.9090909090909091,0.10266666666666667,0.09333333333333332,0.10266666666666667
simArray_Sun_JS_frag_2Gyr_Run015_step.mat,1.1486624426666664e+24,5.573866666666667e+23,1.7060491093333333e+24,4504647.919410782,3539828.6277588746,5755.879667673052,5320.650460041645,1.0818,0.6383633040654557,906634.0211285044,1.0000000000000004,0.48524844720496907,0.19234133333333328,0.09333333333333334,0.28567466666666663
simArray_Sun_JS_frag_2Gyr_Run015_step.mat,6.131253333333334e+23,6.131253333333334e+23,6.131253333333334e+23,3654094.7045586845,3654094.7045586845,5208.733036521018,4732.630416610047,1.1006,0.98475,142.67799199975502,0.0,1.0,0.10266666666666667,0.10266666666666667,0.10266666666666667
simArray_Sun_JS_frag_2Gyr_Run015_step.mat,6.68864e+23,6.385063333333334e+23,6.68864e+23,3761629.2247258904,3703836.2833407884,6410.128573095624,4834.913692182549,1.3258,0.952769079617139,6054.573680776828,0.0,0.9546130952380955,0.11199999999999999,0.10691666666666667,0.11199999999999999
simArray_Sun_JS_frag_2Gyr_Run015_step.mat,6.68864e+23,6.385063333333334e+23,1.3073703333333332e+24,3761629.2247258904,3703836.2833407884,5035.562610408126,4834.913692182549,1.0415,0.6686867870114257,834766.7000501227,0.9999999999999998,0.9546130952380955,0.11199999999999999,0.10691666666666667,0.21891666666666665
simArray_Sun_JS_frag_2Gyr_Run015_step.mat,1.8891028533333334e+24,5.5738666666666665e+23,1.8891028533333334e+24,5317186.743488751,3539828.627758874,7213.769826918448,6072.196824005428,1.188,0.6494436757758353,980137.2333946512,0.0,0.2950536365360703,0.31632666666666664,0.09333333333333332,0.31632666666666664
simArray_Sun_JS_frag_2Gyr_Run015_step.mat,1.6151672133333332e+24,6.131253333333334e+23,2.1481284e+24,5046642.515012791,3654094.7045586845,6290.683638560158,5846.903651417565,1.0759,0.5738764403919757,1368896.9223961057,0.8692532467532469,0.3796048658441895,0.2704566666666666,0.10266666666666667,0.35969999999999996
simArray_Sun_JS_frag_2Gyr_Run015_step.mat,2.5208807333333333e+24,5.5738666666666665e+23,2.9738569333333334e+24,5853929.3719582455,3539828.627758874,8701.121079797313,6613.804408480779,1.3155999999999999,0.5812327638619044,1809336.135713508,0.8126785714285716,0.2211079085560864,0.42211666666666664,0.09333333333333332,0.49796666666666667
simArray_Sun_JS_frag_2Gyr_Run015_step.mat,2.91744144e+24,6.295881466666668e+23,3.334963866666667e+24,6146068.945980471,3686511.216618062,8704.675036154076,6939.313644893237,1.2544,0.17195726239493897,5564790.6765623605,0.6631675467164133,0.2158014683806873,0.48851999999999995,0.10542333333333335,0.5584333333333333
simArray_Sun_JS_frag_2Gyr_Run015_step.mat,1.4802995466666667e+24,6.216055733333332e+23,1.4802995466666667e+24,4902074.576961463,3670864.4258765103,8112.146361194281,5720.836644001609,1.418,0.9328474706524257,16091.901816080803,0.0,0.419918775718781,0.24787333333333333,0.10408666666666663,0.24787333333333333
simArray_Sun_JS_frag_2Gyr_Run015_step.mat,3.7758965333333333e+24,6.216055733333335e+23,4.3975021066666665e+24,6697870.407623397,3670864.425876511,7501.58720073087,7524.15967977018,0.997,0.6197416533705346,895819.802362659,0.9999999999999996,0.16462463095740199,0.6322666666666666,0.10408666666666669,0.7363533333333333
simArray_Sun_JS_frag_2Gyr_Run015_step.mat,5.8161308000000004e+23,4.930284133333333e+23,5.8161308000000004e+23,3590388.412555862,3397979.033498099,4876.352998181992,4530.663382125794,1.0763,0.856088958977106,81733.92594078874,0.0,0.8476914125337988,0.09739,0.08255666666666667,0.09739
simArray_Sun_JS_frag_2Gyr_Run015_step.mat,3.4108082666666665e+24,5.8161308000000004e+23,3.992421346666666e+24,6474642.807439972,3590388.412555862,7422.131639466145,7276.5996465354365,1.02,0.9425352424753805,4952.309913784129,0.9999999999999994,0.17052060231119415,0.5711333333333333,0.09739,0.6685233333333332
simArray_Sun_JS_frag_2Gyr_Run015_step.mat,4.0654987199999996e+24,4.930284133333333e+23,4.0655385333333334e+24,6864906.948242885,3397979.033498099,8954.425968653346,7700.0825252845,1.1629000000000003,0.8896451015247643,39359.28810648062,8.07526143669262e-05,0.12127132420627927,0.6807599999999999,0.08255666666666667,0.6807666666666666
simArray_Sun_JS_frag_2Gyr_Run015_step.mat,4.0654987199999996e+24,4.930284133333333e+23,4.0655385333333334e+24,6864906.948242885,3397979.033498099,10673.084388296846,7700.0825252845,1.3861,0.8576044997480452,115154.63726592866,8.07526143669262e-05,0.12127132420627927,0.6807599999999999,0.08255666666666667,0.6807666666666666
simArray_Sun_JS_frag_2Gyr_Run015_step.mat,4.0654987199999996e+24,4.238129333333334e+23,4.0655385333333334e+24,6864906.948242885,3230884.6073392355,8106.545923804788,7704.377422357715,1.0522,0.838547745559609,86327.84449627357,9.394081728631569e-05,0.10424623460054451,0.6807599999999999,0.07096666666666666,0.6807666666666666
simArray_Sun_JS_frag_2Gyr_Run015_step.mat,4.1041375599999995e+24,4.238129333333334e+23,4.487161733333334e+24,6886586.62746355,3230884.6073392355,8277.165215574316,7729.167257049506,1.0709,0.6049731254421414,880556.6577246867,0.9037576326914074,0.10326479732646521,0.6872299999999999,0.07096666666666666,0.7513666666666667
simArray_Sun_JS_frag_2Gyr_Run015_step.mat,6.528192266666666e+23,5.682358e+23,1.2210550266666666e+24,3731307.355207082,3562647.953300005,4913.923852385994,4727.199473194799,1.0395,0.858758436575639,80109.48303453115,1.0,0.8704336159053486,0.10931333333333332,0.09515,0.20446333333333333
simArray_Sun_JS_frag_2Gyr_Run016_step.mat,5.573866666666664e+23,5.573866666666664e+23,1.1147733333333328e+24,3539828.6277588736,3539828.6277588736,4579.136214418261,4584.637779753966,0.9987999999999999,0.6721,691617.4864319687,1.0,1.0,0.09333333333333328,0.09333333333333328,0.18666666666666656
simArray_Sun_JS_frag_2Gyr_Run016_step.mat,6.131253333333334e+23,5.5738666666666665e+23,1.09383152e+24,3654094.7045586845,3539828.627758874,5023.907714861014,4660.39676703248,1.078,0.5039291064038608,1971524.1414785476,0.8624285714285713,0.9090909090909091,0.10266666666666667,0.09333333333333332,0.18316
simArray_Sun_JS_frag_2Gyr_Run016_step.mat,6.131253333333331e+23,6.131253333333331e+23,1.2262506666666662e+24,3654094.704558684,3654094.704558684,4737.836310068318,4732.630416610046,1.0011,0.5918499999999999,1221151.5813659148,1.0,1.0,0.10266666666666663,0.10266666666666663,0.20533333333333326
simArray_Sun_JS_frag_2Gyr_Run016_step.mat,6.68864e+23,5.5738666666666665e+23,6.68864e+23,3761629.2247258904,3539828.627758874,5034.998582111628,4734.811531043472,1.0634,0.8804576394108495,51033.37525797712,0.0,0.8333333333333334,0.11199999999999999,0.09333333333333332,0.11199999999999999
simArray_Sun_JS_frag_2Gyr_Run016_step.mat,1.2262506666666667e+24,6.131253333333334e+23,1.7414750133333336e+24,4603870.836582874,3654094.7045586845,6339.926991871651,5452.762528486842,1.1627,0.5558898966442287,1791788.8867645843,0.8403246753246756,0.5,0.20533333333333334,0.10266666666666667,0.2916066666666667
simArray_Sun_JS_frag_2Gyr_Run016_step.mat,8.283562133333334e+23,6.68864e+23,1.3888881333333333e+24,4039575.7526854146,3761629.2247258904,5421.8864746216595,5061.507164508645,1.0712,0.46038872355132093,2554523.2792033046,0.8380357142857142,0.8074593867153704,0.13870666666666667,0.11199999999999999,0.23256666666666664
simArray_Sun_JS_frag_2Gyr_Run016_step.mat,5.5738666666666665e+23,5.5738666666666665e+23,5.573866666666667e+23,3539828.627758874,3539828.627758874,8843.307813367426,4584.637779753966,1.9289,0.9781,1211.6580501495475,1.2039911970146398e-16,1.0,0.09333333333333332,0.09333333333333332,0.09333333333333334
simArray_Sun_JS_frag_2Gyr_Run016_step.mat,7.450269066666666e+23,4.464866266666667e+23,1.07788628e+24,3899306.4176683123,3287503.297268407,5050.586099631037,4704.346217987179,1.0736,0.27860677058294825,3186098.035364739,0.7455080476169248,0.5992892641479186,0.12475333333333331,0.07476333333333333,0.18049
simArray_Sun_JS_frag_2Gyr_Run016_step.mat,1.5003654666666665e+24,5.8607217333333334e+23,1.5003654666666665e+24,4924124.956164684,3599540.6228988376,6467.307897906304,5716.199308738116,1.1314,0.7149042365319181,558736.0031801878,0.0,0.39061960992437317,0.2512333333333333,0.09813666666666666,0.2512333333333333
simArray_Sun_JS_frag_2Gyr_Run016_step.mat,2.2469251866666665e+24,5.3363801333333334e+23,2.246865466666667e+24,5633689.615594329,3488823.225990853,7512.743359596573,6378.624010525194,1.1778,0.9341196949268674,9211.165964215033,-0.0001119110680035464,0.23749700991379694,0.37624333333333326,0.08935666666666667,0.37623333333333336
simArray_Sun_JS_frag_2Gyr_Run016_step.mat,2.2469251866666665e+24,5.3363801333333334e+23,2.6242958666666666e+24,5633689.615594329,3488823.225990853,7884.617139410192,6378.624010525194,1.2361,0.3949907159032292,3270878.1896508806,0.7071660387212297,0.23749700991379694,0.37624333333333326,0.08935666666666667,0.4394333333333333
simArray_Sun_JS_frag_2Gyr_Run016_step.mat,2.92162184e+24,6.131253333333334e+23,2.9217014666666665e+24,6149003.111077881,3654094.7045586845,7739.695507477245,6937.697658190432,1.1156,0.9891121345736645,43.33486537534264,0.00012987012987004492,0.20985786898873038,0.48921999999999993,0.10266666666666667,0.4892333333333333
simArray_Sun_JS_frag_2Gyr_Run016_step.mat,2.92162184e+24,1.9918212533333336e+24,4.3115849333333336e+24,6149003.111077881,5411863.482147618,8698.060122957837,7532.092243642048,1.1548,0.2161563619985376,11491849.128907995,0.69783525555178,0.6817519043920255,0.48921999999999993,0.3335266666666667,0.7219666666666666
simArray_Sun_JS_frag_2Gyr_Run016_step.mat,4.5664101733333333e+24,6.668335200000001e+23,4.566390266666667e+24,7136002.9075517515,3757818.955966794,9394.750668395805,8007.799751445453,1.1732,0.9110441650472726,25945.267342872045,-2.9852528508340094e-05,0.14603014067683565,0.7646366666666666,0.11166000000000001,0.7646333333333334
simArray_Sun_JS_frag_2Gyr_Run016_step.mat,4.5664101733333333e+24,6.668335200000001e+23,4.566390266666667e+24,7136002.9075517515,3757818.955966794,10016.155929107972,8007.799751445453,1.2508,0.6694615593027844,1061414.7831086721,-2.9852528508340094e-05,0.14603014067683565,0.7646366666666666,0.11166000000000001,0.7646333333333334
simArray_Sun_JS_frag_2Gyr_Run016_step.mat,4.680853599999999e+24,6.409946666666667e+23,4.680853600000001e+24,7195125.907498327,3708641.4733209005,10074.191405011808,8071.621989433385,1.2481,0.9437535407263025,7549.682726193419,2.5126772807262046e-15,0.1369396955005529,0.7837999999999998,0.10733333333333334,0.7838
simArray_Sun_JS_frag_2Gyr_Run016_step.mat,3.035667133333333e+24,6.676895066666666e+23,3.0355676e+24,6227992.700254849,3759426.1874816422,10791.605062503328,7035.403261296909,1.5339,0.9890039191940622,89.18735876104056,-0.0001490712858888146,0.21994819502278762,0.5083166666666666,0.11180333333333331,0.5083
simArray_Sun_JS_frag_2Gyr_Run016_step.mat,3.063536466666666e+24,6.676895066666666e+23,3.5909635999999996e+24,6246993.634700419,3759426.1874816422,8320.80604956849,7055.117898565788,1.1793999999999998,0.4904489604305308,2493349.767769753,0.7899287439253456,0.2179473017317002,0.5129833333333332,0.11180333333333331,0.6013
simArray_Sun_JS_frag_2Gyr_Run016_step.mat,4.830292946666667e+24,6.627526533333333e+23,4.830352666666667e+24,7270894.930732843,3750137.6047315546,9362.235040724689,8156.678028162301,1.1478,0.8582414746488897,94044.60955192763,9.010903192857472e-05,0.1372075484139511,0.8088233333333333,0.11097666666666665,0.8088333333333333
simArray_Sun_JS_frag_2Gyr_Run016_step.mat,4.493193453333333e+24,6.511470666666667e+23,4.777799066666667e+24,7097658.251611988,3728118.7860552175,14207.696787827275,7964.402033649461,1.7839,0.10116305410809776,11475466.990338571,0.4370834607153786,0.14491854700438167,0.7523766666666666,0.10903333333333333,0.8000333333333334
simArray_Sun_JS_frag_2Gyr_Run016_step.mat,1.2222892400000002e+24,6.627526533333333e+23,1.2222892400000002e+24,4598907.856931396,3750137.6047315546,5884.014071542527,5489.84332108838,1.0718,0.9404877852181058,6977.613099211612,0.0,0.5422224393739514,0.20467000000000002,0.11097666666666665,0.20467000000000002
simArray_Sun_JS_frag_2Gyr_Run016_step.mat,4.872096946666666e+24,1.2222892400000002e+24,5.8185196e+24,7291810.144348401,4598907.856931396,9656.854648230783,8271.395844309021,1.1675,0.4635446982696683,4072669.076847464,0.7743033501083048,0.25087539377397894,0.8158233333333331,0.20467000000000002,0.9742999999999999
simArray_Sun_JS_frag_2Gyr_Run017_step.mat,6.131253333333331e+23,5.573866666666664e+23,1.1705119999999995e+24,3654094.704558684,3539828.6277588736,4704.204496642585,4660.396767032479,1.0094,0.7104582613920772,510690.2996625523,1.0,0.909090909090909,0.10266666666666663,0.09333333333333328,0.1959999999999999
simArray_Sun_JS_frag_2Gyr_Run017_step.mat,6.688639999999997e+23,6.131253333333334e+23,1.2819893333333332e+24,3761629.22472589,3654094.7045586845,4990.168720834599,4803.781980010203,1.0388,0.5460550984680578,1626251.1561734849,1.0000000000000002,0.9166666666666672,0.11199999999999995,0.10266666666666667,0.21466666666666662
simArray_Sun_JS_frag_2Gyr_Run017_step.mat,6.131253333333334e+23,5.573866666666667e+23,1.1705120000000001e+24,3654094.7045586845,3539828.6277588746,5168.846054315723,4660.39676703248,1.1091,0.628019299624769,1120756.9046903967,1.0000000000000002,0.9090909090909092,0.10266666666666667,0.09333333333333334,0.196
simArray_Sun_JS_frag_2Gyr_Run017_step.mat,6.131253333333334e+23,5.5738666666666665e+23,6.131253333333334e+23,3654094.7045586845,3539828.627758874,7103.842791987609,4660.39676703248,1.5243,0.7672969540708315,667952.8016197797,0.0,0.9090909090909091,0.10266666666666667,0.09333333333333332,0.10266666666666667
simArray_Sun_JS_frag_2Gyr_Run017_step.mat,6.131253333333334e+23,6.131253333333334e+23,6.131253333333334e+23,3654094.7045586845,3654094.7045586845,5863.255823138187,4732.630416610047,1.2389,0.65085,1314171.5141367062,0.0,1.0,0.10266666666666667,0.10266666666666667,0.10266666666666667
simArray_Sun_JS_frag_2Gyr_Run017_step.mat,5.5738666666666665e+23,5.5738666666666665e+23,1.0100841733333333e+24,3539828.627758874,3539828.627758874,5116.455762205427,4584.637779753966,1.116,0.38595,3217099.1181326024,0.8121785714285714,1.0,0.09333333333333332,0.09333333333333332,0.16913666666666666
simArray_Sun_JS_frag_2Gyr_Run017_step.mat,6.131253333333334e+23,5.5738666666666665e+23,1.0542769733333334e+24,3654094.7045586845,3539828.627758874,6063.64223358596,4660.39676703248,1.3011,0.49067182419728805,3028351.261519924,0.7914642857142858,0.9090909090909091,0.10266666666666667,0.09333333333333332,0.17653666666666668
simArray_Sun_JS_frag_2Gyr_Run017_step.mat,1.0542769733333333e+24,6.131253333333334e+23,1.0542769733333334e+24,4377723.075971316,3654094.7045586845,5694.795225488776,5264.1849006182065,1.0818,0.8027461183096087,209524.05684256743,2.1890749036629812e-16,0.5815600158607278,0.17653666666666665,0.10266666666666667,0.17653666666666668
simArray_Sun_JS_frag_2Gyr_Run017_step.mat,6.131253333333334e+23,6.131253333333334e+23,6.131253333333334e+23,3654094.7045586845,3654094.7045586845,6335.099075674209,4732.630416610047,1.3386,0.7908,425884.77272085246,0.0,1.0,0.10266666666666667,0.10266666666666667,0.10266666666666667
simArray_Sun_JS_frag_2Gyr_Run017_step.mat,1.0542769733333333e+24,5.5738666666666665e+23,1.4917060666666668e+24,4377723.075971316,3539828.627758874,5678.674563196935,5212.662532767519,1.0894,0.4124183541268958,2631188.415596237,0.7847857142857146,0.5286909235097524,0.17653666666666665,0.09333333333333332,0.24978333333333333
simArray_Sun_JS_frag_2Gyr_Run017_step.mat,1.4917060666666668e+24,6.688639999999997e+23,2.1605700666666666e+24,4914633.432217744,3761629.22472589,5880.792602012939,5765.48294314994,1.02,0.9324832449190584,8952.482331505063,1.0000000000000002,0.4483886034563286,0.24978333333333333,0.11199999999999995,0.3617833333333333
simArray_Sun_JS_frag_2Gyr_Run017_step.mat,1.541990306666667e+24,8.552700266666667e+23,2.1419573333333334e+24,4969247.103027682,4082859.759193889,7900.603059954943,5945.66756468614,1.3288,0.437356653786844,4815484.165835283,0.7014942742761379,0.5546533094073146,0.25820333333333334,0.14321333333333333,0.35866666666666663
simArray_Sun_JS_frag_2Gyr_Run017_step.mat,2.53308352e+24,1.337728e+24,2.1970988e+24,5863359.845440555,4739355.842131882,22099.379016841325,6980.8822746442565,3.1657,0.5391803399958408,24345316.664304886,-0.2511607142857144,0.5281026027913994,0.42416,0.22399999999999998,0.36789999999999995
simArray_Sun_JS_frag_2Gyr_Run017_step.mat,2.4479228e+24,6.409946666666667e+23,2.4479228e+24,5796901.902344176,3708641.4733209005,8726.667243219155,6586.163957146533,1.325,0.9395262025330119,10251.30303211166,0.0,0.2618524843457754,0.4099,0.10733333333333334,0.4099
simArray_Sun_JS_frag_2Gyr_Run017_step.mat,2.6151388e+24,9.158659199999999e+23,2.6151388e+24,5925999.72159827,4177091.720826008,8487.332493236387,6830.301378751318,1.2425999999999997,0.946462100760367,8087.063666045978,0.0,0.35021694450787844,0.4379,0.15335999999999997,0.4379
simArray_Sun_JS_frag_2Gyr_Run017_step.mat,2.6151388e+24,9.158659199999999e+23,2.6151388e+24,5925999.72159827,4177091.720826008,7274.953998508028,6830.301378751318,1.0651,0.9293347499037715,13425.31943584994,0.0,0.35021694450787844,0.4379,0.15335999999999997,0.4379
simArray_Sun_JS_frag_2Gyr_Run017_step.mat,2.69325256e+24,9.158659199999999e+23,2.6931729333333334e+24,5984424.68620998,4177091.720826008,8863.77936568829,6885.558429028422,1.2873,0.9699092754399281,1572.9930314217318,-8.694140149533525e-05,0.3400594261386314,0.45098,0.15335999999999997,0.4509666666666666
simArray_Sun_JS_frag_2Gyr_Run017_step.mat,2.698766706666666e+24,6.131253333333334e+23,3.1406748e+24,5988506.058657527,3654094.7045586845,7773.893190733339,6771.094147490062,1.1481,0.31188968790767474,3771724.35441603,0.7207467532467537,0.22718723030736668,0.4519033333333332,0.10266666666666667,0.5258999999999999
simArray_Sun_JS_frag_2Gyr_Run017_step.mat,2.77692028e+24,6.081486666666666e+23,2.77698e+24,6045763.895443569,3644181.213894063,10111.32423618547,6828.7460229523,1.4807,0.624545298353366,1888801.715727509,9.819967266769356e-05,0.21900112547223236,0.46498999999999996,0.10183333333333332,0.46499999999999997
simArray_Sun_JS_frag_2Gyr_Run017_step.mat,2.77698e+24,5.7621837333333335e+23,3.353198373333334e+24,6045807.23487421,3579253.124059171,6993.288049367936,6819.393514742014,1.0255,0.852060891908598,75621.34634562989,1.0000000000000009,0.20749820788530465,0.46499999999999997,0.09648666666666667,0.5614866666666667
simArray_Sun_JS_frag_2Gyr_Run017_step.mat,3.976181488000001e+24,1.1729565386666663e+24,5.149138026666668e+24,6814261.226339341,4536184.241374566,7900.058045889284,7781.775064902761,1.0152,0.6475995682954213,1190304.0421634372,1.0000000000000007,0.2949957244674607,0.6658040000000002,0.19640933333333327,0.8622133333333336
simArray_Sun_JS_frag_2Gyr_Run017_step.mat,5.232793802666669e+24,1.19840124e+24,6.431195042666669e+24,7467488.903373211,4568750.711138515,8409.891824522898,8445.362346377684,0.9958,0.3849067702230752,3734041.453604613,1.0,0.2290174780801197,0.8762213333333336,0.20067,1.0768913333333336
simArray_Sun_JS_frag_2Gyr_Run018_step.mat,5.573866666666664e+23,5.573866666666664e+23,1.1147733333333328e+24,3539828.6277588736,3539828.6277588736,4577.760823084335,4584.637779753966,0.9984999999999999,0.6389,865886.1420100365,1.0,1.0,0.09333333333333328,0.09333333333333328,0.18666666666666656
simArray_Sun_JS_frag_2Gyr_Run018_step.mat,6.3100152e+23,6.131253333333334e+23,1.2441268533333332e+24,3689267.7925080676,3654094.7045586845,4948.647616258421,4755.571416738825,1.0406,0.7681115470220414,334597.1070180299,0.9999999999999998,0.9716701369171556,0.10566,0.10266666666666667,0.20832666666666663
simArray_Sun_JS_frag_2Gyr_Run018_step.mat,5.5738666666666665e+23,5.5738666666666665e+23,5.573866666666667e+23,3539828.627758874,3539828.627758874,18229.895203635697,4584.637779753966,3.9763,0.91815,253455.3447907873,1.2039911970146398e-16,1.0,0.09333333333333332,0.09333333333333332,0.09333333333333334
simArray_Sun_JS_frag_2Gyr_Run018_step.mat,1.1147733333333333e+24,5.5738666666666665e+23,1.1147733333333334e+24,4459904.601133889,3539828.627758874,7774.945042055327,5282.250860829762,1.4719,0.955956680148289,4761.476665701073,2.4079823940292795e-16,0.5,0.18666666666666665,0.09333333333333332,0.18666666666666668
simArray_Sun_JS_frag_2Gyr_Run018_step.mat,1.2441268533333332e+24,6.091041866666666e+23,1.2441268533333332e+24,4626134.621390176,3646088.787998315,7038.559808930547,5468.541534403346,1.2871,0.6753347790934179,1050226.109573546,0.0,0.4895836666773337,0.20832666666666663,0.10199333333333332,0.20832666666666663
simArray_Sun_JS_frag_2Gyr_Run018_step.mat,1.271996186666667e+24,7.803413333333333e+23,1.271996186666667e+24,4660422.766003612,3959967.142737017,5926.597883119405,5637.399299076767,1.0513,0.8248358936620866,169627.80246982203,0.0,0.6134777301323984,0.21299333333333337,0.13066666666666665,0.21299333333333337
simArray_Sun_JS_frag_2Gyr_Run018_step.mat,8.430871466666666e+23,5.305723866666667e+23,8.430871466666668e+23,4063380.89905014,3482129.564877798,6687.024235153896,4929.616096685511,1.3565,0.7418601502564867,618659.7394737618,2.529677973692261e-16,0.6293209293539856,0.14117333333333332,0.08884333333333333,0.14117333333333335
simArray_Sun_JS_frag_2Gyr_Run018_step.mat,1.271996186666667e+24,6.409946666666667e+23,1.271996186666667e+24,4660422.766003612,3708641.4733209005,6567.766593133901,5523.773417269891,1.189,0.9852578214354488,131.38430927449926,0.0,0.5039281354658988,0.21299333333333337,0.10733333333333334,0.21299333333333337
simArray_Sun_JS_frag_2Gyr_Run018_step.mat,5.573866666666667e+23,5.573866666666664e+23,1.1147733333333332e+24,3539828.6277588746,3539828.6277588736,5050.436978176969,4584.637779753966,1.1016,0.60715,1275285.76673953,1.0000000000000002,0.9999999999999994,0.09333333333333334,0.09333333333333328,0.18666666666666662
simArray_Sun_JS_frag_2Gyr_Run018_step.mat,8.430871466666668e+23,5.305723866666667e+23,1.3736595333333334e+24,4063380.8990501403,3482129.564877798,5275.675146672835,4929.616096685511,1.0702,0.5535948275723493,1429928.8203838107,0.9999999999999999,0.6293209293539855,0.14117333333333335,0.08884333333333333,0.23001666666666665
simArray_Sun_JS_frag_2Gyr_Run018_step.mat,1.3736595333333334e+24,6.453741333333333e+23,1.3736595333333334e+24,4781414.712111087,3717068.4918023897,8602.01407275595,5631.433108187201,1.5275000000000003,0.9578601677556486,4916.9812894779125,0.0,0.4698210274617781,0.23001666666666665,0.10806666666666666,0.23001666666666665
simArray_Sun_JS_frag_2Gyr_Run018_step.mat,1.3736595333333334e+24,6.453741333333333e+23,1.8642991466666666e+24,4781414.712111087,3717068.4918023897,6420.960029955047,5631.433108187201,1.1402,0.4145945125516226,3124111.4497169103,0.7602405922270201,0.4698210274617781,0.23001666666666665,0.10806666666666666,0.3121733333333333
simArray_Sun_JS_frag_2Gyr_Run018_step.mat,1.1147733333333333e+24,6.045256533333334e+23,1.1147733333333334e+24,4459904.601133889,3636930.1235316303,5862.760171030154,5323.974002025204,1.1012,0.7145246809801807,562076.0536545769,2.2202155898583978e-16,0.5422857142857144,0.18666666666666665,0.10122666666666666,0.18666666666666668
simArray_Sun_JS_frag_2Gyr_Run018_step.mat,1.1426426666666667e+24,6.045256533333334e+23,1.1426426666666667e+24,4496764.9884141255,3636930.1235316303,6751.836749252338,5354.775754819842,1.2609,0.9712580349911966,1048.7532164581046,0.0,0.5290592334494774,0.19133333333333333,0.10122666666666666,0.19133333333333333
simArray_Sun_JS_frag_2Gyr_Run018_step.mat,2.3752634666666668e+24,7.0248636e+23,2.709894533333333e+24,5738970.270720691,3823631.323132899,9902.696353911095,6554.604417468292,1.5108,0.282669414905547,7838379.311621603,0.47635240443197546,0.295750921890714,0.3977333333333333,0.11762999999999998,0.4537666666666666
simArray_Sun_JS_frag_2Gyr_Run018_step.mat,1.1789126133333332e+24,6.323949866666667e+23,1.6392343733333333e+24,4543849.2738612145,3691981.5165906465,7393.222843746483,5418.265184130804,1.3645,0.49229723269289166,3371352.0373356454,0.7279022916142031,0.5364222755057243,0.19740666666666665,0.10589333333333334,0.27448666666666666
simArray_Sun_JS_frag_2Gyr_Run018_step.mat,3.654226986666667e+24,1.62910188e+24,4.878725866666667e+24,6625142.422409872,5061114.083678561,9377.287355430757,7768.442842706285,1.2071,0.4499056668562129,5734492.273796645,0.7516404560284469,0.4458129957291031,0.6118933333333333,0.27279,0.8169333333333333
simArray_Sun_JS_frag_2Gyr_Run018_step.mat,1.5813856e+24,8.9305288e+23,1.5813856e+24,5011210.414366218,4142117.716428058,6380.167539794191,6007.125072774871,1.0621,0.9733542672558584,779.1468849351494,0.0,0.5647280966767372,0.2648,0.14954,0.2648
simArray_Sun_JS_frag_2Gyr_Run018_step.mat,1.8082419733333334e+24,8.9305288e+23,2.520383066666667e+24,5240212.442355249,4142117.716428058,6717.03196714413,6199.383449140868,1.0835,0.4389961672618595,3242717.5328784967,0.7974232089518972,0.49387907877933857,0.30278666666666665,0.14954,0.42203333333333337
simArray_Sun_JS_frag_2Gyr_Run018_step.mat,2.72370976e+24,6.365355733333334e+23,2.7236301333333333e+24,6006898.878666547,3700021.7061038925,16472.889948090775,6797.709713238466,2.4233,0.9719906520636973,3503.115524732443,-0.00012509382036519212,0.23370168976203007,0.45608,0.10658666666666666,0.4560666666666666
simArray_Sun_JS_frag_2Gyr_Run018_step.mat,2.72370976e+24,6.365355733333334e+23,2.7236301333333333e+24,6006898.878666547,3700021.7061038925,8220.470356219277,6797.709713238466,1.2093,0.7861570792523849,309948.41000092286,-0.00012509382036519212,0.23370168976203007,0.45608,0.10658666666666666,0.4560666666666666
simArray_Sun_JS_frag_2Gyr_Run018_step.mat,5.52266672e+24,2.1706428399999995e+24,5.522706533333333e+24,7602906.631567596,5569200.2676321305,10713.97998780521,8829.718137304442,1.2134,0.922707857917732,40636.43658395026,1.834172467235895e-05,0.39304251914010113,0.9247599999999999,0.3634699999999999,0.9247666666666666
simArray_Sun_JS_frag_2Gyr_Run018_step.mat,5.52266672e+24,2.1706428399999995e+24,5.522706533333333e+24,7602906.631567596,5569200.2676321305,11335.592144671444,8829.718137304442,1.2838,0.9390425460067298,22696.845465009992,1.834172467235895e-05,0.39304251914010113,0.9247599999999999,0.3634699999999999,0.9247666666666666
simArray_Sun_JS_frag_2Gyr_Run018_step.mat,5.52266672e+24,2.1706428399999995e+24,5.522706533333333e+24,7602906.631567596,5569200.2676321305,9243.83191794402,8829.718137304442,1.0469,0.9674406609883088,2363.796884705185,1.834172467235895e-05,0.39304251914010113,0.9247599999999999,0.3634699999999999,0.9247666666666666
simArray_Sun_JS_frag_2Gyr_Run018_step.mat,5.52266672e+24,2.1706428399999995e+24,5.522706533333333e+24,7602906.631567596,5569200.2676321305,12279.489013549288,8829.718137304442,1.3907,0.6696644919030105,2923177.6010047765,1.834172467235895e-05,0.39304251914010113,0.9247599999999999,0.3634699999999999,0.9247666666666666
simArray_Sun_JS_frag_2Gyr_Run018_step.mat,5.52266672e+24,2.1706428399999995e+24,7.201833866666667e+24,7602906.631567596,5569200.2676321305,9559.93582725952,8829.718137304442,1.0827,0.40276838687288463,6473622.8819345,0.7735805797819172,0.39304251914010113,0.9247599999999999,0.3634699999999999,1.2059333333333333
simArray_Sun_JS_frag_2Gyr_Run019_step.mat,6.131253333333331e+23,5.573866666666664e+23,1.1705119999999995e+24,3654094.704558684,3539828.6277588736,4751.740543666316,4660.396767032479,1.0196,0.7633858018489689,312104.64206519193,1.0,0.909090909090909,0.10266666666666663,0.09333333333333328,0.1959999999999999
simArray_Sun_JS_frag_2Gyr_Run019_step.mat,6.131253333333334e+23,5.5738666666666665e+23,1.0589550400000001e+24,3654094.7045586845,3539828.627758874,4764.789654614007,4660.39676703248,1.0224,0.2615392570177884,3637594.979630873,0.799857142857143,0.9090909090909091,0.10266666666666667,0.09333333333333332,0.17732
simArray_Sun_JS_frag_2Gyr_Run019_step.mat,7.423594133333334e+23,5.5738666666666665e+23,7.423594133333334e+23,3894647.162089668,3539828.627758874,5227.926481712033,4830.8320843763,1.0822,0.7925000219725351,237348.6373577777,0.0,0.7508312774857877,0.12430666666666668,0.09333333333333332,0.12430666666666668
simArray_Sun_JS_frag_2Gyr_Run019_step.mat,6.131253333333334e+23,6.131253333333334e+23,6.131253333333334e+23,3654094.7045586845,3654094.7045586845,6541.441761838408,4732.630416610047,1.3822,0.7614,640704.8360751522,0.0,1.0,0.10266666666666667,0.10266666666666667,0.10266666666666667
simArray_Sun_JS_frag_2Gyr_Run019_step.mat,8.471680133333333e+23,6.6432528e+23,1.30022384e+24,4069926.4591522994,3753101.4594914843,5987.524961075319,5078.477490309855,1.179,0.12074991179796424,6845338.54921692,0.681978904470814,0.7841718166224123,0.14185666666666666,0.11123999999999999,0.21772
simArray_Sun_JS_frag_2Gyr_Run019_step.mat,8.082106666666666e+23,7.9809808e+23,8.082106666666667e+23,4006559.2658327725,3989778.637603626,6632.360462810877,5178.29517708532,1.2808,0.9752422983107788,974.1502094900047,1.6817197204634297e-16,0.9874876847290641,0.1353333333333333,0.13363999999999998,0.13533333333333333
simArray_Sun_JS_frag_2Gyr_Run019_step.mat,1.1705119999999999e+24,6.131253333333334e+23,1.593707826666667e+24,4533030.788334287,3654094.7045586845,6018.241451042604,5392.689472260397,1.116,0.1673214738706253,5136156.659243661,0.6902272727272732,0.5238095238095238,0.19599999999999998,0.10266666666666667,0.26686333333333334
simArray_Sun_JS_frag_2Gyr_Run019_step.mat,8.538367466666667e+23,8.082106666666666e+23,8.538367466666667e+23,4080577.7690999545,4006559.2658327725,6097.752008077669,5237.718611989066,1.1642,0.9310442084781454,16585.43364245048,0.0,0.9465634617178027,0.14297333333333334,0.1353333333333333,0.14297333333333334
simArray_Sun_JS_frag_2Gyr_Run019_step.mat,6.68864e+23,5.5738666666666665e+23,6.68864e+23,3761629.2247258904,3539828.627758874,6974.850866380139,4734.811531043472,1.4731,0.7133303964471985,1040153.6708763673,0.0,0.8333333333333334,0.11199999999999999,0.09333333333333332,0.11199999999999999
simArray_Sun_JS_frag_2Gyr_Run019_step.mat,1.1704323733333333e+24,6.131253333333334e+23,1.6800629466666665e+24,4532927.996189569,3654094.7045586845,6309.3454532225505,5392.602951472266,1.17,0.5428203597210115,1941610.8161416522,0.8312012987012986,0.5238451595346623,0.19598666666666664,0.10266666666666667,0.2813233333333333
simArray_Sun_JS_frag_2Gyr_Run019_step.mat,2.0365316266666672e+24,5.7466565333333335e+23,2.6111972800000005e+24,5452057.5523575265,3576035.259903127,6237.160010868829,6213.548526468249,1.0038,0.6119310061036599,907794.6541741365,0.9999999999999999,0.2821786049421332,0.3410133333333334,0.09622666666666667,0.4372400000000001
simArray_Sun_JS_frag_2Gyr_Run019_step.mat,8.393048799999999e+23,6.68864e+23,1.3645223733333334e+24,4057295.395242065,3761629.2247258904,5743.002743282752,5074.220483550762,1.1318,0.38809061010156876,3607572.4611984557,0.7852380952380956,0.7969261420236232,0.14053999999999997,0.11199999999999999,0.22848666666666667
simArray_Sun_JS_frag_2Gyr_Run019_step.mat,1.7702998666666668e+24,1.4797819733333335e+24,1.7702998666666668e+24,5203301.494004167,4901503.18836577,7342.630342459451,6552.409729126763,1.1206,0.8918131661850465,81776.22310701002,0.0,0.8358933993028225,0.2964333333333333,0.24778666666666668,0.2964333333333333
simArray_Sun_JS_frag_2Gyr_Run019_step.mat,1.7702998666666668e+24,1.566157e+24,3.336456866666667e+24,5203301.494004167,4995072.66725995,6851.570563205722,6608.382101857371,1.0368,0.8237833265746518,290486.81150825357,1.0,0.8846845833801866,0.2964333333333333,0.26225,0.5586833333333333
simArray_Sun_JS_frag_2Gyr_Run019_step.mat,1.6566726133333332e+24,9.4650228e+23,1.6566726133333332e+24,5089505.753264441,4223157.386677275,7432.788708188444,6108.471982403388,1.2168,0.9761842600631035,762.4889761520354,0.0,0.5713272932638005,0.27740666666666663,0.15849,0.27740666666666663
simArray_Sun_JS_frag_2Gyr_Run019_step.mat,3.975162266666667e+24,9.743716133333335e+23,3.975162266666667e+24,6813678.939544276,4264206.747203653,9848.813880425174,7722.742790265172,1.2753,0.9404425531332219,11998.674364465183,0.0,0.24511492813861488,0.6656333333333333,0.16315666666666667,0.6656333333333333
simArray_Sun_JS_frag_2Gyr_Run019_step.mat,3.975162266666667e+24,9.743716133333333e+23,4.94953388e+24,6813678.939544276,4264206.747203653,8202.325117540639,7722.742790265172,1.0621,0.6303855936600647,1284032.3850020298,1.0,0.24511492813861485,0.6656333333333333,0.16315666666666664,0.82879
simArray_Sun_JS_frag_2Gyr_Run019_step.mat,4.94953388e+24,6.003253466666667e+23,5.444672400000001e+24,7330239.183774877,3628487.2839703243,8613.393525841562,8222.025129669302,1.0476,0.28100286015601506,2883263.663350155,0.8247836323241708,0.12128926909510652,0.82879,0.10052333333333333,0.9117000000000001
simArray_Sun_JS_frag_2Gyr_Run020_step.mat,6.688639999999997e+23,5.573866666666664e+23,1.2262506666666662e+24,3761629.22472589,3539828.6277588736,4730.550200665532,4734.811531043471,0.9991,0.4884504903015954,1778195.271042176,1.0000000000000002,0.8333333333333333,0.11199999999999995,0.09333333333333328,0.20533333333333326
simArray_Sun_JS_frag_2Gyr_Run020_step.mat,6.131253333333334e+23,6.131253333333334e+23,6.131253333333334e+23,3654094.7045586845,3654094.7045586845,7482.288688660485,4732.630416610047,1.581,0.6487500000000002,2170159.447138471,0.0,1.0,0.10266666666666667,0.10266666666666667,0.10266666666666667
simArray_Sun_JS_frag_2Gyr_Run020_step.mat,5.5738666666666665e+23,5.5738666666666665e+23,5.573866666666667e+23,3539828.627758874,3539828.627758874,5254.453359376021,4584.637779753966,1.1461,0.88185,60549.016825566534,1.2039911970146398e-16,1.0,0.09333333333333332,0.09333333333333332,0.09333333333333334
simArray_Sun_JS_frag_2Gyr_Run020_step.mat,6.184404133333334e+23,5.5738666666666665e+23,1.0162154266666665e+24,3664623.2495438033,3539828.627758874,6998.526683431617,4667.551476211563,1.4994,0.4804811220163343,4177832.125800136,0.7136428571428568,0.901277883284514,0.10355666666666667,0.09333333333333332,0.1701633333333333
simArray_Sun_JS_frag_2Gyr_Run020_step.mat,6.133044933333334e+23,5.8443982666666674e+23,6.133044933333334e+23,3654450.588212322,3596195.664193909,4909.950747688716,4695.821296565336,1.0456,0.9852528672829267,111.0614036750198,0.0,0.9529358304391574,0.10269666666666667,0.09786333333333334,0.10269666666666667
simArray_Sun_JS_frag_2Gyr_Run020_step.mat,1.0719540933333332e+24,6.131253333333334e+23,1.5237159866666668e+24,4402054.762759297,3654094.7045586845,5439.368152304356,5284.0180224444875,1.0294,0.13496615607896958,4634766.385334046,0.7368181818181821,0.5719697673122993,0.17949666666666664,0.10266666666666667,0.25514333333333333
simArray_Sun_JS_frag_2Gyr_Run020_step.mat,7.400701466666666e+23,5.9385567999999995e+23,7.400701466666668e+23,3890639.6394301443,3615405.5210023248,5631.818361066349,4870.551207356524,1.1563,0.678654920271275,877955.8876560874,2.2601068326903937e-16,0.8024316109422492,0.12392333333333332,0.09943999999999999,0.12392333333333334
simArray_Sun_JS_frag_2Gyr_Run020_step.mat,7.958088133333333e+23,6.0052441333333335e+23,7.958088133333333e+23,3985960.220449721,3628888.3059874903,6503.922976382062,4947.453960430596,1.3146,0.7532908019554541,581499.4075163692,0.0,0.7546089001175676,0.13325666666666666,0.10055666666666667,0.13325666666666666
simArray_Sun_JS_frag_2Gyr_Run020_step.mat,7.958088133333333e+23,5.9385567999999995e+23,7.958088133333333e+23,3985960.220449721,3615405.5210023248,5679.519003464357,4940.000872805391,1.1497,0.8484899230066054,117974.27636571402,0.0,0.7462290817219901,0.13325666666666666,0.09943999999999999,0.13325666666666666
simArray_Sun_JS_frag_2Gyr_Run020_step.mat,1.5931305333333334e+24,5.9385567999999995e+23,2.0615344000000003e+24,5023585.895303356,3615405.5210023248,6095.638654919899,5813.120975510107,1.0486,0.40664395266732534,2518821.7242692495,0.7887503352105126,0.3727602149194052,0.26676666666666665,0.09943999999999999,0.3452
simArray_Sun_JS_frag_2Gyr_Run020_step.mat,2.7965761226666664e+24,7.090754666666668e+23,3.505651589333333e+24,6059994.9244910125,3835548.9689637623,6933.126011249138,6876.736769737293,1.0082,0.9624420977637699,1555.9185460834,1.0,0.25355128398598,0.46828133333333327,0.11873333333333334,0.5870146666666666
simArray_Sun_JS_frag_2Gyr_Run020_step.mat,1.6581457066666666e+24,9.7678032e+23,2.6349260266666667e+24,5091013.815440236,4267717.64967842,6324.190067314985,6130.4673006155335,1.0316,0.9729179903122073,825.4473553313101,1.0,0.5890799077986938,0.2776533333333333,0.16355999999999998,0.4412133333333333
simArray_Sun_JS_frag_2Gyr_Run020_step.mat,2.980346506666667e+24,5.892970533333333e+23,3.4705282666666667e+24,6189928.4916468905,3606130.7441936866,7099.204702337509,6974.3635940048225,1.0179,0.4576070954379059,1922707.7979831898,0.831807587068878,0.19772769777445295,0.49905333333333335,0.09867666666666666,0.5811333333333333
simArray_Sun_JS_frag_2Gyr_Run020_step.mat,8.394442266666666e+23,5.94214e+23,8.394442266666669e+23,4057519.9220366287,3616132.527963606,6681.335284837163,4993.897365152226,1.3379,0.899156258689182,49667.64757962244,4.517487908396639e-16,0.7078659678911049,0.14056333333333332,0.09949999999999999,0.14056333333333335
simArray_Sun_JS_frag_2Gyr_Run020_step.mat,8.673135600000001e+23,6.131253333333334e+23,8.673135600000001e+23,4101934.842130043,3654094.7045586845,6984.499912366971,5047.698137144592,1.3837,0.9857616330910333,166.30027720757084,0.0,0.7069246482590833,0.14523,0.10266666666666667,0.14523
simArray_Sun_JS_frag_2Gyr_Run020_step.mat,8.673135600000001e+23,5.94214e+23,1.3171246000000002e+24,4101934.842130043,3616132.527963606,5240.847038770907,5027.673674952904,1.0424,0.2287454451218853,4084646.1955341143,0.7569849246231158,0.685120154238105,0.14523,0.09949999999999999,0.22055000000000002
simArray_Sun_JS_frag_2Gyr_Run020_step.mat,1.3870766266666668e+24,8.731462133333334e+23,1.3870766266666668e+24,4796931.644188036,4111109.42924889,6164.251591485704,5819.723934559766,1.0592,0.9681593665753249,1324.4829154176264,0.0,0.629486645904792,0.23226333333333335,0.14620666666666665,0.23226333333333335
simArray_Sun_JS_frag_2Gyr_Run020_step.mat,3.706601426666667e+24,9.013141466666667e+23,3.706621333333333e+24,6656644.156108035,4154850.87888725,9088.96197764649,7542.707035391278,1.205,0.8879634288194626,63827.66164464043,2.2086268965973376e-05,0.2431645712382988,0.6206633333333333,0.15092333333333333,0.6206666666666666
simArray_Sun_JS_frag_2Gyr_Run020_step.mat,3.706621333333333e+24,9.013141466666667e+23,4.6079354799999997e+24,6656656.072806906,4154850.87888725,7695.836370295212,7542.719171121446,1.0203,0.7999187910095682,232429.8412252928,1.0,0.24316326530612248,0.6206666666666666,0.15092333333333333,0.7715899999999999
simArray_Sun_JS_frag_2Gyr_Run021_step.mat,6.68864e+23,6.131253333333334e+23,1.1850836799999999e+24,3761629.2247258904,3654094.7045586845,5059.343181346748,4803.781980010205,1.0532,0.43380057613551604,2599891.5995587683,0.8419480519480518,0.9166666666666667,0.11199999999999999,0.10266666666666667,0.19843999999999998
simArray_Sun_JS_frag_2Gyr_Run021_step.mat,6.68864e+23,5.5738666666666665e+23,1.1194314933333335e+24,3761629.2247258904,3539828.627758874,4932.253171887985,4734.811531043472,1.0417,0.34909192303381603,3035429.7464985065,0.8083571428571432,0.8333333333333334,0.11199999999999999,0.09333333333333332,0.18744666666666668
simArray_Sun_JS_frag_2Gyr_Run021_step.mat,6.131253333333334e+23,5.5738666666666665e+23,6.131253333333334e+23,3654094.7045586845,3539828.627758874,7551.706921299431,4660.39676703248,1.6204,0.646559177040091,2125940.8609672496,0.0,0.9090909090909091,0.10266666666666667,0.09333333333333332,0.10266666666666667
simArray_Sun_JS_frag_2Gyr_Run021_step.mat,7.246026666666667e+23,6.945834133333332e+23,7.246026666666667e+23,3863343.771591996,3809238.6427413286,8785.146551650756,4968.9742939201105,1.768,0.9898815171257608,115.70537869895776,0.0,0.9585714285714284,0.12133333333333332,0.11630666666666664,0.12133333333333332
simArray_Sun_JS_frag_2Gyr_Run021_step.mat,1.1850836799999999e+24,6.945834133333332e+23,1.7845928533333333e+24,4551763.80234508,3809238.6427413286,5553.139713185652,5478.0898818049245,1.0137,0.5145707317075311,1821032.0648049999,0.863120486071306,0.5861049519586105,0.19843999999999998,0.11630666666666664,0.29882666666666663
simArray_Sun_JS_frag_2Gyr_Run021_step.mat,6.688639999999997e+23,5.573866666666667e+23,1.2262506666666665e+24,3761629.22472589,3539828.6277588746,4880.64372619961,4734.811531043471,1.0308,0.929349055431967,10487.17745699785,1.0000000000000002,0.8333333333333338,0.11199999999999995,0.09333333333333334,0.20533333333333328
simArray_Sun_JS_frag_2Gyr_Run021_step.mat,1.84033152e+24,7.803413333333333e+23,1.84033152e+24,5271028.933825153,3959967.142737017,6790.089424551469,6156.019423890724,1.103,0.8717672292921012,73696.93742512005,0.0,0.42402215299411555,0.30816,0.13066666666666665,0.30816
simArray_Sun_JS_frag_2Gyr_Run021_step.mat,6.131253333333334e+23,5.5738666666666665e+23,6.131253333333334e+23,3654094.7045586845,3539828.627758874,7441.721557597464,4660.39676703248,1.5968,0.5218086594180891,4013482.726974899,0.0,0.9090909090909091,0.10266666666666667,0.09333333333333332,0.10266666666666667
simArray_Sun_JS_frag_2Gyr_Run021_step.mat,1.84033152e+24,5.5738666666666665e+23,1.84033152e+24,5271028.933825153,3539828.627758874,6506.848783927699,6027.092241503982,1.0796,0.92811332277016,10330.50721751828,0.0,0.3028729664243683,0.30816,0.09333333333333332,0.30816
simArray_Sun_JS_frag_2Gyr_Run021_step.mat,1.84033152e+24,7.803413333333333e+23,2.4666350666666667e+24,5271028.933825153,3959967.142737017,6287.758239561987,6156.019423890724,1.0214,0.40930290820500304,2870365.9800292957,0.8026020408163266,0.42402215299411555,0.30816,0.13066666666666665,0.4130333333333333
simArray_Sun_JS_frag_2Gyr_Run021_step.mat,2.738181906666667e+24,6.131253333333334e+23,2.738162e+24,6017519.100450017,3654094.7045586845,7964.02113461851,6801.042813508548,1.171,0.6613811234341995,927462.4958733832,-3.246753246751123e-05,0.22391694716868651,0.4585033333333333,0.10266666666666667,0.4585
simArray_Sun_JS_frag_2Gyr_Run021_step.mat,8.983480533333332e+23,5.8525599999999994e+23,1.02425772e+24,4150288.2008684943,3597868.9210030413,9276.626184614755,5055.657629633634,1.8349,0.19824348409320974,13172351.760780003,0.21513605442176884,0.6514802340010636,0.15042666666666665,0.09799999999999999,0.17151
simArray_Sun_JS_frag_2Gyr_Run021_step.mat,3.2731536666666664e+24,1.5126478799999998e+24,3.2732532e+24,6386342.0717246495,4937525.213203133,9511.93160746804,7511.000953464972,1.2664,0.9262109242796799,30955.67476230872,6.580072907239001e-05,0.46213775277482133,0.5480833333333333,0.25328999999999996,0.5481
simArray_Sun_JS_frag_2Gyr_Run021_step.mat,1.2819893333333334e+24,7.325653333333334e+23,1.2819893333333334e+24,4672595.458750138,3877443.691357479,7234.575390250796,5608.197976938602,1.29,0.7924248411309813,383854.6422159239,0.0,0.5714285714285714,0.21466666666666667,0.12266666666666666,0.21466666666666667
simArray_Sun_JS_frag_2Gyr_Run021_step.mat,1.2819893333333334e+24,6.131253333333334e+23,1.2819893333333334e+24,4672595.458750138,3654094.7045586845,11400.763396032502,5511.875554067155,2.0684,0.7208645942849894,1860477.5536852453,0.0,0.47826086956521735,0.21466666666666667,0.10266666666666667,0.21466666666666667
simArray_Sun_JS_frag_2Gyr_Run021_step.mat,3.4877077199999995e+24,1.6266533600000002e+24,4.8124366666666673e+24,6522940.33707731,5058577.214978423,7763.684513286164,7677.694336714955,1.0112,0.42190797402342867,4441237.33092349,0.8143892111510885,0.4663961233540523,0.5840099999999999,0.27238,0.8058333333333334
simArray_Sun_JS_frag_2Gyr_Run021_step.mat,6.131253333333334e+23,4.424455733333333e+23,6.131253333333334e+23,3654094.7045586845,3277555.0644617095,9432.475794702023,4508.616124803797,2.0921,0.8824146241920127,155682.54267753463,0.0,0.7216233766233766,0.10266666666666667,0.07408666666666666,0.10266666666666667
simArray_Sun_JS_frag_2Gyr_Run021_step.mat,5.126762933333334e+24,8.044881199999998e+23,5.793039066666667e+24,7416707.02591997,4000398.5119280913,9144.393301404421,8327.468628908497,1.0981,0.4881196587700693,2441489.474391526,0.828198846905699,0.15691931350469826,0.8584666666666666,0.13470999999999997,0.9700333333333333
simArray_Sun_JS_frag_2Gyr_Run021_step.mat,1.3098586666666668e+24,1.2866474933333334e+24,1.3098586666666668e+24,4706212.409239697,4678247.972803618,6465.597937731186,6077.260962243807,1.0639,0.9926491735927349,24.472002618560907,0.0,0.9822796352583586,0.21933333333333335,0.21544666666666665,0.21933333333333335
simArray_Sun_JS_frag_2Gyr_Run021_step.mat,1.02425772e+24,6.131253333333334e+23,1.02425772e+24,4335772.242029597,3654094.7045586845,11169.742051770407,5230.259436116504,2.1356,0.8137169893297852,702360.4836687894,0.0,0.5986045517268187,0.17151,0.10266666666666667,0.17151
simArray_Sun_JS_frag_2Gyr_Run021_step.mat,6.209725413333333e+24,5.8483795999999994e+23,6.698394266666666e+24,7905952.077933145,3597012.081503861,11520.40234199545,8879.607169720555,1.2974,0.5606968443769825,2010569.2511788802,0.8355628169781143,0.09418096953920921,1.0398066666666665,0.09792999999999999,1.1216333333333333
simArray_Sun_JS_frag_2Gyr_Run021_step.mat,1.3800296666666668e+24,4.424455733333333e+23,1.3800296666666668e+24,4788794.339939507,3277555.0644617095,6654.344347194099,5491.7424669423945,1.2117,0.9903695361284813,28.551819968714064,0.0,0.3206058420483231,0.23108333333333334,0.07408666666666666,0.23108333333333334
simArray_Sun_JS_frag_2Gyr_Run021_step.mat,1.3800296666666668e+24,1.0529830400000001e+24,1.3800296666666668e+24,4788794.339939507,4375931.389690665,6670.250941833226,5952.923642867671,1.1205,0.874079095018817,98066.0836640986,0.0,0.7630147854309413,0.23108333333333334,0.17632,0.23108333333333334
simArray_Sun_JS_frag_2Gyr_Run021_step.mat,1.41458764e+24,1.10911984e+24,1.41458764e+24,4828438.06501468,4452352.457450302,7722.62860293691,6024.831177201521,1.2818,0.6705650566008563,1729443.1006820165,0.0,0.7840587664119559,0.23687,0.18572,0.23687
simArray_Sun_JS_frag_2Gyr_Run021_step.mat,1.41458764e+24,1.10911984e+24,1.41458764e+24,4828438.06501468,4452352.457450302,7576.225205330913,6024.831177201521,1.2575,0.5575122310912233,3265706.2529277843,0.0,0.7840587664119559,0.23687,0.18572,0.23687
simArray_Sun_JS_frag_2Gyr_Run021_step.mat,1.41458764e+24,1.10911984e+24,2.52370748e+24,4828438.06501468,4452352.457450302,6405.600507600657,6024.831177201521,1.0632,0.5509569361007889,2409430.8424761468,1.0000000000000002,0.7840587664119559,0.23687,0.18572,0.42259
simArray_Sun_JS_frag_2Gyr_Run021_step.mat,7.264500053333334e+24,4.424455733333333e+23,7.6089252e+24,8330389.13767389,3277555.0644617095,15818.604892079285,9414.155146152048,1.6803,0.576269351494768,2590731.056430455,0.7784576621974245,0.06090516485443703,1.2164266666666668,0.07408666666666666,1.2741
simArray_Sun_JS_frag_2Gyr_Run022_step.mat,6.131253333333334e+23,5.573866666666664e+23,1.1705119999999997e+24,3654094.7045586845,3539828.6277588736,4928.83562081355,4660.396767032479,1.0576,0.593784019137298,1242390.954840708,1.0,0.9090909090909086,0.10266666666666667,0.09333333333333328,0.19599999999999995
simArray_Sun_JS_frag_2Gyr_Run022_step.mat,5.5738666666666665e+23,5.5738666666666665e+23,5.573866666666667e+23,3539828.627758874,3539828.627758874,4921.150192787907,4584.637779753966,1.0734,0.7809,290358.01166177687,1.2039911970146398e-16,1.0,0.09333333333333332,0.09333333333333332,0.09333333333333334
simArray_Sun_JS_frag_2Gyr_Run022_step.mat,1.1705119999999999e+24,6.131253333333334e+23,1.1705120000000001e+24,4533030.788334287,3654094.7045586845,5805.7694858355435,5392.689472260397,1.0766,0.9942948470445695,6.1414971767464746,4.3781498073259624e-16,0.5238095238095238,0.19599999999999998,0.10266666666666667,0.196
simArray_Sun_JS_frag_2Gyr_Run022_step.mat,7.803413333333333e+23,5.5738666666666665e+23,7.803413333333335e+23,3959967.142737017,3539828.627758874,5880.308839491824,4879.519408755974,1.2051,0.7192024169966759,640183.1135322237,4.815964788058559e-16,0.7142857142857143,0.13066666666666665,0.09333333333333332,0.13066666666666668
simArray_Sun_JS_frag_2Gyr_Run022_step.mat,6.131253333333334e+23,6.131253333333334e+23,6.994804533333334e+23,3654094.7045586845,3654094.7045586845,10012.352909380217,4732.630416610047,2.1156,0.2078,18669054.839536276,0.14084415584415588,1.0,0.10266666666666667,0.10266666666666667,0.11712666666666667
simArray_Sun_JS_frag_2Gyr_Run022_step.mat,8.639493333333332e+23,7.803413333333333e+23,1.4993900400000002e+24,4096624.2983540203,3959967.142737017,6418.97928093266,5219.531046456871,1.2298,0.49281986048271437,3354014.4544281866,0.8143112244897964,0.903225806451613,0.14466666666666664,0.13066666666666665,0.25107
simArray_Sun_JS_frag_2Gyr_Run022_step.mat,7.5521912e+23,7.246026666666667e+23,7.5521912e+23,3917007.2089670724,3863343.771591996,5324.952992290643,5038.751885210677,1.0568,0.8407089030556948,140006.2025173391,0.0,0.9594601718593495,0.12646,0.12133333333333332,0.12646
simArray_Sun_JS_frag_2Gyr_Run022_step.mat,1.1983813333333332e+24,5.5738666666666665e+23,1.1983813333333334e+24,4568725.413795676,3539828.627758874,5714.957185463117,5376.253231856178,1.063,0.9761123705037568,399.34261780414045,2.4079823940292795e-16,0.46511627906976744,0.20066666666666663,0.09333333333333332,0.20066666666666666
simArray_Sun_JS_frag_2Gyr_Run022_step.mat,1.5852275866666666e+24,5.7337172e+23,2.0105733333333334e+24,5015265.388443035,3573349.275787874,7204.897139618988,5792.183567504613,1.2439,0.46464381342010946,2834819.717516654,0.7418324480088883,0.36169678399658434,0.2654433333333333,0.09601,0.33666666666666667
simArray_Sun_JS_frag_2Gyr_Run022_step.mat,1.0011659866666666e+24,8.684084266666667e+23,1.4986335866666668e+24,4302941.161001858,4103660.1632701308,8495.341425002222,5448.525798487828,1.5592,0.3408426792927848,9384277.025910236,0.5728498074454431,0.8673970532678505,0.1676433333333333,0.14541333333333334,0.25094333333333335
simArray_Sun_JS_frag_2Gyr_Run022_step.mat,1.4345540266666666e+24,5.8698787999999995e+23,1.9350076266666668e+24,4851049.225483651,3601414.3444364406,6116.9594701729475,5650.248910191158,1.0826,0.5468322535561688,1551029.0657798417,0.8525791026554078,0.40917795293072823,0.2402133333333333,0.09828999999999999,0.3240133333333333
simArray_Sun_JS_frag_2Gyr_Run022_step.mat,1.9350076266666668e+24,7.8089872e+23,2.5842834666666665e+24,5359911.336807697,3960909.7676578234,6290.862446508243,6236.60399177976,1.0087,0.46446555922691146,2308698.510461355,0.8314469256653408,0.40356363935640505,0.3240133333333333,0.13076,0.4327333333333333
simArray_Sun_JS_frag_2Gyr_Run022_step.mat,5.5738666666666665e+23,5.559732933333332e+23,8.350448533333333e+23,3539828.627758874,3536834.0972327385,8287.354346110753,4582.699815367591,1.8084000000000002,0.3787101856093361,8607432.846526628,0.4994092162268611,0.9974642857142856,0.09333333333333332,0.09309666666666665,0.13982666666666665
simArray_Sun_JS_frag_2Gyr_Run022_step.mat,2.7803044133333333e+24,6.409946666666667e+23,3.315853466666667e+24,6048218.817146754,3708641.4733209005,7164.534368505651,6841.610359535573,1.0472,0.4951093103151907,1881562.4505133785,0.8354968944099382,0.23054837577953277,0.4655566666666666,0.10733333333333334,0.5552333333333334
simArray_Sun_JS_frag_2Gyr_Run022_step.mat,8.350448533333333e+23,7.5521912e+23,1.3825379066666668e+24,4050419.2637280356,3917007.2089670724,7742.0459183563635,5161.708059441538,1.4999,0.4940362429424998,4859024.421764438,0.7249459644683433,0.9044054543720798,0.13982666666666665,0.12646,0.23150333333333334
simArray_Sun_JS_frag_2Gyr_Run022_step.mat,3.1488763466666666e+24,1.3825379066666665e+24,3.1488365333333333e+24,6304469.97693917,4791693.836983038,8363.021504722294,7383.262562657626,1.1327,0.9567357847446333,4815.475328618653,-2.879728153660411e-05,0.4390575413131709,0.5272733333333333,0.23150333333333328,0.5272666666666667
simArray_Sun_JS_frag_2Gyr_Run022_step.mat,3.1488763466666666e+24,1.3825379066666665e+24,4.211056266666667e+24,6304469.97693917,4791693.836983038,7560.4608641614095,7383.262562657626,1.024,0.32129822808545055,5411791.495311907,0.768282674115564,0.4390575413131709,0.5272733333333333,0.23150333333333328,0.7051333333333334
simArray_Sun_JS_frag_2Gyr_Run023_step.mat,6.131253333333331e+23,5.573866666666664e+23,1.1705119999999995e+24,3654094.704558684,3539828.6277588736,4654.338251235337,4660.396767032479,0.9987000000000001,0.8935205030491193,33163.366304081006,1.0,0.909090909090909,0.10266666666666663,0.09333333333333328,0.1959999999999999
simArray_Sun_JS_frag_2Gyr_Run023_step.mat,6.131253333333334e+23,5.573866666666664e+23,1.1705119999999997e+24,3654094.7045586845,3539828.6277588736,4730.768758214669,4660.396767032479,1.0151,0.8428279067190062,102859.92291075872,1.0,0.9090909090909086,0.10266666666666667,0.09333333333333328,0.19599999999999995
simArray_Sun_JS_frag_2Gyr_Run023_step.mat,6.68864e+23,6.68864e+23,6.68864e+23,3761629.2247258904,3761629.2247258904,5142.2953298444845,4871.904623253893,1.0555,0.9727,790.1211608619379,0.0,1.0,0.11199999999999999,0.11199999999999999,0.11199999999999999
simArray_Sun_JS_frag_2Gyr_Run023_step.mat,1.1705120000000001e+24,5.573866666666664e+23,1.7278986666666664e+24,4533030.788334287,3539828.6277588736,5343.053798788235,5345.19187553845,0.9996,0.8910679831321698,30792.70773307237,0.9999999999999998,0.4761904761904759,0.196,0.09333333333333328,0.2893333333333333
simArray_Sun_JS_frag_2Gyr_Run023_step.mat,7.480925333333334e+23,7.246026666666667e+23,7.934797333333334e+23,3904647.3698783168,3863343.771591996,10710.151050379189,5030.601714598022,2.129,0.12702182229593645,24093066.36194985,0.06263736263736261,0.9686003193187865,0.12526666666666667,0.12133333333333332,0.13286666666666666
simArray_Sun_JS_frag_2Gyr_Run023_step.mat,5.856939466666667e+23,5.837231866666666e+23,5.856939466666667e+23,3598766.1248699133,3594725.178189153,8526.655792678728,4658.356530091089,1.8303999999999998,0.9650418082693638,4521.12035221253,0.0,0.9966351709605056,0.09807333333333333,0.09774333333333332,0.09807333333333333
simArray_Sun_JS_frag_2Gyr_Run023_step.mat,6.697199866666667e+23,6.414326133333334e+23,6.697199866666667e+23,3763233.203943739,3709485.899178704,5914.41636967699,4839.55189401603,1.2221,0.5198623931692925,2625756.164794658,0.0,0.9577623874208602,0.11214333333333333,0.10740666666666666,0.11214333333333333
simArray_Sun_JS_frag_2Gyr_Run023_step.mat,1.05381912e+24,6.697199866666667e+23,1.0538191200000001e+24,4377089.262348286,3763233.203943739,6235.9932748049405,5316.27730162399,1.173,0.7092862070111136,732452.6905755717,2.0040872405201623e-16,0.6355170199100836,0.17645999999999998,0.11214333333333333,0.17646
simArray_Sun_JS_frag_2Gyr_Run023_step.mat,6.7441796e+23,6.1159252e+23,6.7441796e+23,3772012.191286647,3651047.0845421697,5521.134997305457,4808.9321464205705,1.1481,0.8082092796667792,241139.66386544463,0.0,0.9068449481979988,0.11292999999999999,0.10240999999999999,0.11292999999999999
simArray_Sun_JS_frag_2Gyr_Run023_step.mat,9.662496933333333e+23,6.7441796e+23,1.47574092e+24,4252325.508891248,3772012.191286647,7243.416244691299,5224.245398262747,1.3865,0.5134477560027653,3426954.9290623814,0.7554532306148355,0.6979748243680339,0.16179666666666664,0.11292999999999999,0.24711
simArray_Sun_JS_frag_2Gyr_Run023_step.mat,1.1576522933333334e+24,6.844708266666667e+23,1.1576522933333334e+24,4516369.066195449,3790661.6902471143,8320.996952492473,5440.693705042809,1.5294,0.8364521586672593,270245.98308537435,0.0,0.5912576950854628,0.19384666666666667,0.11461333333333334,0.19384666666666667
simArray_Sun_JS_frag_2Gyr_Run023_step.mat,1.1576522933333334e+24,6.844708266666667e+23,1.8421231200000002e+24,4516369.066195449,3790661.6902471143,5738.29965070865,5440.693705042809,1.0547,0.6367583803907014,1022632.7432043258,1.0,0.5912576950854628,0.19384666666666667,0.11461333333333334,0.30846
simArray_Sun_JS_frag_2Gyr_Run023_step.mat,1.6208008e+24,6.414326133333334e+23,2.262233413333333e+24,5052503.148081528,3709485.899178704,6047.930036828195,5870.636805307896,1.0302,0.9595846837256101,1929.3718720350507,0.9999999999999996,0.3957504298698109,0.2714,0.10740666666666666,0.3788066666666666
simArray_Sun_JS_frag_2Gyr_Run023_step.mat,1.9379339066666667e+24,6.058793066666667e+23,2.3730737333333333e+24,5362611.877664432,3639642.703491295,6839.337669463849,6141.646614101876,1.1136,0.2999927759480335,3748882.663473871,0.7181955578919699,0.31264188349374944,0.3245033333333333,0.10145333333333334,0.39736666666666665
simArray_Sun_JS_frag_2Gyr_Run023_step.mat,1.1820180533333333e+24,1.0729693333333333e+24,2.0659138666666668e+24,4547835.512067155,4403444.042377893,6749.366724417977,5798.923210256876,1.1639,0.47153550652471,4033002.1924788165,0.8237847866419297,0.9077436087439792,0.19792666666666667,0.17966666666666664,0.3459333333333333
simArray_Sun_JS_frag_2Gyr_Run023_step.mat,2.9635651866666665e+24,6.414326133333334e+23,3.3765688e+24,6178288.822156718,3709485.899178704,8995.156961713134,6976.234653104648,1.2894,0.10103681876844121,6466824.422851683,0.6438768543231339,0.21643951556024266,0.49624333333333326,0.10740666666666666,0.5654
simArray_Sun_JS_frag_2Gyr_Run023_step.mat,2.485132341333333e+24,6.967333333333333e+23,3.181865674666666e+24,5826126.174274193,3813164.796205839,6717.640336452459,6637.984522186224,1.012,0.9181054587754371,15364.794708571857,0.9999999999999994,0.2803606559478113,0.4161306666666666,0.11666666666666665,0.5327973333333332
simArray_Sun_JS_frag_2Gyr_Run023_step.mat,3.2655095066666666e+24,5.5738666666666665e+23,3.2654896e+24,6381366.618027479,3539828.627758874,13709.737353985069,7171.865115079027,1.9116,0.9886710608518614,135.85752444617066,-3.571428571426236e-05,0.1706890350583086,0.5468033333333333,0.09333333333333332,0.5468
simArray_Sun_JS_frag_2Gyr_Run023_step.mat,3.86442148e+24,2.893772413333333e+24,5.837032800000001e+24,6749809.89215839,6129402.898466015,10827.348166188352,8369.288216888268,1.2937,0.33164136420412,14514469.48099742,0.6816746579347447,0.7488242233177249,0.6470899999999999,0.48455666666666664,0.9774
simArray_Sun_JS_frag_2Gyr_Run023_step.mat,3.896471213333333e+24,5.5738666666666665e+23,4.1748261333333333e+24,6768418.4818709465,3539828.627758874,12820.111326237533,7594.402776042612,1.6881000000000002,0.16336264549928556,8598489.400551831,0.499392857142858,0.14304909138282493,0.6524566666666666,0.09333333333333332,0.6990666666666666
simArray_Sun_JS_frag_2Gyr_Run024_step.mat,6.131253333333334e+23,6.131253333333331e+23,1.2262506666666665e+24,3654094.7045586845,3654094.704558684,4855.678807441908,4732.630416610047,1.026,0.9342000000000001,9509.478443336595,1.0,0.9999999999999996,0.10266666666666667,0.10266666666666663,0.20533333333333328
simArray_Sun_JS_frag_2Gyr_Run024_step.mat,5.573866666666664e+23,5.573866666666664e+23,1.1147733333333328e+24,3539828.6277588736,3539828.6277588736,5104.994167756041,4584.637779753966,1.1135,0.5286,1925893.1797805154,1.0,1.0,0.09333333333333328,0.09333333333333328,0.18666666666666656
simArray_Sun_JS_frag_2Gyr_Run024_step.mat,1.2819893333333334e+24,5.5738666666666665e+23,1.2819893333333334e+24,4672595.458750138,3539828.627758874,30241.64336822599,5467.860593083457,5.5308,0.7613342805353552,8221467.209398346,0.0,0.4347826086956521,0.21466666666666667,0.09333333333333332,0.21466666666666667
simArray_Sun_JS_frag_2Gyr_Run024_step.mat,6.68864e+23,2.786933333333334e+22,6.68864e+23,3761629.2247258904,1304084.016445267,9274.455960029733,4284.802938336675,2.1645,0.8941986442500779,20621.66524635733,0.0,0.04166666666666668,0.11199999999999999,0.004666666666666667,0.11199999999999999
simArray_Sun_JS_frag_2Gyr_Run024_step.mat,1.1705119999999999e+24,5.5738666666666665e+23,1.1705120000000001e+24,4533030.788334287,3539828.627758874,6092.449699738724,5345.1918755384495,1.1398,0.7276109978843442,497715.79802411445,4.815964788058559e-16,0.4761904761904762,0.19599999999999998,0.09333333333333332,0.196
simArray_Sun_JS_frag_2Gyr_Run024_step.mat,9.523946533333335e+23,7.524719999999999e+23,1.4866895866666666e+24,4231902.905028661,3912252.0493358,5990.273057885583,5286.156951893384,1.1332,0.14227320352934855,6664857.995183298,0.7100529100529098,0.7900842338482117,0.15947666666666668,0.12599999999999997,0.2489433333333333
simArray_Sun_JS_frag_2Gyr_Run024_step.mat,1.3934666666666666e+24,5.573866666666664e+23,1.950853333333333e+24,4804286.593457831,3539828.6277588736,5771.416077937732,5586.502834128092,1.0331,0.8781059812132054,44441.21952201481,1.0,0.3999999999999998,0.2333333333333333,0.09333333333333328,0.3266666666666666
simArray_Sun_JS_frag_2Gyr_Run024_step.mat,1.52710012e+24,7.394729466666666e+23,2.2665730666666668e+24,4953200.207198529,3889592.839896359,6013.137096827186,5849.355152555628,1.028,0.5741432808999688,1441566.0594103083,1.0000000000000002,0.48423344152881515,0.25571,0.12382333333333331,0.37953333333333333
simArray_Sun_JS_frag_2Gyr_Run024_step.mat,1.9508533333333335e+24,6.68864e+23,1.9508533333333335e+24,5374502.286691179,3761629.2247258904,6602.519945033746,6186.7690639371685,1.0672,0.7935747833408596,229709.4661922171,0.0,0.3428571428571428,0.32666666666666666,0.11199999999999999,0.32666666666666666
simArray_Sun_JS_frag_2Gyr_Run024_step.mat,9.066491333333333e+23,2.7869333333333334e+22,9.345184666666665e+23,4163032.4445943786,1304084.016445267,9847.75071516978,4776.751414032683,2.0616,0.4673127103573225,769783.3369845685,0.9999999999999961,0.03073882972883961,0.15181666666666666,0.004666666666666666,0.1564833333333333
simArray_Sun_JS_frag_2Gyr_Run024_step.mat,1.019719e+24,6.68864e+23,1.5826198133333333e+24,4329358.493242081,3761629.2247258904,5385.2538722837335,5278.108274315136,1.0203,0.46027930157606745,2260192.817299108,0.841577380952381,0.6559297218155197,0.17074999999999999,0.11199999999999999,0.26500666666666667
simArray_Sun_JS_frag_2Gyr_Run024_step.mat,2.034461333333333e+24,5.6799691999999995e+23,2.602458253333333e+24,5450209.44530397,3562148.6508228728,6480.489602864952,6208.554898318597,1.0438,0.7422077530514738,352541.1029928527,1.0000000000000002,0.27918786692759295,0.3406666666666666,0.09510999999999999,0.4357766666666666
simArray_Sun_JS_frag_2Gyr_Run024_step.mat,2.686066253333333e+24,8.013030533333332e+23,3.360842533333333e+24,5979097.271714553,3995112.174020307,7792.215513364522,6831.681144454254,1.1406,0.558872602059018,1961747.8061923916,0.8420987255608279,0.29831842469966574,0.4497766666666666,0.13417666666666664,0.5627666666666666
simArray_Sun_JS_frag_2Gyr_Run024_step.mat,3.36092216e+24,5.5738666666666665e+23,3.8268576000000005e+24,6442921.847408513,3539828.627758874,7294.851190389202,7238.391734857315,1.0078,0.44171550950164856,1896998.2622214614,0.8359285714285728,0.16584337278036415,0.56278,0.09333333333333332,0.6408
simArray_Sun_JS_frag_2Gyr_Run024_step.mat,3.82679788e+24,1.1983813333333332e+24,4.7961132e+24,6727833.270642462,4568725.413795676,7846.096554815207,7705.850083299162,1.0182,0.4259479802279992,3523981.1677469043,0.8088538205980068,0.3131551158205756,0.64079,0.20066666666666663,0.8030999999999999
simArray_Sun_JS_frag_2Gyr_Run025_step.mat,6.68864e+23,6.131253333333334e+23,1.1522575866666665e+24,3761629.2247258904,3654094.7045586845,5212.1034483110725,4803.781980010205,1.085,0.3076981167958419,3938856.0860818313,0.7884090909090907,0.9166666666666667,0.11199999999999999,0.10266666666666667,0.1929433333333333
simArray_Sun_JS_frag_2Gyr_Run025_step.mat,6.131253333333331e+23,5.573866666666664e+23,1.1705119999999995e+24,3654094.704558684,3539828.6277588736,4931.165819197066,4660.396767032479,1.0581,0.7007057779297708,608898.1633922305,1.0,0.909090909090909,0.10266666666666663,0.09333333333333328,0.1959999999999999
simArray_Sun_JS_frag_2Gyr_Run025_step.mat,5.573866666666664e+23,5.573866666666664e+23,1.1147733333333328e+24,3539828.6277588736,3539828.6277588736,4826.248190747,4584.637779753966,1.0527,0.8018,214048.99179122061,1.0,1.0,0.09333333333333328,0.09333333333333328,0.18666666666666656
simArray_Sun_JS_frag_2Gyr_Run025_step.mat,7.246026666666667e+23,6.131253333333331e+23,1.3377279999999996e+24,3863343.771591996,3654094.704558684,4870.865889628435,4873.790163726671,0.9994,0.7704652323721428,289905.6240136889,0.9999999999999998,0.8461538461538458,0.12133333333333332,0.10266666666666663,0.22399999999999992
simArray_Sun_JS_frag_2Gyr_Run025_step.mat,1.1705119999999999e+24,6.131253333333334e+23,1.1705120000000001e+24,4533030.788334287,3654094.7045586845,5947.057950008766,5392.689472260397,1.1028,0.9353835140868113,8879.695909928594,4.3781498073259624e-16,0.5238095238095238,0.19599999999999998,0.10266666666666667,0.196
simArray_Sun_JS_frag_2Gyr_Run025_step.mat,1.2819893333333334e+24,4.879721200000001e+23,1.7699614533333335e+24,4672595.458750138,3386323.0115571534,5839.5789200028385,5414.537709784737,1.0785,0.7182615478276398,435054.9479190418,0.9999999999999999,0.38063664596273294,0.21466666666666667,0.08171,0.2963766666666667
simArray_Sun_JS_frag_2Gyr_Run025_step.mat,1.740089509333333e+24,1.3934666666666666e+24,3.133556176e+24,5173533.213757895,4804286.593457831,6443.608431330251,6474.686928587471,0.9952,0.4464314031632663,3775011.7557517234,1.0000000000000002,0.8008017169188811,0.2913746666666666,0.2333333333333333,0.524708
simArray_Sun_JS_frag_2Gyr_Run025_step.mat,1.9790212666666662e+24,1.1191926133333334e+24,1.979021266666667e+24,5400245.856855945,4465790.275839014,10243.211428023264,6474.439939335859,1.5821,0.9657570336947422,4238.031540146177,7.195422471575521e-16,0.565528340793643,0.33138333333333325,0.18740666666666667,0.33138333333333336
simArray_Sun_JS_frag_2Gyr_Run025_step.mat,2.0651176e+24,1.1191926133333334e+24,3.184310213333333e+24,5477448.563767509,4465790.275839014,6719.360861335333,6538.251300316563,1.0277,0.6585119917914783,1149779.9112259303,0.9999999999999998,0.5419510314247156,0.3458,0.18740666666666667,0.5332066666666666
simArray_Sun_JS_frag_2Gyr_Run025_step.mat,2.061215893333333e+24,5.974587866666666e+23,2.061136266666667e+24,5473996.803765655,3622702.711750578,7428.479919439151,6246.094273471076,1.1893,0.7222279852899702,575059.2254094883,-0.00013327558058076215,0.2898574519045044,0.3451466666666666,0.10004333333333332,0.34513333333333335
simArray_Sun_JS_frag_2Gyr_Run025_step.mat,2.061215893333333e+24,5.974587866666666e+23,2.061136266666667e+24,5473996.803765655,3622702.711750578,6708.305249707936,6246.094273471076,1.074,0.7615828513439314,314742.9696824953,-0.00013327558058076215,0.2898574519045044,0.3451466666666666,0.10004333333333332,0.34513333333333335
simArray_Sun_JS_frag_2Gyr_Run025_step.mat,4.0328716933333333e+24,5.974587866666666e+23,4.5548444000000006e+24,6846493.187343398,3622702.711750578,9045.953167061944,7683.643223530064,1.1773,0.6052450929335157,1327462.1932195239,0.8736547496085041,0.14814723405515598,0.6752966666666667,0.10004333333333332,0.7627
simArray_Sun_JS_frag_2Gyr_Run026_step.mat,7.246026666666667e+23,6.688639999999997e+23,1.3934666666666663e+24,3863343.771591996,3761629.22472589,5027.006460707155,4939.090647187222,1.0178,0.6048624430215945,1225475.998757377,1.0,0.9230769230769227,0.12133333333333332,0.11199999999999995,0.23333333333333325
simArray_Sun_JS_frag_2Gyr_Run026_step.mat,6.131253333333334e+23,6.131253333333334e+23,6.131253333333334e+23,3654094.7045586845,3654094.7045586845,5027.473291564853,4732.630416610047,1.0623,0.91825,19208.334793754515,0.0,1.0,0.10266666666666667,0.10266666666666667,0.10266666666666667
simArray_Sun_JS_frag_2Gyr_Run026_step.mat,6.68864e+23,6.131253333333334e+23,1.0836393066666667e+24,3761629.2247258904,3654094.7045586845,5890.877842086515,4803.781980010205,1.2263,0.1034283646796442,7345566.179786881,0.6764935064935066,0.9166666666666667,0.11199999999999999,0.10266666666666667,0.18145333333333333
simArray_Sun_JS_frag_2Gyr_Run026_step.mat,1.0836393066666667e+24,6.131253333333334e+23,1.69676464e+24,4417992.374152568,3654094.7045586845,5539.146493676795,5297.07037742832,1.0457,0.8020386749986348,196757.11346041283,0.9999999999999998,0.5658020427658167,0.18145333333333333,0.10266666666666667,0.28412
simArray_Sun_JS_frag_2Gyr_Run026_step.mat,1.69676464e+24,5.573866666666664e+23,2.2541513066666663e+24,5130234.85556035,3539828.6277588736,5927.650181481299,5891.125205209003,1.0062,0.9139088484943241,15239.294070283531,1.0,0.3284996949645688,0.28412,0.09333333333333328,0.37745333333333325
simArray_Sun_JS_frag_2Gyr_Run026_step.mat,2.309889973333333e+24,5.5738666666666665e+23,2.3099696e+24,5685829.204856075,3539828.627758874,7774.94340188293,6441.010191270756,1.2071,0.7985478146270959,240545.3742609126,0.000142857142857531,0.24130442276534872,0.3867866666666666,0.09333333333333332,0.3868
simArray_Sun_JS_frag_2Gyr_Run026_step.mat,1.0311653333333332e+24,7.524719999999999e+23,1.595738306666667e+24,4345497.255981139,3912252.0493358,7255.912992811403,5369.579658707469,1.3513,0.48555486123950636,3947154.977615452,0.7502910052910059,0.7297297297297297,0.17266666666666663,0.12599999999999997,0.26720333333333335
simArray_Sun_JS_frag_2Gyr_Run026_step.mat,1.7629543066666665e+24,6.131253333333334e+23,1.7629543066666665e+24,5196094.777159628,3654094.7045586845,6613.27261377208,5986.487384604037,1.1047,0.7920792519015102,237067.5885438705,0.0,0.3477828841137747,0.2952033333333333,0.10266666666666667,0.2952033333333333
simArray_Sun_JS_frag_2Gyr_Run026_step.mat,1.79082364e+24,6.131253333333334e+23,1.79082364e+24,5223332.248647406,3654094.7045586845,6365.7687963863,6012.2485798888365,1.0588,0.8192652962793471,148390.38658565705,0.0,0.3423705828081058,0.29986999999999997,0.10266666666666667,0.29986999999999997
simArray_Sun_JS_frag_2Gyr_Run026_step.mat,8.867424666666667e+23,5.5738666666666665e+23,8.502933600000001e+23,4132338.421123798,3539828.627758874,24410.79325769911,5012.586142980166,4.8699,0.7163030772450248,10484789.420024553,-0.065392857142857,0.6285778426310472,0.14848333333333333,0.09333333333333332,0.14238
simArray_Sun_JS_frag_2Gyr_Run026_step.mat,2.0277129733333335e+24,8.5029336e+23,2.0276930666666668e+24,5444176.608893313,4074925.2004006645,9767.442671810919,6352.808241828239,1.5375,0.6058361804860684,2930832.718121038,-2.3411527836291287e-05,0.4193361541708799,0.33953666666666665,0.14237999999999998,0.33953333333333335
simArray_Sun_JS_frag_2Gyr_Run026_step.mat,2.0276930666666668e+24,8.502933600000001e+23,2.877986426666667e+24,5444158.793129922,4074925.200400665,6579.5868981540825,6352.792216041404,1.0357,0.7658586734642676,361819.9116617504,1.0000000000000002,0.41934027096014137,0.33953333333333335,0.14238,0.48191333333333336
simArray_Sun_JS_frag_2Gyr_Run026_step.mat,3.2717004799999996e+24,6.7346244e+23,3.742453333333334e+24,6385396.814045149,3770229.9450578704,8666.486402323222,7201.068884356645,1.2035,0.2951373987652856,4487760.564354378,0.6990038721882309,0.2058447721962617,0.5478399999999999,0.11277,0.6266666666666667
simArray_Sun_JS_frag_2Gyr_Run026_step.mat,1.8697336666666668e+24,7.090356533333333e+23,2.57876932e+24,5298951.705066508,3835477.1811898965,6578.950794159081,6138.7989121573955,1.0717,0.734590265870002,472467.61574417644,1.0000000000000002,0.37921746073995205,0.3130833333333333,0.11872666666666666,0.43181
simArray_Sun_JS_frag_2Gyr_Run026_step.mat,2.5607139733333336e+24,6.403377466666666e+23,3.1006624000000003e+24,5884601.64864562,3707374.1130617084,7100.860451175962,6674.368315796562,1.0639,0.5218977556727872,1738376.3220834585,0.8432244225448443,0.2500621909885257,0.4287866666666667,0.10722333333333332,0.5192
simArray_Sun_JS_frag_2Gyr_Run026_step.mat,3.394882933333333e+24,6.725865466666666e+23,3.7534019999999997e+24,6464550.210419175,3768594.737826742,13084.4152376221,7284.0924331248125,1.7963,0.49963259460102954,5585468.650432985,0.5330452540918107,0.19811774363785623,0.5684666666666666,0.11262333333333331,0.6285
simArray_Sun_JS_frag_2Gyr_Run026_step.mat,5.8525599999999994e+23,5.847583333333333e+23,5.852560000000001e+23,3597868.9210030413,3596848.8276903545,7425.751175877827,4659.148686082211,1.5938,0.7779102793196789,684690.9620418316,2.295268324521526e-16,0.9991496598639457,0.09799999999999999,0.09791666666666667,0.098
simArray_Sun_JS_frag_2Gyr_Run026_step.mat,3.781968066666667e+24,5.847583333333333e+23,4.2528602666666666e+24,6701458.479644854,3596848.8276903545,8135.781795667739,7523.378764257203,1.0814,0.41451754391648415,2434217.3931540637,0.8052765957446802,0.15461746980024738,0.6332833333333333,0.09791666666666667,0.7121333333333333
simArray_Sun_JS_frag_2Gyr_Run027_step.mat,6.688639999999997e+23,6.131253333333331e+23,1.2819893333333326e+24,3761629.22472589,3654094.704558684,5047.814104594721,4803.781980010203,1.0508,0.5324100616368542,1770526.3040520113,0.9999999999999998,0.9166666666666667,0.11199999999999995,0.10266666666666663,0.21466666666666653
simArray_Sun_JS_frag_2Gyr_Run027_step.mat,1.2819893333333326e+24,5.573866666666664e+23,1.839375999999999e+24,4672595.458750137,3539828.6277588736,5776.247930533363,5467.860593083456,1.0564,0.742217000940416,367063.0178569703,1.0,0.43478260869565216,0.21466666666666653,0.09333333333333328,0.30799999999999983
simArray_Sun_JS_frag_2Gyr_Run027_step.mat,9.475573333333333e+23,6.131253333333331e+23,1.5606826666666662e+24,4224725.969533426,3654094.704558684,5441.420800770777,5142.147798876183,1.0582,0.709999616396119,560295.520145801,0.9999999999999998,0.6470588235294116,0.15866666666666665,0.10266666666666663,0.26133333333333325
simArray_Sun_JS_frag_2Gyr_Run027_step.mat,6.131253333333334e+23,6.131253333333334e+23,1.15331264e+24,3654094.7045586845,3654094.7045586845,4802.673346775876,4732.630416610047,1.0148,0.497,1944029.1760385793,0.881038961038961,1.0,0.10266666666666667,0.10266666666666667,0.19311999999999999
simArray_Sun_JS_frag_2Gyr_Run027_step.mat,1.15331264e+24,6.088254933333334e+23,1.15331264e+24,4510718.544602136,3645532.618420805,6663.376054056261,5370.225704429611,1.2408,0.5780908410531436,1822561.499142545,0.0,0.527892847279757,0.19311999999999999,0.10194666666666667,0.19311999999999999
simArray_Sun_JS_frag_2Gyr_Run027_step.mat,2.1132519200000003e+24,6.715514e+23,2.6330548e+24,5519678.757354815,3766660.388846936,9196.189026253393,6326.927434642857,1.4534999999999998,0.5877298114300278,2439255.8505034973,0.7740329035126722,0.3177810433504775,0.35386,0.11244999999999998,0.4409
simArray_Sun_JS_frag_2Gyr_Run027_step.mat,6.301455333333334e+23,5.801997066666667e+23,8.679505733333334e+23,3687598.809154637,3587477.7287350455,10109.780870121009,4712.525460364987,2.1453,0.47449139913117444,9013369.963909797,0.40986756330199686,0.9207392197125257,0.10551666666666666,0.09715333333333333,0.14533666666666667
simArray_Sun_JS_frag_2Gyr_Run027_step.mat,1.15331264e+24,5.8525599999999994e+23,1.5777227733333336e+24,4510718.544602136,3597868.9210030413,6964.427870523647,5349.844730775577,1.3018,0.46060734631932826,3277117.3672231534,0.7251700680272114,0.5074565037282518,0.19311999999999999,0.09799999999999999,0.2641866666666667
simArray_Sun_JS_frag_2Gyr_Run027_step.mat,3.0348111466666666e+24,5.8525599999999994e+23,3.0347713333333333e+24,6227407.262783675,3597868.9210030413,8327.235247018869,7012.999197421988,1.1874,0.8348610963297394,139520.8114373656,-6.802721088430926e-05,0.19284758481358066,0.5081733333333333,0.09799999999999999,0.5081666666666667
simArray_Sun_JS_frag_2Gyr_Run027_step.mat,8.679505733333334e+23,5.8525599999999994e+23,8.679505733333334e+23,4102938.8418561383,3597868.9210030413,7702.5918987992745,5018.956081839627,1.5347,0.8314772363858292,273383.3810271299,0.0,0.6742964610903418,0.14533666666666667,0.09799999999999999,0.14533666666666667
simArray_Sun_JS_frag_2Gyr_Run027_step.mat,8.679505733333334e+23,5.8525599999999994e+23,1.1720846266666669e+24,4102938.8418561383,3597868.9210030413,7897.829290382837,5018.956081839627,1.5736,0.3433852869733864,7097629.342436503,0.5196598639455785,0.6742964610903418,0.14533666666666667,0.09799999999999999,0.19626333333333335
simArray_Sun_JS_frag_2Gyr_Run027_step.mat,3.6112684e+24,5.447260266666667e+23,3.6112684e+24,6599078.600679696,3512821.541886097,8109.12024868648,7406.942134350092,1.0948,0.8047274703835603,181111.72476177235,0.0,0.15084063723058266,0.6046999999999999,0.09121333333333333,0.6046999999999999
simArray_Sun_JS_frag_2Gyr_Run027_step.mat,3.851482146666666e+24,5.344740933333333e+23,3.851541866666667e+24,6742267.952527088,3490644.318941659,9491.282311986995,7563.980165753104,1.2548,0.7310280880826029,551261.2295735454,0.00011173600506730147,0.13877101670999653,0.6449233333333332,0.08949666666666665,0.6449333333333334
simArray_Sun_JS_frag_2Gyr_Run027_step.mat,4.0574962399999994e+24,4.568779066666666e+23,4.4678522666666667e+24,6860399.722182773,3312811.8000246305,9182.574132892481,7696.399407335916,1.1931,0.6408436354398821,923070.3621239776,0.8981743714870826,0.11260094394238224,0.6794199999999999,0.07650333333333333,0.7481333333333333
simArray_Sun_JS_frag_2Gyr_Run027_step.mat,1.6900959066666667e+24,5.6089024000000004e+23,2.1544985333333335e+24,5123504.971627578,3547229.9256624808,6310.01784759348,5886.75981676787,1.0719,0.5012573119713363,1786735.9569598616,0.827974162407723,0.33186888258088837,0.28300333333333333,0.09392,0.3607666666666667
simArray_Sun_JS_frag_2Gyr_Run027_step.mat,2.3223316400000002e+24,1.2836813999999998e+24,3.2529484e+24,5696019.381454675,4674650.303488163,8075.257682050085,6812.838675483072,1.1853,0.3702997379766521,6193214.775569812,0.7249592928588043,0.5527554195489494,0.38887,0.21494999999999995,0.5447
simArray_Sun_JS_frag_2Gyr_Run028_step.mat,5.573866666666664e+23,5.573866666666664e+23,1.1147733333333328e+24,3539828.6277588736,3539828.6277588736,4629.10876621758,4584.637779753966,1.0097,0.7788,263436.044755097,1.0,1.0,0.09333333333333328,0.09333333333333328,0.18666666666666656
simArray_Sun_JS_frag_2Gyr_Run028_step.mat,5.573866666666664e+23,5.573866666666664e+23,1.1147733333333328e+24,3539828.6277588736,3539828.6277588736,4610.311751320589,4584.637779753966,1.0056,0.70945,523288.9910841931,1.0,1.0,0.09333333333333328,0.09333333333333328,0.18666666666666656
simArray_Sun_JS_frag_2Gyr_Run028_step.mat,7.246026666666667e+23,6.68864e+23,7.246026666666667e+23,3863343.771591996,3761629.2247258904,5285.320901555047,4939.090647187223,1.0701,0.9076990003963702,28626.34857528673,0.0,0.923076923076923,0.12133333333333332,0.11199999999999999,0.12133333333333332
simArray_Sun_JS_frag_2Gyr_Run028_step.mat,1.2819893333333334e+24,6.131253333333331e+23,1.8951146666666665e+24,4672595.458750138,3654094.704558684,5537.78136917127,5511.875554067155,1.0047,0.8472375560108028,86617.43324197498,1.0,0.4782608695652172,0.21466666666666667,0.10266666666666663,0.3173333333333333
simArray_Sun_JS_frag_2Gyr_Run028_step.mat,5.5738666666666665e+23,5.5738666666666665e+23,5.573866666666667e+23,3539828.627758874,3539828.627758874,4985.793585482438,4584.637779753966,1.0875,0.8785,59021.27416306549,1.2039911970146398e-16,1.0,0.09333333333333332,0.09333333333333332,0.09333333333333334
simArray_Sun_JS_frag_2Gyr_Run028_step.mat,1.8951146666666665e+24,5.5738666666666665e+23,1.8951146666666665e+24,5322821.17905269,3539828.627758874,14213.963857014025,6077.72003977168,2.3387,0.9177619810114827,71687.23133765222,0.0,0.29411764705882354,0.3173333333333333,0.09333333333333332,0.3173333333333333
simArray_Sun_JS_frag_2Gyr_Run028_step.mat,7.524520933333334e+23,5.386345866666666e+23,1.1290265066666667e+24,3912217.5494544124,3499678.2968023727,7420.156815716726,4822.041081178013,1.5388,0.5112556890981251,3679609.948520517,0.6991277995417252,0.7158390433609354,0.12599666666666667,0.09019333333333332,0.18905333333333332
simArray_Sun_JS_frag_2Gyr_Run028_step.mat,6.68864e+23,5.5738666666666665e+23,6.68864e+23,3761629.2247258904,3539828.627758874,6756.576054799035,4734.811531043472,1.427,0.6892710800279553,1190637.7806715376,0.0,0.8333333333333334,0.11199999999999999,0.09333333333333332,0.11199999999999999
simArray_Sun_JS_frag_2Gyr_Run028_step.mat,1.0450203733333334e+24,8.871406e+23,1.69503276e+24,4364873.191866455,4132956.780105176,6640.192204347511,5509.16137422012,1.2053,0.31779254853474154,6013960.990239862,0.7327050375855492,0.8489218226150563,0.17498666666666668,0.14855,0.28382999999999997
simArray_Sun_JS_frag_2Gyr_Run028_step.mat,1.2962425066666666e+24,6.967333333333333e+23,1.2962425066666666e+24,4689848.334739259,3813164.796205839,6585.209496201324,5593.484665082243,1.1773,0.8544081895986778,115178.48436291856,0.0,0.537502303581301,0.21705333333333332,0.11666666666666665,0.21705333333333332
simArray_Sun_JS_frag_2Gyr_Run028_step.mat,1.2962425066666666e+24,6.967333333333333e+23,1.2962425066666666e+24,4689848.334739259,3813164.796205839,6544.936406612732,5593.484665082243,1.1701,0.9161267851806881,23427.99536353638,0.0,0.537502303581301,0.21705333333333332,0.11666666666666665,0.21705333333333332
simArray_Sun_JS_frag_2Gyr_Run028_step.mat,1.9508533333333335e+24,7.246026666666667e+23,2.5542244e+24,5374502.286691179,3863343.771591996,6527.987911419436,6217.723508352639,1.0499,0.49586107736008306,2092699.0995883185,0.8326923076923076,0.3714285714285714,0.32666666666666666,0.12133333333333332,0.4277
simArray_Sun_JS_frag_2Gyr_Run028_step.mat,2.5542243999999996e+24,6.824602533333334e+23,3.067020133333333e+24,5879626.361801176,3786946.4708313434,6937.509757654217,6685.46762807576,1.0377,0.0894117377636718,4617530.881744907,0.7513928185981392,0.26718883952926514,0.4276999999999999,0.11427666666666667,0.5135666666666666
simArray_Sun_JS_frag_2Gyr_Run028_step.mat,1.2962425066666666e+24,5.9238258666666664e+23,1.7768292533333333e+24,4689848.334739259,3612413.6383476215,5858.232974907919,5510.519212593284,1.0631,0.4562600544584453,2218983.5108906333,0.811277639626319,0.4569998157134959,0.21705333333333332,0.09919333333333333,0.29752666666666666
simArray_Sun_JS_frag_2Gyr_Run028_step.mat,3.404736733333334e+24,7.274095066666667e+23,3.4046371999999996e+24,6470798.717778442,3868325.727814312,8852.510279322963,7304.051385580004,1.212,0.9519263358839232,4754.520514175117,-0.000136832598999772,0.21364632969859967,0.5701166666666667,0.12180333333333333,0.5700999999999999
simArray_Sun_JS_frag_2Gyr_Run028_step.mat,3.4046371999999996e+24,7.274095066666667e+23,4.132046706666667e+24,6470735.661856416,3868325.727814312,7659.68979241318,7303.985689342215,1.0487,0.793018713026462,233359.67103241078,1.0000000000000004,0.2136525755715372,0.5700999999999999,0.12180333333333333,0.6919033333333333
simArray_Sun_JS_frag_2Gyr_Run028_step.mat,2.9585288e+24,2.0174809466666665e+24,2.9585288000000004e+24,6174786.970745817,5435003.8903369,10044.114236965335,7563.90860529056,1.3279,0.7786434943866702,980415.712639268,2.661095327254673e-16,0.6819203337370475,0.49539999999999995,0.3378233333333333,0.49540000000000006
simArray_Sun_JS_frag_2Gyr_Run028_step.mat,2.9585288000000004e+24,2.0175406666666667e+24,4.976069466666667e+24,6174786.970745818,5435057.517481892,8225.780971166641,7563.9365252107045,1.0875000000000001,0.6344000478364679,2317365.958842808,0.9999999999999998,0.6819405194455658,0.49540000000000006,0.3378333333333333,0.8332333333333333
simArray_Sun_JS_frag_2Gyr_Run029_step.mat,7.246026666666667e+23,5.5738666666666665e+23,7.246026666666667e+23,3863343.771591996,3539828.627758874,5563.166108692075,4807.852483529578,1.1571,0.6961997705379396,728681.1026277393,0.0,0.7692307692307692,0.12133333333333332,0.09333333333333332,0.12133333333333332
simArray_Sun_JS_frag_2Gyr_Run029_step.mat,6.131253333333334e+23,6.131253333333334e+23,1.1446333333333334e+24,3654094.7045586845,3654094.7045586845,4794.154612025977,4732.630416610047,1.013,0.45450000000000007,2269608.195848863,0.8668831168831168,1.0,0.10266666666666667,0.10266666666666667,0.19166666666666665
simArray_Sun_JS_frag_2Gyr_Run029_step.mat,5.5738666666666665e+23,5.5738666666666665e+23,5.573866666666667e+23,3539828.627758874,3539828.627758874,7881.450807175043,4584.637779753966,1.7191,0.7005500000000001,1646679.7953546494,1.2039911970146398e-16,1.0,0.09333333333333332,0.09333333333333332,0.09333333333333334
simArray_Sun_JS_frag_2Gyr_Run029_step.mat,6.131253333333334e+23,5.5738666666666665e+23,6.131253333333334e+23,3654094.7045586845,3539828.627758874,4895.280764090917,4660.39676703248,1.0504,0.9424860970994492,6110.567456097829,0.0,0.9090909090909091,0.10266666666666667,0.09333333333333332,0.10266666666666667
simArray_Sun_JS_frag_2Gyr_Run029_step.mat,6.131253333333334e+23,5.5738666666666665e+23,6.131253333333334e+23,3654094.7045586845,3539828.627758874,8490.310830179773,4660.39676703248,1.8218,0.6957279478292189,1879434.181058216,0.0,0.9090909090909091,0.10266666666666667,0.09333333333333332,0.10266666666666667
simArray_Sun_JS_frag_2Gyr_Run029_step.mat,6.8164408e+23,6.68864e+23,1.2134506799999998e+24,3785436.230171377,3761629.2247258904,5133.230432040341,4887.394489231972,1.0503,0.2518419301552116,4463606.299048285,0.7950892857142855,0.9812510951463114,0.11414,0.11199999999999999,0.20318999999999995
simArray_Sun_JS_frag_2Gyr_Run029_step.mat,1.2134506799999998e+24,8.432264933333333e+23,1.2134506799999998e+24,4587795.894821423,4063604.7538808216,6625.245277667675,5633.23295439816,1.1761,0.8361163794269559,190834.01982519738,0.0,0.6948996833833687,0.20318999999999995,0.14119666666666666,0.20318999999999995
simArray_Sun_JS_frag_2Gyr_Run029_step.mat,7.017657386666665e+23,6.68864e+23,1.3706297386666664e+24,3822323.4291672874,3761629.2247258904,4899.892689728867,4911.680723465182,0.9976000000000002,0.5436664060562354,1617926.7900184616,1.0,0.9531157808741435,0.1175093333333333,0.11199999999999999,0.2295093333333333
simArray_Sun_JS_frag_2Gyr_Run029_step.mat,1.2683333600000002e+24,8.432264933333333e+23,1.2683333600000002e+24,4655945.097386202,4063604.7538808216,6354.17129653528,5685.550551660058,1.1176,0.7500089563497799,531608.7554223882,0.0,0.6648303355620427,0.21238,0.14119666666666666,0.21238
simArray_Sun_JS_frag_2Gyr_Run029_step.mat,1.2683333600000002e+24,8.432264933333333e+23,2.1115598533333334e+24,4655945.097386202,4063604.7538808216,5970.965189353393,5685.550551660058,1.0502,0.5636013480187902,1797531.9103502552,0.9999999999999999,0.6648303355620427,0.21238,0.14119666666666666,0.35357666666666665
simArray_Sun_JS_frag_2Gyr_Run029_step.mat,1.4890783866666666e+24,6.68864e+23,1.4890783866666666e+24,4911745.983515039,3761629.2247258904,6028.606221662737,5762.934921769178,1.0461,0.9251668722511028,12726.684377885404,0.0,0.4491798457281125,0.2493433333333333,0.11199999999999999,0.2493433333333333
simArray_Sun_JS_frag_2Gyr_Run029_step.mat,1.4890783866666666e+24,5.573866666666667e+23,2.0464650533333333e+24,4911745.983515039,3539828.6277588746,6024.6822349018,5685.271524867227,1.0597,0.5818608135027772,1193078.6159385461,0.9999999999999999,0.37431653810676047,0.2493433333333333,0.09333333333333334,0.34267666666666663
simArray_Sun_JS_frag_2Gyr_Run029_step.mat,2.1370403866666664e+24,6.984652133333334e+23,2.7138758666666666e+24,5540312.842774214,3816321.6613632,7149.542129051053,6360.236748555335,1.1241,0.5256308460436193,2044752.728798164,0.8258614301593185,0.3268376291300663,0.3578433333333333,0.11695666666666667,0.4544333333333333
simArray_Sun_JS_frag_2Gyr_Run029_step.mat,5.860920799999999e+23,5.5738666666666665e+23,5.8609208000000006e+23,3599581.3767213905,3539828.627758874,6913.995295813873,4623.818160779691,1.4953,0.8694665357866542,134550.06431369364,2.4079823940292795e-16,0.9510223490252022,0.09813999999999998,0.09333333333333332,0.09814
simArray_Sun_JS_frag_2Gyr_Run029_step.mat,5.8609208000000006e+23,5.573866666666667e+23,1.1434787466666666e+24,3599581.376721391,3539828.6277588746,4839.288087072025,4623.818160779691,1.0466,0.7047998088583148,582104.7927557521,0.9999999999999998,0.9510223490252021,0.09814,0.09333333333333334,0.19147333333333333
simArray_Sun_JS_frag_2Gyr_Run029_step.mat,3.2700681333333335e+24,7.485105733333333e+23,4.018578706666667e+24,6384334.683895464,3905374.550345528,7573.325673899124,7220.255194869982,1.0489,0.7112933043105215,571163.5354770884,1.0000000000000002,0.22889754672186033,0.5475666666666666,0.12533666666666665,0.6729033333333333
simArray_Sun_JS_frag_2Gyr_Run029_step.mat,1.2549560799999998e+24,5.548784266666666e+23,1.2549560799999998e+24,4639518.252656265,3534510.900231355,6014.397295118682,5436.497600215748,1.1063,0.7958783082607945,216267.97310760853,0.0,0.4421496779924495,0.21013999999999997,0.09291333333333332,0.21013999999999997
simArray_Sun_JS_frag_2Gyr_Run029_step.mat,3.2528886799999996e+24,5.548784266666666e+23,3.6560584e+24,6373134.916144352,3534510.900231355,10294.020309179956,7162.55239993039,1.4372,0.5191061502044978,2889819.5692847366,0.7265910884695423,0.17058020770224042,0.5446899999999999,0.09291333333333332,0.6122
simArray_Sun_JS_frag_2Gyr_Run030_step.mat,6.68864e+23,6.131253333333334e+23,6.68864e+23,3761629.2247258904,3654094.7045586845,5170.310545084984,4803.781980010205,1.0763,0.9831020774184326,180.2688579602292,0.0,0.9166666666666667,0.11199999999999999,0.10266666666666667,0.11199999999999999
simArray_Sun_JS_frag_2Gyr_Run030_step.mat,6.688639999999997e+23,6.688639999999997e+23,1.3377279999999994e+24,3761629.22472589,3761629.22472589,4996.138191146867,4871.904623253892,1.0255,0.58585,1401948.7052164578,1.0,1.0,0.11199999999999995,0.11199999999999995,0.2239999999999999
simArray_Sun_JS_frag_2Gyr_Run030_step.mat,6.131253333333334e+23,5.5738666666666665e+23,6.131253333333334e+23,3654094.7045586845,3539828.627758874,5538.415517941399,4660.39676703248,1.1884,0.8866632881146853,56138.45743558205,0.0,0.9090909090909091,0.10266666666666667,0.09333333333333332,0.10266666666666667
simArray_Sun_JS_frag_2Gyr_Run030_step.mat,6.967333333333333e+23,6.131253333333334e+23,1.3098586666666668e+24,3813164.796205839,3654094.7045586845,5146.203440611928,4838.931302879106,1.0635,0.7570914237379808,384134.8005509204,1.0000000000000002,0.8800000000000001,0.11666666666666665,0.10266666666666667,0.21933333333333335
simArray_Sun_JS_frag_2Gyr_Run030_step.mat,1.421336e+24,5.5738666666666665e+23,1.421336e+24,4836103.988209846,3539828.627758874,6787.537761394245,5615.568595511081,1.2087,0.6873142910187066,778708.8739145299,0.0,0.39215686274509803,0.238,0.09333333333333332,0.238
simArray_Sun_JS_frag_2Gyr_Run030_step.mat,8.7836176e+23,5.708435733333333e+23,1.2742257333333334e+24,4119278.7871695976,3568089.592261961,5746.310225571285,5016.420973872793,1.1455,0.19649631144212035,5062879.6532395715,0.6934718928720884,0.6498957483455715,0.14708,0.09558666666666665,0.21336666666666668
simArray_Sun_JS_frag_2Gyr_Run030_step.mat,1.3934666666666666e+24,4.305015733333333e+23,1.3934666666666666e+24,4804286.593457831,3247792.6376900235,9235.3313938645,5498.85763254808,1.6795,0.8306584676338955,244901.83396090803,0.0,0.30894285714285713,0.2333333333333333,0.07208666666666666,0.2333333333333333
simArray_Sun_JS_frag_2Gyr_Run030_step.mat,1.3934666666666666e+24,6.409946666666663e+23,2.0344613333333328e+24,4804286.593457831,3708641.4733208995,5920.348242817101,5648.109371128698,1.0482,0.583088318076076,1292960.154545728,0.9999999999999998,0.45999999999999974,0.2333333333333333,0.10733333333333327,0.34066666666666656
simArray_Sun_JS_frag_2Gyr_Run030_step.mat,6.68864e+23,4.305015733333333e+23,6.68864e+23,3761629.2247258904,3247792.6376900235,5785.8432075949495,4575.597633527046,1.2645,0.8074485232326775,215811.76178522242,0.0,0.6436309523809524,0.11199999999999999,0.07208666666666666,0.11199999999999999
simArray_Sun_JS_frag_2Gyr_Run030_step.mat,1.5606826666666665e+24,1.4805583333333332e+24,1.560682666666667e+24,4989245.960026423,4902360.221315067,8524.273754252334,6406.338309223158,1.3306,0.9456843589364285,16105.339336594485,3.626138193361739e-16,0.9486607142857143,0.2613333333333333,0.24791666666666665,0.26133333333333336
simArray_Sun_JS_frag_2Gyr_Run030_step.mat,1.6164213333333332e+24,1.4805583333333332e+24,1.6164213333333335e+24,5047948.356674059,4902360.221315067,6846.601629455803,6445.680313929394,1.0622,0.8177422732519207,325045.14897417126,1.8130690966808694e-16,0.915948275862069,0.2706666666666666,0.24791666666666665,0.27066666666666667
simArray_Sun_JS_frag_2Gyr_Run030_step.mat,1.6164213333333332e+24,1.4805583333333332e+24,1.6164213333333335e+24,5047948.356674059,4902360.221315067,6922.016089128777,6445.680313929394,1.0739,0.7734028758437577,594352.6992258624,1.8130690966808694e-16,0.915948275862069,0.2706666666666666,0.24791666666666665,0.27066666666666667
simArray_Sun_JS_frag_2Gyr_Run030_step.mat,1.6164213333333332e+24,1.4805583333333332e+24,1.6164213333333335e+24,5047948.356674059,4902360.221315067,7360.322350475974,6445.680313929394,1.1419,0.9620228753443869,4072.070353180462,1.8130690966808694e-16,0.915948275862069,0.2706666666666666,0.24791666666666665,0.27066666666666667
simArray_Sun_JS_frag_2Gyr_Run030_step.mat,1.6164213333333332e+24,1.4805583333333332e+24,1.6164213333333335e+24,5047948.356674059,4902360.221315067,7119.898474766409,6445.680313929394,1.1046,0.9425419501673451,12953.335573211749,1.8130690966808694e-16,0.915948275862069,0.2706666666666666,0.24791666666666665,0.27066666666666667
simArray_Sun_JS_frag_2Gyr_Run030_step.mat,1.4805583333333332e+24,6.251290533333333e+23,1.4805583333333332e+24,4902360.221315067,3677787.2807324887,6946.703816965006,5723.575691657746,1.2137,0.833215502301995,161084.4701383636,0.0,0.42222521008403363,0.24791666666666665,0.10467666666666665,0.24791666666666665
simArray_Sun_JS_frag_2Gyr_Run030_step.mat,1.4805583333333332e+24,6.251290533333333e+23,1.97052112e+24,4902360.221315067,3677787.2807324887,6292.4991154085255,5723.575691657746,1.0994,0.4334914637567878,2648815.2019247394,0.783778619877082,0.42222521008403363,0.24791666666666665,0.10467666666666665,0.32996
simArray_Sun_JS_frag_2Gyr_Run030_step.mat,1.97052112e+24,1.67216e+24,3.117184933333333e+24,5392503.181318282,5105316.317347099,8072.353878459444,6805.795361655379,1.1861,0.09836941465356083,13365160.036886998,0.6857380952380951,0.8485877076009213,0.32996,0.27999999999999997,0.5219666666666666
simArray_Sun_JS_frag_2Gyr_Run030_step.mat,2.1180693333333337e+24,7.803413333333333e+23,2.1180693333333337e+24,5523869.832708708,3959967.142737017,7854.89290269303,6387.1303485876,1.2298,0.7793776129096877,406456.76690872636,0.0,0.36842105263157887,0.3546666666666667,0.13066666666666665,0.3546666666666667
simArray_Sun_JS_frag_2Gyr_Run030_step.mat,2.1180693333333337e+24,6.131253333333334e+23,2.5452664e+24,5523869.832708708,3654094.7045586845,7846.75967048005,6302.618209220923,1.245,0.39644662430658717,3675946.0876066037,0.6967532467532463,0.28947368421052627,0.3546666666666667,0.10266666666666667,0.4262
simArray_Sun_JS_frag_2Gyr_Run030_step.mat,8.3608e+23,5.8525599999999994e+23,1.288299746666667e+24,4052092.2463936,3597868.9210030413,5000.501817839545,4980.083475589628,1.0041,0.21123955435863997,3886581.3826744915,0.7726870748299326,0.7,0.13999999999999999,0.09799999999999999,0.21572333333333338
simArray_Sun_JS_frag_2Gyr_Run030_step.mat,4.892302213333333e+24,7.235476133333334e+23,5.470352000000001e+24,7301876.29368009,3861467.79467931,8855.098779632946,8194.612973933876,1.0806,0.3774122331180956,3065937.689260782,0.7989105015544625,0.14789511804103156,0.8192066666666666,0.12115666666666666,0.9160000000000001
simArray_Sun_JS_frag_2Gyr_Run030_step.mat,2.9428025333333333e+24,1.43614656e+24,4.378949093333333e+24,6163826.690425745,4852843.650899022,7464.775441369708,7284.129041149207,1.0248,0.6005113143867037,1930723.8997372824,0.9999999999999998,0.4880200229993912,0.49276666666666663,0.24047999999999997,0.7332466666666666
simArray_Sun_JS_frag_2Gyr_Run031_step.mat,5.573866666666664e+23,5.573866666666664e+23,1.1147733333333328e+24,3539828.6277588736,3539828.6277588736,4807.909639627985,4584.637779753966,1.0487,0.5686,1417978.929325444,1.0,1.0,0.09333333333333328,0.09333333333333328,0.18666666666666656
simArray_Sun_JS_frag_2Gyr_Run031_step.mat,5.573866666666664e+23,5.573866666666664e+23,1.1147733333333328e+24,3539828.6277588736,3539828.6277588736,4675.413607793095,4584.637779753966,1.0198,0.57705,1285039.3995540568,1.0,1.0,0.09333333333333328,0.09333333333333328,0.18666666666666656
simArray_Sun_JS_frag_2Gyr_Run031_step.mat,8.360799999999996e+23,6.131253333333334e+23,1.4492053333333328e+24,4052092.246393599,3654094.7045586845,5273.833527007614,5010.292159422016,1.0526,0.6010685539208384,1213216.1088134237,0.9999999999999998,0.7333333333333337,0.13999999999999993,0.10266666666666667,0.24266666666666656
simArray_Sun_JS_frag_2Gyr_Run031_step.mat,7.829092933333333e+23,5.5738666666666665e+23,7.829092933333333e+23,3964306.2280097716,3539828.627758874,5862.275681808587,4882.788340670155,1.2006,0.5374222083248068,2040398.44543225,0.0,0.7119428411604668,0.13109666666666667,0.09333333333333332,0.13109666666666667
simArray_Sun_JS_frag_2Gyr_Run031_step.mat,1.1705119999999995e+24,6.131253333333331e+23,1.7836373333333326e+24,4533030.788334286,3654094.704558684,5542.606239589236,5392.6894722603965,1.0278,0.9916925607203075,17.2465768592638,1.0,0.5238095238095238,0.1959999999999999,0.10266666666666663,0.2986666666666665
simArray_Sun_JS_frag_2Gyr_Run031_step.mat,1.588552e+24,5.5738666666666665e+23,1.588552e+24,5018768.812569609,3539828.627758874,6598.702970191377,5785.2910487387135,1.1406,0.7630834259154234,336606.1062427784,0.0,0.3508771929824561,0.266,0.09333333333333332,0.266
simArray_Sun_JS_frag_2Gyr_Run031_step.mat,1.2262506666666667e+24,5.5738666666666665e+23,1.6691939066666667e+24,4603870.836582874,3539828.627758874,6138.081492749201,5407.048531315364,1.1352,0.4734066446625827,2277698.4850759753,0.7946785714285713,0.45454545454545453,0.20533333333333334,0.09333333333333332,0.2795033333333333
simArray_Sun_JS_frag_2Gyr_Run031_step.mat,1.6691939066666667e+24,6.714120533333332e+23,2.1590770666666668e+24,5102295.911198864,3766399.8439467796,6373.463959760892,5935.429278972706,1.0738,0.27787726551327385,4019528.7331575644,0.7296311669829225,0.40223730188071694,0.2795033333333333,0.11242666666666665,0.3615333333333333
simArray_Sun_JS_frag_2Gyr_Run031_step.mat,2.1590372533333335e+24,6.131253333333334e+23,2.638230533333334e+24,5559257.073346624,3654094.7045586845,6958.581562726421,6337.505976982168,1.098,0.4313041607244064,2560358.709826696,0.7815584415584421,0.2839808958306441,0.36152666666666666,0.10266666666666667,0.44176666666666675
simArray_Sun_JS_frag_2Gyr_Run031_step.mat,1.9674554933333334e+24,5.988522533333334e+23,1.9674554933333334e+24,5389705.278151265,3625516.962178463,7056.89457177628,6164.3034344656535,1.1448,0.817373644248497,174589.08452604423,0.0,0.3043790598377077,0.32944666666666667,0.10027666666666667,0.32944666666666667
simArray_Sun_JS_frag_2Gyr_Run031_step.mat,2.004525688e+24,5.988522533333333e+23,2.6033779413333337e+24,5423345.269214651,3625516.962178463,6589.39126441135,6197.113951294414,1.0633,0.6624505239196335,751690.1038661862,1.0000000000000004,0.2987501017913287,0.335654,0.10027666666666665,0.4359306666666667
simArray_Sun_JS_frag_2Gyr_Run031_step.mat,3.1697385333333336e+24,2.0410305333333333e+24,5.210769066666668e+24,6318362.300854814,5456069.317269166,7894.261821663629,7685.971980979097,1.0271,0.5595843961749716,3148965.47531732,1.0000000000000004,0.6439113232431074,0.5307666666666667,0.34176666666666666,0.8725333333333335
simArray_Sun_JS_frag_2Gyr_Run031_step.mat,1.6116437333333334e+24,1.3106748400000001e+24,1.6116437333333337e+24,5042970.1006274065,4707189.687081307,9466.327233898319,6325.221992448429,1.4966,0.8206717461956489,551448.5605377716,2.0480705649312684e-16,0.8132534584980238,0.26986666666666664,0.21947,0.2698666666666667
simArray_Sun_JS_frag_2Gyr_Run031_step.mat,1.6116437333333337e+24,1.3106748400000001e+24,2.922318573333334e+24,5042970.1006274065,4707189.687081307,6347.992791621245,6325.22199244843,1.0036,0.745933568011196,625478.791331474,1.0,0.8132534584980237,0.2698666666666667,0.21947,0.4893366666666667
simArray_Sun_JS_frag_2Gyr_Run032_step.mat,6.68864e+23,6.131253333333334e+23,1.17522988e+24,3761629.2247258904,3654094.7045586845,5076.156418276783,4803.781980010205,1.0567,0.39205386493819033,2984275.8297051876,0.8258766233766235,0.9166666666666667,0.11199999999999999,0.10266666666666667,0.19679
simArray_Sun_JS_frag_2Gyr_Run032_step.mat,6.131253333333334e+23,5.5738666666666665e+23,6.131253333333334e+23,3654094.7045586845,3539828.627758874,4951.67156497201,4660.39676703248,1.0625,0.8889490264261634,42336.43193116853,0.0,0.9090909090909091,0.10266666666666667,0.09333333333333332,0.10266666666666667
simArray_Sun_JS_frag_2Gyr_Run032_step.mat,6.68864e+23,6.131253333333334e+23,1.1971670266666667e+24,3761629.2247258904,3654094.7045586845,5006.501579566636,4803.781980010205,1.0422,0.47772846422407506,2178945.4199356274,0.8616558441558443,0.9166666666666667,0.11199999999999999,0.10266666666666667,0.20046333333333333
simArray_Sun_JS_frag_2Gyr_Run032_step.mat,7.273099733333333e+23,3.9743660000000004e+23,7.273099733333333e+23,3868149.282078521,3162418.4247734803,17861.204224890087,4621.149316936195,3.8651,0.8694105156804447,629850.5999556009,0.0,0.5464473396102475,0.12178666666666665,0.06655,0.12178666666666665
simArray_Sun_JS_frag_2Gyr_Run032_step.mat,1.3703152133333334e+24,6.409946666666667e+23,1.3703152133333334e+24,4777531.271572725,3708641.4733209005,7743.561136852448,5624.726619345135,1.3767,0.8717156300352847,102045.67342575236,0.0,0.4677716925490652,0.22945666666666667,0.10733333333333334,0.22945666666666667
simArray_Sun_JS_frag_2Gyr_Run032_step.mat,1.4553963066666666e+24,7.803413333333333e+23,1.4553963066666666e+24,4874429.589985934,3959967.142737017,8370.135334095205,5812.190357680165,1.4400999999999997,0.9047139765746566,55386.77634987555,0.0,0.5361710276155435,0.24370333333333333,0.13066666666666665,0.24370333333333333
simArray_Sun_JS_frag_2Gyr_Run032_step.mat,1.1971670266666667e+24,5.882021866666667e+23,1.7853692133333333e+24,4567181.745826675,3603896.0590896592,5484.311767990026,5400.602430320065,1.0155,0.8707801604266123,53891.37379210756,0.9999999999999999,0.49132842248790304,0.20046333333333333,0.09849333333333334,0.29895666666666665
simArray_Sun_JS_frag_2Gyr_Run032_step.mat,8.242952533333334e+23,8.171487599999999e+23,8.242952533333334e+23,4032963.6873518717,4021274.815727818,5847.924311355738,5215.772664427165,1.1212,0.7668112371454007,479941.8429736507,0.0,0.991330177743431,0.13802666666666666,0.13682999999999998,0.13802666666666666
simArray_Sun_JS_frag_2Gyr_Run032_step.mat,1.7853692133333333e+24,6.409946666666667e+23,2.42636388e+24,5218023.842688805,3708641.4733209005,6194.599991931549,6023.531691882097,1.0284,0.617511712635879,1001696.1582612338,1.0,0.3590263917847626,0.29895666666666665,0.10733333333333334,0.40629
simArray_Sun_JS_frag_2Gyr_Run032_step.mat,1.5787181066666668e+24,8.242952533333334e+23,1.5787181066666668e+24,5008391.179242184,4032963.6873518717,7211.33609696599,5956.336084055496,1.2107,0.8249312469401094,226631.17619862425,0.0,0.522129473179835,0.26435333333333333,0.13802666666666666,0.26435333333333333
simArray_Sun_JS_frag_2Gyr_Run032_step.mat,1.5787181066666668e+24,8.171487599999999e+23,2.2279541333333335e+24,5008391.179242184,4021274.815727818,6913.649313573142,5951.320748535028,1.1617,0.48122269301334825,3019670.909887259,0.7945138736631832,0.5176027034524499,0.26435333333333333,0.13682999999999998,0.37306666666666666
simArray_Sun_JS_frag_2Gyr_Run032_step.mat,6.131253333333334e+23,4.4569036e+23,6.131253333333334e+23,3654094.7045586845,3285547.817277959,9386.462504917745,4512.939326370376,2.0799,0.5895295641454954,4077296.99092618,0.0,0.7269155844155845,0.10266666666666667,0.07463,0.10266666666666667
simArray_Sun_JS_frag_2Gyr_Run032_step.mat,6.131253333333334e+23,6.131253333333334e+23,6.131253333333334e+23,3654094.7045586845,3654094.7045586845,8320.910798483785,4732.630416610047,1.7582,0.65215,2623900.104949605,0.0,1.0,0.10266666666666667,0.10266666666666667,0.10266666666666667
simArray_Sun_JS_frag_2Gyr_Run032_step.mat,2.6589334666666665e+24,8.525826266666667e+23,3.5115160933333334e+24,5958896.863966729,4078578.9319638475,6891.7392621626295,6833.653209878661,1.0085,0.69179768467244,685278.0097465214,1.0000000000000002,0.3206483491802052,0.4452333333333333,0.14276333333333333,0.5879966666666666
simArray_Sun_JS_frag_2Gyr_Run032_step.mat,3.5116156266666667e+24,3.311274933333333e+23,3.511536e+24,6537811.122480124,2975740.9798037466,9302.710847212342,7342.892767552563,1.2669,0.833105063026874,117520.22203969996,-0.0002404713237944802,0.09429491394752954,0.5880133333333333,0.055446666666666665,0.588
simArray_Sun_JS_frag_2Gyr_Run032_step.mat,7.711842666666667e+23,6.131253333333334e+23,1.2702244933333334e+24,3944416.4883947335,3654094.7045586845,5113.3685469659995,4931.399890988523,1.0369,0.37214555703392777,2991594.725015638,0.8139285714285714,0.7950438822922045,0.12913333333333332,0.10266666666666667,0.21269666666666667
simArray_Sun_JS_frag_2Gyr_Run032_step.mat,2.6350454666666666e+24,4.851851866666666e+23,3.0630388e+24,5940998.139751308,3379863.981153874,6948.765583509866,6684.719176055666,1.0395,0.5737759507684634,1069236.002616409,0.8821236614286307,0.18412782352496787,0.4412333333333333,0.08124333333333332,0.5129
simArray_Sun_JS_frag_2Gyr_Run032_step.mat,4.45188712e+24,2.111301066666667e+23,4.6099858666666666e+24,7075841.4553054795,2561219.311316756,14040.157377231139,8036.72431438531,1.747,0.4680731020583035,2372293.8997708242,0.7488214218366946,0.047424856240889296,0.74546,0.035353333333333334,0.7719333333333332
simArray_Sun_JS_frag_2Gyr_Run032_step.mat,3.1611786666666666e+24,5.573866666666667e+23,3.718565333333334e+24,6312669.602408809,3539828.6277588746,7372.6313160008385,7097.940999326888,1.0387,0.6964600954515056,523532.50203630753,1.0000000000000009,0.17632241813602018,0.5293333333333333,0.09333333333333334,0.6226666666666667
simArray_Sun_JS_frag_2Gyr_Run032_step.mat,6.68864e+23,3.3952810666666666e+23,8.727679866666667e+23,3761629.2247258904,3000695.6996665606,5614.845118815443,4461.537639106431,1.2585,0.12588225249054394,4634385.735978506,0.6005511257035648,0.5076190476190476,0.11199999999999999,0.05685333333333333,0.14614333333333332
simArray_Sun_JS_frag_2Gyr_Run032_step.mat,4.378511146666667e+24,9.285066533333333e+23,5.194047466666667e+24,7036751.243654129,4196221.31389086,8366.240074920512,7941.376435615102,1.0535,0.5771991841596686,1664948.5829922128,0.8783311536564969,0.21205990397904995,0.7331733333333333,0.15547666666666665,0.8697333333333334
simArray_Sun_JS_frag_2Gyr_Run033_step.mat,6.688639999999997e+23,6.131253333333331e+23,1.2819893333333326e+24,3761629.22472589,3654094.704558684,4792.73328145618,4803.781980010203,0.9976999999999999,0.817941334212488,158892.84160871163,0.9999999999999998,0.9166666666666667,0.11199999999999995,0.10266666666666663,0.21466666666666653
simArray_Sun_JS_frag_2Gyr_Run033_step.mat,6.68864e+23,5.5738666666666665e+23,6.68864e+23,3761629.2247258904,3539828.627758874,5584.236719712671,4734.811531043472,1.1794,0.8551103510205548,108042.5952834813,0.0,0.8333333333333334,0.11199999999999999,0.09333333333333332,0.11199999999999999
simArray_Sun_JS_frag_2Gyr_Run033_step.mat,6.131253333333331e+23,5.573866666666664e+23,1.1705119999999995e+24,3654094.704558684,3539828.6277588736,5134.359118239682,4660.396767032479,1.1017,0.5915998691952187,1364232.0383048905,1.0,0.909090909090909,0.10266666666666663,0.09333333333333328,0.1959999999999999
simArray_Sun_JS_frag_2Gyr_Run033_step.mat,1.3377280000000002e+24,7.246026666666664e+23,2.0623306666666664e+24,4739355.842131882,3863343.7715919954,5643.903797693991,5656.914701507458,0.9977,0.4879453727152935,2010411.0094058726,0.9999999999999998,0.5416666666666664,0.224,0.12133333333333328,0.34533333333333327
simArray_Sun_JS_frag_2Gyr_Run033_step.mat,5.5738666666666665e+23,5.5738666666666665e+23,1.0221874266666668e+24,3539828.627758874,3539828.627758874,4678.164390460947,4584.637779753966,1.0204,0.3547,2934422.3143762928,0.8338928571428574,1.0,0.09333333333333332,0.09333333333333332,0.17116333333333333
simArray_Sun_JS_frag_2Gyr_Run033_step.mat,1.0221874266666668e+24,6.967333333333333e+23,1.71892076e+24,4332849.027547971,3813164.796205839,5930.90200666865,5307.294860553602,1.1175,0.5850878765273761,1608478.7399063492,0.9999999999999998,0.6816101579388107,0.17116333333333333,0.11666666666666665,0.28783
simArray_Sun_JS_frag_2Gyr_Run033_step.mat,8.3608e+23,5.573866666666667e+23,1.393466666666667e+24,4052092.2463936,3539828.6277588746,5340.866960945108,4949.830362321694,1.079,0.6922574313788808,637013.1595972106,1.0000000000000004,0.6666666666666667,0.13999999999999999,0.09333333333333334,0.23333333333333336
simArray_Sun_JS_frag_2Gyr_Run033_step.mat,6.131253333333334e+23,5.5738666666666665e+23,6.131253333333334e+23,3654094.7045586845,3539828.627758874,5344.543012432849,4660.39676703248,1.1468,0.991553279519178,24.079314437716764,0.0,0.9090909090909091,0.10266666666666667,0.09333333333333332,0.10266666666666667
simArray_Sun_JS_frag_2Gyr_Run033_step.mat,2.1180693333333337e+24,7.246026666666667e+23,2.626883733333334e+24,5523869.832708708,3863343.771591996,7010.207506710578,6357.888179494447,1.1026,0.19536412632808184,5030953.678775263,0.7021978021978023,0.3421052631578947,0.3546666666666667,0.12133333333333332,0.43986666666666674
simArray_Sun_JS_frag_2Gyr_Run033_step.mat,2.0253838933333334e+24,1.3934666666666666e+24,2.0253042666666668e+24,5442091.372809592,4804286.593457831,7208.363828386109,6673.7930084122845,1.0801,0.8223915133132661,280190.6318650913,-5.714285714281977e-05,0.6880012580594432,0.33914666666666665,0.2333333333333333,0.33913333333333334
simArray_Sun_JS_frag_2Gyr_Run033_step.mat,2.71349764e+24,1.25412e+24,2.7134777333333335e+24,5999382.170060023,4638487.7065866785,9188.962297416336,7055.948934513042,1.3023,0.7904528018354321,556972.7383263435,-1.587301587300549e-05,0.46217840086273304,0.45437,0.21,0.4543666666666667
simArray_Sun_JS_frag_2Gyr_Run033_step.mat,1.25412e+24,6.131253333333334e+23,1.25412e+24,4638487.7065866785,3654094.7045586845,6273.552704160163,5482.437039377927,1.1443,0.8162091042175637,188174.81928850326,0.0,0.4888888888888889,0.21,0.10266666666666667,0.21
simArray_Sun_JS_frag_2Gyr_Run033_step.mat,2.513455546666667e+24,1.5606826666666665e+24,3.689103466666667e+24,5848176.188926419,4989245.960026423,7139.868096235013,7083.905244801084,1.0079,0.15071809394496774,8198908.668074223,0.7532908163265306,0.6209310798181557,0.4208733333333334,0.2613333333333333,0.6177333333333334
simArray_Sun_JS_frag_2Gyr_Run033_step.mat,2.885071209333333e+24,1.393466666666667e+24,4.278537876e+24,6123253.286791219,4804286.593457831,7543.192353060131,7229.434879298572,1.0434,0.8500518266560263,153492.41631389817,1.0,0.48299212239848377,0.4830996666666666,0.23333333333333336,0.716433
simArray_Sun_JS_frag_2Gyr_Run033_step.mat,4.3993932399999997e+24,6.706157866666667e+23,4.8124366666666673e+24,7047920.117307928,3764910.3239607257,11975.463750327026,7911.385182220404,1.5137,0.4074469575065562,5321435.850678989,0.6159166468772278,0.15243369939502538,0.7366699999999999,0.11229333333333333,0.8058333333333334
simArray_Sun_JS_frag_2Gyr_Run033_step.mat,4.925387093333333e+24,5.812348533333333e+23,4.925307466666667e+24,7318299.315707688,3589609.959685031,8900.187063371839,8208.990097188562,1.0842,0.9535069209776964,3092.7207102111734,-0.00013699568463584438,0.11800795395757889,0.8247466666666666,0.09732666666666666,0.8247333333333333
simArray_Sun_JS_frag_2Gyr_Run033_step.mat,4.981046133333334e+24,5.812348533333333e+23,5.562280986666668e+24,7345762.791035135,3589609.959685031,8492.974147692925,8240.00596458031,1.0307,0.7864098184397499,217085.49818697834,1.0,0.11668931340420427,0.8340666666666667,0.09732666666666666,0.9313933333333334
simArray_Sun_JS_frag_2Gyr_Run034_step.mat,6.688639999999997e+23,5.573866666666667e+23,1.2262506666666665e+24,3761629.22472589,3539828.6277588746,4877.32935812788,4734.811531043471,1.0301,0.8338845729376251,120504.16416998408,1.0000000000000002,0.8333333333333338,0.11199999999999995,0.09333333333333334,0.20533333333333328
simArray_Sun_JS_frag_2Gyr_Run034_step.mat,6.131253333333331e+23,6.131253333333334e+23,1.2262506666666665e+24,3654094.704558684,3654094.7045586845,5151.941471521697,4732.630416610047,1.0886,0.5202,2033780.4537992806,1.0,0.9999999999999996,0.10266666666666663,0.10266666666666667,0.20533333333333328
simArray_Sun_JS_frag_2Gyr_Run034_step.mat,7.246026666666667e+23,6.131253333333334e+23,1.25161176e+24,3863343.771591996,3654094.7045586845,5229.089466662346,4873.790163726672,1.0729,0.5042045354057558,2056024.3231695222,0.8595454545454547,0.8461538461538461,0.12133333333333332,0.10266666666666667,0.20958000000000002
simArray_Sun_JS_frag_2Gyr_Run034_step.mat,5.5738666666666665e+23,5.5738666666666665e+23,5.573866666666667e+23,3539828.627758874,3539828.627758874,7567.861583039872,4584.637779753966,1.6507,0.70305,1487465.4132470859,1.2039911970146398e-16,1.0,0.09333333333333332,0.09333333333333332,0.09333333333333334
simArray_Sun_JS_frag_2Gyr_Run034_step.mat,1.4920842933333332e+24,6.68864e+23,1.4920842933333335e+24,4915048.770596461,3761629.2247258904,20134.923263491324,5765.849564299798,3.4921,0.7443938328612428,4445018.88832687,4.0133039900487996e-16,0.4482749419644048,0.24984666666666663,0.11199999999999999,0.2498466666666667
simArray_Sun_JS_frag_2Gyr_Run034_step.mat,6.68864e+23,6.410145733333332e+23,6.68864e+23,3761629.2247258904,3708679.8646571552,8166.510697474824,4837.980271015891,1.688,0.7697173388833468,887330.2018702646,0.0,0.9583630952380952,0.11199999999999999,0.10733666666666665,0.11199999999999999
simArray_Sun_JS_frag_2Gyr_Run034_step.mat,1.6191485466666667e+24,1.4920842933333332e+24,1.6191485466666667e+24,5050785.714442818,4915048.770596461,7771.729856864329,6455.461298167896,1.2039,0.5274879669618923,4300747.954212475,0.0,0.9215240296544007,0.2711233333333333,0.24984666666666663,0.2711233333333333
simArray_Sun_JS_frag_2Gyr_Run034_step.mat,1.7306656933333334e+24,1.4920842933333332e+24,2.965098e+24,5164176.855206797,4915048.770596461,7360.814582421201,6533.074094631402,1.1267,0.4637869081297256,4808370.095642163,0.8273207567307949,0.8621447221615155,0.28979666666666665,0.24984666666666663,0.49649999999999994
simArray_Sun_JS_frag_2Gyr_Run034_step.mat,3.02236948e+24,6.131253333333334e+23,3.0224292e+24,6218885.541242011,3654094.7045586845,9603.568804056784,7010.927729637016,1.3698,0.9365825395230322,12258.520748957879,9.740259740253369e-05,0.20286246846740041,0.5060899999999999,0.10266666666666667,0.5061
simArray_Sun_JS_frag_2Gyr_Run034_step.mat,3.1339463466666667e+24,6.131253333333334e+23,3.74707168e+24,6294490.238005673,3654094.7045586845,7879.0786690025625,7090.603553818001,1.1112,0.6532648822180788,884580.4790331894,1.0,0.19564002235885972,0.5247733333333333,0.10266666666666667,0.62744
simArray_Sun_JS_frag_2Gyr_Run034_step.mat,7.246026666666667e+23,6.410145733333332e+23,7.918274799999999e+23,3863343.771591996,3708679.8646571552,12406.706493105043,4906.55164640712,2.5286,0.44801790496197913,14636053.151594006,0.10487251948697235,0.8846428571428571,0.12133333333333332,0.10733666666666665,0.13258999999999999
simArray_Sun_JS_frag_2Gyr_Run034_step.mat,6.766674133333334e+23,5.8517637333333326e+23,6.766674133333334e+23,3776201.259865413,3597705.744943994,5188.020173026204,4779.382932313409,1.0855,0.862023290581998,83272.30302653513,0.0,0.864791715697811,0.11330666666666668,0.09798666666666665,0.11330666666666668
simArray_Sun_JS_frag_2Gyr_Run034_step.mat,6.766674133333334e+23,6.118712133333332e+23,9.957115600000001e+23,3776201.259865413,3651601.5757170017,8151.249095766615,4812.1194260385,1.6939,0.3596332361478652,8383982.438142485,0.5214236913166543,0.9042421746293243,0.11330666666666668,0.10245666666666664,0.16673000000000002
simArray_Sun_JS_frag_2Gyr_Run034_step.mat,1.0519877066666665e+24,6.150164666666668e+23,1.0519877066666665e+24,4374552.17043691,3657847.7640855676,6431.306478899876,5263.365642769356,1.2219,0.8454577516987125,136913.7993689032,0.0,0.5846232449002765,0.1761533333333333,0.10298333333333336,0.1761533333333333
simArray_Sun_JS_frag_2Gyr_Run034_step.mat,8.196968133333334e+23,6.150164666666668e+23,1.0275821333333334e+24,4025450.224741646,3657847.7640855676,8856.868480309035,4992.597790478599,1.774,0.255883592257225,11580826.821228247,0.3380158601715487,0.7502974961750493,0.13725666666666667,0.10298333333333336,0.17206666666666667
simArray_Sun_JS_frag_2Gyr_Run034_step.mat,1.3366331333333334e+24,5.573866666666664e+23,1.8940197999999998e+24,4738062.510199757,3539828.6277588736,5517.658709574202,5526.501111352366,0.9983999999999998,0.8178101888209737,128731.12665699537,1.0,0.4170079678308137,0.22381666666666666,0.09333333333333328,0.31714999999999993
simArray_Sun_JS_frag_2Gyr_Run034_step.mat,1.95057464e+24,1.0275821333333333e+24,2.8305289333333337e+24,5374246.345822813,4340458.020008129,6706.622403713618,6397.007252683726,1.0484,0.5267087657196282,2370903.341652516,0.8563347539713293,0.5268099524421855,0.32662,0.17206666666666665,0.4739666666666667
simArray_Sun_JS_frag_2Gyr_Run034_step.mat,5.951416506666666e+24,3.040265573333333e+24,5.951496133333333e+24,7794773.387196262,6231135.84263568,10341.315197115326,9250.662131778627,1.1179,0.6811717931530444,2223829.7736427444,2.6190694446246115e-05,0.5108473873283249,0.9965533333333333,0.5090866666666666,0.9965666666666666
simArray_Sun_JS_frag_2Gyr_Run034_step.mat,5.951496133333333e+24,3.0403452e+24,8.991841333333333e+24,7794808.150295854,6231190.241419071,9570.789375261022,9250.714648425499,1.0346,0.7819261603469584,715441.648003072,1.0,0.5108539318326254,0.9965666666666666,0.5091,1.5056666666666665
simArray_Sun_JS_frag_2Gyr_Run035_step.mat,7.246026666666667e+23,6.68864e+23,7.246026666666667e+23,3863343.771591996,3761629.2247258904,5574.2577044155005,4939.090647187223,1.1286,0.6975830219066271,805274.7227039709,0.0,0.923076923076923,0.12133333333333332,0.11199999999999999,0.12133333333333332
simArray_Sun_JS_frag_2Gyr_Run035_step.mat,6.131253333333334e+23,6.131253333333334e+23,1.1387011466666667e+24,3654094.7045586845,3654094.7045586845,4863.251016108485,4732.630416610047,1.0276,0.4373,2476993.5250188257,0.8572077922077921,1.0,0.10266666666666667,0.10266666666666667,0.19067333333333333
simArray_Sun_JS_frag_2Gyr_Run035_step.mat,6.68864e+23,6.131253333333334e+23,1.2076777466666665e+24,3761629.2247258904,3654094.7045586845,4864.790011156335,4803.781980010205,1.0127,0.5031924363031244,1862076.1767712259,0.8787987012987011,0.9166666666666667,0.11199999999999999,0.10266666666666667,0.2022233333333333
simArray_Sun_JS_frag_2Gyr_Run035_step.mat,7.246026666666667e+23,6.68864e+23,7.246026666666667e+23,3863343.771591996,3761629.2247258904,5617.227793046029,4939.090647187223,1.1373,0.6253319041524978,1357038.946181079,0.0,0.923076923076923,0.12133333333333332,0.11199999999999999,0.12133333333333332
simArray_Sun_JS_frag_2Gyr_Run035_step.mat,1.2912857466666666e+24,6.68864e+23,1.9601497466666667e+24,4683862.791480359,3761629.2247258904,5897.826015548897,5566.087217392314,1.0596,0.7438838554529492,418752.0627087733,1.0000000000000002,0.5179829497279048,0.21622333333333332,0.11199999999999999,0.3282233333333333
simArray_Sun_JS_frag_2Gyr_Run035_step.mat,6.131253333333331e+23,6.131253333333331e+23,1.2262506666666662e+24,3654094.704558684,3654094.704558684,4722.691892735165,4732.630416610046,0.9979,0.7325499999999999,446799.9521906299,1.0,1.0,0.10266666666666663,0.10266666666666663,0.20533333333333326
simArray_Sun_JS_frag_2Gyr_Run035_step.mat,1.9601497466666667e+24,7.246026666666667e+23,2.490324e+24,5383025.811476756,3863343.771591996,6470.312900995648,6225.645050510583,1.0393,0.11399030121153136,5002590.361760104,0.7316758241758242,0.3696669950338692,0.3282233333333333,0.12133333333333332,0.417
simArray_Sun_JS_frag_2Gyr_Run035_step.mat,1.1387011466666667e+24,5.5738666666666665e+23,1.6218359466666668e+24,4491588.535496539,3539828.627758874,5640.181968492331,5309.405976176533,1.0623,0.5569593673911306,1393404.8609343173,0.8667857142857145,0.4894933743575399,0.19067333333333333,0.09333333333333332,0.27157333333333333
simArray_Sun_JS_frag_2Gyr_Run035_step.mat,1.7890519466666667e+24,7.94276e+23,2.5833279466666666e+24,5221609.168801817,3983399.4463290945,6253.439096129983,6120.621607252601,1.0217,0.9735838597351605,626.6875168129948,0.9999999999999998,0.4439647498664768,0.2995733333333333,0.133,0.4325733333333333
simArray_Sun_JS_frag_2Gyr_Run035_step.mat,3.6128211200000004e+24,4.7471427999999996e+23,3.6128609333333337e+24,6600024.256701469,3355373.039726764,9466.468412514278,7403.197319554452,1.2787,0.9435238235552468,6589.629139398776,8.386799178088196e-05,0.1313971171647712,0.60496,0.07948999999999999,0.6049666666666667
simArray_Sun_JS_frag_2Gyr_Run035_step.mat,3.6128211200000004e+24,4.7471427999999996e+23,3.6128609333333337e+24,6600024.256701469,3355373.039726764,8392.264481446928,7403.197319554452,1.1336000000000002,0.8915478062936311,34454.34615380724,8.386799178088196e-05,0.1313971171647712,0.60496,0.07948999999999999,0.6049666666666667
simArray_Sun_JS_frag_2Gyr_Run035_step.mat,3.0787849733333335e+24,5.3742027999999995e+23,3.3835361333333333e+24,6257341.122043985,3497046.407257837,10547.096856380718,7034.680755272939,1.4993,0.32196378293560207,5560579.0447217515,0.5670630070007776,0.17455596433490017,0.5155366666666666,0.08998999999999999,0.5665666666666667
simArray_Sun_JS_frag_2Gyr_Run035_step.mat,1.8624677333333336e+24,6.176640533333332e+23,1.8624677333333336e+24,5292078.745530761,3663089.1441850374,12297.826897005481,6080.207108180302,2.0226,0.6228639224279736,3640713.4367819624,0.0,0.3316374519025223,0.3118666666666667,0.10342666666666664,0.3118666666666667
simArray_Sun_JS_frag_2Gyr_Run035_step.mat,1.8910138933333332e+24,3.322621733333334e+23,1.8910138933333335e+24,5318979.116697209,2979136.1114709703,6542.47614058186,5980.325539837166,1.094,0.8043097513247004,129937.79152389456,8.079025466756912e-16,0.17570583405267706,0.31664666666666663,0.055636666666666675,0.3166466666666667
simArray_Sun_JS_frag_2Gyr_Run035_step.mat,1.8910138933333332e+24,3.322621733333334e+23,2.1544985333333335e+24,5318979.116697209,2979136.1114709703,6401.340457841702,5980.325539837166,1.0704,0.38805317457122546,1777724.1867818923,0.793002216763526,0.17570583405267706,0.31664666666666663,0.055636666666666675,0.3607666666666667
simArray_Sun_JS_frag_2Gyr_Run036_step.mat,6.131253333333331e+23,5.573866666666664e+23,1.1705119999999995e+24,3654094.704558684,3539828.6277588736,4926.03938275333,4660.396767032479,1.057,0.5948506970159875,1233780.8422564303,1.0,0.909090909090909,0.10266666666666663,0.09333333333333328,0.1959999999999999
simArray_Sun_JS_frag_2Gyr_Run036_step.mat,6.131253333333331e+23,5.573866666666664e+23,1.1705119999999995e+24,3654094.704558684,3539828.6277588736,4848.210756743888,4660.396767032479,1.0403,0.8683265874381613,65844.99571403323,1.0,0.909090909090909,0.10266666666666663,0.09333333333333328,0.1959999999999999
simArray_Sun_JS_frag_2Gyr_Run036_step.mat,6.68864e+23,5.5738666666666665e+23,7.762604666666667e+23,3761629.2247258904,3539828.627758874,10650.485057929187,4734.811531043472,2.2494,0.40282611366608734,12135581.463848704,0.1926785714285716,0.8333333333333334,0.11199999999999999,0.09333333333333332,0.12998333333333334
simArray_Sun_JS_frag_2Gyr_Run036_step.mat,1.2262506666666662e+24,6.131253333333331e+23,1.839375999999999e+24,4603870.836582873,3654094.704558684,5626.1603768927225,5452.762528486841,1.0318,0.7236436524362742,453713.69457410846,0.9999999999999996,0.5,0.20533333333333326,0.10266666666666663,0.30799999999999983
simArray_Sun_JS_frag_2Gyr_Run036_step.mat,1.2819893333333334e+24,8.3608e+23,1.2819893333333334e+24,4672595.458750138,4052092.2463936,6473.090218664225,5692.630567816573,1.1371,0.890636606204286,55832.93589775523,0.0,0.6521739130434782,0.21466666666666667,0.13999999999999999,0.21466666666666667
simArray_Sun_JS_frag_2Gyr_Run036_step.mat,8.3608e+23,5.5738666666666665e+23,1.0120549333333333e+23,4052092.2463936,3539828.627758874,17637.730530060893,4949.830362321694,3.5633,0.2568344456280011,43112354.350655764,-1.3184285714285715,0.6666666666666666,0.13999999999999999,0.09333333333333332,0.016946666666666665
simArray_Sun_JS_frag_2Gyr_Run036_step.mat,8.057621466666667e+23,7.803413333333333e+23,1.3345429333333332e+24,4002509.1402906505,3959967.142737017,7191.329756157516,5156.553675718856,1.3946,0.34206789108728364,7063134.997318044,0.677627551020408,0.9684512192109097,0.13492333333333334,0.13066666666666665,0.22346666666666662
simArray_Sun_JS_frag_2Gyr_Run036_step.mat,1.4218535733333332e+24,1.0120549333333331e+23,1.4218535733333335e+24,4836690.932394624,2004463.1382918742,5938.257839598017,5451.443899383106,1.0893,0.8107160626511603,57305.46917656131,2.6523802924004657e-15,0.07117856242824741,0.23808666666666664,0.016946666666666662,0.2380866666666667
simArray_Sun_JS_frag_2Gyr_Run036_step.mat,2.0137185866666668e+24,6.758910533333334e+23,2.0137584e+24,5431623.244495142,3774756.5257305186,7721.686472049326,6244.792941406653,1.2365,0.6684526697362336,1060164.164222068,5.890495685208058e-05,0.3356432511516637,0.33719333333333334,0.11317666666666668,0.3372
simArray_Sun_JS_frag_2Gyr_Run036_step.mat,2.0137185866666668e+24,6.758910533333334e+23,2.5233690666666666e+24,5431623.244495142,3774756.5257305186,6267.2741959957175,6244.792941406653,1.0036,0.1970548911667273,3956384.267205185,0.7540423526639763,0.3356432511516637,0.33719333333333334,0.11317666666666668,0.4225333333333333
simArray_Sun_JS_frag_2Gyr_Run036_step.mat,2.3531670666666665e+24,1.47771168e+24,3.5758345333333337e+24,5721118.797677693,4899216.300711958,7229.761832427861,6939.0170193184185,1.0419,0.4488404685976287,4146459.38585112,0.8274059704709563,0.6279671770577785,0.3940333333333333,0.24743999999999997,0.5987666666666667
simArray_Sun_JS_frag_2Gyr_Run036_step.mat,3.5758345333333337e+24,9.908543333333333e+23,4.566688866666667e+24,6577424.172862728,4288117.229345347,7519.402634942291,7490.19089046946,1.0039,0.7769024911852589,322359.0753050517,1.0,0.27709736680955294,0.5987666666666667,0.16591666666666666,0.7646833333333334
simArray_Sun_JS_frag_2Gyr_Run036_step.mat,5.108647866666667e+24,4.306011066666666e+23,5.490258666666667e+24,7407961.241034648,3248042.9183991887,10740.729464675218,8330.021300353046,1.2894,0.634431568101735,1090650.6693393528,0.88622809856225,0.08428866461442543,0.8554333333333333,0.07210333333333332,0.9193333333333334
simArray_Sun_JS_frag_2Gyr_Run036_step.mat,3.4912511066666665e+24,6.846698933333333e+23,3.4912312000000004e+24,6525148.614323989,3791029.1377291316,8094.7006197819555,7350.799691047908,1.1012,0.9612979828770338,1991.4986592187413,-2.9074838633842434e-05,0.19611018297307006,0.5846033333333333,0.11464666666666665,0.5846
simArray_Sun_JS_frag_2Gyr_Run036_step.mat,1.4220526399999998e+24,6.846698933333333e+23,1.42205264e+24,4836916.642230892,3791029.1377291316,8728.646530249995,5709.102315553663,1.5289,0.9677257739857575,2330.817013844219,3.9206551743222555e-16,0.4814659275435355,0.23811999999999994,0.11464666666666665,0.23812
simArray_Sun_JS_frag_2Gyr_Run036_step.mat,3.6551426933333334e+24,6.846698933333333e+23,4.1682569333333333e+24,6625695.770667426,3791029.1377291316,8659.539085042557,7457.405343646708,1.1612,0.3813835172790135,3467744.5658368575,0.7494330406466244,0.18731687126253987,0.6120466666666666,0.11464666666666665,0.6979666666666666
simArray_Sun_JS_frag_2Gyr_Run036_step.mat,5.575942932000001e+24,4.739379200000001e+22,5.623336724000002e+24,7627276.410782519,1556576.7217714577,17814.7149951134,9040.707939666787,1.9704999999999997,0.7696330666283787,233800.06688031025,1.0000000000000118,0.008499691007956679,0.9336810000000001,0.007936,0.9416170000000003
simArray_Sun_JS_frag_2Gyr_Run036_step.mat,4.7677262933333326e+24,5.8203112e+23,5.053904533333334e+24,7239365.166746835,3591248.415288174,14460.986063630742,8120.043833809165,1.7809,0.21616602579279046,8911289.475105798,0.491688898009442,0.12207729307234953,0.7983466666666665,0.09745999999999999,0.8462666666666667
simArray_Sun_JS_frag_2Gyr_Run037_step.mat,7.246026666666664e+23,6.131253333333331e+23,1.3377279999999994e+24,3863343.7715919954,3654094.704558684,5021.953384703962,4873.790163726671,1.0304,0.5171552583618512,1796327.309413155,0.9999999999999998,0.8461538461538461,0.12133333333333328,0.10266666666666663,0.2239999999999999
simArray_Sun_JS_frag_2Gyr_Run037_step.mat,6.131253333333331e+23,5.573866666666664e+23,1.1705119999999995e+24,3654094.704558684,3539828.6277588736,4776.906686208291,4660.396767032479,1.025,0.7312330829341777,437153.8056910709,1.0,0.909090909090909,0.10266666666666663,0.09333333333333328,0.1959999999999999
simArray_Sun_JS_frag_2Gyr_Run037_step.mat,6.688639999999997e+23,5.573866666666664e+23,1.2262506666666662e+24,3761629.22472589,3539828.6277588736,4826.666874745715,4734.811531043471,1.0194,0.9777768015435057,334.1123808554015,1.0000000000000002,0.8333333333333333,0.11199999999999995,0.09333333333333328,0.20533333333333326
simArray_Sun_JS_frag_2Gyr_Run037_step.mat,1.1705119999999999e+24,6.68864e+23,1.69401752e+24,4533030.788334287,3761629.2247258904,5611.525615397835,5440.6880118264835,1.0314,0.3416717315000618,3293251.3151955428,0.7826785714285714,0.5714285714285714,0.19599999999999998,0.11199999999999999,0.28365999999999997
simArray_Sun_JS_frag_2Gyr_Run037_step.mat,1.69401752e+24,6.131253333333334e+23,1.69401752e+24,5127464.684774581,3654094.7045586845,14164.860442511159,5922.011974794581,2.3919,0.8527129514993045,430052.81424986315,0.0,0.3619356506615902,0.28365999999999997,0.10266666666666667,0.28365999999999997
simArray_Sun_JS_frag_2Gyr_Run037_step.mat,1.337728e+24,5.5738666666666665e+23,1.6944753733333332e+24,4739355.842131882,3539828.627758874,6611.089034333285,5527.666416666626,1.196,0.06480047440426315,6007327.916133008,0.6400357142857142,0.4166666666666667,0.22399999999999998,0.09333333333333332,0.28373666666666664
simArray_Sun_JS_frag_2Gyr_Run037_step.mat,1.7497561866666663e+24,1.6944753733333332e+24,3.44423156e+24,5183095.663020738,5127926.587775118,7331.214959210321,6677.488805182913,1.0979,0.5588743402916886,3399841.9230101416,1.0000000000000002,0.9684065621515849,0.2929933333333333,0.28373666666666664,0.57673
simArray_Sun_JS_frag_2Gyr_Run037_step.mat,3.562676226666666e+24,5.5738666666666665e+23,4.0621544e+24,6569346.418314942,3539828.627758874,7919.447375228707,7375.847420348986,1.0737,0.6094849458691027,1027930.1021017688,0.8961071428571443,0.15645167598857906,0.5965633333333332,0.09333333333333332,0.6802
simArray_Sun_JS_frag_2Gyr_Run037_step.mat,6.131253333333334e+23,5.4440751999999995e+23,9.523747466666668e+22,3654094.7045586845,3512136.7479622425,25683.752105041705,4643.432185609217,5.5312,0.631108979077323,26793039.370324563,-0.9512871142313881,0.8879220779220778,0.10266666666666667,0.09115999999999999,0.015947333333333334
simArray_Sun_JS_frag_2Gyr_Run037_step.mat,4.1457623999999997e+24,6.4103448e+23,4.726638933333334e+24,6909789.991699515,3708718.255198592,7799.929546304394,7757.264591053598,1.0055,0.6027719073609982,1028855.2609602262,0.9061548972113544,0.15462402765773553,0.6941999999999999,0.10734,0.7914666666666667
simArray_Sun_JS_frag_2Gyr_Run037_step.mat,4.828282373333334e+24,7.637789866666667e+23,5.4739352e+24,7269885.972174048,3931750.468812196,8221.208888771096,8163.249815083998,1.0071,0.46247892181324096,2176264.8278123885,0.8453398665554618,0.1581885498008625,0.8084866666666667,0.12789333333333333,0.9165999999999999
simArray_Sun_JS_frag_2Gyr_Run037_step.mat,2.0675462133333334e+24,1.0605475733333332e+24,2.8645693333333335e+24,5479594.913418926,4386385.159443805,6630.511619896288,6505.604022661192,1.0192,0.23349142047606972,5510016.940473937,0.7515203844132443,0.5129498757967301,0.34620666666666666,0.17758666666666664,0.4796666666666667
simArray_Sun_JS_frag_2Gyr_Run037_step.mat,5.588796666666666e+24,6.115726133333333e+23,5.588796666666666e+24,7633132.744629781,3651007.471584475,9484.973797362132,8564.310426512084,1.1075,0.6981618585713975,636449.67616374,0.0,0.10942831700801425,0.9358333333333332,0.10240666666666666,0.9358333333333332
simArray_Sun_JS_frag_2Gyr_Run037_step.mat,5.61774096e+24,6.115726133333333e+23,5.617661333333332e+24,7646287.35450082,3651007.471584475,9127.493529331103,8579.27768524401,1.0639,0.9402447715488469,6499.081000152732,-0.0001301998567818281,0.1088645093620218,0.94068,0.10240666666666666,0.9406666666666664
simArray_Sun_JS_frag_2Gyr_Run037_step.mat,5.645610293333333e+24,6.115726133333333e+23,5.645530666666667e+24,7658910.786399442,3651007.471584475,9404.888174828928,8593.647820567368,1.0944,0.9566597230098104,2675.913874691602,-0.0001301998567800724,0.10832710399007066,0.9453466666666667,0.10240666666666666,0.9453333333333334
simArray_Sun_JS_frag_2Gyr_Run037_step.mat,2.3953692e+24,2.786933333333334e+22,2.3953692e+24,5755117.554676267,1304084.016445267,29138.07544474711,6769.212555406461,4.3045,0.89809554725948,93479.89910267896,0.0,0.011634671320535197,0.40109999999999996,0.004666666666666667,0.40109999999999996
simArray_Sun_JS_frag_2Gyr_Run037_step.mat,2.3953692e+24,2.7869333333333334e+22,2.4232385333333333e+24,5755117.554676267,1304084.016445267,10732.586506596945,6769.212555406461,1.5855,0.8095578054000215,66314.94443729786,1.0000000000000009,0.011634671320535195,0.40109999999999996,0.004666666666666666,0.4057666666666666
simArray_Sun_JS_frag_2Gyr_Run037_step.mat,2.4232385333333333e+24,6.115726133333333e+23,2.8116176e+24,5777351.183060876,3651007.471584475,10856.87029501474,6554.893615295985,1.6562999999999999,0.5331039805943856,3886327.7213952253,0.6350498014452183,0.2523782140803417,0.4057666666666666,0.10240666666666666,0.47079999999999994
simArray_Sun_JS_frag_2Gyr_Run038_step.mat,7.803413333333333e+23,5.533057999999999e+23,7.803413333333335e+23,3959967.142737017,3531168.591149168,5899.587449197779,4874.886340437762,1.2102,0.8107451022870543,227492.93522391605,4.851484585919758e-16,0.7090561224489795,0.13066666666666665,0.09264999999999998,0.13066666666666668
simArray_Sun_JS_frag_2Gyr_Run038_step.mat,7.803413333333335e+23,5.533058000000001e+23,1.3336471333333335e+24,3959967.142737018,3531168.5911491686,5164.454589059764,4874.886340437762,1.0594,0.6136225563896541,1061482.880211413,0.9999999999999998,0.7090561224489795,0.13066666666666668,0.09265000000000001,0.2233166666666667
simArray_Sun_JS_frag_2Gyr_Run038_step.mat,1.3893858e+24,7.341777733333332e+23,1.9958424e+24,4799592.108942559,3880286.4702199604,5787.85124748762,5714.70304846724,1.0128,0.44054015252866363,2487855.1561196046,0.8260350858165454,0.5284189411848986,0.23264999999999997,0.12293666666666664,0.3342
simArray_Sun_JS_frag_2Gyr_Run038_step.mat,7.543432266666667e+23,5.5738666666666665e+23,4.453121333333334e+22,3915492.3251278927,3539828.627758874,23981.727832762328,4846.2620658305195,4.9485,0.37383332718182505,63108977.008069605,-1.2734642857142857,0.7389032564522088,0.12631333333333333,0.09333333333333332,0.007456666666666668
simArray_Sun_JS_frag_2Gyr_Run038_step.mat,6.131253333333334e+23,5.8525599999999994e+23,6.131253333333334e+23,3654094.7045586845,3597868.9210030413,5900.862522693079,4696.643204945144,1.2564,0.8344700211800764,190504.05739642223,0.0,0.9545454545454544,0.10266666666666667,0.09799999999999999,0.10266666666666667
simArray_Sun_JS_frag_2Gyr_Run038_step.mat,2.484869573333333e+24,6.694412933333333e+23,2.4849492e+24,5825920.823240763,3762711.1282807426,8279.293580831423,6626.615640172421,1.2494,0.7516449360940917,510619.6005764011,0.00011894495822050563,0.26940701456427346,0.4160866666666666,0.11209666666666665,0.41609999999999997
simArray_Sun_JS_frag_2Gyr_Run038_step.mat,2.484869573333333e+24,6.694412933333333e+23,3.0162581333333336e+24,5825920.823240763,3762711.1282807426,6682.941873113887,6626.615640172421,1.0085,0.37299719203634535,2718315.3487580344,0.793779178685064,0.26940701456427346,0.4160866666666666,0.11209666666666665,0.5050666666666667
simArray_Sun_JS_frag_2Gyr_Run038_step.mat,5.5738666666666665e+23,5.5738666666666665e+23,5.573866666666667e+23,3539828.627758874,3539828.627758874,9226.583531754857,4584.637779753966,2.0125,0.7957999999999998,847133.9323522717,1.2039911970146398e-16,1.0,0.09333333333333332,0.09333333333333332,0.09333333333333334
simArray_Sun_JS_frag_2Gyr_Run038_step.mat,6.131253333333334e+23,3.673775333333334e+23,6.131253333333334e+23,3654094.7045586845,3080592.4257287346,8325.313000411277,4408.426264448651,1.8885,0.6470788115840365,2026260.4242603448,0.0,0.5991883116883118,0.10266666666666667,0.06151666666666667,0.10266666666666667
simArray_Sun_JS_frag_2Gyr_Run038_step.mat,4.1349013226666667e+24,3.1034493333333336e+23,4.4452462560000005e+24,6903750.6203667065,2912135.633538322,8052.578918093679,7775.011024518372,1.0357,0.8678317647661791,40357.01345969942,1.0000000000000016,0.07505497933701274,0.6923813333333333,0.05196666666666667,0.744348
simArray_Sun_JS_frag_2Gyr_Run038_step.mat,6.963949199999999e+23,6.55797264e+23,1.352192184e+24,3812547.326685357,3736972.5878587887,4907.248550550875,4889.645825578791,1.0036,0.6343371169633696,990516.5635251773,1.0,0.9417031129405712,0.11660999999999998,0.10981199999999999,0.22642199999999996
simArray_Sun_JS_frag_2Gyr_Run038_step.mat,2.001235116e+24,2.7869333333333334e+22,2.0291044493333333e+24,5420376.041095476,1304084.016445267,14613.688721696075,6346.603283981619,2.3026,0.5189469586251794,705055.7013703358,1.0000000000000009,0.013926066512883105,0.335103,0.004666666666666666,0.33976966666666664
simArray_Sun_JS_frag_2Gyr_Run038_step.mat,1.46779816e+24,5.955676533333334e+23,1.936699693333333e+24,4888235.923312666,3618876.3640930424,6374.545544383816,5690.034405412672,1.1203,0.45606461055851744,2452871.317176032,0.7873186710341598,0.4057558249925408,0.24577999999999997,0.09972666666666667,0.3242966666666666
simArray_Sun_JS_frag_2Gyr_Run038_step.mat,2.0763847733333333e+24,5.093717866666667e+23,2.0764644000000002e+24,5487392.059280891,3435118.1106108665,9600.700489132912,6219.681581454335,1.5436,0.9271206613224067,20606.821216234355,0.00015632327653630093,0.2453166644296589,0.34768666666666664,0.08529333333333333,0.3477
simArray_Sun_JS_frag_2Gyr_Run038_step.mat,6.323352666666666e+23,5.093717866666667e+23,6.323352666666666e+23,3691865.2959365393,3435118.1106108665,8524.362522549416,4624.260888873503,1.8434000000000001,0.6013605164444997,3334519.7777890875,0.0,0.8055406894380609,0.10588333333333332,0.08529333333333333,0.10588333333333332
simArray_Sun_JS_frag_2Gyr_Run038_step.mat,2.1042541066666667e+24,6.323352666666666e+23,2.1043337333333335e+24,5511833.708394049,3691865.2959365393,8486.748070338173,6300.0134142514835,1.3471,0.6812763024647747,1086260.8695763631,0.0001259247599562685,0.3005032826897243,0.3523533333333333,0.10588333333333332,0.35236666666666666
simArray_Sun_JS_frag_2Gyr_Run038_step.mat,6.196527293333333e+24,6.323352666666666e+23,6.196547200000001e+24,7900347.01444719,3691865.2959365393,11414.447987358624,8867.656919949211,1.2872,0.8399076379823843,165128.23338273485,3.1481189990659055e-05,0.10204671693239827,1.0375966666666665,0.10588333333333332,1.0376
simArray_Sun_JS_frag_2Gyr_Run038_step.mat,2.931734426666667e+24,5.206787733333334e+23,3.3094833333333335e+24,6156089.440085582,3460349.800064923,12781.97281025926,6922.6455861456125,1.8464,0.6346576854995369,2483725.059865542,0.725493194678085,0.17760093431291338,0.49091333333333337,0.08718666666666668,0.5541666666666667
simArray_Sun_JS_frag_2Gyr_Run039_step.mat,5.573866666666664e+23,5.573866666666667e+23,1.1147733333333332e+24,3539828.6277588736,3539828.6277588746,4784.52798695124,4584.637779753966,1.0436,0.7598499999999999,348537.21233067184,1.0000000000000002,0.9999999999999994,0.09333333333333328,0.09333333333333334,0.18666666666666662
simArray_Sun_JS_frag_2Gyr_Run039_step.mat,7.246026666666667e+23,6.944042533333334e+23,7.246026666666667e+23,3863343.771591996,3808911.0977849085,6206.486483957443,4968.76669918937,1.2491,0.9835287256673628,247.8656067660796,0.0,0.9583241758241758,0.12133333333333332,0.11627666666666667,0.12133333333333332
simArray_Sun_JS_frag_2Gyr_Run039_step.mat,7.246026666666667e+23,5.5738666666666665e+23,1.1260604133333333e+24,3863343.771591996,3539828.627758874,6255.977651568687,4807.852483529578,1.3012,0.4022939832903812,4028345.4656523345,0.72025,0.7692307692307692,0.12133333333333332,0.09333333333333332,0.18855666666666665
simArray_Sun_JS_frag_2Gyr_Run039_step.mat,9.057533333333332e+23,6.967333333333333e+23,9.057533333333332e+23,4161660.920518205,3813164.796205839,7335.162286577284,5179.102087536034,1.4163,0.7235968831631112,1000802.9114451633,0.0,0.7692307692307693,0.15166666666666664,0.11666666666666665,0.15166666666666664
simArray_Sun_JS_frag_2Gyr_Run039_step.mat,6.967333333333333e+23,5.973990666666667e+23,6.967333333333333e+23,3813164.796205839,3622582.0032768203,5319.808033672598,4819.9764733828015,1.1037,0.9544005724767869,3500.3032903149688,0.0,0.8574285714285715,0.11666666666666665,0.10003333333333334,0.11666666666666665
simArray_Sun_JS_frag_2Gyr_Run039_step.mat,7.115638e+23,5.973990666666667e+23,7.115638000000001e+23,3840030.38278067,3622582.0032768203,5533.147524632791,4838.782269027364,1.1435,0.6846343023034671,831424.114791132,2.2467013339826663e-16,0.8395579801370823,0.11914999999999998,0.10003333333333334,0.11915
simArray_Sun_JS_frag_2Gyr_Run039_step.mat,9.057533333333332e+23,7.115638e+23,1.4115618266666666e+24,4161660.920518205,3840030.38278067,5808.752626499731,5194.270434140866,1.1183,0.08659626034068707,6749745.754630513,0.7108406770177648,0.7856043956043957,0.15166666666666664,0.11914999999999998,0.23636333333333331
simArray_Sun_JS_frag_2Gyr_Run039_step.mat,6.236559599999999e+23,5.544603866666667e+23,6.236559600000001e+23,3674896.152343051,3533623.0552052483,8830.566679022728,4670.77471650414,1.8906,0.8724700724296097,196699.74553194176,4.841382043788449e-16,0.8890484854288362,0.10442999999999997,0.09284333333333333,0.10443000000000001
simArray_Sun_JS_frag_2Gyr_Run039_step.mat,1.1260604133333333e+24,6.131253333333331e+23,1.7391857466666665e+24,4474906.261903416,3654094.704558684,5453.090505467527,5344.071447929759,1.0204,0.6332798070676292,900143.2482570363,1.0000000000000002,0.5444870684321246,0.18855666666666665,0.10266666666666663,0.2912233333333333
simArray_Sun_JS_frag_2Gyr_Run039_step.mat,8.885937866666667e+23,5.544603866666667e+23,8.885937866666667e+23,4135212.221651976,3533623.0552052483,5261.897794670776,5011.808548119608,1.0499,0.8712764933038812,57096.53745683321,0.0,0.6239750884896277,0.14879333333333333,0.09284333333333333,0.14879333333333333
simArray_Sun_JS_frag_2Gyr_Run039_step.mat,8.885937866666667e+23,6.4503572e+23,1.3071712666666667e+24,4135212.221651976,3716418.6746880654,6264.801519631519,5106.203863095215,1.2269,0.1407786791611431,6987667.589168252,0.6489213961670217,0.7259061785922308,0.14879333333333333,0.10801,0.21888333333333332
simArray_Sun_JS_frag_2Gyr_Run039_step.mat,1.5297875200000002e+24,1.4064856266666667e+24,1.5297875200000002e+24,4956104.061655148,4819202.159223714,6909.637413441262,6332.145723461567,1.0912,0.76293726492674,667787.1520471623,0.0,0.9193993337497397,0.25616,0.23551333333333332,0.25616
simArray_Sun_JS_frag_2Gyr_Run039_step.mat,1.43435496e+24,6.515252933333332e+23,1.8960900933333334e+24,4850824.828945901,3728840.487332912,6116.603455448771,5696.752775867347,1.0737,0.12359343500213457,5117517.4942251025,0.7086987075682118,0.45422877286479574,0.24018,0.10909666666666665,0.31749666666666665
simArray_Sun_JS_frag_2Gyr_Run039_step.mat,6.944042533333334e+23,6.68864e+23,6.944042533333334e+23,3808911.0977849085,3761629.2247258904,7191.93229733982,4902.810210198255,1.4669,0.7037177962886615,1306997.9358858368,0.0,0.9632199065447351,0.11627666666666667,0.11199999999999999,0.11627666666666667
simArray_Sun_JS_frag_2Gyr_Run039_step.mat,1.5855261866666666e+24,8.301677200000001e+23,1.5855261866666666e+24,5015580.267357725,4042518.283311147,8139.511405576987,5966.508873755305,1.3642,0.934057220251924,17650.77574452234,0.0,0.5235913017276015,0.2654933333333333,0.13901,0.2654933333333333
simArray_Sun_JS_frag_2Gyr_Run039_step.mat,1.81447276e+24,6.499526666666668e+23,1.81447276e+24,5246224.398666825,3725837.8929890487,6333.754773311916,6055.214888443515,1.046,0.8477984780267485,93685.49365562128,0.0,0.35820469780249925,0.30383,0.10883333333333335,0.30383
simArray_Sun_JS_frag_2Gyr_Run039_step.mat,2.4034513066666667e+24,6.77822e+23,2.4035309333333335e+24,5761582.982329193,3778347.796512401,7657.436354387849,6566.143332522594,1.1662,0.7095736858963397,673387.7307635209,0.00011747430249664813,0.28202027564272464,0.40245333333333333,0.11349999999999999,0.4024666666666667
simArray_Sun_JS_frag_2Gyr_Run039_step.mat,1.8488515733333331e+24,6.77822e+23,2.3720784e+24,5279150.716984295,3778347.796512401,6229.15237230781,6102.226070050755,1.0208,0.33455512104513135,3184079.5952557195,0.7719236417033778,0.36661785606615277,0.3095866666666666,0.11349999999999999,0.3972
simArray_Sun_JS_frag_2Gyr_Run039_step.mat,6.68864e+23,6.4503572e+23,6.68864e+23,3761629.2247258904,3716418.6746880654,6318.0378388516065,4842.8927171942405,1.3046,0.8173115827211548,287828.5732298012,0.0,0.964375,0.11199999999999999,0.10801,0.11199999999999999
simArray_Sun_JS_frag_2Gyr_Run039_step.mat,2.58068036e+24,6.480615333333333e+23,3.020239466666667e+24,5899856.531195672,3722220.757203002,7979.013888736067,6692.68066493547,1.1922,0.17364642992934004,5276426.885690453,0.6782675472277688,0.2511204190097116,0.43212999999999996,0.10851666666666666,0.5057333333333334
simArray_Sun_JS_frag_2Gyr_Run039_step.mat,2.6826024933333333e+24,2.2947210933333336e+24,2.6826224e+24,5976526.093330706,5673355.717986077,11095.221013202241,7551.879263001798,1.4691999999999998,0.833182360592659,641506.8674202206,8.674983083777312e-06,0.8554085441417643,0.44919666666666663,0.3842466666666667,0.4492
simArray_Sun_JS_frag_2Gyr_Run039_step.mat,3.37901732e+24,2.2947210933333336e+24,5.033400666666667e+24,6454464.026191569,5673355.717986077,9075.95109189143,7902.4389132707265,1.1485,0.2822805575697599,10912568.78635016,0.7209518191439527,0.6791090059678456,0.5658099999999999,0.3842466666666667,0.8428333333333333
simArray_Sun_JS_frag_2Gyr_Run039_step.mat,2.973717586666667e+24,1.1705119999999999e+24,2.973657866666667e+24,6185335.848922226,4533030.788334287,17391.39301481539,7184.151113192081,2.4208,0.7230789989736073,3768200.4543223525,-5.102040816323194e-05,0.3936190865091743,0.49794333333333335,0.19599999999999998,0.49793333333333334
simArray_Sun_JS_frag_2Gyr_Run039_step.mat,3.087494140000001e+24,,,6263235.754946155,,,,,,,,1.0,0.5169950000000001,,
simArray_Sun_JS_frag_2Gyr_Run040_step.mat,6.131253333333331e+23,5.573866666666664e+23,1.1705119999999995e+24,3654094.704558684,3539828.6277588736,4662.260925739292,4660.396767032479,1.0004,0.7860908024096509,230588.75442463107,1.0,0.909090909090909,0.10266666666666663,0.09333333333333328,0.1959999999999999
simArray_Sun_JS_frag_2Gyr_Run040_step.mat,6.68864e+23,5.5738666666666665e+23,6.68864e+23,3761629.2247258904,3539828.627758874,5351.283992385333,4734.811531043472,1.1302,0.9545933060645776,3432.63031167392,0.0,0.8333333333333334,0.11199999999999999,0.09333333333333332,0.11199999999999999
simArray_Sun_JS_frag_2Gyr_Run040_step.mat,5.5738666666666665e+23,5.5738666666666665e+23,5.573866666666667e+23,3539828.627758874,3539828.627758874,5429.586522562622,4584.637779753966,1.1843,0.72255,647421.5766038535,1.2039911970146398e-16,1.0,0.09333333333333332,0.09333333333333332,0.09333333333333334
simArray_Sun_JS_frag_2Gyr_Run040_step.mat,5.573866666666667e+23,5.573866666666667e+23,1.1147733333333334e+24,3539828.6277588746,3539828.6277588746,4647.905781114572,4584.637779753967,1.0138,0.7665,305863.7057565496,1.0,1.0,0.09333333333333334,0.09333333333333334,0.18666666666666668
simArray_Sun_JS_frag_2Gyr_Run040_step.mat,1.1705119999999999e+24,5.5738666666666665e+23,1.5178833333333332e+24,4533030.788334287,3539828.627758874,8902.417068709288,5345.1918755384495,1.6655000000000002,0.5210296688816816,4044092.5050590425,0.6232142857142858,0.4761904761904762,0.19599999999999998,0.09333333333333332,0.25416666666666665
simArray_Sun_JS_frag_2Gyr_Run040_step.mat,8.023979199999999e+23,7.504017066666667e+23,8.023979199999999e+23,3996930.930124099,3908660.7977311597,9152.80959897343,5120.452922502618,1.7875,0.94210292557238,22195.719419040306,0.0,0.9351989679468098,0.13435999999999998,0.12565333333333334,0.13435999999999998
simArray_Sun_JS_frag_2Gyr_Run040_step.mat,1.5178833333333332e+24,6.370133333333333e+23,1.5178833333333332e+24,4943215.106816664,3700947.174303094,7029.026199927766,5768.589413153686,1.2185,0.7578234242387296,451684.7011126964,0.0,0.419672131147541,0.25416666666666665,0.10666666666666666,0.25416666666666665
simArray_Sun_JS_frag_2Gyr_Run040_step.mat,1.3934666666666666e+24,7.504017066666667e+23,1.6767385333333335e+24,4804286.593457831,3908660.7977311597,9071.682702829394,5731.052310840479,1.5829,0.16073200940122387,11985625.22921752,0.3774936332767405,0.5385142857142857,0.2333333333333333,0.12565333333333334,0.28076666666666666
simArray_Sun_JS_frag_2Gyr_Run040_step.mat,1.733273466666667e+24,8.063195333333334e+23,2.2446757333333336e+24,5166769.353641986,4003431.840624906,7395.82965535078,6080.096724227869,1.2164,0.20266588454645115,6817925.088631648,0.6342426860881372,0.4652004134604341,0.29023333333333334,0.13501666666666667,0.3758666666666667
simArray_Sun_JS_frag_2Gyr_Run040_step.mat,2.584462626666667e+24,7.213180666666665e+23,2.584482533333333e+24,5902737.417222059,3857497.4589746716,8227.430322708135,6723.954170242018,1.2236000000000002,0.9315335705619834,13626.822996766106,2.759762660334971e-05,0.2790978903018585,0.43276333333333333,0.1207833333333333,0.4327666666666666
simArray_Sun_JS_frag_2Gyr_Run040_step.mat,2.584482533333333e+24,7.213180666666668e+23,3.3058006e+24,5902752.572342158,3857497.458974672,7323.074850263395,6723.969194989804,1.0891,0.7101264873548578,609012.6642225299,1.0,0.2790957405838405,0.4327666666666666,0.12078333333333335,0.55355
simArray_Sun_JS_frag_2Gyr_Run040_step.mat,2.513139030666666e+24,6.967333333333333e+23,3.2098723639999996e+24,5847930.69435989,3813164.796205839,6999.912160188753,6659.60627931572,1.0511,0.6556082321354119,851046.405054933,1.0000000000000002,0.27723628690312024,0.42082033333333324,0.11666666666666665,0.5374869999999999
simArray_Sun_JS_frag_2Gyr_Run040_step.mat,9.19688e+23,6.012609600000001e+23,1.52094896e+24,4182894.2519470355,3630371.3173447982,5097.0096420641285,5097.519394003529,0.9999,0.7678639836776222,278944.9041115197,0.9999999999999999,0.6537662337662338,0.154,0.10068,0.25468
simArray_Sun_JS_frag_2Gyr_Run041_step.mat,6.131253333333331e+23,5.573866666666664e+23,1.1705119999999995e+24,3654094.704558684,3539828.6277588736,4655.2703305887435,4660.396767032479,0.9989,0.40345820906822544,2415287.220244692,1.0,0.909090909090909,0.10266666666666663,0.09333333333333328,0.1959999999999999
simArray_Sun_JS_frag_2Gyr_Run041_step.mat,6.688640000000001e+23,5.573866666666664e+23,1.2262506666666665e+24,3761629.224725891,3539828.6277588736,4741.913748340037,4734.811531043471,1.0015,0.5938581164124556,1096108.608329291,1.0,0.8333333333333328,0.112,0.09333333333333328,0.20533333333333328
simArray_Sun_JS_frag_2Gyr_Run041_step.mat,1.2262506666666665e+24,6.131253333333331e+23,1.8393759999999993e+24,4603870.836582874,3654094.704558684,5541.0972814483275,5452.762528486841,1.0162,0.7139430364482995,480514.1237295891,0.9999999999999996,0.4999999999999999,0.20533333333333328,0.10266666666666663,0.3079999999999999
simArray_Sun_JS_frag_2Gyr_Run041_step.mat,1.2262506666666662e+24,6.688639999999997e+23,1.8951146666666655e+24,4603870.836582873,3761629.22472589,5559.564949670032,5499.0751233135825,1.011,0.9557207622037847,2613.897472818112,0.9999999999999994,0.5454545454545454,0.20533333333333326,0.11199999999999995,0.31733333333333313
simArray_Sun_JS_frag_2Gyr_Run041_step.mat,6.131253333333334e+23,5.5738666666666665e+23,8.612022133333334e+23,3654094.7045586845,3539828.627758874,8774.595032968753,4660.39676703248,1.8827999999999998,0.39218190006493386,8877914.081799313,0.4450714285714286,0.9090909090909091,0.10266666666666667,0.09333333333333332,0.14420666666666668
simArray_Sun_JS_frag_2Gyr_Run041_step.mat,6.131253333333334e+23,5.5738666666666665e+23,1.0594925200000001e+24,3654094.7045586845,3539828.627758874,5547.27027179876,4660.39676703248,1.1903,0.44114749411526366,3036780.941893575,0.8008214285714288,0.9090909090909091,0.10266666666666667,0.09333333333333332,0.17741
simArray_Sun_JS_frag_2Gyr_Run041_step.mat,1.0594925200000001e+24,5.5738666666666665e+23,1.0594925200000001e+24,4384930.123108287,3539828.627758874,15988.578608092761,5218.715477394249,3.0637,0.898868875246196,237126.74898994956,0.0,0.5260883452642654,0.17741,0.09333333333333332,0.17741
simArray_Sun_JS_frag_2Gyr_Run041_step.mat,1.9814100666666667e+24,7.1699832e+23,1.9814100666666667e+24,5402417.792480739,3849781.5900901603,7064.352433481856,6239.491638828701,1.1322,0.9479719279088146,5254.611524909683,0.0,0.3618626613753956,0.3317833333333333,0.12006,0.3317833333333333
simArray_Sun_JS_frag_2Gyr_Run041_step.mat,2.0388806133333331e+24,7.1699832e+23,2.0388408000000004e+24,5454152.92692847,3849781.5900901603,6779.753939089589,6288.029993590789,1.0782,0.7504202817625176,408180.74433742976,-5.55277916589406e-05,0.3516627287106286,0.34140666666666664,0.12006,0.34140000000000004
simArray_Sun_JS_frag_2Gyr_Run041_step.mat,1.99870896e+24,8.8618508e+23,2.639624e+24,5418094.37000414,4131472.407522866,6881.768060203395,6350.251970290112,1.0837,0.26790997132316974,5082026.9584967755,0.7232293281218413,0.44337874985060355,0.33468,0.14839,0.442
simArray_Sun_JS_frag_2Gyr_Run041_step.mat,2.6981894133333333e+24,7.1699832e+23,3.2242828e+24,5988079.027654857,3849781.5900901603,8979.50793051407,6807.298863250754,1.3191,0.4926631259891532,3266787.4064959656,0.7337442389916153,0.2657331306901182,0.45180666666666663,0.12006,0.5398999999999999
simArray_Sun_JS_frag_2Gyr_Run041_step.mat,9.440139466666668e+23,6.192167733333334e+23,1.56323072e+24,4219453.276653198,3666156.0715450733,5143.613640490508,5144.128053295838,0.9999,0.7059346287754498,522631.9142031811,0.9999999999999998,0.655940280882291,0.15807333333333334,0.10368666666666668,0.26176
simArray_Sun_JS_frag_2Gyr_Run041_step.mat,3.6210027600000004e+24,1.1398756399999999e+24,4.4692457333333335e+24,6605002.666424887,4493132.261616947,8211.19124707365,7567.220760366465,1.0851,0.33703077447233515,4988026.16196948,0.7441539616842178,0.314795573367638,0.60633,0.19086999999999998,0.7483666666666666
simArray_Sun_JS_frag_2Gyr_Run041_step.mat,1.627768133333333e+24,5.787266133333334e+23,1.8503246666666666e+24,5059732.5275580045,3584439.0231016246,10149.21082643942,5837.240942335895,1.7386999999999997,0.37859440660623933,7375090.449678328,0.384562465602642,0.3555338143573439,0.2725666666666666,0.09690666666666667,0.3098333333333333
simArray_Sun_JS_frag_2Gyr_Run041_step.mat,2.6218294306666664e+24,2.294802710666667e+24,4.916632141333333e+24,5931049.15539942,5673422.979417316,7817.421272981206,7520.366784974704,1.0395,0.8538952663082335,223694.27051598782,0.9999999999999999,0.8752677362703779,0.4390203333333333,0.38426033333333337,0.8232806666666665
simArray_Sun_JS_frag_2Gyr_Run041_step.mat,4.614783373333333e+24,6.131253333333334e+23,4.614763466666667e+24,7161112.311861516,3654094.7045586845,9330.04316333705,8032.753476829143,1.1615,0.8239590927247992,167432.4848292834,-3.246753246575997e-05,0.1328611299235186,0.7727366666666665,0.10266666666666667,0.7727333333333334
simArray_Sun_JS_frag_2Gyr_Run041_step.mat,4.614763466666667e+24,5.774127733333333e+23,5.19217624e+24,7161102.014947649,3581724.4727170817,8436.99913973993,8032.17739883847,1.0504,0.763516590102169,292676.08450262295,0.9999999999999997,0.1251229402122336,0.7727333333333334,0.09668666666666666,0.86942
simArray_Sun_JS_frag_2Gyr_Run042_step.mat,7.246026666666664e+23,6.131253333333331e+23,1.3377279999999994e+24,3863343.7715919954,3654094.704558684,4910.343589954622,4873.790163726671,1.0075,0.673643160748002,714476.2140393965,0.9999999999999998,0.8461538461538461,0.12133333333333328,0.10266666666666663,0.2239999999999999
simArray_Sun_JS_frag_2Gyr_Run042_step.mat,6.131253333333334e+23,5.8328524e+23,6.131253333333334e+23,3654094.7045586845,3593825.955279677,5593.006348142077,4694.08841640124,1.1915,0.7985353143586391,291049.08885776775,0.0,0.9513311688311689,0.10266666666666667,0.09766999999999999,0.10266666666666667
simArray_Sun_JS_frag_2Gyr_Run042_step.mat,9.082416666666667e+23,5.8328524e+23,6.179626533333333e+23,4165468.480666282,3593825.955279677,29205.644790067785,5065.499651392359,5.7656,0.7153876351979367,15327052.345778596,-0.49766219582949395,0.642213698630137,0.15208333333333332,0.09766999999999999,0.10347666666666665
simArray_Sun_JS_frag_2Gyr_Run042_step.mat,1.98216652e+24,7.580657733333335e+23,1.98216652e+24,5403105.2081520585,3921922.5070052,6623.184605561757,6263.058728663599,1.0575,0.8719687786591107,65460.46694802722,0.0,0.38244303174555355,0.33191,0.12693666666666667,0.33191
simArray_Sun_JS_frag_2Gyr_Run042_step.mat,1.98216652e+24,7.580657733333335e+23,1.98216652e+24,5403105.2081520585,3921922.5070052,6649.489452222144,6263.058728663599,1.0617,0.8584682985323534,87646.82422353543,0.0,0.38244303174555355,0.33191,0.12693666666666667,0.33191
simArray_Sun_JS_frag_2Gyr_Run042_step.mat,5.6608588e+23,5.4488528000000004e+23,5.6608588e+23,3558149.182289243,3513163.8387498357,5829.719040563037,4579.512207826424,1.273,0.8844409516453281,68247.2023005535,0.0,0.9625487920666738,0.09479,0.09124,0.09479
simArray_Sun_JS_frag_2Gyr_Run042_step.mat,8.418330266666666e+23,5.6608588e+23,8.418330266666666e+23,4061365.094725087,3558149.182289243,6709.627123259408,4966.415339200154,1.351,0.6368008120025912,1506005.90760063,0.0,0.6724443708765873,0.14096333333333333,0.09479,0.14096333333333333
simArray_Sun_JS_frag_2Gyr_Run042_step.mat,8.418330266666666e+23,5.6608588e+23,1.2327203333333335e+24,4061365.094725087,3558149.182289243,5945.792444090425,4966.415339200154,1.1972,0.2681631275788931,4805226.894118198,0.6905088441115451,0.6724443708765873,0.14096333333333333,0.09479,0.20641666666666666
simArray_Sun_JS_frag_2Gyr_Run042_step.mat,7.155451333333334e+23,5.5738666666666665e+23,7.155451333333334e+23,3847178.964241778,3539828.627758874,6366.792334875669,4796.077088418584,1.3275,0.8641691477722552,112179.85169428085,0.0,0.7789678675754624,0.11981666666666667,0.09333333333333332,0.11981666666666667
simArray_Sun_JS_frag_2Gyr_Run042_step.mat,2.1493825200000003e+24,6.106170933333334e+23,2.1493228e+24,5550958.104500964,3649105.0378541946,7255.860153148945,6328.152933149263,1.1466,0.9051619776427478,27659.303137412157,-9.780269935487782e-05,0.28408954090374444,0.35991,0.10224666666666667,0.3599
simArray_Sun_JS_frag_2Gyr_Run042_step.mat,2.1493228e+24,6.106170933333334e+23,2.759939893333333e+24,5550906.693411933,3649105.0378541946,6551.48415654148,6328.102150624437,1.0353,0.6410082338307236,836496.9716573119,0.9999999999999996,0.2840974344725387,0.3599,0.10224666666666667,0.4621466666666666
simArray_Sun_JS_frag_2Gyr_Run042_step.mat,7.859550133333333e+23,5.7275461333333326e+23,7.859550133333333e+23,3969440.302249197,3572066.844647272,6318.337618119943,4904.018641819266,1.2884,0.8155727533675131,247437.77123193443,0.0,0.7287371460412339,0.13160666666666665,0.09590666666666665,0.13160666666666665
simArray_Sun_JS_frag_2Gyr_Run042_step.mat,1.4209975866666666e+24,1.4083966666666668e+24,1.4209975866666669e+24,4835720.139967246,4821383.842869139,7511.389908467377,6253.758977992987,1.2011,0.7757499198674811,715009.7752590545,1.9059648631185816e-16,0.9911323424344733,0.2379433333333333,0.23583333333333334,0.23794333333333334
simArray_Sun_JS_frag_2Gyr_Run042_step.mat,7.859550133333333e+23,6.131253333333334e+23,1.29389352e+24,3969440.302249197,3654094.7045586845,5021.263814395616,4949.496120646245,1.0145,0.3954582627174968,2668858.253219688,0.8284415584415585,0.7801023251101769,0.13160666666666665,0.10266666666666667,0.21666000000000002
simArray_Sun_JS_frag_2Gyr_Run042_step.mat,1.2938935199999998e+24,6.426270133333334e+23,1.756564266666667e+24,4687013.717936932,3711786.9269378064,6442.652427594535,5547.793358817304,1.1613,0.3497346372691388,3928081.367288533,0.7199677839043436,0.4966614357364843,0.21665999999999996,0.10760666666666667,0.29413333333333336
simArray_Sun_JS_frag_2Gyr_Run042_step.mat,3.0646313333333325e+24,5.7275461333333326e+23,3.5595110666666665e+24,6247737.743188222,3572066.844647272,7548.543775480785,7031.712878882893,1.0735,0.5556907060717172,1395391.07852551,0.864034477964689,0.18689184800259828,0.5131666666666665,0.09590666666666665,0.5960333333333333
simArray_Sun_JS_frag_2Gyr_Run042_step.mat,1.7565642666666667e+24,6.441598266666667e+23,1.756564266666667e+24,5189809.21987716,3714735.7390214554,7038.095799607926,5999.058813167342,1.1732,0.9943028610645079,7.199963745503427,4.1672182102549414e-16,0.3667157751586582,0.2941333333333333,0.10786333333333332,0.29413333333333336
simArray_Sun_JS_frag_2Gyr_Run042_step.mat,1.7885741866666667e+24,5.852560000000001e+23,2.373830186666667e+24,5221144.323328978,3597868.921003042,6164.4559611342665,5994.220110009983,1.0284,0.8237543147073698,126257.80126001532,1.0000000000000004,0.32721930371293745,0.29949333333333333,0.098,0.39749333333333337
simArray_Sun_JS_frag_2Gyr_Run042_step.mat,1.7886936266666666e+24,1.5794745600000002e+24,3.0936950666666667e+24,5221260.542456971,5009190.986215098,6687.632766324864,6629.294970583727,1.0088,0.35291713713614015,5681508.889920325,0.8262250453720508,0.8830324749037328,0.2995133333333333,0.26448,0.5180333333333333
simArray_Sun_JS_frag_2Gyr_Run042_step.mat,4.321080413333333e+24,4.8888782666666675e+23,4.321140133333333e+24,7005849.896547696,3388439.8954207236,9134.240133777545,7859.439110116628,1.1622,0.9411868430971032,6348.320294613437,0.0001221548108635546,0.11314018252428976,0.7235566666666666,0.08186333333333334,0.7235666666666666
simArray_Sun_JS_frag_2Gyr_Run042_step.mat,4.43397112e+24,4.8888782666666675e+23,4.434010933333334e+24,7066336.780813222,3388439.8954207236,9222.7599232856,7928.101025776325,1.1633,0.9416576468255383,6230.607378913751,8.143654057680122e-05,0.1102595874974185,0.74246,0.08186333333333334,0.7424666666666667
simArray_Sun_JS_frag_2Gyr_Run042_step.mat,4.43397112e+24,4.8888782666666675e+23,4.860809866666667e+24,7066336.780813222,3388439.8954207236,8287.244002243991,7928.101025776325,1.0453,0.523143137125299,1368028.2724064952,0.8730811515126836,0.1102595874974185,0.74246,0.08186333333333334,0.8139333333333333
simArray_Sun_JS_frag_2Gyr_Run042_step.mat,2.625669426666667e+24,7.277678266666666e+23,2.6256893333333335e+24,5933943.329821117,3868960.799223289,7091.98841050576,6757.492530257989,1.0495,0.8531451107708774,90765.39388131633,2.7353045761627673e-05,0.2771742014723386,0.43966333333333335,0.12186333333333332,0.43966666666666665
simArray_Sun_JS_frag_2Gyr_Run042_step.mat,2.656047e+24,7.556371599999998e+23,3.1325130666666666e+24,5956739.810502824,3917729.8088111836,10024.46399858753,6791.182168272833,1.4761,0.458346734812727,4844367.646783973,0.6305487499670696,0.2844969083754918,0.44475,0.12652999999999998,0.5245333333333333
simArray_Sun_JS_frag_2Gyr_Run042_step.mat,3.1325130666666666e+24,5.573866666666667e+23,3.689899733333334e+24,6293530.5169746345,3539828.6277588746,7266.374107114921,7077.407331367411,1.0267,0.6738753445074313,611094.0766009004,1.0000000000000009,0.17793594306049823,0.5245333333333333,0.09333333333333334,0.6178666666666667
simArray_Sun_JS_frag_2Gyr_Run043_step.mat,5.5738666666666665e+23,5.5738666666666665e+23,1.0377942533333333e+24,3539828.627758874,3539828.627758874,4611.22867887654,4584.637779753966,1.0058,0.43315,2257805.565139696,0.8618928571428571,1.0,0.09333333333333332,0.09333333333333332,0.17377666666666666
simArray_Sun_JS_frag_2Gyr_Run043_step.mat,6.131253333333331e+23,5.573866666666667e+23,1.1705119999999997e+24,3654094.704558684,3539828.6277588746,4828.171050645648,4660.396767032479,1.036,0.8995142168436616,30216.258542278883,0.9999999999999999,0.9090909090909095,0.10266666666666663,0.09333333333333334,0.19599999999999995
simArray_Sun_JS_frag_2Gyr_Run043_step.mat,7.246026666666667e+23,6.131253333333334e+23,7.246026666666667e+23,3863343.771591996,3654094.7045586845,6166.319315146986,4873.790163726672,1.2652,0.6981056374428486,932462.3884670276,0.0,0.8461538461538461,0.12133333333333332,0.10266666666666667,0.12133333333333332
simArray_Sun_JS_frag_2Gyr_Run043_step.mat,1.2262506666666667e+24,1.0935329199999999e+24,1.2262506666666667e+24,4603870.836582874,4431397.066715739,6289.803499849209,5854.247486829123,1.0744,0.9128998806787537,33505.52339396934,0.0,0.8917694805194804,0.20533333333333334,0.18310999999999997,0.20533333333333334
simArray_Sun_JS_frag_2Gyr_Run043_step.mat,1.2262506666666667e+24,1.0935329199999999e+24,2.0902e+24,4603870.836582874,4431397.066715739,5913.375386446097,5854.247486829123,1.0101,0.19800898282639187,6286544.272293365,0.7900533377022919,0.8917694805194804,0.20533333333333334,0.18310999999999997,0.35
simArray_Sun_JS_frag_2Gyr_Run043_step.mat,7.664066666666667e+23,6.483601333333334e+23,7.664066666666667e+23,3936254.196081518,3722792.3513086094,10482.907190626256,4965.613751421655,2.1111,0.8848423635319039,200832.24430323095,0.0,0.845974025974026,0.12833333333333333,0.10856666666666667,0.12833333333333333
simArray_Sun_JS_frag_2Gyr_Run043_step.mat,6.842319466666668e+23,6.2926964e+23,1.3135015866666666e+24,3790220.6592146,3685889.4469392067,5188.561372293492,4842.786421778507,1.0714,0.6070043285668376,1287134.9234034035,0.9999999999999998,0.9196729896427323,0.11457333333333335,0.10536999999999999,0.2199433333333333
simArray_Sun_JS_frag_2Gyr_Run043_step.mat,1.4061472133333333e+24,6.483601333333334e+23,1.8952938266666667e+24,4818815.613482798,3722792.3513086094,6066.373288017702,5666.330364298246,1.0706,0.3377049190411124,3442620.890853334,0.7544365980964077,0.4610897971318148,0.23545666666666665,0.10856666666666667,0.31736333333333333
simArray_Sun_JS_frag_2Gyr_Run043_step.mat,2.3270296133333334e+24,6.7268608e+23,2.796886666666667e+24,5699857.725407552,3768780.6283000736,9015.76726608377,6503.0058180061815,1.3864,0.48603241095294675,3564522.0993526406,0.6984789299242429,0.28907499764750166,0.38965666666666665,0.11263999999999999,0.4683333333333334
simArray_Sun_JS_frag_2Gyr_Run043_step.mat,8.221453333333333e+23,5.582426533333333e+23,1.3803879866666666e+24,4029454.387195637,3541639.7560806954,5097.597619634225,4933.318126037187,1.0333,0.6287062843910637,920371.9111379815,1.0,0.6790072639225181,0.13766666666666666,0.09347666666666665,0.2311433333333333
simArray_Sun_JS_frag_2Gyr_Run043_step.mat,7.520539599999999e+23,6.967333333333333e+23,7.520539599999999e+23,3911527.424009106,3813164.796205839,6061.319137457686,5003.5654098214345,1.2114,0.8215294424424058,242352.85283321282,0.0,0.9264406151565685,0.12593,0.11666666666666665,0.12593
simArray_Sun_JS_frag_2Gyr_Run043_step.mat,1.3803879866666666e+24,7.520539599999999e+23,2.1324419466666665e+24,4789208.768783502,3911527.424009106,5882.210140910302,5719.768709558831,1.0284,0.8911578083568852,40541.03498948818,1.0,0.5448134635074917,0.2311433333333333,0.12593,0.3570733333333333
simArray_Sun_JS_frag_2Gyr_Run043_step.mat,2.1324419466666665e+24,6.967333333333333e+23,2.8291752799999997e+24,5536336.14495298,3813164.796205839,6748.965265856034,6355.5563290856335,1.0619,0.6857725273061857,697698.49124349,0.9999999999999998,0.3267302701592577,0.3570733333333333,0.11666666666666665,0.47373999999999994
simArray_Sun_JS_frag_2Gyr_Run043_step.mat,7.8675128e+23,5.8840125333333336e+23,7.8675128e+23,3970780.356130261,3604302.571609078,6568.7938688639015,4922.657275827264,1.3344,0.5437419633164512,2555356.003985468,0.0,0.7478872526693994,0.13174,0.09852666666666667,0.13174
simArray_Sun_JS_frag_2Gyr_Run043_step.mat,2.8291553733333335e+24,8.146206133333334e+23,2.829135466666667e+24,6083436.4880499095,4017123.439816263,7516.047660117405,6939.384784523502,1.0831,0.8822903061797852,55702.09010327584,-2.443673329747681e-05,0.28793774319066145,0.4737366666666667,0.13640666666666668,0.47373333333333334
simArray_Sun_JS_frag_2Gyr_Run043_step.mat,3.1558237733333336e+24,8.727281733333334e+23,3.155803866666667e+24,6309103.129138852,4110453.226615357,8372.260705883367,7184.0232588668,1.1653999999999998,0.7567007568542597,502562.1271495563,-2.2809698683865468e-05,0.27654528136452805,0.5284366666666667,0.14613666666666666,0.5284333333333333
simArray_Sun_JS_frag_2Gyr_Run043_step.mat,4.1436124800000006e+24,7.298182133333333e+23,4.1435726666666667e+24,6908595.353018775,3872590.8155839853,9354.846600255963,7767.870630454176,1.2043,0.7161592468386461,710930.0520343498,-5.455239757857349e-05,0.17613090433913675,0.69384,0.12220666666666664,0.6938333333333333
simArray_Sun_JS_frag_2Gyr_Run043_step.mat,4.1436124800000006e+24,7.298182133333333e+23,4.7081257333333335e+24,6908595.353018775,3872590.8155839853,8360.55915955783,7767.870630454176,1.0763,0.2792610950002523,3769787.353822298,0.7734984452566686,0.17613090433913675,0.69384,0.12220666666666664,0.7883666666666667
simArray_Sun_JS_frag_2Gyr_Run044_step.mat,5.5738666666666665e+23,5.5738666666666665e+23,1.0500965733333335e+24,3539828.627758874,3539828.627758874,4592.431663979548,4584.637779753966,1.0017,0.49655,1780722.7410146873,0.883964285714286,1.0,0.09333333333333332,0.09333333333333332,0.17583666666666667
simArray_Sun_JS_frag_2Gyr_Run044_step.mat,6.688640000000001e+23,6.131253333333331e+23,1.2819893333333332e+24,3761629.224725891,3654094.704558684,4788.890255872173,4803.781980010204,0.9969,0.3035386631893041,3358123.2872736696,1.0,0.9166666666666662,0.112,0.10266666666666663,0.21466666666666662
simArray_Sun_JS_frag_2Gyr_Run044_step.mat,6.131253333333331e+23,5.573866666666664e+23,1.1705119999999995e+24,3654094.704558684,3539828.6277588736,4764.789654614006,4660.396767032479,1.0224,0.6947120641352285,596761.212953046,1.0,0.909090909090909,0.10266666666666663,0.09333333333333328,0.1959999999999999
simArray_Sun_JS_frag_2Gyr_Run044_step.mat,7.955500266666667e+23,6.688639999999997e+23,1.4644140266666664e+24,3985528.1128155724,3761629.22472589,5249.72385513872,5023.178504582069,1.0451,0.8538847571347498,98326.28446125473,1.0,0.8407566810129112,0.13321333333333332,0.11199999999999995,0.24521333333333328
simArray_Sun_JS_frag_2Gyr_Run044_step.mat,1.2262506666666667e+24,6.131253333333334e+23,1.2262506666666667e+24,4603870.836582874,3654094.7045586845,5860.629165617657,5452.762528486842,1.0748,0.9424092681650831,5969.949305625809,0.0,0.5,0.20533333333333334,0.10266666666666667,0.20533333333333334
simArray_Sun_JS_frag_2Gyr_Run044_step.mat,1.65949936e+24,5.5738666666666665e+23,1.6594993600000002e+24,5092398.815026277,3539828.627758874,6652.4694719787285,5855.016257682387,1.1362,0.8361059631913569,122152.47578971868,4.815964788058559e-16,0.3358763974857253,0.27787999999999996,0.09333333333333332,0.27788
simArray_Sun_JS_frag_2Gyr_Run044_step.mat,1.7152380266666666e+24,5.5738666666666665e+23,2.1318049333333333e+24,5148786.030658053,3539828.627758874,6074.346567116032,5908.897438828825,1.028,0.24189523190312082,3392242.726003838,0.7473571428571429,0.3249617009423889,0.2872133333333333,0.09333333333333332,0.35696666666666665
simArray_Sun_JS_frag_2Gyr_Run044_step.mat,1.0500965733333335e+24,5.5738666666666665e+23,1.4448258666666668e+24,4371929.255219304,3539828.627758874,6808.161563904462,5207.803536988038,1.3073,0.43742733910973325,3488368.9121314124,0.7081785714285715,0.5307956247274932,0.17583666666666667,0.09333333333333332,0.24193333333333336
simArray_Sun_JS_frag_2Gyr_Run044_step.mat,2.2432822666666667e+24,6.131253333333334e+23,2.2432822666666667e+24,5630643.351601537,3654094.7045586845,8941.50689858677,6408.304234635397,1.3953,0.6843077230091253,1111299.696066354,0.0,0.27331617712308104,0.3756333333333333,0.10266666666666667,0.3756333333333333
simArray_Sun_JS_frag_2Gyr_Run044_step.mat,2.2711515999999998e+24,6.131253333333334e+23,2.2711515999999998e+24,5653864.81415137,3654094.7045586845,8030.95526665592,6431.452924366077,1.2487,0.8288281146262105,175708.9448437099,0.0,0.2699623104566571,0.38029999999999997,0.10266666666666667,0.38029999999999997
simArray_Sun_JS_frag_2Gyr_Run044_step.mat,2.4662369333333336e+24,6.131253333333334e+23,2.4662369333333336e+24,5811322.505662138,3654094.7045586845,8620.89817960204,6589.8931200137895,1.3082,0.9638450159162241,2123.932745749221,0.0,0.24860763580595688,0.4129666666666667,0.10266666666666667,0.4129666666666667
simArray_Sun_JS_frag_2Gyr_Run044_step.mat,2.4662369333333336e+24,6.131253333333334e+23,2.4662369333333336e+24,5811322.505662138,3654094.7045586845,7443.943268367576,6589.8931200137895,1.1296,0.7322005006571685,478469.7911943363,0.0,0.24860763580595688,0.4129666666666667,0.10266666666666667,0.4129666666666667
simArray_Sun_JS_frag_2Gyr_Run044_step.mat,1.4448258666666668e+24,6.131253333333334e+23,1.4448258666666668e+24,4862600.025870853,3654094.7045586845,9800.881864605548,5679.365975897055,1.7257,0.9235674226698489,34527.304693903294,0.0,0.42435932763846784,0.24193333333333336,0.10266666666666667,0.24193333333333336
simArray_Sun_JS_frag_2Gyr_Run044_step.mat,1.4362859066666665e+24,6.581144000000001e+23,1.4362859066666665e+24,4853000.599995904,3741368.7103392845,6192.279316542157,5703.490205896801,1.0857,0.9252717094191463,13540.255495628388,0.0,0.45820570747460204,0.2405033333333333,0.11020000000000002,0.2405033333333333
simArray_Sun_JS_frag_2Gyr_Run044_step.mat,2.829573413333333e+24,1.4362859066666665e+24,2.8295336e+24,6083736.105686724,4853000.599995904,7626.973423679239,7215.679681815743,1.057,0.8241082585349049,252320.017012793,-2.7719643525366137e-05,0.5075980357670498,0.47380666666666665,0.2405033333333333,0.47379999999999994
simArray_Sun_JS_frag_2Gyr_Run044_step.mat,2.9131814133333333e+24,6.052821066666666e+23,2.9131416e+24,6143076.00710081,3638446.475605394,10059.999271294939,6929.32860676053,1.4518000000000002,0.6692272910214238,1334550.2197997647,-6.577649148190133e-05,0.20777357149690448,0.48780666666666667,0.10135333333333331,0.48779999999999996
simArray_Sun_JS_frag_2Gyr_Run044_step.mat,2.9131814133333333e+24,5.225699066666666e+23,2.9131416e+24,6143076.00710081,3464534.130491019,7264.220317494248,6909.092940359757,1.0514,0.8792985980884663,42057.655063564365,-7.618757380666231e-05,0.1793811756023561,0.48780666666666667,0.08750333333333332,0.48779999999999996
simArray_Sun_JS_frag_2Gyr_Run044_step.mat,1.4684948933333333e+24,6.217847333333332e+23,1.4684948933333333e+24,4889009.249022969,3671217.065837616,7418.000676300163,5709.228566382024,1.2993,0.808093026049307,270823.77956728544,0.0,0.42341634019710167,0.24589666666666665,0.10411666666666664,0.24589666666666665
simArray_Sun_JS_frag_2Gyr_Run044_step.mat,2.9131814133333333e+24,6.581144000000001e+23,3.4004568e+24,6143076.00710081,3741368.7103392845,7584.326847241532,6944.718292502089,1.0921,0.25362975768122953,3951408.872810228,0.7404113732607382,0.2259091716663706,0.48780666666666667,0.11020000000000002,0.5694
simArray_Sun_JS_frag_2Gyr_Run044_step.mat,1.4684948933333333e+24,6.217847333333333e+23,2.0902796266666664e+24,4889009.249022969,3671217.0658376166,5776.597463465333,5709.228566382025,1.0118,0.9384821969073582,6342.330040074244,0.9999999999999996,0.4234163401971018,0.24589666666666665,0.10411666666666666,0.3500133333333333
simArray_Sun_JS_frag_2Gyr_Run044_step.mat,1.4726952e+24,6.131253333333334e+23,1.9169124666666668e+24,4893666.123747419,3654094.7045586845,5979.530588525352,5707.292725518137,1.0477,0.16997778732053426,4351280.936054498,0.7245129870129873,0.41632873749662075,0.24659999999999999,0.10266666666666667,0.32098333333333334
simArray_Sun_JS_frag_2Gyr_Run044_step.mat,3.6491905999999997e+24,5.225699066666666e+23,3.649091066666667e+24,6622097.353422827,3464534.130491019,7999.42631371362,7430.267800216999,1.0766,0.8979910463128314,27604.44430822445,-0.0001904689345156284,0.14320159288656137,0.6110499999999999,0.08750333333333332,0.6110333333333333
simArray_Sun_JS_frag_2Gyr_Run044_step.mat,1.9732682399999998e+24,5.225699066666666e+23,1.9732682400000003e+24,5395007.9290010035,3464534.130491019,6951.527880042861,6132.258186346914,1.1336,0.670026417214183,735133.8341084162,1.027366683674067e-15,0.26482456671307225,0.33041999999999994,0.08750333333333332,0.33042000000000005
simArray_Sun_JS_frag_2Gyr_Run044_step.mat,3.8537316000000006e+24,6.842120400000001e+23,4.5379436400000003e+24,6743580.301458224,3790183.901995384,8286.221825565857,7583.25416451529,1.0927,0.6785983606128287,765593.9456062418,0.9999999999999994,0.17754532775453277,0.6453000000000001,0.11457000000000002,0.75987
simArray_Sun_JS_frag_2Gyr_Run044_step.mat,1.6136543066666665e+24,5.5043923999999996e+23,1.6136543066666665e+24,5045066.314071342,3525059.9512664233,6504.240635630532,5805.802584692075,1.1203,0.9409469296884173,6236.55606522209,0.0,0.3411134824391508,0.2702033333333333,0.09216999999999999,0.2702033333333333
simArray_Sun_JS_frag_2Gyr_Run044_step.mat,1.6136543066666665e+24,5.5043923999999996e+23,2.0780569333333336e+24,5045066.314071342,3525059.9512664233,5977.6543411989605,5805.802584692075,1.0296,0.506029767742845,1597984.5955830803,0.843694622255977,0.3411134824391508,0.2702033333333333,0.09216999999999999,0.3479666666666667
simArray_Sun_JS_frag_2Gyr_Run045_step.mat,7.246026666666667e+23,6.68864e+23,1.2941523066666666e+24,3863343.771591996,3761629.2247258904,5270.009720548766,4939.090647187223,1.067,0.46775758703093995,2514233.542291134,0.8515178571428571,0.923076923076923,0.12133333333333332,0.11199999999999999,0.2167033333333333
simArray_Sun_JS_frag_2Gyr_Run045_step.mat,5.5738666666666665e+23,5.5738666666666665e+23,1.0482850666666666e+24,3539828.627758874,3539828.627758874,4597.474765537277,4584.637779753966,1.0028,0.48790000000000006,1846001.6895669461,0.8807142857142857,1.0,0.09333333333333332,0.09333333333333332,0.17553333333333332
simArray_Sun_JS_frag_2Gyr_Run045_step.mat,6.68864e+23,5.573866666666664e+23,1.2262506666666662e+24,3761629.2247258904,3539828.6277588736,4912.366963457601,4734.8115310434705,1.0375,0.5331173582576636,1589900.4417141657,0.9999999999999998,0.8333333333333329,0.11199999999999999,0.09333333333333328,0.20533333333333326
simArray_Sun_JS_frag_2Gyr_Run045_step.mat,6.131253333333334e+23,6.131253333333334e+23,6.131253333333334e+23,3654094.7045586845,3654094.7045586845,9854.283053465439,4732.630416610047,2.0822,0.7454,1717358.2561995813,0.0,1.0,0.10266666666666667,0.10266666666666667,0.10266666666666667
simArray_Sun_JS_frag_2Gyr_Run045_step.mat,1.0482850666666666e+24,6.68864e+23,1.0482850666666666e+24,4369413.823889075,3761629.2247258904,6185.497759205689,5309.440136657244,1.165,0.9280454707642716,14935.984743373929,0.0,0.6380554500569692,0.17553333333333332,0.11199999999999999,0.17553333333333332
simArray_Sun_JS_frag_2Gyr_Run045_step.mat,6.68864e+23,6.009424533333334e+23,6.68864e+23,3761629.2247258904,3629730.163847012,6678.904994669658,4788.775360055681,1.3947,0.9741285899559003,1057.6600970344905,0.0,0.8984523809523811,0.11199999999999999,0.10062666666666667,0.11199999999999999
simArray_Sun_JS_frag_2Gyr_Run045_step.mat,1.1040237333333333e+24,5.5738666666666665e+23,1.1040237333333333e+24,4445522.866946258,3539828.627758874,6202.24426433241,5269.984080493168,1.1769,0.6533545380071941,973963.2173083145,0.0,0.5048683736025964,0.18486666666666665,0.09333333333333332,0.18486666666666665
simArray_Sun_JS_frag_2Gyr_Run045_step.mat,9.360711866666666e+23,7.670237733333334e+23,9.360711866666666e+23,4207586.029526723,3937310.396460073,6577.545484362131,5283.169063744683,1.245,0.8239637886226451,254289.79343662932,0.0,0.8194075239776281,0.15674333333333332,0.12843666666666667,0.15674333333333332
simArray_Sun_JS_frag_2Gyr_Run045_step.mat,9.360711866666666e+23,7.670237733333334e+23,1.70309496e+24,4207586.029526723,3937310.396460073,5291.0938173403,5283.169063744683,1.0015,0.9064634858283105,27571.55541040886,1.0000000000000002,0.8194075239776281,0.15674333333333332,0.12843666666666667,0.28518
simArray_Sun_JS_frag_2Gyr_Run045_step.mat,5.5738666666666665e+23,5.5738666666666665e+23,5.573866666666667e+23,3539828.627758874,3539828.627758874,6608.755359515342,4584.637779753966,1.4415,0.70575,1109233.82583959,1.2039911970146398e-16,1.0,0.09333333333333332,0.09333333333333332,0.09333333333333334
simArray_Sun_JS_frag_2Gyr_Run045_step.mat,1.61470936e+24,6.124485066666667e+23,1.6147093600000002e+24,5046165.610734288,3652749.6291935085,6907.665411738768,5846.026922595437,1.1816,0.8265721851998376,166080.1201844126,4.382988170891232e-16,0.3792933402371971,0.27037999999999995,0.10255333333333334,0.27038
simArray_Sun_JS_frag_2Gyr_Run045_step.mat,6.68864e+23,5.573866666666667e+23,1.2262506666666667e+24,3761629.2247258904,3539828.6277588746,4987.176985648089,4734.811531043472,1.0533,0.7439326104793836,399758.1128740395,1.0000000000000002,0.8333333333333335,0.11199999999999999,0.09333333333333334,0.20533333333333334
simArray_Sun_JS_frag_2Gyr_Run045_step.mat,1.6522135199999998e+24,6.124485066666667e+23,1.6522135199999998e+24,5084935.352522358,3652749.6291935085,6868.353626660901,5881.95052381682,1.1677,0.9478293422094529,5082.245548189469,0.0,0.37068363093086587,0.27665999999999996,0.10255333333333334,0.27665999999999996
simArray_Sun_JS_frag_2Gyr_Run045_step.mat,1.6522135199999998e+24,6.124485066666667e+23,2.1724145333333336e+24,5084935.352522358,3652749.6291935085,6177.224440112424,5881.95052381682,1.0502,0.5267852401105155,1638099.663116656,0.8493791848144061,0.37068363093086587,0.27665999999999996,0.10255333333333334,0.3637666666666667
simArray_Sun_JS_frag_2Gyr_Run045_step.mat,1.337728e+24,1.1972864666666666e+24,1.337728e+24,4739355.842131882,4567333.628294515,6278.337072292339,6029.904986834748,1.0412,0.9216768396465572,24575.220107731166,0.0,0.895014880952381,0.22399999999999998,0.20048333333333332,0.22399999999999998
simArray_Sun_JS_frag_2Gyr_Run045_step.mat,1.337728e+24,1.2262506666666667e+24,2.4097020000000002e+24,4739355.842131882,4603870.836582874,6221.247606117133,6052.386035720529,1.0279,0.5009098093239267,3073560.971110171,0.8741883116883119,0.9166666666666667,0.22399999999999998,0.20533333333333334,0.4035
simArray_Sun_JS_frag_2Gyr_Run045_step.mat,2.4721094e+24,6.274979466666667e+23,2.9927682666666667e+24,5815931.382459008,3682427.018143179,8773.440373026637,6600.045417156877,1.3293,0.607778022975298,1725340.562064262,0.8297379607892897,0.25383097797640614,0.41395,0.10507333333333334,0.5011333333333333
simArray_Sun_JS_frag_2Gyr_Run045_step.mat,2.5769976266666664e+24,7.3157e+23,3.1737198666666665e+24,5897048.751997887,3875686.806798268,6816.599038917774,6722.484259287746,1.014,0.4362715252084111,2416019.3316513193,0.8156734693877551,0.2838846231093671,0.43151333333333325,0.1225,0.5314333333333333
simArray_Sun_JS_frag_2Gyr_Run045_step.mat,3.309310145333334e+24,6.543719466666667e+23,3.9636820920000006e+24,6409771.3200120935,3734263.2976753563,7261.072724109042,7222.073527062901,1.0054,0.7923724177045017,201804.35816732637,0.9999999999999998,0.19773666351261687,0.5541376666666668,0.10957333333333333,0.663711
simArray_Sun_JS_frag_2Gyr_Run046_step.mat,6.68864e+23,5.5738666666666665e+23,6.68864e+23,3761629.2247258904,3539828.627758874,5533.100755177402,4734.811531043472,1.1686,0.9485655972400562,5303.361506134705,0.0,0.8333333333333334,0.11199999999999999,0.09333333333333332,0.11199999999999999
simArray_Sun_JS_frag_2Gyr_Run046_step.mat,5.5738666666666665e+23,5.5738666666666665e+23,5.573866666666667e+23,3539828.627758874,3539828.627758874,4779.026421615535,4584.637779753966,1.0424,0.9115,21848.492452484636,1.2039911970146398e-16,1.0,0.09333333333333332,0.09333333333333332,0.09333333333333334
simArray_Sun_JS_frag_2Gyr_Run046_step.mat,6.68864e+23,5.573866666666667e+23,1.2262506666666667e+24,3761629.2247258904,3539828.6277588746,4724.868426828281,4734.811531043472,0.9979000000000001,0.7759773531191466,253503.43970831984,1.0000000000000002,0.8333333333333335,0.11199999999999999,0.09333333333333334,0.20533333333333334
simArray_Sun_JS_frag_2Gyr_Run046_step.mat,5.573866666666667e+23,5.573866666666664e+23,1.1147733333333332e+24,3539828.6277588746,3539828.6277588736,4940.405671462873,4584.637779753966,1.0776,0.6937,683620.3932735592,1.0000000000000002,0.9999999999999994,0.09333333333333334,0.09333333333333328,0.18666666666666662
simArray_Sun_JS_frag_2Gyr_Run046_step.mat,6.131253333333334e+23,5.5738666666666665e+23,6.131253333333334e+23,3654094.7045586845,3539828.627758874,6432.745657534932,4660.39676703248,1.3803,0.9760102590011273,789.5857418301438,0.0,0.9090909090909091,0.10266666666666667,0.09333333333333332,0.10266666666666667
simArray_Sun_JS_frag_2Gyr_Run046_step.mat,1.4562921066666666e+24,6.339078933333333e+23,1.4562921066666666e+24,4875429.4593333695,3694923.3357768524,7044.313962444072,5705.745960184734,1.2346,0.961392836823986,2425.197039104597,0.0,0.4352889715129313,0.2438533333333333,0.10614666666666667,0.2438533333333333
simArray_Sun_JS_frag_2Gyr_Run046_step.mat,8.548519866666666e+23,6.339078933333333e+23,8.548519866666666e+23,4082194.4422764983,3694923.3357768524,5464.451099972374,5054.996392203861,1.081,0.8546391067486544,96869.63994688648,0.0,0.7415411126376826,0.14314333333333332,0.10614666666666667,0.14314333333333332
simArray_Sun_JS_frag_2Gyr_Run046_step.mat,8.548519866666666e+23,6.339078933333333e+23,8.548519866666666e+23,4082194.4422764983,3694923.3357768524,6102.391644668502,5054.996392203861,1.2072,0.7513916480227851,516636.8599078567,0.0,0.7415411126376826,0.14314333333333332,0.10614666666666667,0.14314333333333332
simArray_Sun_JS_frag_2Gyr_Run046_step.mat,1.48416144e+24,7.246026666666667e+23,2.0892046666666668e+24,4906333.816241054,3863343.771591996,6789.809808770616,5798.3004344753335,1.171,0.5522485931216815,2063611.5175459126,0.8350000000000003,0.48822361714684265,0.24852,0.12133333333333332,0.34983333333333333
simArray_Sun_JS_frag_2Gyr_Run046_step.mat,9.2792936e+23,6.339078933333333e+23,9.2792936e+23,4195351.475280502,3694923.3357768524,8684.047164013695,5140.314409857757,1.6894,0.9816993215439587,532.1704780689337,0.0,0.683142403569743,0.15538,0.10614666666666667,0.15538
simArray_Sun_JS_frag_2Gyr_Run046_step.mat,2.0891847599999997e+24,5.5738666666666665e+23,2.0892046666666668e+24,5498644.743688614,3539828.627758874,7124.666964459672,6251.901513214876,1.1396,0.6289832991552214,1029776.4447794732,3.571428571522555e-05,0.266796253418327,0.3498299999999999,0.09333333333333332,0.34983333333333333
simArray_Sun_JS_frag_2Gyr_Run046_step.mat,9.847429866666667e+23,6.104379333333334e+23,9.847429866666667e+23,4279283.023288653,3648748.1106205406,6495.758192506225,5182.510126461006,1.2534,0.6434552546398757,1289121.8064592404,0.0,0.6198956901431228,0.16489333333333334,0.10221666666666666,0.16489333333333334
simArray_Sun_JS_frag_2Gyr_Run046_step.mat,9.847429866666667e+23,6.104379333333334e+23,1.59518092e+24,4279283.023288653,3648748.1106205406,5298.5983532937325,5182.510126461006,1.0224,0.8918556473798062,35065.42983486647,1.0,0.6198956901431228,0.16489333333333334,0.10221666666666666,0.26711
simArray_Sun_JS_frag_2Gyr_Run046_step.mat,7.803413333333333e+23,5.5738666666666665e+23,3.9805370666666664e+23,3959967.142737017,3539828.627758874,15919.92002300724,4879.519408755974,3.2626,0.4335490085867194,22700558.41818412,-0.6858571428571428,0.7142857142857143,0.13066666666666665,0.09333333333333332,0.06665333333333333
simArray_Sun_JS_frag_2Gyr_Run046_step.mat,6.2903076e+23,3.9805370666666664e+23,6.290307600000001e+23,3685422.981980647,3164054.358903126,6545.852785059579,4473.9613048045785,1.4631,0.9095887526849478,32347.29068500504,3.3718497215853084e-16,0.6328048355960632,0.10533,0.06665333333333333,0.10533000000000001
simArray_Sun_JS_frag_2Gyr_Run046_step.mat,1.7744603600000001e+24,8.1720848e+23,1.7744603600000001e+24,5207374.507222578,4021372.776137497,7467.741226186744,6122.604924314785,1.2197,0.8874615777730706,64667.81486642462,0.0,0.4605391579443341,0.29713,0.13684,0.29713
simArray_Sun_JS_frag_2Gyr_Run046_step.mat,1.7744603600000001e+24,8.1720848e+23,1.7744603600000001e+24,5207374.507222578,4021372.776137497,7030.587234590669,6122.604924314785,1.1483,0.9238560791504631,18496.334449723756,0.0,0.4605391579443341,0.29713,0.13684,0.29713
simArray_Sun_JS_frag_2Gyr_Run046_step.mat,1.7744603600000001e+24,8.1720848e+23,2.4304049333333334e+24,5207374.507222578,4021372.776137497,6584.2493356081195,6122.604924314785,1.0754,0.4477934309007558,2902534.097926175,0.8026649127935301,0.4605391579443341,0.29713,0.13684,0.40696666666666664
simArray_Sun_JS_frag_2Gyr_Run046_step.mat,2.131008666666667e+24,6.131253333333334e+23,2.7441340000000005e+24,5535095.48619252,3654094.7045586845,6529.597788358044,6313.670265285287,1.0342,0.6725221681181405,669640.0023424029,1.0000000000000004,0.2877160205511443,0.35683333333333334,0.10266666666666667,0.4595000000000001
simArray_Sun_JS_frag_2Gyr_Run046_step.mat,7.530692e+23,5.9985355866666675e+23,1.3529227586666667e+24,3913286.7629649336,3627536.5076335305,4889.381653236258,4893.78606069088,0.9991,0.9059774756187842,23461.271046262613,0.9999999999999999,0.7965450700502248,0.1261,0.10044433333333334,0.22654433333333332
simArray_Sun_JS_frag_2Gyr_Run046_step.mat,1.3529366933333332e+24,3.9805370666666664e+23,1.3529366933333332e+24,4757248.85771648,3164054.358903126,5987.173312206781,5432.0207877034845,1.1022,0.6962337446166162,473260.41035236424,0.0,0.2942145841916309,0.22654666666666665,0.06665333333333333,0.22654666666666665
simArray_Sun_JS_frag_2Gyr_Run046_step.mat,3.1268396666666665e+24,3.9805370666666664e+23,3.486254533333333e+24,6289728.745794746,3164054.358903126,8331.077169843566,7054.854068798006,1.1809,0.6503438656170495,771246.7135313586,0.9029305861172237,0.12730224415088334,0.5235833333333333,0.06665333333333333,0.5837666666666667
simArray_Sun_JS_frag_2Gyr_Run046_step.mat,6.68864e+23,5.5738666666666665e+23,6.68864e+23,3761629.2247258904,3539828.627758874,6503.737119041313,4734.811531043472,1.3736,0.8530495958668722,152457.30130876915,0.0,0.8333333333333334,0.11199999999999999,0.09333333333333332,0.11199999999999999
simArray_Sun_JS_frag_2Gyr_Run046_step.mat,6.68864e+23,5.5738666666666665e+23,6.68864e+23,3761629.2247258904,3539828.627758874,6200.235699901427,4734.811531043472,1.3095,0.6316729734825293,1501507.182948464,0.0,0.8333333333333334,0.11199999999999999,0.09333333333333332,0.11199999999999999
simArray_Sun_JS_frag_2Gyr_Run046_step.mat,1.0286969066666668e+24,5.5738666666666665e+23,1.0286969066666668e+24,4342027.035928314,3539828.627758874,9252.899806000032,5182.8263070632565,1.7853,0.8727733323910106,156129.4563743225,0.0,0.5418376035296849,0.17225333333333334,0.09333333333333332,0.17225333333333334
simArray_Sun_JS_frag_2Gyr_Run046_step.mat,1.0286969066666668e+24,5.5738666666666665e+23,1.34166952e+24,4342027.035928314,3539828.627758874,6862.062030551752,5182.8263070632565,1.324,0.1370611658769699,7114351.864096779,0.5614999999999998,0.5418376035296849,0.17225333333333334,0.09333333333333332,0.22466
simArray_Sun_JS_frag_2Gyr_Run046_step.mat,1.4104868666666668e+24,6.68864e+23,1.9260297200000003e+24,4823767.800798051,3761629.2247258904,6265.326959225391,5685.930628210718,1.1019,0.4033573396661391,3098825.898959982,0.7707738095238099,0.47420788935149244,0.23618333333333333,0.11199999999999999,0.32251
simArray_Sun_JS_frag_2Gyr_Run047_step.mat,9.47557333333333e+23,5.573866666666667e+23,1.5049439999999998e+24,4224725.969533426,3539828.6277588746,5392.716075214386,5086.508276942451,1.0602,0.6955826778956467,586746.1407271132,1.0000000000000002,0.5882352941176473,0.1586666666666666,0.09333333333333334,0.25199999999999995
simArray_Sun_JS_frag_2Gyr_Run047_step.mat,5.5738666666666665e+23,5.5738666666666665e+23,1.00998464e+24,3539828.627758874,3539828.627758874,5507.983828596415,4584.637779753966,1.2014,0.45285,3013121.310813321,0.8120000000000002,1.0,0.09333333333333332,0.09333333333333332,0.16912
simArray_Sun_JS_frag_2Gyr_Run047_step.mat,6.355800533333333e+23,5.573866666666667e+23,1.1929667200000001e+24,3698169.3795334427,3539828.6277588746,4945.704810750546,4690.539463913644,1.0544,0.625745963808151,1019854.3908425632,1.0000000000000002,0.8769731896767728,0.10642666666666666,0.09333333333333334,0.19976
simArray_Sun_JS_frag_2Gyr_Run047_step.mat,6.68864e+23,5.586806000000001e+23,1.1270955600000001e+24,3761629.2247258904,3542565.6640102933,5119.597760031469,4736.421278593273,1.0809,0.4189490314714188,2668718.955483547,0.8202030999465528,0.8352678571428573,0.11199999999999999,0.09355000000000001,0.18873
simArray_Sun_JS_frag_2Gyr_Run047_step.mat,8.082106666666666e+23,7.524719999999999e+23,8.082106666666667e+23,4006559.2658327725,3912252.0493358,5683.608048175185,5129.147232357354,1.1081,0.7244764377396734,668167.9950414118,1.783690662243911e-16,0.9310344827586207,0.1353333333333333,0.12599999999999997,0.13533333333333333
simArray_Sun_JS_frag_2Gyr_Run047_step.mat,1.2350295066666666e+24,5.573866666666664e+23,1.792416173333333e+24,4614831.232506266,3539828.6277588736,6140.906823723413,5416.694737340931,1.1337,0.5958502117766888,1281669.4843969585,1.0,0.4513144533453682,0.2068033333333333,0.09333333333333328,0.3001366666666666
simArray_Sun_JS_frag_2Gyr_Run047_step.mat,2.456661826666667e+24,9.557986933333334e+23,2.4566817333333334e+24,5803791.977396413,4236938.785888159,11223.342356634676,6735.487221169463,1.6663,0.8692915845052712,201500.63950801277,2.082725871619415e-05,0.38906400667698465,0.4113633333333333,0.16004666666666667,0.41136666666666666
simArray_Sun_JS_frag_2Gyr_Run047_step.mat,1.1216212266666667e+24,9.557986933333334e+23,1.1216212266666667e+24,4469018.1510632215,4236938.785888159,8143.441513299315,5643.801727977902,1.4429,0.9063846061356182,67172.38299109178,0.0,0.8521581712338492,0.18781333333333333,0.16004666666666667,0.18781333333333333
simArray_Sun_JS_frag_2Gyr_Run047_step.mat,1.792416173333333e+24,6.409946666666667e+23,2.3328622666666667e+24,5224880.114852595,3708641.4733209005,7011.031295304034,6029.957250627018,1.1627,0.5686031423917173,1686584.0632057982,0.8431366459627333,0.35761486433957873,0.3001366666666666,0.10733333333333334,0.39063333333333333
simArray_Sun_JS_frag_2Gyr_Run047_step.mat,2.3662855600000004e+24,7.524719999999999e+23,2.3663054666666668e+24,5731730.513568228,3912252.0493358,7037.37151188891,6570.228281102522,1.0711,0.8448433903621437,113428.76042440927,2.6455026454652417e-05,0.31799712288317383,0.39623,0.12599999999999997,0.3962333333333333
simArray_Sun_JS_frag_2Gyr_Run047_step.mat,2.48453116e+24,9.557986933333334e+23,2.484551066666667e+24,5825656.334671509,4236938.785888159,9584.822664653575,6755.584060229472,1.4188,0.9144384793752756,43146.38948651957,2.082725871619415e-05,0.38469982132698766,0.41603,0.16004666666666667,0.4160333333333333
simArray_Sun_JS_frag_2Gyr_Run047_step.mat,2.3663054666666668e+24,1.00998464e+24,3.376290106666667e+24,5731746.586484466,4315538.230891614,6919.1977432574795,6697.510157058833,1.0331,0.9273106362245723,14913.952384672575,1.0000000000000002,0.4268192142676874,0.3962333333333333,0.16912,0.5653533333333334
simArray_Sun_JS_frag_2Gyr_Run047_step.mat,1.5676499999999998e+24,1.1067111333333335e+24,2.6743611333333333e+24,4996659.412178387,4449127.021826681,6148.875147609664,6147.645618485967,1.0002,0.863829060406526,98921.18898048662,1.0,0.7059682539682541,0.26249999999999996,0.18531666666666669,0.44781666666666664
simArray_Sun_JS_frag_2Gyr_Run047_step.mat,2.6743611333333333e+24,1.1494905600000001e+24,2.6744606666666666e+24,5970399.5515655605,4505730.187151927,8129.840421574581,6980.201272065408,1.1647,0.9555598467927616,4861.163346217491,8.658908284837784e-05,0.4298187502326101,0.44781666666666664,0.19248,0.4478333333333333
simArray_Sun_JS_frag_2Gyr_Run047_step.mat,3.4041395333333333e+24,6.131253333333334e+23,3.4042390666666666e+24,6470420.363810745,3654094.7045586845,8083.375417923824,7277.730636466934,1.1107,0.7695216123886195,312736.34183522634,0.00016233766233755614,0.1801116926405661,0.5700166666666666,0.10266666666666667,0.5700333333333333
simArray_Sun_JS_frag_2Gyr_Run047_step.mat,2.877090626666666e+24,7.876470800000001e+23,3.664737706666666e+24,6117602.096803695,3972286.8364159763,7389.82713545448,6962.995510651542,1.0613,0.6352311466699164,1080969.558225587,0.9999999999999994,0.27376512672197284,0.4817633333333332,0.13189,0.6136533333333332
simArray_Sun_JS_frag_2Gyr_Run047_step.mat,3.5494582000000005e+24,1.2052292266666667e+24,3.549557733333333e+24,6561211.952255211,4577411.224464871,8306.41588003559,7548.542239218094,1.1004,0.9074323506673699,37692.46837358076,8.258456659569504e-05,0.3395530130955385,0.59435,0.20181333333333332,0.5943666666666666
simArray_Sun_JS_frag_2Gyr_Run047_step.mat,3.549557733333333e+24,1.2052292266666667e+24,4.7547869599999997e+24,6561273.281163763,4577411.224464871,7784.1168017972395,7548.600467219977,1.0312,0.6847149731344621,958127.3421800649,0.9999999999999999,0.33954349167180753,0.5943666666666666,0.20181333333333332,0.7961799999999999
simArray_Sun_JS_frag_2Gyr_Run048_step.mat,6.131253333333331e+23,5.573866666666664e+23,1.1705119999999995e+24,3654094.704558684,3539828.6277588736,4686.9610286045645,4660.396767032479,1.0057,0.7218869529494675,458598.27461253485,1.0,0.909090909090909,0.10266666666666663,0.09333333333333328,0.1959999999999999
simArray_Sun_JS_frag_2Gyr_Run048_step.mat,5.573866666666664e+23,5.573866666666664e+23,1.1147733333333328e+24,3539828.6277588736,3539828.6277588736,4797.36497273455,4584.637779753966,1.0464,0.794,234432.02782097246,1.0,1.0,0.09333333333333328,0.09333333333333328,0.18666666666666656
simArray_Sun_JS_frag_2Gyr_Run048_step.mat,1.2819893333333334e+24,6.131253333333334e+23,1.2819893333333334e+24,4672595.458750138,3654094.7045586845,6872.206440810928,5511.875554067155,1.2468,0.9426906678649803,7867.347305103335,0.0,0.47826086956521735,0.21466666666666667,0.10266666666666667,0.21466666666666667
simArray_Sun_JS_frag_2Gyr_Run048_step.mat,5.5738666666666665e+23,5.5738666666666665e+23,5.573866666666667e+23,3539828.627758874,3539828.627758874,8246.846438221435,4584.637779753966,1.7988000000000002,0.55145,4532023.425345708,1.2039911970146398e-16,1.0,0.09333333333333332,0.09333333333333332,0.09333333333333334
simArray_Sun_JS_frag_2Gyr_Run048_step.mat,6.68864e+23,5.5738666666666665e+23,6.68864e+23,3761629.2247258904,3539828.627758874,12128.693217920958,4734.811531043472,2.5616,0.8926676136964183,217672.05312324342,0.0,0.8333333333333334,0.11199999999999999,0.09333333333333332,0.11199999999999999
simArray_Sun_JS_frag_2Gyr_Run048_step.mat,1.2819893333333334e+24,7.803413333333333e+23,1.7199359999999998e+24,4672595.458750138,3959967.142737017,8190.020489843032,5647.121623004228,1.4503,0.31751226404435695,7719795.453597693,0.5612244897959181,0.608695652173913,0.21466666666666667,0.13066666666666665,0.288
simArray_Sun_JS_frag_2Gyr_Run048_step.mat,1.74848216e+24,5.5738666666666665e+23,2.2016773333333338e+24,5181837.391445167,3539828.627758874,6421.864334189565,5940.670059379801,1.081,0.4800601861007519,1966727.5939925928,0.8130714285714294,0.3187831591411071,0.29278,0.09333333333333332,0.3686666666666667
simArray_Sun_JS_frag_2Gyr_Run048_step.mat,1.4084962e+24,8.877178933333332e+23,1.4084962e+24,4821497.418140503,4133853.072097493,6156.921186196913,5850.362206572514,1.0524,0.9531708489110287,4149.97582438111,0.0,0.6302593456292841,0.23585,0.14864666666666665,0.23585
simArray_Sun_JS_frag_2Gyr_Run048_step.mat,2.2016176133333333e+24,1.4084962e+24,3.407822266666667e+24,5595565.824267774,4821497.418140503,6818.518724373857,6801.514937031279,1.0025,0.485103659093075,3253609.9517237656,0.8563776411561023,0.639755147065472,0.36865666666666663,0.23585,0.5706333333333333
simArray_Sun_JS_frag_2Gyr_Run048_step.mat,1.2511140933333335e+24,9.475573333333334e+23,2.198671426666667e+24,4634778.860141406,4224725.969533427,6087.735930298438,5755.63574765854,1.0577,0.6038627825272692,1620174.5771667517,1.0,0.7573708412226129,0.2094966666666667,0.15866666666666668,0.36816333333333334
simArray_Sun_JS_frag_2Gyr_Run048_step.mat,3.6181361999999996e+24,7.0660704e+23,4.1585026666666666e+24,6603259.26032475,3831093.035629764,7967.008772058978,7438.155888394154,1.0711,0.23136573474816594,3983173.401871258,0.7647340545413573,0.19529586531319634,0.6058499999999999,0.11831999999999998,0.6963333333333332
simArray_Sun_JS_frag_2Gyr_Run048_step.mat,4.1584628533333333e+24,5.9403484e+23,4.1585026666666666e+24,6916838.795973701,3615769.0610269974,10658.013831911532,7760.878054257287,1.3733,0.8631758664958744,112953.52905701399,6.702188264463966e-05,0.14284962038889792,0.6963266666666666,0.09946999999999999,0.6963333333333332
simArray_Sun_JS_frag_2Gyr_Run048_step.mat,4.2206910933333334e+24,7.843823866666668e+23,4.220611466666667e+24,6951169.862481308,3966791.0344884866,8890.409416779396,7822.621572177206,1.1365,0.9959474226453253,2.7650722777170107,-0.00010151511306239077,0.185842168811078,0.7067466666666666,0.13134333333333334,0.7067333333333333
simArray_Sun_JS_frag_2Gyr_Run048_step.mat,4.3654324666666666e+24,5.5639133333333336e+23,4.365332933333333e+24,7029737.961428003,3537720.3314723154,9085.75833824971,7884.889645274417,1.1523,0.8484280275824552,102326.41478221108,-0.00017889087656614307,0.1274538863175175,0.7309833333333333,0.09316666666666666,0.7309666666666665
simArray_Sun_JS_frag_2Gyr_Run048_step.mat,3.626715973333333e+24,5.897549066666666e+23,4.0388636000000004e+24,6608474.62918271,3607064.4281231575,13918.300277324151,7422.697604033999,1.8751,0.6208986049104636,3038405.3082446256,0.6988456085870528,0.162614031813641,0.6072866666666666,0.09875333333333332,0.6763
simArray_Sun_JS_frag_2Gyr_Run048_step.mat,4.930600649333334e+24,6.68864e+23,5.599464649333334e+24,7320880.561829539,3761629.2247258904,8526.152103920675,8212.437010133572,1.0382,0.8575645163784736,78526.7766946023,0.9999999999999994,0.1356556832665888,0.8256196666666668,0.11199999999999999,0.9376196666666667
simArray_Sun_JS_frag_2Gyr_Run048_step.mat,5.752638486666668e+24,8.5405572e+23,6.606694206666667e+24,7707006.752448699,4080926.571664928,9144.254015031025,8649.502473544293,1.0572,0.698786512489589,710678.9962578231,0.9999999999999997,0.14846330461743956,0.9632683333333334,0.14301,1.1062783333333335
simArray_Sun_JS_frag_2Gyr_Run048_step.mat,6.606694206666667e+24,6.764046453333333e+23,7.283098852000001e+24,8070952.299798733,3775712.3966997564,9660.465416064046,9058.951065326375,1.0664,0.7620170215497948,345757.80486830673,1.0000000000000007,0.10238170924435833,1.1062783333333335,0.11326266666666666,1.2195410000000002
simArray_Sun_JS_frag_2Gyr_Run049_step.mat,5.5738666666666665e+23,5.5738666666666665e+23,5.573866666666667e+23,3539828.627758874,3539828.627758874,4872.0945685445395,4584.637779753966,1.0627,0.9711,840.2934521446205,1.2039911970146398e-16,1.0,0.09333333333333332,0.09333333333333332,0.09333333333333334
simArray_Sun_JS_frag_2Gyr_Run049_step.mat,6.131253333333334e+23,6.131253333333331e+23,1.2262506666666665e+24,3654094.7045586845,3654094.704558684,4770.491459942928,4732.630416610047,1.008,0.5983000000000002,1195417.4149267182,1.0,0.9999999999999996,0.10266666666666667,0.10266666666666663,0.20533333333333328
simArray_Sun_JS_frag_2Gyr_Run049_step.mat,6.131253333333331e+23,5.573866666666664e+23,1.1705119999999995e+24,3654094.704558684,3539828.6277588736,4800.674709720157,4660.396767032479,1.0301,0.6356384273296958,921912.305783398,1.0,0.909090909090909,0.10266666666666663,0.09333333333333328,0.1959999999999999
simArray_Sun_JS_frag_2Gyr_Run049_step.mat,5.5738666666666665e+23,5.5738666666666665e+23,9.953532400000001e+23,3539828.627758874,3539828.627758874,5834.868502292873,4584.637779753966,1.2727,0.44655,3455806.226232178,0.7857500000000002,1.0,0.09333333333333332,0.09333333333333332,0.16667
simArray_Sun_JS_frag_2Gyr_Run049_step.mat,6.131253333333334e+23,5.5738666666666665e+23,6.131253333333334e+23,3654094.7045586845,3539828.627758874,5832.486553941149,4660.39676703248,1.2515,0.7935575475604795,328359.937084229,0.0,0.9090909090909091,0.10266666666666667,0.09333333333333332,0.10266666666666667
simArray_Sun_JS_frag_2Gyr_Run049_step.mat,7.524719999999999e+23,5.5738666666666665e+23,7.52472e+23,3912252.0493358,3539828.627758874,6621.0679991191355,4843.856901835639,1.3669,0.9081240378599154,38385.10373882209,2.4079823940292795e-16,0.7407407407407408,0.12599999999999997,0.09333333333333332,0.126
simArray_Sun_JS_frag_2Gyr_Run049_step.mat,1.2262506666666667e+24,5.5738666666666665e+23,1.6208207066666666e+24,4603870.836582874,3539828.627758874,6907.504498755378,5407.048531315364,1.2775,0.42948056836656806,3377584.1224144218,0.707892857142857,0.45454545454545453,0.20533333333333334,0.09333333333333332,0.27140333333333333
simArray_Sun_JS_frag_2Gyr_Run049_step.mat,1.0446023333333332e+24,3.580214e+23,1.0446023333333334e+24,4364291.086802434,3054215.7154981447,8650.940972827942,5023.775245544683,1.7219999999999998,0.9918700580104649,30.270461292419462,7.497748905512353e-16,0.34273463554073375,0.17491666666666664,0.059949999999999996,0.17491666666666666
simArray_Sun_JS_frag_2Gyr_Run049_step.mat,1.0827833200000001e+24,3.580214e+23,1.3547482e+24,4416828.783175476,3054215.7154981447,5320.850140360494,5073.758119920372,1.0487,0.33455608634679534,2175453.2468609917,0.7596330275229357,0.3306491644145386,0.18131,0.059949999999999996,0.22685
simArray_Sun_JS_frag_2Gyr_Run049_step.mat,7.803413333333333e+23,6.4193028e+23,7.803413333333335e+23,3959967.142737017,3710445.007592227,10519.30217486668,4975.07670018288,2.1144,0.8818842769658757,213470.55215711278,4.1816917563072427e-16,0.8226275510204082,0.13066666666666665,0.10748999999999999,0.13066666666666668
simArray_Sun_JS_frag_2Gyr_Run049_step.mat,7.803413333333333e+23,4.841301333333333e+23,1.1517997333333334e+24,3959967.142737017,3377412.323011107,5415.926427111432,4796.250821033857,1.1292,0.3904713176065934,2796976.733783238,0.7672697368421055,0.6204081632653061,0.13066666666666665,0.08106666666666666,0.19286666666666666
simArray_Sun_JS_frag_2Gyr_Run049_step.mat,1.821897946666667e+24,6.131253333333334e+23,1.8218979466666667e+24,5253370.860283292,3654094.7045586845,7737.018963905282,6040.770583936042,1.2808,0.7672339682251441,430394.52173866547,-4.3781498073259624e-16,0.3365311072747536,0.30507333333333336,0.10266666666666667,0.3050733333333333
simArray_Sun_JS_frag_2Gyr_Run049_step.mat,1.36920044e+24,6.131253333333334e+23,1.7889325066666667e+24,4776235.3874123385,3654094.7045586845,6710.693324603595,5602.515715982297,1.1978,0.3231622765963411,4294332.1491569085,0.6845779220779222,0.44779808377313507,0.22926999999999997,0.10266666666666667,0.29955333333333334
simArray_Sun_JS_frag_2Gyr_Run049_step.mat,6.4193028e+23,6.090643733333333e+23,6.4193028e+23,3710445.007592227,3646009.3455896266,5635.848965346505,4764.43398879576,1.1829,0.7529377661315791,503876.4999787948,0.0,0.9488014388935405,0.10748999999999999,0.10198666666666666,0.10748999999999999
simArray_Sun_JS_frag_2Gyr_Run049_step.mat,1.1002215600000001e+24,6.4193028e+23,1.10022156e+24,4440413.650236865,3710445.007592227,5548.164282441232,5341.450161202688,1.0387,0.9432842057689311,5642.955944225699,-2.0908458781536214e-16,0.5834554632795961,0.18423,0.10748999999999999,0.18422999999999998
simArray_Sun_JS_frag_2Gyr_Run049_step.mat,1.8490307333333333e+24,1.821897946666667e+24,1.8490307333333333e+24,5279321.234024337,5253370.860283292,7268.9403447977975,6820.812934970251,1.0657,0.8674820433290695,158802.50938181605,0.0,0.9853259406793348,0.30961666666666665,0.30507333333333336,0.30961666666666665
simArray_Sun_JS_frag_2Gyr_Run049_step.mat,1.1559602266666665e+24,6.090643733333333e+23,1.5322161333333335e+24,4514167.563523355,3646009.3455896266,7688.696845522846,5373.329265163775,1.4309,0.3995172960938841,5013533.2811597,0.6177604915675257,0.5268904234617439,0.1935633333333333,0.10198666666666666,0.25656666666666667
simArray_Sun_JS_frag_2Gyr_Run049_step.mat,1.9753783466666667e+24,1.8801388813333332e+24,3.8555172279999996e+24,5396930.28747699,5308763.220997956,7041.650615662566,6933.48819974652,1.0156,0.7784586531759546,593639.6587994406,0.9999999999999999,0.9517867220251531,0.3307733333333333,0.3148256666666666,0.6455989999999999
simArray_Sun_JS_frag_2Gyr_Run049_step.mat,1.2242799066666667e+24,6.717902799999999e+23,1.2242799066666667e+24,4601403.154761216,3767106.953407136,10510.04085903504,5499.4719580529745,1.9111,0.9798829727284352,898.29425511232,0.0,0.5487227849953659,0.20500333333333332,0.11248999999999998,0.20500333333333332
simArray_Sun_JS_frag_2Gyr_Run049_step.mat,1.5607025733333332e+24,6.717902799999999e+23,1.5607025733333334e+24,4989267.172716676,3767106.953407136,6425.918976392556,5833.789356688658,1.1015,0.8218036300825269,167525.70134157295,3.9958222676279274e-16,0.4304409382533386,0.2613366666666666,0.11248999999999998,0.26133666666666666
simArray_Sun_JS_frag_2Gyr_Run049_step.mat,1.2649492266666667e+24,7.008938266666666e+23,1.2649492266666667e+24,4651800.4527006745,3820739.7521221,8744.693096033503,5565.260036933433,1.5713,0.6277224219656483,2422763.466174531,0.0,0.5540885056024172,0.21181333333333333,0.11736333333333332,0.21181333333333333
simArray_Sun_JS_frag_2Gyr_Run049_step.mat,3.5877785333333334e+24,1.5572786266666669e+24,5.14505716e+24,6584739.33673262,4985615.934113199,8014.9019354300035,7704.4140492454135,1.0403,0.5840148680984317,2278756.810522342,0.9999999999999998,0.4340509349164956,0.6007666666666667,0.26076333333333335,0.8615299999999999
simArray_Sun_JS_frag_2Gyr_Run049_step.mat,4.336727053333333e+24,7.008938266666666e+23,4.336667333333333e+24,7014295.775607843,3820739.7521221,9512.673030116634,7877.990087053113,1.2075,0.9245115783431356,17517.419064209145,-8.520548723332211e-05,0.16161815536164292,0.7261766666666666,0.11736333333333332,0.7261666666666666
simArray_Sun_JS_frag_2Gyr_Run049_step.mat,4.336727053333333e+24,7.008938266666666e+23,4.336667333333333e+24,7014295.775607843,3820739.7521221,8745.356795637661,7877.990087053113,1.1101,0.7751629184987541,320971.597705335,-8.520548723332211e-05,0.16161815536164292,0.7261766666666666,0.11736333333333332,0.7261666666666666
simArray_Sun_JS_frag_2Gyr_Run049_step.mat,4.336727053333333e+24,7.008938266666666e+23,4.336667333333333e+24,7014295.775607843,3820739.7521221,8435.751785216473,7877.990087053113,1.0708,0.9808329195068166,239.56981504457903,-8.520548723332211e-05,0.16161815536164292,0.7261766666666666,0.11736333333333332,0.7261666666666666
simArray_Sun_JS_frag_2Gyr_Run049_step.mat,1.5607025733333332e+24,7.008938266666666e+23,1.5607025733333334e+24,4989267.172716676,3820739.7521221,8205.260247656499,5853.792000896411,1.4017,0.8784727758269884,95737.2971849358,3.829901845142994e-16,0.4490886595834237,0.2613366666666666,0.11736333333333332,0.26133666666666666
simArray_Sun_JS_frag_2Gyr_Run049_step.mat,4.364596386666666e+24,1.5607025733333332e+24,5.615073466666666e+24,7029289.147660611,4989267.172716676,8689.141332019813,8112.353031481481,1.0711,0.45093452061771416,4304659.007818486,0.8012270251654956,0.35758233638764353,0.7308433333333332,0.2613366666666666,0.9402333333333333
simArray_Sun_JS_frag_2Gyr_Run050_step.mat,8.918186666666668e+23,6.68864e+23,8.918186666666667e+23,4140208.6791202626,3761629.2247258904,6804.442244273785,5134.653066913512,1.3252,0.9385608635806458,12632.019913942937,-2.0066519950243998e-16,0.7499999999999998,0.14933333333333335,0.11199999999999999,0.14933333333333332
simArray_Sun_JS_frag_2Gyr_Run050_step.mat,8.3608e+23,6.967333333333333e+23,1.3833142666666668e+24,4052092.2463936,3813164.796205839,5203.44961297527,5100.421106621515,1.0202,0.23209254918349195,4418899.810393477,0.7854285714285717,0.8333333333333334,0.13999999999999999,0.11666666666666665,0.23163333333333336
simArray_Sun_JS_frag_2Gyr_Run050_step.mat,1.4669222666666666e+24,6.151558133333332e+23,1.8629654000000002e+24,4887263.395136873,3658124.000809836,6783.673454393196,5702.962130637407,1.1895,0.12382031100766863,5952861.901530205,0.6438094621707339,0.4193513366806893,0.24563333333333331,0.10300666666666665,0.31195
simArray_Sun_JS_frag_2Gyr_Run050_step.mat,7.803413333333333e+23,6.5178408e+23,7.803413333333335e+23,3959967.142737017,3729334.1220264123,5387.53020724372,4986.145494903952,1.0805,0.8166307551263932,193034.7764131872,4.118472117330635e-16,0.8352551020408164,0.13066666666666665,0.10913999999999999,0.13066666666666668
simArray_Sun_JS_frag_2Gyr_Run050_step.mat,2.406716e+24,6.3177788e+23,3.03849388e+24,5764190.52302797,3690780.2167985355,6964.224488075962,6549.63273589388,1.0633,0.6415920549475913,897103.6269491855,1.0000000000000002,0.26250620347394543,0.40299999999999997,0.10579,0.50879
simArray_Sun_JS_frag_2Gyr_Run050_step.mat,3.248847626666666e+24,6.961958533333334e+23,3.746633733333333e+24,6370494.714078245,3812184.015871478,10637.50149216435,7191.388245108404,1.4792,0.5344677740082168,3343549.7947829263,0.7150087210133536,0.21429009092914394,0.5440133333333332,0.11657666666666668,0.6273666666666666
simArray_Sun_JS_frag_2Gyr_Run050_step.mat,6.233971733333334e+23,6.131253333333334e+23,6.233971733333334e+23,3674387.7814043877,3654094.7045586845,7238.334382496261,4745.826371948769,1.5252,0.5381360211114792,3680016.103264952,0.0,0.9835227998467237,0.10438666666666667,0.10266666666666667,0.10438666666666667
simArray_Sun_JS_frag_2Gyr_Run050_step.mat,4.181017106666667e+24,7.983767733333334e+23,4.1809971999999997e+24,6929321.208095737,3990242.9895982295,9155.59432386854,7801.955111945922,1.1735,0.6922617394848064,877630.2582290446,-2.4933925099145146e-05,0.1909527641157734,0.7001033333333333,0.13368666666666668,0.7001
simArray_Sun_JS_frag_2Gyr_Run050_step.mat,4.2088864400000003e+24,8.292918266666665e+23,4.2088665333333326e+24,6944683.344244684,4041096.056316019,9648.004236894325,7824.186389501519,1.2331,0.9353954389393965,12839.786078019413,-2.4004416813972608e-05,0.197033547587629,0.70477,0.1388633333333333,0.7047666666666665
simArray_Sun_JS_frag_2Gyr_Run050_step.mat,4.2088665333333326e+24,8.292918266666668e+23,5.038158359999999e+24,6944672.395528092,4041096.05631602,8180.957203352256,7824.174831056098,1.0456,0.7488469246192442,424337.434692792,0.9999999999999997,0.19703447949676023,0.7047666666666665,0.13886333333333334,0.8436299999999998
simArray_Sun_JS_frag_2Gyr_Run050_step.mat,1.10655188e+24,7.803413333333333e+23,1.10655188e+24,4448913.605011237,3959967.142737017,6502.4260232304005,5472.961891448868,1.1881,0.9161431859406948,27514.43430922184,0.0,0.7052008563153255,0.18528999999999998,0.13066666666666665,0.18528999999999998
simArray_Sun_JS_frag_2Gyr_Run050_step.mat,1.4465776533333332e+24,7.07682e+23,1.4465776533333334e+24,4864564.46041933,3833034.7962438418,10580.558970076108,5749.991288558289,1.8401,0.7165188170136622,1689727.053427701,3.793164952619962e-16,0.48921120713381416,0.24222666666666662,0.11850000000000001,0.24222666666666667
simArray_Sun_JS_frag_2Gyr_Run050_step.mat,1.4465776533333332e+24,6.048043466666666e+23,1.4465776533333334e+24,4864564.46041933,3637488.9266499025,6276.175425972336,5675.174451552884,1.1059,0.9523661138946504,3496.0045402161245,4.4383850327707084e-16,0.41809324599548636,0.24222666666666662,0.10127333333333333,0.24222666666666667
simArray_Sun_JS_frag_2Gyr_Run050_step.mat,1.4465776533333332e+24,6.048043466666666e+23,1.4465776533333334e+24,4864564.46041933,3637488.9266499025,5943.610203111335,5675.174451552884,1.0473,0.8635091253167957,66811.380248213,4.4383850327707084e-16,0.41809324599548636,0.24222666666666662,0.10127333333333333,0.24222666666666667
simArray_Sun_JS_frag_2Gyr_Run050_step.mat,5.149814853333333e+24,6.233971733333334e+23,5.727944266666668e+24,7427806.539669581,3674387.7814043877,8651.4097310121,8331.48086576666,1.0384,0.6541199193433362,785173.3280746274,0.927385362115214,0.121052346751811,0.8623266666666667,0.10438666666666667,0.9591333333333335
simArray_Sun_JS_frag_2Gyr_Run050_step.mat,1.10655188e+24,7.803413333333335e+23,1.8868932133333335e+24,4448913.605011237,3959967.142737018,5472.414595259724,5472.961891448868,0.9999,0.9272537235387281,12877.461796893487,1.0,0.7052008563153257,0.18528999999999998,0.13066666666666668,0.31595666666666666
simArray_Sun_JS_frag_2Gyr_Run050_step.mat,1.4465776533333332e+24,6.048043466666666e+23,1.4465776533333334e+24,4864564.46041933,3637488.9266499025,9751.084742658166,5675.174451552884,1.7182,0.678585888302226,1788554.3613581762,4.4383850327707084e-16,0.41809324599548636,0.24222666666666662,0.10127333333333333,0.24222666666666667
simArray_Sun_JS_frag_2Gyr_Run050_step.mat,1.4465776533333332e+24,5.164784666666667e+23,1.828108826666667e+24,4864564.46041933,3451019.8059275476,5775.784755887496,5613.5530721037,1.0289,0.1869639885488191,3562406.190692922,0.7387165157063025,0.3570347333076458,0.24222666666666662,0.08648333333333333,0.30611333333333335
simArray_Sun_JS_frag_2Gyr_Run050_step.mat,6.086184640000001e+24,1.8868932133333335e+24,7.388160266666667e+24,7853171.585555552,5315112.804467799,10210.996510601284,8990.136036803386,1.1358,0.18511329099204857,10047198.201984,0.6900102334708346,0.31002891383415754,1.01912,0.31595666666666666,1.2371333333333334
simArray_Sun_JS_frag_2Gyr_Run050_step.mat,2.2086247600000002e+24,5.4072478666666674e+23,2.2086446666666666e+24,5601495.922581315,3504199.3493465255,11176.667015567149,6348.575413557029,1.7605,0.728784790321355,1104174.0964701192,3.681478481706222e-05,0.2448241985056197,0.36983,0.09054333333333334,0.3698333333333333
simArray_Sun_JS_frag_2Gyr_Run050_step.mat,2.333041426666667e+24,3.2296576e+23,2.3330613333333335e+24,5704761.976723885,2951088.311530851,7742.677933508152,6399.965228556912,1.2098,0.986157923428347,69.98958039046961,6.163708086697862e-05,0.13843121528340685,0.39066333333333336,0.05408,0.39066666666666666
simArray_Sun_JS_frag_2Gyr_Run050_step.mat,2.333041426666667e+24,3.2296576e+23,2.6129490666666665e+24,5704761.976723885,2951088.311530851,6817.242961458822,6399.965228556912,1.0652,0.5401032000598346,1005829.2929835048,0.8666789940828385,0.13843121528340685,0.39066333333333336,0.05408,0.4375333333333333
simArray_Sun_JS_frag_2Gyr_Run051_step.mat,6.688639999999997e+23,6.131253333333331e+23,1.2819893333333326e+24,3761629.22472589,3654094.704558684,4892.171568442391,4803.781980010203,1.0184,0.5710625451512675,1384882.6106582899,0.9999999999999998,0.9166666666666667,0.11199999999999995,0.10266666666666663,0.21466666666666653
simArray_Sun_JS_frag_2Gyr_Run051_step.mat,6.131253333333334e+23,5.5738666666666665e+23,1.0934931066666667e+24,3654094.7045586845,3539828.627758874,5065.851285764305,4660.39676703248,1.087,0.5078402586257232,1972673.6410689557,0.8618214285714286,0.9090909090909091,0.10266666666666667,0.09333333333333332,0.18310333333333334
simArray_Sun_JS_frag_2Gyr_Run051_step.mat,1.1492317733333334e+24,5.573866666666667e+23,1.7066184400000002e+24,4505392.034335821,3539828.6277588746,5545.850591809759,5321.29206659927,1.0422,0.6904344917851369,576322.5038833356,1.0000000000000002,0.4850080545980496,0.19243666666666667,0.09333333333333334,0.28577
simArray_Sun_JS_frag_2Gyr_Run051_step.mat,6.68864e+23,5.573866666666667e+23,1.2262506666666667e+24,3761629.2247258904,3539828.6277588746,4978.654324892212,4734.811531043472,1.0515,0.7870539120701902,246128.45772938934,1.0000000000000002,0.8333333333333335,0.11199999999999999,0.09333333333333334,0.20533333333333334
simArray_Sun_JS_frag_2Gyr_Run051_step.mat,1.2819893333333334e+24,6.131253333333334e+23,1.8054152266666667e+24,4672595.458750138,3654094.7045586845,5737.862451783907,5511.875554067155,1.041,0.5225510744186379,1672879.734255552,0.8537012987012985,0.47826086956521735,0.21466666666666667,0.10266666666666667,0.3023133333333333
simArray_Sun_JS_frag_2Gyr_Run051_step.mat,1.7066184400000002e+24,5.573866666666664e+23,2.2640051066666666e+24,5140146.810405082,3539828.6277588736,6020.397950665189,5900.615456890315,1.0203,0.7974948499435801,175983.46635649118,1.0,0.32660297908574476,0.28577,0.09333333333333328,0.3791033333333333
simArray_Sun_JS_frag_2Gyr_Run051_step.mat,1.2262506666666667e+24,6.131253333333334e+23,1.2262506666666667e+24,4603870.836582874,3654094.7045586845,5667.601372109224,5452.762528486842,1.0394,0.9736853921263119,548.3365408853731,0.0,0.5,0.20533333333333334,0.10266666666666667,0.20533333333333334
simArray_Sun_JS_frag_2Gyr_Run051_step.mat,2.2640051066666666e+24,5.5738666666666665e+23,2.6778448000000004e+24,5647928.360042352,3539828.627758874,6917.1848741596705,6402.4295392073955,1.0804,0.28609222710762644,3330215.530708163,0.7424642857142866,0.24619496882995842,0.3791033333333333,0.09333333333333332,0.4484
simArray_Sun_JS_frag_2Gyr_Run051_step.mat,9.4584536e+23,7.4775412e+23,9.4584536e+23,4222180.132955632,3904058.5015347265,7749.24424330878,5274.465180580438,1.4692,0.899174300282073,71741.12079342261,0.0,0.7905669907816644,0.15838,0.12521,0.15838
simArray_Sun_JS_frag_2Gyr_Run051_step.mat,9.4584536e+23,7.756234533333334e+23,1.5926726799999999e+24,4222180.132955632,3951970.459226487,5954.76393402842,5302.0781177352155,1.1231,0.4832638801848584,2851261.537917482,0.8339450247670865,0.8200319905712001,0.15838,0.12987666666666667,0.26669
simArray_Sun_JS_frag_2Gyr_Run051_step.mat,1.93439052e+24,5.404659999999999e+23,2.3221126666666667e+24,5359341.487425558,3503640.232645721,6712.714545502929,6105.242879038589,1.0995,0.14040862688027822,4226754.1039418075,0.7173848987108659,0.2793985983760921,0.32391,0.09049999999999998,0.3888333333333333
simArray_Sun_JS_frag_2Gyr_Run051_step.mat,2.733603373333334e+24,5.5738666666666665e+23,3.167150666666667e+24,6014163.250557684,3539828.627758874,7814.333810479394,6780.921390558307,1.1524,0.44738009793289507,2463132.3172433474,0.7778214285714284,0.2039018067156516,0.45773666666666674,0.09333333333333332,0.5303333333333333
simArray_Sun_JS_frag_2Gyr_Run051_step.mat,3.264016506666667e+24,5.5738666666666665e+23,3.2640961333333336e+24,6380393.943605948,3539828.627758874,7853.477732096355,7170.8160446460515,1.0952,0.7988176899208768,198433.0811498769,0.00014285714285704944,0.17076711025456495,0.5465533333333333,0.09333333333333332,0.5465666666666666
simArray_Sun_JS_frag_2Gyr_Run051_step.mat,2.6171294666666665e+24,6.5196324e+23,3.097875466666667e+24,5927502.981276053,3729675.792584625,8321.986120298297,6722.121260337882,1.238,0.45003259105393684,3159193.8290653625,0.7373820646697822,0.2491138662812809,0.4382333333333333,0.10916999999999999,0.5187333333333334
simArray_Sun_JS_frag_2Gyr_Run051_step.mat,3.264016506666667e+24,2.888079106666667e+24,5.683950533333333e+24,6380393.943605948,6125380.527202017,9468.971697327366,8103.527340459876,1.1685,0.5068795537429014,6823827.601524487,0.8379043430911005,0.8848236829586622,0.5465533333333333,0.4836033333333334,0.9517666666666665
simArray_Sun_JS_frag_2Gyr_Run051_step.mat,5.801360053333334e+24,5.5738666666666665e+23,6.239744666666667e+24,7728703.597647561,3539828.627758874,10803.625645348417,8679.005177818459,1.2448,0.3679671315834003,3231260.60803841,0.7865,0.09607861976199952,0.9714266666666667,0.09333333333333332,1.0448333333333333
simArray_Sun_JS_frag_2Gyr_Run052_step.mat,6.68864e+23,5.5738666666666665e+23,1.1468429733333335e+24,3761629.2247258904,3539828.627758874,4867.859735065794,4734.811531043472,1.0281,0.4725826756182401,2000844.6917322734,0.8575357142857147,0.8333333333333334,0.11199999999999999,0.09333333333333332,0.1920366666666667
simArray_Sun_JS_frag_2Gyr_Run052_step.mat,5.5738666666666665e+23,5.5738666666666665e+23,5.573866666666667e+23,3539828.627758874,3539828.627758874,6647.724780643251,4584.637779753966,1.45,0.9919,35.00947223115126,1.2039911970146398e-16,1.0,0.09333333333333332,0.09333333333333332,0.09333333333333334
simArray_Sun_JS_frag_2Gyr_Run052_step.mat,6.131253333333334e+23,5.5738666666666665e+23,6.131253333333334e+23,3654094.7045586845,3539828.627758874,5110.591094727818,4660.39676703248,1.0966,0.8327706581485028,142457.74380014755,0.0,0.9090909090909091,0.10266666666666667,0.09333333333333332,0.10266666666666667
simArray_Sun_JS_frag_2Gyr_Run052_step.mat,5.573866666666664e+23,5.573866666666664e+23,1.1147733333333328e+24,3539828.6277588736,3539828.6277588736,4657.533520452054,4584.637779753966,1.0159,0.7572999999999999,339393.3744140706,1.0,1.0,0.09333333333333328,0.09333333333333328,0.18666666666666656
simArray_Sun_JS_frag_2Gyr_Run052_step.mat,6.68864e+23,5.5738666666666665e+23,1.1150719333333334e+24,3761629.2247258904,3539828.627758874,5123.066076589037,4734.811531043472,1.082,0.36944188017643076,3097482.4379516896,0.8005357142857145,0.8333333333333334,0.11199999999999999,0.09333333333333332,0.18671666666666667
simArray_Sun_JS_frag_2Gyr_Run052_step.mat,1.4255363066666666e+24,7.702088399999998e+23,1.9910648e+24,4840863.159147882,3942752.7648246526,6642.510210997303,5776.59814853231,1.1499,0.3587818438195096,4272898.73589185,0.7342534439533743,0.5402940888969571,0.2387033333333333,0.12896999999999997,0.3334
simArray_Sun_JS_frag_2Gyr_Run052_step.mat,1.9910249866666664e+24,6.131253333333334e+23,1.9910648e+24,5411142.222504094,3654094.7045586845,6837.684336665526,6192.432835234129,1.1042,0.7955036694521096,224853.4034024605,6.493506493546028e-05,0.3079445699774041,0.33339333333333326,0.10266666666666667,0.3334
simArray_Sun_JS_frag_2Gyr_Run052_step.mat,8.729670533333333e+23,8.160738e+23,8.729670533333333e+23,4110828.225201232,4019510.7116121026,5834.765034183284,5266.033424353144,1.108,0.9613274139390962,2737.3388470250425,0.0,0.9348277198823342,0.14617666666666665,0.13665,0.14617666666666665
simArray_Sun_JS_frag_2Gyr_Run052_step.mat,9.008363866666666e+23,8.160738e+23,9.008363866666667e+23,4154116.6279048296,4019510.7116121026,6921.915144968265,5295.22272411893,1.3072,0.6845914139900718,1360405.4707776832,1.6446763515750658e-16,0.9059067907100083,0.1508433333333333,0.13665,0.15084333333333333
simArray_Sun_JS_frag_2Gyr_Run052_step.mat,1.0405413733333333e+24,9.774571466666665e+23,1.0405413733333333e+24,4358628.253073802,4268703.145306225,9238.292459584083,5587.789547924807,1.6533,0.749531990561359,1393860.237158889,0.0,0.9393736488683974,0.17423666666666665,0.1636733333333333,0.17423666666666665
simArray_Sun_JS_frag_2Gyr_Run052_step.mat,9.783330400000002e+23,7.289025066666667e+23,9.783330400000002e+23,4269977.817512244,3870970.4845096534,6202.486798516742,5290.869912579325,1.1723,0.9480973980657974,6360.523557271641,0.0,0.7450453750050867,0.16382000000000002,0.12205333333333333,0.16382000000000002
simArray_Sun_JS_frag_2Gyr_Run052_step.mat,2.346199733333333e+24,7.255183733333333e+23,2.3461997333333332e+24,5715466.791121575,3864970.502405887,7254.5128727931315,6542.080325361288,1.1089,0.7654677145731762,366585.14153348433,3.6999125848005174e-16,0.30923129136263366,0.3928666666666666,0.12148666666666665,0.39286666666666664
simArray_Sun_JS_frag_2Gyr_Run052_step.mat,2.4031327999999997e+24,7.8125704e+23,2.985601866666667e+24,5761328.461721787,3961515.503982859,7236.197317795004,6612.022402955961,1.0944,0.3533410773476011,3796089.4199227476,0.7455536869999501,0.32509940357852884,0.4023999999999999,0.13082,0.4999333333333334
simArray_Sun_JS_frag_2Gyr_Run052_step.mat,1.3162088933333333e+24,5.573866666666667e+23,1.8735955600000003e+24,4713805.429443838,3539828.6277588746,5558.639964453007,5504.693963609633,1.0098,0.8851198882723419,36062.649810541116,1.0000000000000004,0.42347887899091036,0.22039666666666666,0.09333333333333334,0.31373
simArray_Sun_JS_frag_2Gyr_Run052_step.mat,1.5982465466666666e+24,1.15301404e+24,2.484551066666667e+24,5028957.556104949,4510329.226398842,7535.074123916206,6204.771182407943,1.2144,0.4360864481021657,5068119.357637971,0.7686849329258819,0.7214243900008719,0.2676233333333333,0.19307,0.4160333333333333
simArray_Sun_JS_frag_2Gyr_Run052_step.mat,1.9599108666666668e+24,1.1983813333333334e+24,3.1582922e+24,5382807.129298989,4568725.413795677,6524.392619076284,6508.771567314729,1.0024,0.66455260136246,1114901.7284360488,1.0,0.6114468538926413,0.3281833333333333,0.20066666666666666,0.52885
simArray_Sun_JS_frag_2Gyr_Run052_step.mat,3.1582922e+24,6.104180266666666e+23,3.684325866666667e+24,6310747.65481997,3648708.4477282767,7543.545343020334,7107.165388185731,1.0614,0.5467078744576748,1486801.421409633,0.8617597182363687,0.19327471557782605,0.52885,0.10221333333333331,0.6169333333333333
simArray_Sun_JS_frag_2Gyr_Run052_step.mat,3.3239355733333337e+24,1.8054152266666667e+24,3.3240152000000003e+24,6419200.06100717,5237480.418895313,10341.947297068482,7664.1079717418725,1.3494,0.6785583879398919,2353975.06555773,4.4104350894186866e-05,0.5431559026446914,0.5565866666666667,0.3023133333333333,0.5566
simArray_Sun_JS_frag_2Gyr_Run052_step.mat,3.3239355733333337e+24,1.8054152266666667e+24,4.6760759999999997e+24,6419200.06100717,5237480.418895313,7937.716626333058,7664.1079717418725,1.0357,0.24621283496828894,7967480.265913547,0.7489359825346766,0.5431559026446914,0.5565866666666667,0.3023133333333333,0.7829999999999999
simArray_Sun_JS_frag_2Gyr_Run053_step.mat,7.80341333333333e+23,6.131253333333331e+23,1.393466666666666e+24,3959967.1427370165,3654094.704558684,4951.525033994339,4942.62830304885,1.0018,0.9667358989911424,1123.9565000343084,1.0,0.7857142857142858,0.1306666666666666,0.10266666666666663,0.23333333333333323
simArray_Sun_JS_frag_2Gyr_Run053_step.mat,6.131253333333334e+23,5.5738666666666665e+23,6.131253333333334e+23,3654094.7045586845,3539828.627758874,5209.857545865609,4660.39676703248,1.1179,0.7574428822391263,400090.705780891,0.0,0.9090909090909091,0.10266666666666667,0.09333333333333332,0.10266666666666667
simArray_Sun_JS_frag_2Gyr_Run053_step.mat,6.204509866666666e+23,6.117318666666667e+23,1.2321828533333333e+24,3668590.2302858667,3651324.3511808836,5211.445089910205,4740.26295243788,1.0994,0.6411086591725411,1097775.6854439375,1.0,0.9859471252566736,0.10389333333333332,0.10243333333333333,0.20632666666666666
simArray_Sun_JS_frag_2Gyr_Run053_step.mat,1.6164213333333332e+24,6.262637333333332e+23,2.0840289333333337e+24,5047948.356674059,3680011.13584552,6397.165375106576,5856.601094119359,1.0923,0.352976303879342,3314534.1340996805,0.7466624284806112,0.38743842364532016,0.2706666666666666,0.10486666666666665,0.3489666666666667
simArray_Sun_JS_frag_2Gyr_Run053_step.mat,2.1397277866666665e+24,6.131253333333334e+23,2.5679600000000003e+24,5542634.2464046255,3654094.7045586845,7150.428735228606,6321.100367069135,1.1312,0.1954473482575284,4577937.732478429,0.6984415584415591,0.2865436141708842,0.3582933333333333,0.10266666666666667,0.43000000000000005
simArray_Sun_JS_frag_2Gyr_Run053_step.mat,7.246026666666667e+23,6.809075333333333e+23,7.246026666666667e+23,3863343.771591996,3784072.2948653484,7981.432778315494,4953.104616057773,1.6114,0.7035176966396357,1589194.9573850366,0.0,0.9396978021978022,0.12133333333333332,0.11401666666666666,0.12133333333333332
simArray_Sun_JS_frag_2Gyr_Run053_step.mat,2.0888065333333335e+24,1.02634792e+24,2.0888065333333335e+24,5498312.898203513,4338719.571022831,8782.469523308408,6501.68013274238,1.3508,0.5907438976429774,2835485.4721457814,0.0,0.4913561421900314,0.34976666666666667,0.17185999999999998,0.34976666666666667
simArray_Sun_JS_frag_2Gyr_Run053_step.mat,2.71033248e+24,7.628234666666668e+23,2.710292666666667e+24,5997048.602217467,3930110.1889101886,7774.908295959527,6833.882654442759,1.1377,0.7234160198559342,611909.257332843,-5.219206680581137e-05,0.2814501439567543,0.45383999999999997,0.12773333333333334,0.4538333333333333
simArray_Sun_JS_frag_2Gyr_Run053_step.mat,7.628234666666668e+23,6.809075333333333e+23,7.628234666666668e+23,3930110.1889101886,3784072.2948653484,5910.404384014933,4998.227808892121,1.1825,0.8857567977955126,64625.6670550165,0.0,0.8926148225469728,0.12773333333333334,0.11401666666666666,0.12773333333333334
simArray_Sun_JS_frag_2Gyr_Run053_step.mat,7.628234666666668e+23,6.809075333333333e+23,1.3107743733333334e+24,3930110.1889101886,3784072.2948653484,5243.140971527835,4998.227808892121,1.049,0.32565037682669484,3767180.9115956267,0.8047361496857185,0.8926148225469728,0.12773333333333334,0.11401666666666666,0.21948666666666666
simArray_Sun_JS_frag_2Gyr_Run053_step.mat,2.710292666666667e+24,5.573866666666664e+23,3.267679333333333e+24,5997019.237595736,3539828.6277588736,6989.492270985769,6762.933982569684,1.0335,0.779995944921908,223802.6932235394,0.9999999999999996,0.2056555269922878,0.4538333333333333,0.09333333333333328,0.5471666666666666
simArray_Sun_JS_frag_2Gyr_Run053_step.mat,3.2955884799999995e+24,5.5738666666666665e+23,3.2955486666666673e+24,6400899.926303469,3539828.627758874,9080.376203535401,7192.946929289767,1.2624,0.8457068229442221,126936.86006681282,-7.142857142659832e-05,0.16913114912535035,0.5518399999999999,0.09333333333333332,0.5518333333333334
simArray_Sun_JS_frag_2Gyr_Run053_step.mat,1.3440185066666667e+24,7.310126133333333e+23,1.3440185066666667e+24,4746772.980395306,3874702.2552998406,6475.8321425230715,5668.124413586933,1.1425,0.901071852245317,37285.50368768007,0.0,0.5439007050180698,0.22505333333333333,0.12240666666666665,0.22505333333333333
simArray_Sun_JS_frag_2Gyr_Run053_step.mat,1.3440185066666667e+24,6.2234212e+23,1.3440185066666667e+24,4746772.980395306,3672313.7349291607,6373.718357423322,5583.634128272731,1.1415,0.755224720000341,405677.0355926734,0.0,0.46304579655192846,0.22505333333333333,0.10421,0.22505333333333333
simArray_Sun_JS_frag_2Gyr_Run053_step.mat,3.323457813333333e+24,7.5790652e+23,3.989096933333333e+24,6418892.495482239,3921647.8505500094,7686.787681548284,7258.534165767974,1.059,0.5810842629057118,1440730.3195869967,0.8782601843826334,0.22804758253869378,0.5565066666666666,0.12691,0.6679666666666666
simArray_Sun_JS_frag_2Gyr_Run053_step.mat,1.3440185066666667e+24,7.310126133333333e+23,1.3440185066666667e+24,4746772.980395306,3874702.2552998406,6797.781609214809,5668.124413586933,1.1993,0.8210732330767698,219380.03171778473,0.0,0.5439007050180698,0.22505333333333333,0.12240666666666665,0.22505333333333333
simArray_Sun_JS_frag_2Gyr_Run053_step.mat,7.310126133333333e+23,6.2234212e+23,1.1710096666666668e+24,3874702.2552998406,3672313.7349291607,7226.309245634803,4892.55873096466,1.477,0.47048756109088774,4492668.067932568,0.7070018872149187,0.8513425194706171,0.12240666666666665,0.10421,0.19608333333333333
simArray_Sun_JS_frag_2Gyr_Run053_step.mat,1.3440185066666667e+24,1.1710096666666668e+24,2.1455405333333334e+24,4746772.980395306,4533673.133643769,7658.95831258763,6014.57382800976,1.2734,0.26576559039358005,9128728.779767089,0.6844708882277942,0.8712749570472185,0.22505333333333333,0.19608333333333333,0.3592666666666667
simArray_Sun_JS_frag_2Gyr_Run054_step.mat,7.246026666666667e+23,6.68864e+23,7.246026666666667e+23,3863343.771591996,3761629.2247258904,5925.427049430512,4939.090647187223,1.1997,0.9667767025712051,1783.6311054486946,0.0,0.923076923076923,0.12133333333333332,0.11199999999999999,0.12133333333333332
simArray_Sun_JS_frag_2Gyr_Run054_step.mat,6.131253333333334e+23,5.5738666666666665e+23,1.0889742933333334e+24,3654094.7045586845,3539828.627758874,4874.775018315974,4660.39676703248,1.046,0.46116040288687143,2186629.19635687,0.8537142857142858,0.9090909090909091,0.10266666666666667,0.09333333333333332,0.18234666666666666
simArray_Sun_JS_frag_2Gyr_Run054_step.mat,7.246026666666667e+23,6.68864e+23,7.246026666666667e+23,3863343.771591996,3761629.2247258904,5857.761507564046,4939.090647187223,1.186,0.5725875748523237,1977607.9430795894,0.0,0.923076923076923,0.12133333333333332,0.11199999999999999,0.12133333333333332
simArray_Sun_JS_frag_2Gyr_Run054_step.mat,6.131253333333334e+23,6.131253333333331e+23,1.2262506666666665e+24,3654094.7045586845,3654094.704558684,4890.700272524823,4732.630416610047,1.0334,0.8956,36839.951466469465,1.0,0.9999999999999996,0.10266666666666667,0.10266666666666663,0.20533333333333328
simArray_Sun_JS_frag_2Gyr_Run054_step.mat,1.2262506666666667e+24,6.131253333333334e+23,1.2262506666666667e+24,4603870.836582874,3654094.7045586845,5937.513117269322,5452.762528486842,1.0889,0.8939061882252095,36348.974233301364,0.0,0.5,0.20533333333333334,0.10266666666666667,0.20533333333333334
simArray_Sun_JS_frag_2Gyr_Run054_step.mat,9.595411466666666e+23,6.104777466666666e+23,1.3917347866666667e+24,4242461.530070392,3648827.433818292,5804.822807792595,5153.429339304505,1.1264,0.22241060275725055,4873738.324987907,0.7079596960902602,0.6362184141736857,0.1606733333333333,0.1022233333333333,0.23304333333333332
simArray_Sun_JS_frag_2Gyr_Run054_step.mat,5.5738666666666665e+23,5.5738666666666665e+23,5.573866666666667e+23,3539828.627758874,3539828.627758874,6878.790524742851,4584.637779753966,1.5004,0.56705,2924928.348765091,1.2039911970146398e-16,1.0,0.09333333333333332,0.09333333333333332,0.09333333333333334
simArray_Sun_JS_frag_2Gyr_Run054_step.mat,8.202342933333332e+23,6.9430472e+23,8.202342933333332e+23,4026329.8696009642,3808729.104020164,7163.882650224767,5079.687052559573,1.4103,0.6646092183717528,1623669.7199534413,0.0,0.8464712163867586,0.13734666666666664,0.11625999999999999,0.13734666666666664
simArray_Sun_JS_frag_2Gyr_Run054_step.mat,8.202342933333332e+23,6.9430472e+23,1.3370909866666667e+24,4026329.8696009642,3808729.104020164,5397.1674933445465,5079.687052559573,1.0625,0.03592065596859625,6432376.406704559,0.7444234187740126,0.8464712163867586,0.13734666666666664,0.11625999999999999,0.22389333333333333
simArray_Sun_JS_frag_2Gyr_Run054_step.mat,1.3375289333333334e+24,1.3310194533333333e+24,2.6685483866666667e+24,4739120.743374508,4731420.126642083,6247.002520319533,6132.9300219119705,1.0186,0.8437855352884504,186899.26419267975,1.0,0.9951332043458848,0.22396666666666665,0.22287666666666664,0.4468433333333333
simArray_Sun_JS_frag_2Gyr_Run054_step.mat,5.5738666666666665e+23,5.5738666666666665e+23,5.573866666666667e+23,3539828.627758874,3539828.627758874,6639.472432639694,4584.637779753966,1.4482,0.8358499999999999,242821.25037989215,1.2039911970146398e-16,1.0,0.09333333333333332,0.09333333333333332,0.09333333333333334
simArray_Sun_JS_frag_2Gyr_Run054_step.mat,2.668548386666666e+24,5.5738666666666665e+23,3.121166266666667e+24,5966070.8424874935,3539828.627758874,6892.73254412186,6730.526847106591,1.0241,0.41793063207194403,2140838.6547265733,0.8120357142857159,0.20887261008705515,0.4468433333333332,0.09333333333333332,0.5226333333333334
simArray_Sun_JS_frag_2Gyr_Run054_step.mat,3.2776326666666667e+24,6.900247866666666e+23,3.2776326666666667e+24,6389253.778239789,3800886.861955045,8518.543356620894,7209.329177912064,1.1816,0.9292818773645636,13561.706439275162,0.0,0.21052535681749163,0.5488333333333333,0.11554333333333332,0.5488333333333333
simArray_Sun_JS_frag_2Gyr_Run054_step.mat,3.305502e+24,6.900247866666666e+23,3.760369333333334e+24,6407311.72283849,3800886.861955045,9208.00752580032,7228.202783421241,1.2739,0.2843942462035124,5216433.577135596,0.6592043389204635,0.2087503763926528,0.5535,0.11554333333333332,0.6296666666666667
simArray_Sun_JS_frag_2Gyr_Run054_step.mat,1.7307652266666667e+24,8.169695999999999e+23,2.3328622666666667e+24,5164275.853313868,4020980.9058586434,6212.015417916611,6084.842215610355,1.0209,0.14449447947944263,5284144.293574921,0.7369883040935674,0.4720279720279719,0.2898133333333333,0.13679999999999998,0.39063333333333333
simArray_Sun_JS_frag_2Gyr_Run054_step.mat,2.7742926e+24,5.821306533333333e+23,3.2475736e+24,6043856.345021154,3591453.117144275,8950.674963397887,6819.042330792235,1.3126,0.5794012250273265,1870939.1422805586,0.8130150805320927,0.20983030172568434,0.46455,0.09747666666666666,0.5438
simArray_Sun_JS_frag_2Gyr_Run054_step.mat,4.27726584e+24,3.475704e+23,4.5966484000000006e+24,6982090.275502596,3024203.232222078,8962.994418541995,7854.696712419592,1.1411,0.6501819793403896,670590.7798517809,0.9189003436426132,0.08125994806065175,0.71622,0.058199999999999995,0.7697
simArray_Sun_JS_frag_2Gyr_Run055_step.mat,5.573866666666664e+23,5.573866666666664e+23,1.1147733333333328e+24,3539828.6277588736,3539828.6277588736,4658.450448008005,4584.637779753966,1.0161,0.69225,614811.2378805943,1.0,1.0,0.09333333333333328,0.09333333333333328,0.18666666666666656
simArray_Sun_JS_frag_2Gyr_Run055_step.mat,5.5738666666666665e+23,5.5738666666666665e+23,5.573866666666667e+23,3539828.627758874,3539828.627758874,6137.454595756634,4584.637779753966,1.3387,0.6730999999999999,1233459.3700970802,1.2039911970146398e-16,1.0,0.09333333333333332,0.09333333333333332,0.09333333333333334
simArray_Sun_JS_frag_2Gyr_Run055_step.mat,1.1147733333333333e+24,5.5738666666666665e+23,1.5326739866666668e+24,4459904.601133889,3539828.627758874,5729.12928365596,5282.250860829762,1.0846,0.3342809969189446,3246358.9672898343,0.7497500000000004,0.5,0.18666666666666665,0.09333333333333332,0.25664333333333333
simArray_Sun_JS_frag_2Gyr_Run055_step.mat,8.237577733333333e+23,6.918362933333334e+23,1.1901200666666667e+24,4032086.934910269,3804210.0833293055,8623.565902124368,5081.0546206247745,1.6972000000000003,0.389661013192876,8310667.114606817,0.5295505553317604,0.8398540392933956,0.13793666666666665,0.11584666666666668,0.19928333333333334
simArray_Sun_JS_frag_2Gyr_Run055_step.mat,7.246026666666667e+23,5.5738666666666665e+23,7.246026666666667e+23,3863343.771591996,3539828.627758874,9158.478195875494,4807.852483529578,1.9049,0.7980126595507211,687983.57728721,0.0,0.7692307692307692,0.12133333333333332,0.09333333333333332,0.12133333333333332
simArray_Sun_JS_frag_2Gyr_Run055_step.mat,7.246026666666667e+23,6.131253333333334e+23,1.337728e+24,3863343.771591996,3654094.7045586845,5040.961166342498,4873.790163726672,1.0343,0.9775740161541421,378.246187339384,0.9999999999999998,0.8461538461538461,0.12133333333333332,0.10266666666666667,0.22399999999999998
simArray_Sun_JS_frag_2Gyr_Run055_step.mat,6.131253333333334e+23,5.8525599999999994e+23,6.131253333333334e+23,3654094.7045586845,3597868.9210030413,7669.618353675421,4696.643204945144,1.633,0.9120670160848116,53558.63658050314,0.0,0.9545454545454544,0.10266666666666667,0.09799999999999999,0.10266666666666667
simArray_Sun_JS_frag_2Gyr_Run055_step.mat,6.131253333333334e+23,5.8525599999999994e+23,6.131253333333334e+23,3654094.7045586845,3597868.9210030413,5217.0312720530665,4696.643204945144,1.1108,0.639772106691832,1089763.46303973,0.0,0.9545454545454544,0.10266666666666667,0.09799999999999999,0.10266666666666667
simArray_Sun_JS_frag_2Gyr_Run055_step.mat,1.5884126533333333e+24,6.131253333333334e+23,1.92555196e+24,5018622.060652435,3654094.7045586845,7823.52794942302,5821.077343320699,1.344,0.18071795862499868,6967075.161249603,0.5498701298701301,0.3859987718220897,0.26597666666666664,0.10266666666666667,0.32243
simArray_Sun_JS_frag_2Gyr_Run055_step.mat,6.131253333333334e+23,5.8525599999999994e+23,6.131253333333334e+23,3654094.7045586845,3597868.9210030413,5011.787963996963,4696.643204945144,1.0671,0.7769273145689028,306745.63542453886,0.0,0.9545454545454544,0.10266666666666667,0.09799999999999999,0.10266666666666667
simArray_Sun_JS_frag_2Gyr_Run055_step.mat,7.515762e+23,6.6175732e+23,7.515762e+23,3910698.9518921906,3748259.3237550575,11657.391331599658,4963.1264184262845,2.3488,0.7027961040732433,3282549.94179932,0.0,0.8804926499801352,0.12585,0.11081,0.12585
simArray_Sun_JS_frag_2Gyr_Run055_step.mat,1.4369826400000002e+24,5.8607217333333334e+23,1.4369826400000002e+24,4853785.193247998,3599540.6228988376,6809.619401369889,5652.074536329588,1.2048,0.816033791512885,198628.84738463705,0.0,0.40784916742858723,0.24062000000000003,0.09813666666666666,0.24062000000000003
simArray_Sun_JS_frag_2Gyr_Run055_step.mat,5.8607217333333334e+23,4.5892829333333335e+23,9.333240666666667e+23,3599540.6228988376,3317760.1746775755,4773.994225428284,4490.635147613851,1.0631,0.21485986610784102,3727954.0699561182,0.7566582805586882,0.7830576407051391,0.09813666666666666,0.07684666666666666,0.15628333333333333
simArray_Sun_JS_frag_2Gyr_Run055_step.mat,9.333240666666667e+23,5.2153476e+23,9.333240666666667e+23,4203465.947760318,3462245.013107051,13635.689478119572,5033.291306382035,2.7091,0.9965649699627094,7.716778205709348,0.0,0.5587927908712809,0.15628333333333333,0.08732999999999999,0.15628333333333333
simArray_Sun_JS_frag_2Gyr_Run055_step.mat,1.9812906266666666e+24,5.2153476e+23,2.1610677333333335e+24,5402309.237171566,3462245.013107051,10628.623257740792,6139.099669462711,1.7313,0.3142211739070932,7801865.9776323885,0.34470781327531635,0.26322981241648163,0.3317633333333333,0.08732999999999999,0.36186666666666667
simArray_Sun_JS_frag_2Gyr_Run055_step.mat,1.0294334533333333e+24,6.131253333333334e+23,1.0294334533333333e+24,4343063.085368397,3654094.7045586845,6168.6857126387595,5236.130814564774,1.1781,0.8778820753469249,65581.75958492044,0.0,0.5955949181056989,0.17237666666666665,0.10266666666666667,0.17237666666666665
simArray_Sun_JS_frag_2Gyr_Run055_step.mat,1.0294334533333333e+24,6.131253333333334e+23,1.0294334533333333e+24,4343063.085368397,3654094.7045586845,5534.066657913509,5236.130814564774,1.0569,0.8180351191432557,161186.14245748692,0.0,0.5955949181056989,0.17237666666666665,0.10266666666666667,0.17237666666666665
simArray_Sun_JS_frag_2Gyr_Run055_step.mat,2.2178614533333328e+24,9.333240666666667e+23,2.8763142666666666e+24,5609293.737425852,4203465.947760318,7131.270280962159,6547.255123909437,1.0892,0.20212930196875098,5947724.439314671,0.7054921616721771,0.4208216276377084,0.3713766666666666,0.15628333333333333,0.4816333333333333
simArray_Sun_JS_frag_2Gyr_Run055_step.mat,2.9393785866666667e+24,6.694612e+23,3.490235866666667e+24,6161435.228095843,3762748.4242042275,7695.898005937246,6967.135620077173,1.1046,0.5049998659961944,2068934.3244337502,0.8228367528991979,0.2277560308279944,0.4921933333333333,0.11209999999999999,0.5844333333333334
simArray_Sun_JS_frag_2Gyr_Run055_step.mat,3.528695546666666e+24,1.3322735733333333e+24,3.5286557333333334e+24,6548393.595989616,4732905.681172142,9436.801753391079,7584.024554682214,1.2443,0.9856867451306179,207.47864265482843,-2.9883752203504208e-05,0.37755412891651907,0.5908733333333333,0.22308666666666666,0.5908666666666667
simArray_Sun_JS_frag_2Gyr_Run055_step.mat,3.5286557333333334e+24,1.3322735733333336e+24,4.860929306666667e+24,6548368.967969232,4732905.681172142,7841.857835081779,7584.001774740598,1.034,0.6796067488953391,1079188.9279876545,0.9999999999999998,0.3775583888074016,0.5908666666666667,0.22308666666666668,0.8139533333333333
simArray_Sun_JS_frag_2Gyr_Run056_step.mat,7.246026666666667e+23,6.68864e+23,7.246026666666667e+23,3863343.771591996,3761629.2247258904,5302.113809755483,4939.090647187223,1.0735,0.9423045497835161,7308.83493073126,0.0,0.923076923076923,0.12133333333333332,0.11199999999999999,0.12133333333333332
simArray_Sun_JS_frag_2Gyr_Run056_step.mat,7.246026666666667e+23,6.68864e+23,1.3934666666666666e+24,3863343.771591996,3761629.2247258904,4932.66982934588,4939.090647187223,0.9987000000000001,0.31302062095723,3494488.8220130973,1.0,0.923076923076923,0.12133333333333332,0.11199999999999999,0.2333333333333333
simArray_Sun_JS_frag_2Gyr_Run056_step.mat,7.246026666666667e+23,6.68864e+23,1.2547570133333333e+24,3863343.771591996,3761629.2247258904,4979.591190494159,4939.090647187223,1.0082,0.18711316820897544,4619681.299094648,0.7926190476190476,0.923076923076923,0.12133333333333332,0.11199999999999999,0.21010666666666664
simArray_Sun_JS_frag_2Gyr_Run056_step.mat,6.131253333333334e+23,5.5738666666666665e+23,1.0524455599999999e+24,3654094.7045586845,3539828.627758874,5181.429125586711,4660.39676703248,1.1118,0.34194645139711627,3560163.9130194886,0.7881785714285713,0.9090909090909091,0.10266666666666667,0.09333333333333332,0.17622999999999997
simArray_Sun_JS_frag_2Gyr_Run056_step.mat,6.967333333333333e+23,6.68864e+23,1.2152024666666667e+24,3813164.796205839,3761629.2247258904,5504.594580318065,4905.6185547794885,1.1221,0.2944900415267042,4629972.805905129,0.7751488095238097,0.96,0.11666666666666665,0.11199999999999999,0.20348333333333332
simArray_Sun_JS_frag_2Gyr_Run056_step.mat,1.5541930933333334e+24,6.705560666666667e+23,1.5541930933333334e+24,4982320.986324067,3764798.562440668,8079.9443546644625,5826.742882140667,1.3867,0.5723296794046219,2456307.214350969,0.0,0.4314496503317366,0.2602466666666667,0.11228333333333333,0.2602466666666667
simArray_Sun_JS_frag_2Gyr_Run056_step.mat,1.9961409999999998e+24,1.2754599466666665e+24,3.0819501333333336e+24,5415772.96939605,4664649.182110992,7098.041618151868,6582.011886268423,1.0784,0.5199031770411561,3049593.505255808,0.8513079036084409,0.6389628521565694,0.33424999999999994,0.21357333333333328,0.5160666666666667
simArray_Sun_JS_frag_2Gyr_Run056_step.mat,3.5117947866666665e+24,7.246026666666667e+23,4.1067453333333333e+24,6537922.305332116,3863343.771591996,7538.65635079042,7373.490170960897,1.0224,0.4387417584909373,2378037.931236497,0.8210714285714287,0.20633400032877397,0.5880433333333333,0.12133333333333332,0.6876666666666666
simArray_Sun_JS_frag_2Gyr_Run056_step.mat,7.244235066666667e+23,6.409548533333334e+23,7.244235066666667e+23,3863025.337892315,3708564.6882637693,11462.992801764438,4906.262969424944,2.3364,0.8386157631301606,638588.7344682128,0.0,0.8847792036492541,0.12130333333333332,0.10732666666666668,0.12130333333333332
simArray_Sun_JS_frag_2Gyr_Run056_step.mat,4.2913398533333334e+24,1.2192037066666668e+24,4.291280133333334e+24,6989739.901296373,4595034.785477111,15245.148389682106,7968.4028798254785,1.9132,0.6448062422002885,4415300.313967161,-4.8982790712390495e-05,0.2841079355949029,0.7185766666666666,0.20415333333333335,0.7185666666666667
simArray_Sun_JS_frag_2Gyr_Run056_step.mat,4.2913398533333334e+24,6.325343333333333e+23,4.291280133333334e+24,6989739.901296373,3692252.669665413,8301.450711814356,7844.137495808708,1.0583,0.7934623196942404,217922.52953262615,-9.44138473633696e-05,0.14739786522430914,0.7185766666666666,0.10591666666666666,0.7185666666666667
simArray_Sun_JS_frag_2Gyr_Run056_step.mat,4.319209186666666e+24,6.325343333333333e+23,4.8353293333333335e+24,7004838.465401314,3692252.669665413,7995.9567103186255,7860.751779707653,1.0172,0.3024686661369351,2846509.0743105323,0.8159559402045644,0.14644679291893462,0.7232433333333332,0.10591666666666666,0.8096666666666666
simArray_Sun_JS_frag_2Gyr_Run056_step.mat,1.8688796706666666e+24,7.413720426666667e+23,2.6102517133333334e+24,5298144.821393467,3892919.712001129,6479.731137165265,6157.099142118268,1.0524,0.7651156833775695,342035.62179743353,1.0000000000000002,0.39669329936164616,0.3129403333333333,0.12414133333333333,0.43708166666666665
simArray_Sun_JS_frag_2Gyr_Run056_step.mat,2.7050174e+24,6.409548533333334e+23,2.7051169333333336e+24,5993125.8790826695,3708564.6882637693,10014.786041691083,6785.085394099649,1.476,0.8978856215602076,58443.555988988126,0.00015528914839504622,0.236950362438827,0.45294999999999996,0.10732666666666668,0.4529666666666667
simArray_Sun_JS_frag_2Gyr_Run056_step.mat,2.7050174e+24,1.1917922266666669e+24,3.709607333333333e+24,5993125.8790826695,4560336.553181477,7036.05731536122,7020.611969029356,1.0022,0.4811099937434974,2852820.9328286326,0.8429237167816398,0.4405857894543181,0.45294999999999996,0.19956333333333334,0.6211666666666666
simArray_Sun_JS_frag_2Gyr_Run056_step.mat,7.586032533333332e+23,7.340981466666666e+23,7.586032533333334e+23,3922849.188650687,3880146.18383004,5449.966145344723,5053.283398557926,1.0785,0.9555006522551814,3703.243153777206,1.8283349250974817e-16,0.9676970714810539,0.12702666666666665,0.12292333333333332,0.12702666666666668
simArray_Sun_JS_frag_2Gyr_Run056_step.mat,7.586032533333332e+23,7.340981466666666e+23,1.29568512e+24,3922849.188650687,3880146.18383004,6474.772018572272,5053.283398557926,1.2813,0.35075913136822057,5594360.17429057,0.7316213357919572,0.9676970714810539,0.12702666666666665,0.12292333333333332,0.21696
simArray_Sun_JS_frag_2Gyr_Run057_step.mat,7.246026666666667e+23,5.5738666666666665e+23,7.246026666666667e+23,3863343.771591996,3539828.627758874,6680.030240615996,4807.852483529578,1.3894,0.9960546450983923,3.4457462237360486,0.0,0.7692307692307692,0.12133333333333332,0.09333333333333332,0.12133333333333332
simArray_Sun_JS_frag_2Gyr_Run057_step.mat,6.131253333333331e+23,6.131253333333331e+23,1.2262506666666662e+24,3654094.704558684,3654094.704558684,4911.997109399567,4732.630416610046,1.0379,0.9782,368.75581014497294,1.0,1.0,0.10266666666666663,0.10266666666666663,0.20533333333333326
simArray_Sun_JS_frag_2Gyr_Run057_step.mat,8.573801333333335e+23,6.458518933333334e+23,8.573801333333335e+23,4086214.7207375625,3717985.494057873,6861.144443735841,5070.685421429193,1.3531,0.7058016570502114,1011093.0283723141,0.0,0.7532853494311585,0.14356666666666668,0.10814666666666668,0.14356666666666668
simArray_Sun_JS_frag_2Gyr_Run057_step.mat,8.852494666666667e+23,6.737212266666667e+23,8.852494666666667e+23,4130017.925116342,3770712.8031137646,6311.57422103964,5132.195658675915,1.2298,0.5475165429079119,2339606.4307815996,0.0,0.7610523948729481,0.14823333333333333,0.11281333333333332,0.14823333333333333
simArray_Sun_JS_frag_2Gyr_Run057_step.mat,9.131187999999999e+23,6.737212266666667e+23,9.131188e+23,4172911.1728182677,3770712.8031137646,6172.370877569495,5163.86754586254,1.1953,0.8372483198334439,168788.62996964823,1.992184937738442e-16,0.7378242860257249,0.15289999999999998,0.11281333333333332,0.1529
simArray_Sun_JS_frag_2Gyr_Run057_step.mat,7.1228044e+23,6.131253333333334e+23,1.1169431599999999e+24,3841319.0917901704,3654094.7045586845,7801.154680770446,4858.413577113064,1.6057,0.475436289213229,5169057.808492482,0.6599999999999998,0.8607920404684051,0.11927,0.10266666666666667,0.18702999999999997
simArray_Sun_JS_frag_2Gyr_Run057_step.mat,1.1169431599999999e+24,1.03596284e+24,1.8500658799999998e+24,4462796.354328115,4352225.987558201,7009.885768726816,5709.770928343094,1.2277,0.24007404055762568,8307124.922214019,0.7076727964489536,0.9274982623108593,0.18702999999999997,0.17346999999999999,0.30978999999999995
simArray_Sun_JS_frag_2Gyr_Run057_step.mat,1.3397385733333333e+24,7.7558364e+23,1.3397385733333333e+24,4741729.033241749,3951902.838867337,7517.099470164309,5699.089818168544,1.319,0.7456512832274035,715071.7825705435,0.0,0.5789067027235851,0.22433666666666663,0.12986999999999999,0.22433666666666663
simArray_Sun_JS_frag_2Gyr_Run057_step.mat,1.4512159066666667e+24,8.313223066666667e+23,1.9964396e+24,4869758.100270215,4044391.5094329487,6862.4790872576605,5846.378503371665,1.1738,0.0792128195571865,7891506.710791613,0.6558511529896314,0.5728453656328445,0.24300333333333332,0.13920333333333332,0.3343
simArray_Sun_JS_frag_2Gyr_Run057_step.mat,6.923140533333332e+23,6.637877999999999e+23,6.923140533333334e+23,3805085.5704054544,3752089.0231166277,5435.53073296987,4894.22900501519,1.1106,0.981132518606592,285.30208148239507,2.0219975118554457e-16,0.9587957904422336,0.11592666666666665,0.11114999999999998,0.11592666666666666
simArray_Sun_JS_frag_2Gyr_Run057_step.mat,7.505410533333333e+23,6.549293333333334e+23,7.505410533333333e+23,3908902.723772576,3735323.264606445,5803.690488932872,4954.067852268777,1.1715,0.5530800884824375,2073479.072572599,0.0,0.8726096066625999,0.12567666666666666,0.10966666666666668,0.12567666666666666
simArray_Sun_JS_frag_2Gyr_Run057_step.mat,3.017751133333333e+24,1.3720470933333336e+24,3.0178506666666664e+24,6215716.326822147,4779543.12681699,9271.310351760088,7300.244371464637,1.27,0.9926256260060066,30.90648322883846,7.254367129006919e-05,0.45465879481513255,0.5053166666666666,0.2297466666666667,0.5053333333333333
simArray_Sun_JS_frag_2Gyr_Run057_step.mat,3.017751133333333e+24,1.3720470933333336e+24,4.2293704e+24,6215716.326822147,4779543.12681699,7337.475617759107,7300.244371464637,1.0051,0.5644042513835622,2176135.233516763,0.8830741106145897,0.45465879481513255,0.5053166666666666,0.2297466666666667,0.7081999999999999
simArray_Sun_JS_frag_2Gyr_Run057_step.mat,2.3049929333333333e+24,6.758313333333334e+23,2.7393564e+24,5681808.315966544,3774645.346520813,7965.63245531678,6486.671380551124,1.228,0.06194652438259476,6743241.950365042,0.6427098674521353,0.2932032127126695,0.3859666666666666,0.11316666666666668,0.45869999999999994
simArray_Sun_JS_frag_2Gyr_Run057_step.mat,2.977260973333333e+24,7.243836933333333e+23,2.9772410666666667e+24,6187791.623160197,3862954.5677182074,7902.755031770503,7011.582851362348,1.1271,0.7338606979749359,523715.85475440696,-2.7480832118837466e-05,0.2433054071582833,0.4985366666666666,0.12129666666666666,0.49853333333333333
simArray_Sun_JS_frag_2Gyr_Run057_step.mat,2.977260973333333e+24,7.243836933333333e+23,2.9772410666666667e+24,6187791.623160197,3862954.5677182074,8254.736490908892,7011.582851362348,1.1773,0.8842036362681234,57885.832955355145,-2.7480832118837466e-05,0.2433054071582833,0.4985366666666666,0.12129666666666666,0.49853333333333333
simArray_Sun_JS_frag_2Gyr_Run057_step.mat,3.6040820933333335e+24,7.543631333333333e+23,4.2082693333333335e+24,6594698.37662795,3915526.7673252774,7582.930249984376,7440.08070053412,1.0192,0.3801125305921411,2888437.256275122,0.8009236046971896,0.20930797739838386,0.6034966666666667,0.12631666666666666,0.7046666666666667
simArray_Sun_JS_frag_2Gyr_Run058_step.mat,6.131253333333334e+23,6.131253333333334e+23,1.1072088e+24,3654094.7045586845,3654094.7045586845,4855.205544400247,4732.630416610047,1.0259,0.24839999999999998,4056151.4930031206,0.8058441558441557,1.0,0.10266666666666667,0.10266666666666667,0.18539999999999998
simArray_Sun_JS_frag_2Gyr_Run058_step.mat,6.790960266666666e+23,6.131253333333334e+23,1.1470420400000002e+24,3780713.5616928944,3654094.7045586845,5594.138990669644,4816.720329489964,1.1614,0.3288568276125147,4277178.482932666,0.7632142857142861,0.9028551327900569,0.11371333333333332,0.10266666666666667,0.19207000000000002
simArray_Sun_JS_frag_2Gyr_Run058_step.mat,5.5738666666666665e+23,5.5738666666666665e+23,5.573866666666667e+23,3539828.627758874,3539828.627758874,5925.644330332001,4584.637779753966,1.2925,0.53695,2500759.6846738257,1.2039911970146398e-16,1.0,0.09333333333333332,0.09333333333333332,0.09333333333333334
simArray_Sun_JS_frag_2Gyr_Run058_step.mat,6.131253333333331e+23,5.573866666666667e+23,1.1705119999999997e+24,3654094.704558684,3539828.6277588746,4885.493930880148,4660.396767032479,1.0483,0.8182943155091417,163370.88297585832,0.9999999999999999,0.9090909090909095,0.10266666666666663,0.09333333333333334,0.19599999999999995
simArray_Sun_JS_frag_2Gyr_Run058_step.mat,1.1705119999999999e+24,5.5738666666666665e+23,1.5756922933333336e+24,4533030.788334287,3539828.627758874,6486.924860153463,5345.1918755384495,1.2136,0.41130965885960963,3247456.1314038,0.726928571428572,0.4761904761904762,0.19599999999999998,0.09333333333333332,0.2638466666666667
simArray_Sun_JS_frag_2Gyr_Run058_step.mat,1.4045148666666666e+24,5.5738666666666665e+23,1.8774972666666668e+24,4816950.227158036,3539828.627758874,5779.429947784774,5598.053029624927,1.0324,0.5144479891566178,1577308.8303458993,0.8485714285714289,0.39685351853164197,0.23518333333333333,0.09333333333333332,0.31438333333333335
simArray_Sun_JS_frag_2Gyr_Run058_step.mat,1.8138556533333332e+24,6.409946666666667e+23,2.3073817333333336e+24,5245629.579937298,3708641.4733209005,6848.572224907696,6049.441060778814,1.1321,0.43714209333934734,2786128.2472700416,0.7699378881987583,0.3533879145723129,0.30372666666666664,0.10733333333333334,0.3863666666666667
simArray_Sun_JS_frag_2Gyr_Run058_step.mat,3.15954632e+24,6.700384933333333e+23,3.614652533333333e+24,6311582.851713631,3763829.6845249613,9014.85515782072,7122.989220781227,1.2655999999999998,0.3504899271203551,4435413.887242417,0.6792239816988024,0.21206794440454138,0.52906,0.11219666666666665,0.6052666666666666
simArray_Sun_JS_frag_2Gyr_Run058_step.mat,2.3073817333333336e+24,6.296876800000001e+23,2.937069413333334e+24,5683770.435889746,3686705.476636581,6683.755739074932,6468.359371987739,1.0333,0.7069474917676319,514482.08980552515,1.0000000000000002,0.27290138900871364,0.3863666666666667,0.10544,0.4918066666666667
simArray_Sun_JS_frag_2Gyr_Run058_step.mat,3.1846685333333335e+24,8.581564933333334e+23,3.1846685333333335e+24,6328266.948214585,4087447.708101337,8384.306719472572,7198.065521525216,1.1648,0.6286518042568605,1437890.6019820797,0.0,0.26946493311663955,0.5332666666666667,0.14369666666666667,0.5332666666666667
simArray_Sun_JS_frag_2Gyr_Run058_step.mat,3.1846685333333335e+24,6.9358808e+23,3.8782566133333335e+24,6328266.948214585,3807418.2351835263,7293.989572741988,7146.766189243571,1.0206,0.8579888071583673,75487.86907629936,1.0,0.21778972371546443,0.5332666666666667,0.11614,0.6494066666666667
simArray_Sun_JS_frag_2Gyr_Run059_step.mat,6.688639999999997e+23,6.131253333333331e+23,1.2819893333333326e+24,3761629.22472589,3654094.704558684,5064.627341524758,4803.781980010203,1.0543,0.5842510565866317,1386734.0449050507,0.9999999999999998,0.9166666666666667,0.11199999999999995,0.10266666666666663,0.21466666666666653
simArray_Sun_JS_frag_2Gyr_Run059_step.mat,6.131253333333334e+23,6.131253333333334e+23,1.2262506666666667e+24,3654094.7045586845,3654094.7045586845,4836.275022733807,4732.630416610047,1.0219,0.6495000000000001,902173.7230678375,1.0,1.0,0.10266666666666667,0.10266666666666667,0.20533333333333334
simArray_Sun_JS_frag_2Gyr_Run059_step.mat,5.5738666666666665e+23,5.5738666666666665e+23,5.573866666666667e+23,3539828.627758874,3539828.627758874,5775.726674934047,4584.637779753966,1.2598,0.63475,1414968.0626694697,1.2039911970146398e-16,1.0,0.09333333333333332,0.09333333333333332,0.09333333333333334
simArray_Sun_JS_frag_2Gyr_Run059_step.mat,8.023182933333334e+23,6.660372533333333e+23,8.023182933333334e+23,3996798.71275946,3756322.6215835875,6970.817825841457,5027.999008829672,1.3864,0.9921473521255876,31.01151595907845,0.0,0.8301409289400554,0.13434666666666667,0.11152666666666665,0.13434666666666667
simArray_Sun_JS_frag_2Gyr_Run059_step.mat,8.023182933333334e+23,6.660372533333333e+23,8.023182933333334e+23,3996798.71275946,3756322.6215835875,5405.098934491897,5027.999008829672,1.075,0.8086779337417692,217162.21623444007,0.0,0.8301409289400554,0.13434666666666667,0.11152666666666665,0.13434666666666667
simArray_Sun_JS_frag_2Gyr_Run059_step.mat,8.023182933333334e+23,6.660372533333333e+23,1.3387830533333333e+24,3996798.71275946,3756322.6215835875,6094.940398503328,5027.999008829672,1.2122,0.4795258583327557,3049468.5453410163,0.8054575886185666,0.8301409289400554,0.13434666666666667,0.11152666666666665,0.22417666666666666
simArray_Sun_JS_frag_2Gyr_Run059_step.mat,1.3377280000000002e+24,5.573866666666664e+23,1.8951146666666665e+24,4739355.842131882,3539828.6277588736,5559.726881883294,5527.666416666627,1.0058,0.7133204165649498,435552.5900097359,1.0,0.4166666666666664,0.224,0.09333333333333328,0.3173333333333333
simArray_Sun_JS_frag_2Gyr_Run059_step.mat,1.337728e+24,4.9734816000000006e+23,1.337728e+24,4739355.842131882,3407874.1677316306,20807.378382297473,5483.273613802797,3.7947,0.6777547074260594,7635450.0151971,0.0,0.37178571428571433,0.22399999999999998,0.08328,0.22399999999999998
simArray_Sun_JS_frag_2Gyr_Run059_step.mat,1.6938582666666666e+24,7.512975066666667e+23,1.6938582666666666e+24,5127304.003352549,3910215.514342992,7115.381722954687,6009.612941684702,1.184,0.9667961142440797,1600.5193979743499,0.0,0.4435421318603831,0.2836333333333333,0.12580333333333332,0.2836333333333333
simArray_Sun_JS_frag_2Gyr_Run059_step.mat,1.6938582666666666e+24,7.8872204e+23,1.6938582666666666e+24,5127304.003352549,3974093.105783397,6894.006515246144,6034.141370018507,1.1425,0.7369227258585368,574723.8183875335,0.0,0.46563638500411325,0.2836333333333333,0.13207,0.2836333333333333
simArray_Sun_JS_frag_2Gyr_Run059_step.mat,7.5474136e+23,5.8752536e+23,7.5474136e+23,3916181.0539815426,3602513.230085729,7842.360235740529,4881.643470737958,1.6065,0.9842676212265989,300.80075247543465,0.0,0.7784459566387086,0.12638,0.09838,0.12638
simArray_Sun_JS_frag_2Gyr_Run059_step.mat,1.950853333333333e+24,1.4019070933333334e+24,3.352760426666667e+24,5374502.286691178,4813967.157575157,7142.701973824822,6627.727543680821,1.0777,0.7134022369386953,997983.1561615374,1.0000000000000004,0.7186122448979594,0.3266666666666666,0.23474666666666666,0.5614133333333333
simArray_Sun_JS_frag_2Gyr_Run059_step.mat,1.7495969333333334e+24,7.8872204e+23,1.7495969333333334e+24,5182938.412482866,3974093.105783397,7545.279999307395,6082.940986220086,1.2404,0.940136624621337,10387.593107587254,0.0,0.4508021390374331,0.29296666666666665,0.13207,0.29296666666666665
simArray_Sun_JS_frag_2Gyr_Run059_step.mat,1.7792081e+24,8.165913733333334e+23,2.5957994733333337e+24,5212014.649035829,4020360.2883297466,6504.269539963128,6126.278176474642,1.0617,0.768729649276706,361745.5699629981,1.0000000000000002,0.45896338563956257,0.297925,0.13673666666666667,0.4346616666666667
simArray_Sun_JS_frag_2Gyr_Run059_step.mat,3.8057565333333337e+24,9.185135066666663e+23,4.72427004e+24,6715479.780931909,4181112.896314332,7732.225560563147,7607.463164662679,1.0164,0.7583469544284203,387505.5959480433,0.9999999999999999,0.24134846741290916,0.6372666666666666,0.15380333333333326,0.7910699999999999
simArray_Sun_JS_frag_2Gyr_Run059_step.mat,7.826106933333332e+23,6.902039466666666e+23,1.30291124e+24,3963802.1711652568,3801215.7911837646,7016.8015211795055,5031.768749501259,1.3945,0.4860176841142522,4066163.388794048,0.7538359483156442,0.8819250139899273,0.13104666666666664,0.11557333333333332,0.21817
simArray_Sun_JS_frag_2Gyr_Run059_step.mat,5.411308826666666e+24,7.993123866666667e+23,6.108559733333333e+24,7551458.129147645,3991801.095688628,8678.876784665603,8474.63800865697,1.0241,0.5345367644564925,1745450.3931834851,0.8723134012402564,0.14771147097125453,0.9061133333333332,0.13384333333333331,1.0228666666666666
simArray_Sun_JS_frag_2Gyr_Run059_step.mat,6.170429653333334e+24,1.3910778666666666e+24,6.170469466666668e+24,7889240.226440533,4801539.716590601,10032.990927681749,8918.214157939332,1.125,0.8621060640197793,134201.11600282695,2.8620492273220248e-05,0.2254426263356217,1.0332266666666667,0.2329333333333333,1.0332333333333334
simArray_Sun_JS_frag_2Gyr_Run059_step.mat,6.170469466666668e+24,1.3910778666666666e+24,7.561547333333336e+24,7889257.194263575,4801539.716590601,9372.169666585543,8918.23167436059,1.0509,0.6628673522502256,1276013.1525751408,1.0000000000000007,0.22544117172629602,1.0332333333333334,0.2329333333333333,1.2661666666666669
simArray_Sun_JS_frag_2Gyr_Run060_step.mat,6.68864e+23,6.131253333333334e+23,6.68864e+23,3761629.2247258904,3654094.7045586845,5138.125205818916,4803.781980010205,1.0696,0.8781012363753412,59773.492932410765,0.0,0.9166666666666667,0.11199999999999999,0.10266666666666667,0.11199999999999999
simArray_Sun_JS_frag_2Gyr_Run060_step.mat,6.68864e+23,5.5738666666666665e+23,6.68864e+23,3761629.2247258904,3539828.627758874,5040.2068747957765,4734.811531043472,1.0645,0.8814880169876909,49894.0666452799,0.0,0.8333333333333334,0.11199999999999999,0.09333333333333332,0.11199999999999999
simArray_Sun_JS_frag_2Gyr_Run060_step.mat,6.68864e+23,6.131253333333334e+23,1.2819893333333334e+24,3761629.2247258904,3654094.7045586845,4915.7101001444435,4803.781980010205,1.0233,0.9070145114451781,25181.36467261832,1.0000000000000002,0.9166666666666667,0.11199999999999999,0.10266666666666667,0.21466666666666667
simArray_Sun_JS_frag_2Gyr_Run060_step.mat,6.68864e+23,5.5738666666666665e+23,6.68864e+23,3761629.2247258904,3539828.627758874,6287.829713225731,4734.811531043472,1.328,0.7933392152889217,362465.8863847557,0.0,0.8333333333333334,0.11199999999999999,0.09333333333333332,0.11199999999999999
simArray_Sun_JS_frag_2Gyr_Run060_step.mat,1.6224729599999997e+24,6.68864e+23,1.62247296e+24,5054240.085750845,3761629.2247258904,6838.517898232496,5890.196294773898,1.161,0.647956763393388,1089052.3560563854,4.0133039900487996e-16,0.41224970553592466,0.2716799999999999,0.11199999999999999,0.27168
simArray_Sun_JS_frag_2Gyr_Run060_step.mat,1.6224729599999997e+24,6.68864e+23,1.62247296e+24,5054240.085750845,3761629.2247258904,6421.4920005625045,5890.196294773898,1.0902,0.7641096923117214,347839.0775632795,4.0133039900487996e-16,0.41224970553592466,0.2716799999999999,0.11199999999999999,0.27168
simArray_Sun_JS_frag_2Gyr_Run060_step.mat,7.186306666666667e+23,6.967333333333333e+23,7.186306666666667e+23,3852700.897363949,3813164.796205839,8329.854263240819,4964.4521504504555,1.6779,0.6373200631528578,2846535.0403506835,0.0,0.9695290858725761,0.12033333333333333,0.11666666666666665,0.12033333333333333
simArray_Sun_JS_frag_2Gyr_Run060_step.mat,6.68864e+23,6.68864e+23,6.68864e+23,3761629.2247258904,3761629.2247258904,5417.0707505960045,4871.904623253893,1.1119,0.9376,10130.141995999822,0.0,1.0,0.11199999999999999,0.11199999999999999,0.11199999999999999
simArray_Sun_JS_frag_2Gyr_Run060_step.mat,9.476966799999998e+23,7.650729200000001e+23,9.4769668e+23,4224933.05379284,3933969.5020132135,6105.642990783324,5293.604118938204,1.1534,0.7712057784702937,438768.5529826848,1.7543128830125106e-16,0.8072972462032897,0.15868999999999997,0.12811,0.15869
simArray_Sun_JS_frag_2Gyr_Run060_step.mat,6.68864e+23,6.131253333333334e+23,6.68864e+23,3761629.2247258904,3654094.7045586845,6789.665450546424,4803.781980010205,1.4134,0.5441275467967354,3037599.236490164,0.0,0.9166666666666667,0.11199999999999999,0.10266666666666667,0.11199999999999999
simArray_Sun_JS_frag_2Gyr_Run060_step.mat,6.967333333333333e+23,5.5738666666666665e+23,6.967333333333333e+23,3813164.796205839,3539828.627758874,6737.841194545649,4771.504280536541,1.4121,0.9951679298488275,6.603504380575377,0.0,0.8,0.11666666666666665,0.09333333333333332,0.11666666666666665
simArray_Sun_JS_frag_2Gyr_Run060_step.mat,9.716045866666666e+23,8.890914533333333e+23,9.716045866666667e+23,4260166.413106112,4135984.067850187,8064.3386503506235,5438.955048459314,1.4827,0.9110280731725058,59581.678155564725,1.5096054235680502e-16,0.9150753974758237,0.1626933333333333,0.14887666666666666,0.16269333333333333
simArray_Sun_JS_frag_2Gyr_Run060_step.mat,9.716045866666666e+23,8.890914533333333e+23,9.716045866666667e+23,4260166.413106112,4135984.067850187,5799.01387266732,5438.955048459314,1.0662,0.7940734806543979,323770.40010519145,1.5096054235680502e-16,0.9150753974758237,0.1626933333333333,0.14887666666666666,0.16269333333333333
simArray_Sun_JS_frag_2Gyr_Run060_step.mat,6.986045600000001e+23,6.2938908e+23,6.986045600000001e+23,3816575.435080838,3686122.6351501816,7528.882202838039,4860.79295166766,1.5489,0.9686545927146916,2383.5182663077994,0.0,0.9009232347409812,0.11698000000000001,0.10539,0.11698000000000001
simArray_Sun_JS_frag_2Gyr_Run060_step.mat,7.186306666666667e+23,6.986045600000001e+23,7.186306666666667e+23,3852700.897363949,3816575.435080838,6002.169983275658,4966.628037464343,1.2085,0.7920634544325139,369622.6073741007,0.0,0.9721329639889198,0.12033333333333333,0.11698000000000001,0.12033333333333333
simArray_Sun_JS_frag_2Gyr_Run060_step.mat,6.68864e+23,6.2938908e+23,1.0642900266666666e+24,3761629.2247258904,3686122.6351501816,7334.514400915502,4823.751661240054,1.5205,0.3688014466073457,6745349.084253574,0.6282696017965019,0.9409821428571429,0.11199999999999999,0.10539,0.1782133333333333
simArray_Sun_JS_frag_2Gyr_Run060_step.mat,1.1088809599999999e+24,9.317315333333334e+23,1.1088809599999999e+24,4452032.788260702,4201073.791626959,9483.097181580413,5610.636126837306,1.6902,0.7418076750647875,1483689.2815653114,0.0,0.8402448657187995,0.18567999999999998,0.15601666666666666,0.18567999999999998
simArray_Sun_JS_frag_2Gyr_Run060_step.mat,1.1651172933333333e+24,9.317315333333334e+23,1.1651172933333333e+24,4526056.052294315,4201073.791626959,12569.582440055496,5663.249578758952,2.2195,0.5593306779776442,9005197.011587573,0.0,0.7996890430384939,0.19509666666666664,0.15601666666666666,0.19509666666666664
simArray_Sun_JS_frag_2Gyr_Run060_step.mat,1.1945791599999998e+24,6.961361333333333e+23,1.1945791600000001e+24,4563888.475469755,3812075.009122709,5806.535735757853,5489.256698579933,1.0578,0.8623803462626284,80422.43108596666,3.856077039337708e-16,0.5827459214451166,0.20002999999999996,0.11656666666666665,0.20003
simArray_Sun_JS_frag_2Gyr_Run060_step.mat,1.1945791599999998e+24,6.961361333333333e+23,1.1945791600000001e+24,4563888.475469755,3812075.009122709,6166.082049514838,5489.256698579933,1.1233,0.9673240846149266,1362.0790399736009,3.856077039337708e-16,0.5827459214451166,0.20002999999999996,0.11656666666666665,0.20003
simArray_Sun_JS_frag_2Gyr_Run060_step.mat,1.1945791600000001e+24,6.961361333333334e+23,1.8907152933333337e+24,4563888.475469755,3812075.0091227093,5775.795898245807,5489.256698579934,1.0522,0.6014376863617169,1274344.560102254,1.0000000000000002,0.5827459214451166,0.20003,0.11656666666666668,0.3165966666666667
simArray_Sun_JS_frag_2Gyr_Run060_step.mat,1.0935329199999999e+24,7.3730312e+23,1.0935329199999999e+24,4431397.066715739,3885784.7174283466,7862.709357320408,5420.688974367741,1.4505,0.9567495239639454,5587.843878798215,0.0,0.6742395281524768,0.18310999999999997,0.12346,0.18310999999999997
simArray_Sun_JS_frag_2Gyr_Run060_step.mat,1.0144039200000001e+24,6.131253333333334e+23,1.6275292533333335e+24,4321823.416491783,3654094.7045586845,5211.7488540183795,5219.055531762847,0.9986000000000002,0.9148206342296413,16747.248056771165,1.0,0.6044193257192197,0.16986,0.10266666666666667,0.2725266666666667
simArray_Sun_JS_frag_2Gyr_Run060_step.mat,1.94227356e+24,7.347152533333333e+23,2.451306933333333e+24,5366611.760727627,3881233.138141282,7220.669588734925,6216.141174875108,1.1616,0.30512670731920605,4678652.142593895,0.6928308225858891,0.37827588680831004,0.32522999999999996,0.12302666666666666,0.4104666666666666
simArray_Sun_JS_frag_2Gyr_Run060_step.mat,1.6275292533333332e+24,5.5738666666666665e+23,1.8524546799999999e+24,5059485.004991871,3539828.627758874,11706.336219716673,5823.758131295295,2.0101,0.5055770321286446,6155207.473910522,0.4035357142857143,0.34247413097189267,0.27252666666666664,0.09333333333333332,0.31018999999999997
simArray_Sun_JS_frag_2Gyr_Run060_step.mat,1.8524546799999999e+24,7.667649866666665e+23,2.2900629333333334e+24,5282577.889522329,3936867.5427173343,8591.8738063032,6158.166432270068,1.3952000000000002,0.3261987518238922,6664612.226303284,0.5707201827716916,0.4139183511181318,0.31018999999999997,0.1283933333333333,0.3834666666666667
simArray_Sun_JS_frag_2Gyr_Run060_step.mat,2.2901226533333336e+24,1.0935329199999999e+24,2.2900629333333334e+24,5669563.531380116,4431397.066715739,11340.438192584148,6686.97340207804,1.6959,0.917371624777397,62477.86820654481,-5.461198186903178e-05,0.4774997174969358,0.3834766666666667,0.18310999999999997,0.3834666666666667
simArray_Sun_JS_frag_2Gyr_Run060_step.mat,2.3030022666666669e+24,1.4353901066666668e+24,3.1733217333333334e+24,5680172.180213353,4851991.464320255,10576.30742417449,6883.376130279526,1.5365,0.4305904866030179,9412308.864092639,0.6063295703547553,0.6232690811651829,0.38563333333333333,0.24035333333333336,0.5313666666666667
simArray_Sun_JS_frag_2Gyr_Run060_step.mat,3.7148029733333336e+24,8.480638133333334e+23,4.3085989333333334e+24,6661550.228076659,4071360.474513078,12056.84492215234,7533.173959482874,1.6005,0.5637507140259783,3882897.2596009374,0.7001783953804983,0.2282930802578626,0.6220366666666667,0.14200666666666667,0.7214666666666666
simArray_Sun_JS_frag_2Gyr_Run060_step.mat,2.64911948e+24,1.1214022533333333e+24,3.443654266666667e+24,5951556.498296092,4468727.304364879,9085.6095935052,6949.904072137383,1.3073,0.4520660912516051,5182849.812462359,0.7085189853194404,0.42331131600501964,0.44358999999999993,0.18777666666666665,0.5766333333333333
simArray_Sun_JS_frag_2Gyr_Run060_step.mat,4.07941348e+24,6.131253333333334e+23,4.0794732000000006e+24,6872730.076873599,3654094.7045586845,9483.448892963801,7713.883921395641,1.2294,0.9562700959317298,3362.342809702566,9.740259740340932e-05,0.1502974229847702,0.68309,0.10266666666666667,0.6831
simArray_Sun_JS_frag_2Gyr_Run060_step.mat,4.1355303733333333e+24,6.131253333333334e+23,4.1356100000000004e+24,6904100.696332515,3654094.7045586845,8312.413104469928,7748.334362854147,1.0728,0.8572749100786602,79089.82646073085,0.00012987012987092055,0.14825796886582654,0.6924866666666666,0.10266666666666667,0.6925
simArray_Sun_JS_frag_2Gyr_Run060_step.mat,5.525851786666667e+24,6.131253333333334e+23,5.5258916e+24,7604367.949194978,3654094.7045586845,20853.589921817613,8531.5181940914,2.4443,0.9090014063877998,116577.05553990084,6.493506493502246e-05,0.1109558050059801,0.9252933333333333,0.10266666666666667,0.9253
simArray_Sun_JS_frag_2Gyr_Run060_step.mat,5.525851786666667e+24,4.6237214666666665e+23,5.925020266666667e+24,7604367.949194978,3326038.4596637664,9092.08922377751,8551.626433199313,1.0632,0.45054030927042615,1709621.9017220577,0.8633056356826104,0.08367436632707466,0.9252933333333333,0.07742333333333333,0.9921333333333333
simArray_Sun_JS_frag_2Gyr_Run061_step.mat,6.68864e+23,5.5738666666666665e+23,6.68864e+23,3761629.2247258904,3539828.627758874,8531.656897787234,4734.811531043472,1.8019000000000003,0.9452683889941642,15143.74246926464,0.0,0.8333333333333334,0.11199999999999999,0.09333333333333332,0.11199999999999999
simArray_Sun_JS_frag_2Gyr_Run061_step.mat,7.803413333333333e+23,6.131253333333334e+23,7.803413333333335e+23,3959967.142737017,3654094.7045586845,5268.347508219771,4942.628303048851,1.0659,0.8113862040112337,191743.6562855349,4.3781498073259624e-16,0.7857142857142858,0.13066666666666665,0.10266666666666667,0.13066666666666668
simArray_Sun_JS_frag_2Gyr_Run061_step.mat,7.803413333333335e+23,6.131253333333334e+23,1.393466666666667e+24,3959967.142737018,3654094.7045586845,5473.466582796297,4942.628303048851,1.1074,0.5910257561940684,1435863.77284837,1.0,0.7857142857142856,0.13066666666666668,0.10266666666666667,0.23333333333333336
simArray_Sun_JS_frag_2Gyr_Run061_step.mat,7.492869333333333e+23,7.246026666666667e+23,7.492869333333334e+23,3906724.3103603306,3863343.771591996,5848.657136023669,5031.968627741262,1.1623,0.9740580039498687,858.6308684333798,1.852294149253292e-16,0.9670563230605739,0.12546666666666664,0.12133333333333332,0.12546666666666667
simArray_Sun_JS_frag_2Gyr_Run061_step.mat,6.68864e+23,5.5738666666666665e+23,6.68864e+23,3761629.2247258904,3539828.627758874,8973.414813633588,4734.811531043472,1.8951999999999998,0.7864356855240853,805747.1854315612,0.0,0.8333333333333334,0.11199999999999999,0.09333333333333332,0.11199999999999999
simArray_Sun_JS_frag_2Gyr_Run061_step.mat,1.685099333333333e+24,7.0278496e+23,2.2267597333333332e+24,5118450.97094171,3824173.0060498663,6512.938181078973,5970.24308468143,1.0909,0.401400044903711,3126075.9210593035,0.7707341944255609,0.4170584760779682,0.2821666666666666,0.11768,0.3728666666666666
simArray_Sun_JS_frag_2Gyr_Run061_step.mat,7.246026666666667e+23,6.239346533333333e+23,1.1931259733333335e+24,3863343.771591996,3675443.4714874597,6845.020200804009,4886.507853229589,1.4008,0.48868398879038355,3783075.313988322,0.7509172702038736,0.8610714285714285,0.12133333333333332,0.10447666666666665,0.19978666666666667
simArray_Sun_JS_frag_2Gyr_Run061_step.mat,6.68864e+23,6.131253333333334e+23,6.68864e+23,3761629.2247258904,3654094.7045586845,6659.963337086149,4803.781980010205,1.3864,0.9699135659830685,1670.1825844335083,0.0,0.9166666666666667,0.11199999999999999,0.10266666666666667,0.11199999999999999
simArray_Sun_JS_frag_2Gyr_Run061_step.mat,7.492869333333333e+23,6.409946666666667e+23,7.492869333333334e+23,3906724.3103603306,3708641.4733209005,6180.565194803236,4936.553669970636,1.252,0.9343881647994335,13777.452301506135,2.0938977339385038e-16,0.8554729011689693,0.12546666666666664,0.10733333333333334,0.12546666666666667
simArray_Sun_JS_frag_2Gyr_Run061_step.mat,2.560932946666667e+24,1.2520696133333332e+24,2.5609926666666667e+24,5884769.379745074,4635958.474632208,7872.23779722011,6955.502559833991,1.1318,0.9365756804882559,14102.034793211615,4.769702847509481e-05,0.4889115175635653,0.42882333333333333,0.20965666666666663,0.4288333333333333
simArray_Sun_JS_frag_2Gyr_Run061_step.mat,2.5609926666666667e+24,1.282721898666667e+24,3.8437145653333334e+24,5884815.122930977,4673485.307459283,7200.368015682295,6971.021411252101,1.0329,0.877903821854591,80020.19574908415,0.9999999999999998,0.500869024485037,0.4288333333333333,0.2147893333333334,0.6436226666666667
simArray_Sun_JS_frag_2Gyr_Run061_step.mat,7.673820933333333e+23,5.5738666666666665e+23,7.673820933333333e+23,3937923.4141511363,3539828.627758874,6491.103989592539,4862.978715607236,1.3348,0.779500872047859,421423.5427059176,0.0,0.7263482840021791,0.12849666666666665,0.09333333333333332,0.12849666666666665
simArray_Sun_JS_frag_2Gyr_Run061_step.mat,4.6130714e+24,6.423682266666666e+23,5.1114348e+24,7160226.669015837,3711288.613030047,10707.175297017986,8032.992195226939,1.3329,0.5192581309410389,2726877.2928514523,0.7758219963432404,0.13924957386670117,0.77245,0.10756333333333332,0.8559
simArray_Sun_JS_frag_2Gyr_Run061_step.mat,7.8806512e+23,6.992216666666668e+23,7.8806512e+23,3972989.4696710133,3817698.884658012,7255.623338482347,5048.0924918126675,1.4373,0.9506794050162704,8397.779024489437,0.0,0.8872638173183794,0.13196,0.11708333333333334,0.13196
simArray_Sun_JS_frag_2Gyr_Run061_step.mat,7.991929466666666e+23,5.717393733333333e+23,7.991929466666666e+23,3991602.256252385,3569955.0327706267,5272.21939580226,4919.491831484799,1.0717,0.9267478448188956,12311.294443905193,0.0,0.715395919994022,0.13382333333333332,0.09573666666666666,0.13382333333333332
simArray_Sun_JS_frag_2Gyr_Run061_step.mat,7.8806512e+23,7.62923e+23,1.55098812e+24,3972989.4696710133,3930281.1152875153,5253.337623306435,5118.216702364024,1.0264,0.976247170985807,533.0721966938127,1.0,0.9680963928463171,0.13196,0.12775,0.25971
simArray_Sun_JS_frag_2Gyr_Run061_step.mat,8.549316133333333e+23,6.992216666666668e+23,8.549316133333333e+23,4082321.186028329,3817698.884658012,8709.583946356559,5124.490436783101,1.6996,0.5995312667121595,3546772.150714203,0.0,0.817868535636948,0.14315666666666665,0.11708333333333334,0.14315666666666665
simArray_Sun_JS_frag_2Gyr_Run061_step.mat,6.992216666666668e+23,6.021368533333333e+23,6.992216666666668e+23,3817698.884658012,3632133.3227613475,16823.689340700053,4828.843094345595,3.484,0.8647667072883036,825280.7806181615,0.0,0.8611530249110319,0.11708333333333334,0.10082666666666666,0.11708333333333334
simArray_Sun_JS_frag_2Gyr_Run061_step.mat,6.992216666666668e+23,5.525692533333333e+23,6.992216666666668e+23,3817698.884658012,3529601.027979791,4978.750613234866,4768.918211910791,1.044,0.9318088945955773,9501.793586940192,0.0,0.7902633451957294,0.11708333333333334,0.09252666666666666,0.11708333333333334
simArray_Sun_JS_frag_2Gyr_Run061_step.mat,5.5100658e+24,1.677813493333333e+24,6.846300800000001e+24,7597119.778960884,5111063.455724314,9407.725782496673,8689.134370090213,1.0827,0.45009356380446774,4585415.594522251,0.7964145033458315,0.3044997200093932,0.9226499999999999,0.2809466666666666,1.1464
simArray_Sun_JS_frag_2Gyr_Run061_step.mat,5.7138105333333335e+23,5.5738666666666665e+23,5.7138105333333335e+23,3569209.0905515724,3539828.627758874,5534.666598561659,4603.7818986538505,1.2022,0.7872401407535294,334710.6945600534,0.0,0.9755077866425111,0.09567666666666666,0.09333333333333332,0.09567666666666666
simArray_Sun_JS_frag_2Gyr_Run061_step.mat,7.129114813333333e+24,5.717393733333333e+23,7.614100933333333e+24,8278314.374469518,3569955.0327706267,10401.50939277374,9314.506485872427,1.1167,0.11703123975863691,3544034.165023006,0.8482643361999942,0.08019780692324231,1.1937566666666666,0.09573666666666666,1.2749666666666666
simArray_Sun_JS_frag_2Gyr_Run061_step.mat,5.5738666666666665e+23,5.525692533333333e+23,5.573866666666667e+23,3539828.627758874,3529601.027979791,13294.138335526082,4578.028973286298,2.9039,0.5886003192001177,9737440.373191185,1.214487841934214e-16,0.9913571428571428,0.09333333333333332,0.09252666666666666,0.09333333333333334
simArray_Sun_JS_frag_2Gyr_Run061_step.mat,7.797361706666666e+24,5.525692533333333e+23,7.797441333333333e+24,8529284.594010357,3529601.027979791,10638.891502319058,9614.035335549483,1.1066,0.853502391698919,90907.63439721124,0.00014410260105185475,0.07086618193701238,1.305653333333333,0.09252666666666666,1.3056666666666665
simArray_Sun_JS_frag_2Gyr_Run061_step.mat,7.826445346666666e+24,4.362147866666667e+23,8.222249600000001e+24,8539875.99104865,3262096.7658929527,10319.731172652306,9667.195477894433,1.0675,0.55065756912255,1151838.6808152562,0.9073609273034293,0.05573600368300705,1.3105233333333333,0.07304333333333334,1.3768
simArray_Sun_JS_frag_2Gyr_Run061_step.mat,8.251337221333334e+24,5.573866666666667e+23,8.808723888e+24,8691701.925940882,3539828.6277588746,10247.864089599852,9804.692010715513,1.0452,0.7106691233750934,495909.4494039863,0.9999999999999989,0.06755107102223105,1.3816706666666667,0.09333333333333334,1.475004
simArray_Sun_JS_frag_2Gyr_Run061_step.mat,8.8403516e+23,5.7138105333333335e+23,8.8403516e+23,4128128.6636401727,3569209.0905515724,5629.282619778922,5023.902382667489,1.1205,0.9804746866872335,261.78153384940316,0.0,0.6463329505280462,0.14803,0.09567666666666666,0.14803
simArray_Sun_JS_frag_2Gyr_Run061_step.mat,8.8403516e+23,6.992216666666668e+23,1.5832568266666665e+24,4128128.6636401727,3817698.884658012,5455.927540376258,5157.318782849284,1.0579,0.6456250729232573,1031754.874762983,0.9999999999999997,0.7909432772636178,0.14803,0.11708333333333334,0.2651133333333333
simArray_Sun_JS_frag_2Gyr_Run061_step.mat,9.171405438666665e+24,1.5832568266666665e+24,1.0754662265333333e+25,9003444.176985187,5013186.195267331,10105.14400104448,10120.324487776144,0.9985,0.2763347239723622,5435832.849909482,1.0000000000000004,0.17262968443109628,1.535734333333333,0.2651133333333333,1.8008476666666664
simArray_Sun_JS_frag_2Gyr_Run061_step.mat,1.0754696106666666e+25,5.7138105333333335e+23,1.11658484e+25,9494295.831132846,3569209.0905515724,19480.416894969225,10757.906392185347,1.8108,0.5135428412586726,4505163.988166619,0.7195763509040896,0.05312851685127051,1.800853333333333,0.09567666666666666,1.8697
simArray_Sun_JS_frag_2Gyr_Run062_step.mat,6.688639999999997e+23,5.573866666666664e+23,1.226250666666666e+24,3761629.22472589,3539828.6277588736,4793.52319402841,4734.811531043471,1.0124,0.9920990498615991,14.973965819902775,0.9999999999999998,0.8333333333333333,0.11199999999999995,0.09333333333333328,0.2053333333333332
simArray_Sun_JS_frag_2Gyr_Run062_step.mat,1.226250666666666e+24,5.573866666666664e+23,1.7836373333333323e+24,4603870.836582873,3539828.6277588736,5746.070474228837,5407.048531315364,1.0627,0.6658446931975041,718418.8660998883,1.0,0.4545454545454546,0.2053333333333332,0.09333333333333328,0.29866666666666647
simArray_Sun_JS_frag_2Gyr_Run062_step.mat,9.475573333333334e+23,6.688640000000001e+23,1.6164213333333335e+24,4224725.969533427,3761629.224725891,5555.424896711496,5197.815210246535,1.0688,0.6808139871737556,779688.7312656118,1.0,0.7058823529411765,0.15866666666666668,0.112,0.27066666666666667
simArray_Sun_JS_frag_2Gyr_Run062_step.mat,1.7278986666666664e+24,5.515540133333333e+23,1.7278986666666667e+24,5161423.187007045,3527438.0478239716,6552.650723779859,5917.683305138498,1.1073,0.8409054381300948,105724.88616529023,4.866893350620409e-16,0.319205069124424,0.2893333333333333,0.09235666666666666,0.28933333333333333
simArray_Sun_JS_frag_2Gyr_Run062_step.mat,1.7278986666666667e+24,5.515540133333333e+23,2.27945268e+24,5161423.187007045,3527438.0478239716,6047.280569521033,5917.683305138499,1.0219,0.9164657459360768,14276.151821558704,1.0000000000000002,0.3192050691244239,0.28933333333333333,0.09235666666666666,0.38169
simArray_Sun_JS_frag_2Gyr_Run062_step.mat,5.5738666666666665e+23,5.5738666666666665e+23,5.573866666666667e+23,3539828.627758874,3539828.627758874,6719.245130007413,4584.637779753966,1.4656,0.8704,128672.84019510938,1.2039911970146398e-16,1.0,0.09333333333333332,0.09333333333333332,0.09333333333333334
simArray_Sun_JS_frag_2Gyr_Run062_step.mat,6.131253333333331e+23,5.573866666666667e+23,1.1705119999999997e+24,3654094.704558684,3539828.6277588746,4797.4124319832345,4660.396767032479,1.0294,0.7166043577407182,503573.0093946915,0.9999999999999999,0.9090909090909095,0.10266666666666663,0.09333333333333334,0.19599999999999995
simArray_Sun_JS_frag_2Gyr_Run062_step.mat,1.8951146666666652e+24,8.3608e+23,2.731194666666665e+24,5322821.179052688,4052092.2463936,6485.506424716061,6236.063869919289,1.04,0.5799799515634976,1539644.5911310797,0.9999999999999997,0.4411764705882356,0.3173333333333331,0.13999999999999999,0.45733333333333304
simArray_Sun_JS_frag_2Gyr_Run062_step.mat,3.057166333333333e+24,7.987151866666666e+23,3.745240266666667e+24,6242660.755950517,3990806.700336798,8367.133253034975,7091.992925101691,1.1798,0.601910681223887,1653297.162628599,0.8614759614186382,0.2612599706983559,0.5119166666666666,0.13374333333333333,0.6271333333333333
simArray_Sun_JS_frag_2Gyr_Run063_step.mat,7.246026666666664e+23,5.573866666666664e+23,1.2819893333333326e+24,3863343.7715919954,3539828.6277588736,4798.236778562518,4807.8524835295775,0.998,0.35464909981079645,2719789.7923562,0.9999999999999998,0.7692307692307692,0.12133333333333328,0.09333333333333328,0.21466666666666653
simArray_Sun_JS_frag_2Gyr_Run063_step.mat,6.131253333333334e+23,6.131253333333334e+23,1.1335055066666667e+24,3654094.7045586845,3654094.7045586845,4833.435444483842,4732.630416610047,1.0213,0.40545,2708892.351947921,0.8487337662337663,1.0,0.10266666666666667,0.10266666666666667,0.18980333333333332
simArray_Sun_JS_frag_2Gyr_Run063_step.mat,6.68864e+23,5.5738666666666665e+23,1.1417269600000002e+24,3761629.2247258904,3539828.627758874,4740.019823727621,4734.811531043472,1.0011,0.42688543008533053,2226759.8171948027,0.8483571428571433,0.8333333333333334,0.11199999999999999,0.09333333333333332,0.19118000000000002
simArray_Sun_JS_frag_2Gyr_Run063_step.mat,6.131253333333334e+23,5.5738666666666665e+23,1.0538788400000002e+24,3654094.7045586845,3539828.627758874,5856.7206171297175,4660.39676703248,1.2567,0.46451281907703923,3118265.1127932197,0.7907500000000003,0.9090909090909091,0.10266666666666667,0.09333333333333332,0.17647000000000002
simArray_Sun_JS_frag_2Gyr_Run063_step.mat,1.3934666666666666e+24,5.5738666666666665e+23,1.7726488533333333e+24,4804286.593457831,3539828.627758874,6307.720350014029,5586.502834128092,1.1291,0.14797274747347308,4839829.37333453,0.6802857142857144,0.4,0.2333333333333333,0.09333333333333332,0.2968266666666666
simArray_Sun_JS_frag_2Gyr_Run063_step.mat,1.1558567120000001e+24,7.246026666666667e+23,1.8804593786666666e+24,4514032.813645085,3863343.771591996,5652.88298397543,5473.886882904454,1.0327,0.9849923659734455,117.97044791049548,0.9999999999999998,0.6268966206138764,0.193546,0.12133333333333332,0.3148793333333333
simArray_Sun_JS_frag_2Gyr_Run063_step.mat,2.1846969466666664e+24,5.5738666666666665e+23,2.5751264e+24,5581193.921435758,3539828.627758874,8784.538634955714,6334.851543200198,1.3867,0.4857297206470448,3132203.462567092,0.7004642857142861,0.25513225874055784,0.3658233333333333,0.09333333333333332,0.43119999999999997
simArray_Sun_JS_frag_2Gyr_Run063_step.mat,2.72866652e+24,1.3799699466666666e+24,2.7286068000000005e+24,6010540.567762474,4788725.261491341,7477.0086654544675,7126.390264443831,1.0492,0.9026442025708261,45316.59759916514,-4.327630478017179e-05,0.5057305231518971,0.45691,0.2310733333333333,0.45690000000000003
simArray_Sun_JS_frag_2Gyr_Run063_step.mat,1.3799699466666666e+24,1.3109933466666666e+24,1.3799699466666666e+24,4788725.261491341,4707570.9537442075,7537.778515561432,6150.276203950254,1.2256,0.5476908458438117,3751885.082657661,0.0,0.9500158679784195,0.2310733333333333,0.21952333333333332,0.2310733333333333
simArray_Sun_JS_frag_2Gyr_Run063_step.mat,2.90155592e+24,1.4095910666666668e+24,2.9015957333333334e+24,6134893.486643522,4822746.39313042,9384.811014594861,7246.9583124284645,1.295,0.9286623705419258,28173.277386352474,2.8244598220571837e-05,0.48580523882051074,0.48586,0.23603333333333334,0.48586666666666667
simArray_Sun_JS_frag_2Gyr_Run063_step.mat,1.4095910666666668e+24,6.131253333333334e+23,1.7182837466666668e+24,4822746.39313042,3654094.7045586845,11167.30274991647,5643.75739117424,1.9787,0.5430456203193318,5456728.050205331,0.5034740259740259,0.4349668125970908,0.23603333333333334,0.10266666666666667,0.28772333333333333
simArray_Sun_JS_frag_2Gyr_Run063_step.mat,1.7182837466666668e+24,1.33886268e+24,3.057146426666667e+24,5151831.766884961,4740695.459885733,6738.127736861603,6422.769742504626,1.0491,0.8183539203789224,281635.79359931307,1.0000000000000002,0.7791860236106444,0.28772333333333333,0.22418999999999997,0.5119133333333333
simArray_Sun_JS_frag_2Gyr_Run063_step.mat,3.115453053333333e+24,1.9001311466666662e+24,3.1153933333333337e+24,6282084.624993655,5327513.647993931,9004.95345602302,7593.990096157043,1.1858,0.8830936150343923,125286.07738736348,-3.142940954585623e-05,0.6099052414330715,0.5216766666666666,0.31817333333333325,0.5216666666666667
simArray_Sun_JS_frag_2Gyr_Run063_step.mat,3.115453053333333e+24,1.9001311466666662e+24,4.6716965333333337e+24,6282084.624993655,5327513.647993931,7855.223355464845,7593.990096157043,1.0344,0.4271532473701895,5190879.201614404,0.8190189833633664,0.6099052414330715,0.5216766666666666,0.31817333333333325,0.7822666666666667
simArray_Sun_JS_frag_2Gyr_Run063_step.mat,5.156324333333333e+24,5.5738666666666665e+23,5.5730704e+24,7430934.859261186,3539828.627758874,11389.620868625783,8337.936214220925,1.366,0.4574075739027828,3219263.572880296,0.7476785714285717,0.10809767396969404,0.8634166666666666,0.09333333333333332,0.9332
simArray_Sun_JS_frag_2Gyr_Run064_step.mat,6.131253333333334e+23,5.5738666666666665e+23,6.131253333333334e+23,3654094.7045586845,3539828.627758874,9448.954445158353,4660.39676703248,2.0275,0.7718684306937877,1122076.2727282732,0.0,0.9090909090909091,0.10266666666666667,0.09333333333333332,0.10266666666666667
simArray_Sun_JS_frag_2Gyr_Run064_step.mat,6.131253333333334e+23,5.5738666666666665e+23,6.131253333333334e+23,3654094.7045586845,3539828.627758874,4893.882645060808,4660.39676703248,1.0501,0.8827013417081233,48344.35800072338,0.0,0.9090909090909091,0.10266666666666667,0.09333333333333332,0.10266666666666667
simArray_Sun_JS_frag_2Gyr_Run064_step.mat,6.688640000000001e+23,6.131253333333331e+23,1.2819893333333332e+24,3761629.224725891,3654094.704558684,4840.771101256283,4803.781980010204,1.0077,0.5465623489078796,1526729.6151465336,1.0,0.9166666666666662,0.112,0.10266666666666663,0.21466666666666662
simArray_Sun_JS_frag_2Gyr_Run064_step.mat,6.131253333333334e+23,5.5738666666666665e+23,6.131253333333334e+23,3654094.7045586845,3539828.627758874,6298.5262306443965,4660.39676703248,1.3515,0.8397294614523361,192453.23429976826,0.0,0.9090909090909091,0.10266666666666667,0.09333333333333332,0.10266666666666667
simArray_Sun_JS_frag_2Gyr_Run064_step.mat,1.337728e+24,5.5738666666666665e+23,1.337728e+24,4739355.842131882,3539828.627758874,6491.138673091618,5527.666416666626,1.1743,0.8850531225833153,48762.87364192018,0.0,0.4166666666666667,0.22399999999999998,0.09333333333333332,0.22399999999999998
simArray_Sun_JS_frag_2Gyr_Run064_step.mat,1.337728e+24,5.5738666666666665e+23,1.337728e+24,4739355.842131882,3539828.627758874,13310.620731333234,5527.666416666626,2.408,0.9814524148949574,951.156419923062,0.0,0.4166666666666667,0.22399999999999998,0.09333333333333332,0.22399999999999998
simArray_Sun_JS_frag_2Gyr_Run064_step.mat,6.131253333333334e+23,5.5738666666666665e+23,6.131253333333334e+23,3654094.7045586845,3539828.627758874,5012.722762620135,4660.39676703248,1.0756,0.8892537915343603,43047.25607042188,0.0,0.9090909090909091,0.10266666666666667,0.09333333333333332,0.10266666666666667
simArray_Sun_JS_frag_2Gyr_Run064_step.mat,6.131253333333334e+23,5.5738666666666665e+23,7.431357733333334e+23,3654094.7045586845,3539828.627758874,9002.48843487664,4660.39676703248,1.9316999999999998,0.18798927757289471,14967652.439573163,0.23325000000000012,0.9090909090909091,0.10266666666666667,0.09333333333333332,0.12443666666666668
simArray_Sun_JS_frag_2Gyr_Run064_step.mat,6.673311866666667e+23,6.131253333333334e+23,6.673311866666667e+23,3758753.560148817,3654094.7045586845,7693.508708795853,4801.840412430316,1.6022,0.5442774393039516,3902139.607502927,0.0,0.9187721862601796,0.11174333333333333,0.10266666666666667,0.11174333333333333
simArray_Sun_JS_frag_2Gyr_Run064_step.mat,8.366971066666666e+23,6.409946666666667e+23,1.3349012533333332e+24,4053088.9445448816,3708641.4733209005,6666.430421110789,5041.160330543549,1.3224,0.5029722833969648,3188003.59843424,0.7772360248447203,0.7661012110109207,0.14010333333333333,0.10733333333333334,0.22352666666666662
simArray_Sun_JS_frag_2Gyr_Run064_step.mat,1.588472373333333e+24,1.1379247866666668e+24,1.5884723733333332e+24,5018684.955382128,4490567.523536667,7196.659562113395,6186.417572520755,1.1633,0.8943566851594983,66382.12037460352,2.3589912017500767e-16,0.7163642287833979,0.2659866666666666,0.19054333333333334,0.26598666666666665
simArray_Sun_JS_frag_2Gyr_Run064_step.mat,1.588472373333333e+24,1.1379247866666668e+24,1.5884723733333332e+24,5018684.955382128,4490567.523536667,6936.830024067523,6186.417572520755,1.1213,0.8698682216923671,111794.60071497467,2.3589912017500767e-16,0.7163642287833979,0.2659866666666666,0.19054333333333334,0.26598666666666665
simArray_Sun_JS_frag_2Gyr_Run064_step.mat,1.61877032e+24,5.5738666666666665e+23,1.61877032e+24,5050392.40265816,3539828.627758874,8895.43248936677,5815.148388158966,1.5297000000000003,0.776235333831201,519377.9973256561,0.0,0.3443272092279692,0.27105999999999997,0.09333333333333332,0.27105999999999997
simArray_Sun_JS_frag_2Gyr_Run064_step.mat,1.61877032e+24,5.5738666666666665e+23,1.61877032e+24,5050392.40265816,3539828.627758874,6264.659358563653,5815.148388158966,1.0773,0.873948211573188,52502.44839553082,0.0,0.3443272092279692,0.27105999999999997,0.09333333333333332,0.27105999999999997
simArray_Sun_JS_frag_2Gyr_Run064_step.mat,1.61877032e+24,5.5738666666666665e+23,2.056557733333333e+24,5050392.40265816,3539828.627758874,5997.744047547158,5815.148388158966,1.0314,0.3836788448521106,2488347.9939095383,0.7854285714285711,0.3443272092279692,0.27105999999999997,0.09333333333333332,0.3443666666666666
simArray_Sun_JS_frag_2Gyr_Run064_step.mat,1.1379247866666668e+24,6.9735044e+23,1.1379247866666668e+24,4490567.523536667,3814290.255504012,9817.585535153325,5431.282106192368,1.8076,0.896831167095346,104367.10622869944,0.0,0.61282647866627,0.19054333333333334,0.11676999999999998,0.19054333333333334
simArray_Sun_JS_frag_2Gyr_Run064_step.mat,1.1379247866666668e+24,5.9453250666666665e+23,1.1379247866666668e+24,4490567.523536667,3616778.511056278,6631.724172832102,5340.842532682695,1.2417,0.6411815831057027,1234108.5220424489,0.0,0.5224708290327659,0.19054333333333334,0.09955333333333333,0.19054333333333334
simArray_Sun_JS_frag_2Gyr_Run064_step.mat,7.431357733333332e+23,5.9453250666666665e+23,7.431357733333334e+23,3896004.3639984042,3616778.511056278,8300.988100511584,4875.191226000813,1.7026999999999999,0.9778926865550227,947.2095191784924,4.515067771567657e-16,0.8000321448661971,0.12443666666666663,0.09955333333333333,0.12443666666666668
simArray_Sun_JS_frag_2Gyr_Run064_step.mat,1.86738468e+24,7.6417712e+23,1.86738468e+24,5296731.71275537,3932433.5150141893,9824.780963183539,6169.407198231422,1.5925,0.8982875777171759,77721.08546347005,0.0,0.40922319229908216,0.31268999999999997,0.12796,0.31268999999999997
simArray_Sun_JS_frag_2Gyr_Run064_step.mat,1.2301523733333333e+24,7.6417712e+23,1.2301523733333333e+24,4608748.560203279,3932433.5150141893,11054.636061740845,5582.867563123501,1.9801,0.6079576523544398,4663491.424403765,0.0,0.6212052560036249,0.20598666666666665,0.12796,0.20598666666666665
simArray_Sun_JS_frag_2Gyr_Run064_step.mat,1.2301523733333333e+24,7.093740666666667e+23,1.3707730666666667e+24,4608748.560203279,3836087.2916331417,9986.431613400473,5536.943675648965,1.8035999999999999,0.15302761580617064,15308377.7934442,0.1982320752069596,0.5766554469544954,0.20598666666666665,0.11878333333333334,0.22953333333333334
simArray_Sun_JS_frag_2Gyr_Run064_step.mat,1.3707730666666667e+24,6.1009952e+23,1.3707730666666667e+24,4778063.3061053185,3648073.7241444997,7970.319451008733,5601.855110351935,1.4228,0.9193057511465943,27558.653503587317,0.0,0.44507696776067385,0.22953333333333334,0.10216,0.22953333333333334
simArray_Sun_JS_frag_2Gyr_Run064_step.mat,7.210592799999999e+23,6.131253333333334e+23,1.1886668800000001e+24,3857036.0867720726,3654094.7045586845,5099.208791432762,4869.374323369712,1.0472,0.1606770837946172,4868809.126528274,0.7626623376623379,0.8503119651040806,0.12073999999999997,0.10266666666666667,0.19904
simArray_Sun_JS_frag_2Gyr_Run064_step.mat,6.576167333333333e+23,6.1009952e+23,1.1678644133333335e+24,3740425.3971253973,3648073.7241444997,4989.631771983056,4785.7584615222095,1.0426,0.4062147520615213,2778446.0750367986,0.8363351605324983,0.9277433025578933,0.11011666666666665,0.10216,0.19555666666666668
simArray_Sun_JS_frag_2Gyr_Run064_step.mat,1.665809773333333e+24,1.1678644133333333e+24,1.6658097733333334e+24,5098845.4369446505,4529610.446899057,7921.860821751888,6267.790823444804,1.2639,0.8980279077229341,71649.19291814548,2.2985155890984653e-16,0.7010790980031311,0.2789366666666666,0.19555666666666666,0.27893666666666667
simArray_Sun_JS_frag_2Gyr_Run064_step.mat,1.665809773333333e+24,1.1678644133333333e+24,2.606578933333333e+24,5098845.4369446505,4529610.446899057,6700.268390262495,6267.790823444804,1.069,0.4049016029277953,4369799.841448306,0.8055465593945489,0.7010790980031311,0.2789366666666666,0.19555666666666666,0.4364666666666666
simArray_Sun_JS_frag_2Gyr_Run064_step.mat,2.2000449866666666e+24,7.431357733333332e+23,2.7327872000000004e+24,5594233.193199756,3896004.3639984042,6920.517628434091,6434.09969173865,1.0756,0.1263239372120256,5279397.8654992785,0.7168840909699722,0.3377820807470276,0.3683933333333333,0.12443666666666663,0.45760000000000006
simArray_Sun_JS_frag_2Gyr_Run064_step.mat,1.2444055466666667e+24,5.9453250666666665e+23,1.2444055466666667e+24,4626480.024705983,3616778.511056278,8263.496955530403,5456.974810493563,1.5143,0.5775201547748418,2653553.5969147696,0.0,0.477764269260302,0.20837333333333333,0.09955333333333333,0.20837333333333333
simArray_Sun_JS_frag_2Gyr_Run064_step.mat,2.851052706666667e+24,6.171663866666666e+23,2.8510328e+24,6099091.198846065,3662105.0670618,7556.233997050898,6886.833755970561,1.0972,0.9460555584181707,4902.842773448122,-3.225494307087428e-05,0.2164696517968733,0.47740333333333335,0.10334333333333331,0.47739999999999994
simArray_Sun_JS_frag_2Gyr_Run064_step.mat,3.05963476e+24,7.004956933333333e+23,3.0596546666666664e+24,6244340.460085916,3820016.175116128,8720.129365025405,7061.977133969392,1.2348,0.8886577816309178,55655.38830441254,2.8417971525173948e-05,0.22894748827253267,0.51233,0.11729666666666665,0.5123333333333333
simArray_Sun_JS_frag_2Gyr_Run064_step.mat,3.1153933333333337e+24,7.004956933333334e+23,3.815889026666667e+24,6282044.4843908185,3820016.175116128,7139.201216656374,7100.856591064624,1.0054,0.8650662846705369,63804.30680385715,0.9999999999999997,0.22484984025559104,0.5216666666666667,0.11729666666666667,0.6389633333333333
simArray_Sun_JS_frag_2Gyr_Run064_step.mat,3.2752438666666666e+24,1.27227488e+24,4.547518746666667e+24,6387701.198437884,4660763.106098736,7542.035428239348,7412.319831193462,1.0175,0.5832406017131446,1897221.8470554939,1.0000000000000004,0.38845195405093297,0.5484333333333333,0.21303999999999998,0.7614733333333333
simArray_Sun_JS_frag_2Gyr_Run065_step.mat,6.131253333333331e+23,5.573866666666664e+23,1.1705119999999995e+24,3654094.704558684,3539828.6277588736,4673.911917656873,4660.396767032479,1.0029,0.7022296034707562,540211.5538908461,1.0,0.909090909090909,0.10266666666666663,0.09333333333333328,0.1959999999999999
simArray_Sun_JS_frag_2Gyr_Run065_step.mat,1.1705119999999999e+24,6.131253333333334e+23,1.62522008e+24,4533030.788334287,3654094.7045586845,5462.255166452556,5392.689472260397,1.0129,0.11671531003285178,4525755.105933028,0.7416233766233769,0.5238095238095238,0.19599999999999998,0.10266666666666667,0.27214
simArray_Sun_JS_frag_2Gyr_Run065_step.mat,1.62522008e+24,6.688639999999997e+23,2.2940840799999996e+24,5057091.037231495,3761629.22472589,5944.040539555612,5892.773410880948,1.0087,0.6829210517334459,636566.3619779412,0.9999999999999998,0.4115528771955609,0.27214,0.11199999999999995,0.3841399999999999
simArray_Sun_JS_frag_2Gyr_Run065_step.mat,7.246026666666667e+23,5.5738666666666665e+23,7.246026666666667e+23,3863343.771591996,3539828.627758874,5194.403823205356,4807.852483529578,1.0804,0.9628650000896124,1691.384393287423,0.0,0.7692307692307692,0.12133333333333332,0.09333333333333332,0.12133333333333332
simArray_Sun_JS_frag_2Gyr_Run065_step.mat,7.246026666666667e+23,5.573866666666667e+23,1.2819893333333334e+24,3863343.771591996,3539828.6277588746,4936.70293008817,4807.852483529578,1.0268,0.7766168192148725,261404.32730356528,1.0000000000000002,0.7692307692307693,0.12133333333333332,0.09333333333333334,0.21466666666666667
simArray_Sun_JS_frag_2Gyr_Run065_step.mat,5.573866666666664e+23,5.573866666666664e+23,1.1147733333333328e+24,3539828.6277588736,3539828.6277588736,4766.647899610199,4584.637779753966,1.0397,0.86915,66531.81436321039,1.0,1.0,0.09333333333333328,0.09333333333333328,0.18666666666666656
simArray_Sun_JS_frag_2Gyr_Run065_step.mat,2.2940840799999996e+24,5.573866666666664e+23,2.851470746666666e+24,5672830.695909058,3539828.6277588736,6420.049074173541,6427.762389040389,0.9988,0.9752481819335986,376.94242358957337,1.0000000000000004,0.24296697384634067,0.3841399999999999,0.09333333333333328,0.47747333333333325
simArray_Sun_JS_frag_2Gyr_Run065_step.mat,6.68864e+23,6.448167466666665e+23,1.1929269066666666e+24,3761629.2247258904,3715998.0836700336,5360.786239378616,4842.625329158642,1.107,0.3891603911551713,3438720.0008436367,0.8127315386515191,0.9640476190476189,0.11199999999999999,0.1079733333333333,0.1997533333333333
simArray_Sun_JS_frag_2Gyr_Run065_step.mat,7.321672e+23,6.8003164e+23,7.321672e+23,3876741.1286149113,3782449.0368157616,5798.981419898689,4961.0586191279735,1.1689,0.6887257712329818,938301.1149158654,0.0,0.9287928221859707,0.1226,0.11387,0.1226
simArray_Sun_JS_frag_2Gyr_Run065_step.mat,6.68864e+23,5.5738666666666665e+23,6.68864e+23,3761629.2247258904,3539828.627758874,6839.435256592295,4734.811531043472,1.4445,0.9454229456306904,9651.365049877693,0.0,0.8333333333333334,0.11199999999999999,0.09333333333333332,0.11199999999999999
simArray_Sun_JS_frag_2Gyr_Run065_step.mat,1.6517556666666665e+24,5.5738666666666665e+23,1.6517556666666665e+24,5084465.604986406,3539828.627758874,6616.99589255492,5847.468975393178,1.1316,0.7005640479501709,606046.8773789984,0.0,0.3374510394697198,0.2765833333333333,0.09333333333333332,0.2765833333333333
simArray_Sun_JS_frag_2Gyr_Run065_step.mat,8.680899200000001e+23,7.780719733333331e+23,1.3280732666666667e+24,4103158.401308381,3956124.671823269,8271.580878838022,5221.627977298163,1.5841000000000003,0.3750192729276258,8236067.942932759,0.5911835439799418,0.896303430563199,0.14536000000000002,0.13028666666666663,0.22238333333333332
simArray_Sun_JS_frag_2Gyr_Run065_step.mat,1.7690855600000002e+24,5.8525599999999994e+23,2.1035374666666669e+24,5202111.516903053,3597868.9210030413,7939.137059598055,5976.015852162631,1.3285,0.20932633897691716,6175387.69401398,0.5714625850340137,0.33082402187489446,0.29623,0.09799999999999999,0.35223333333333334
simArray_Sun_JS_frag_2Gyr_Run065_step.mat,1.250974746666667e+24,1.0755173866666667e+24,1.250974746666667e+24,4634606.782852498,4406927.006218612,7588.401299876338,5860.67446700366,1.2948,0.7922090377582287,546187.2494883362,0.0,0.8597434836574264,0.20947333333333337,0.18009333333333333,0.20947333333333337
simArray_Sun_JS_frag_2Gyr_Run065_step.mat,1.3090424933333332e+24,1.0755173866666667e+24,1.3090424933333332e+24,4705234.72535231,4406927.006218612,6413.292233356529,5910.323687546336,1.0851,0.7799748579988586,441501.6402286898,0.0,0.821606167977007,0.21919666666666662,0.18009333333333333,0.21919666666666662
simArray_Sun_JS_frag_2Gyr_Run065_step.mat,1.3369118266666668e+24,5.312093999999999e+23,1.8681212266666668e+24,4738391.788951979,3483522.573565801,6031.527994662737,5507.238855608782,1.0952,0.5902016023406651,1183607.9266628416,1.0,0.3973406393781919,0.22386333333333336,0.08894999999999999,0.31281333333333333
simArray_Sun_JS_frag_2Gyr_Run065_step.mat,1.8681212266666665e+24,6.852073733333333e+23,1.8681212266666668e+24,5297428.012294305,3792020.8903029202,7699.124700911159,6123.538297074015,1.2573,0.5984883004590753,1754545.2399672433,3.9175797933133744e-16,0.36678956566216275,0.3128133333333333,0.11473666666666665,0.31281333333333333
simArray_Sun_JS_frag_2Gyr_Run065_step.mat,1.0755173866666667e+24,6.852073733333333e+23,1.76072476e+24,4406927.006218612,3792020.8903029202,5595.009426847451,5354.076006552586,1.045,0.7852324157488764,269123.703097274,1.0,0.6370955800695935,0.18009333333333333,0.11473666666666665,0.29483
simArray_Sun_JS_frag_2Gyr_Run065_step.mat,2.2926109866666667e+24,1.908153533333333e+24,3.8340239999999996e+24,5671616.209997431,5335000.739332263,7396.030440803714,7137.647597764634,1.0362,0.3412260344436739,6964259.086415242,0.8078034531323353,0.8323058488469017,0.3838933333333333,0.3195166666666666,0.6419999999999999
simArray_Sun_JS_frag_2Gyr_Run065_step.mat,7.727369866666667e+23,6.190774266666667e+23,1.2077374666666668e+24,3947061.9730834435,3665881.04402852,6100.480251378362,4940.060127442191,1.2349,0.29531897123291767,5205746.214575182,0.7026592494935529,0.8011489515173373,0.12939333333333333,0.10366333333333333,0.20223333333333335
simArray_Sun_JS_frag_2Gyr_Run066_step.mat,5.573866666666664e+23,5.573866666666664e+23,1.1147733333333328e+24,3539828.6277588736,3539828.6277588736,4580.053141974212,4584.637779753966,0.9989999999999999,0.93475,8254.958600096565,1.0,1.0,0.09333333333333328,0.09333333333333328,0.18666666666666656
simArray_Sun_JS_frag_2Gyr_Run066_step.mat,7.803413333333333e+23,6.131253333333334e+23,1.2904496666666666e+24,3959967.142737017,3654094.7045586845,5041.975131940133,4942.628303048851,1.0201,0.40904765685201927,2589980.4873933177,0.8319805194805195,0.7857142857142858,0.13066666666666665,0.10266666666666667,0.21608333333333332
simArray_Sun_JS_frag_2Gyr_Run066_step.mat,1.3461883333333333e+24,6.688639999999997e+23,2.015052333333333e+24,4749326.0545778945,3761629.22472589,5603.764809248165,5621.754423403055,0.9968,0.7494276120576533,348128.3676880539,0.9999999999999998,0.49685767097966704,0.22541666666666665,0.11199999999999995,0.3374166666666666
simArray_Sun_JS_frag_2Gyr_Run066_step.mat,6.131253333333334e+23,6.131253333333334e+23,6.131253333333334e+23,3654094.7045586845,3654094.7045586845,7033.162062124191,4732.630416610047,1.4861,0.701,1306483.1199039172,0.0,1.0,0.10266666666666667,0.10266666666666667,0.10266666666666667
simArray_Sun_JS_frag_2Gyr_Run066_step.mat,7.435737200000001e+23,6.131253333333334e+23,7.435737200000001e+23,3896769.5481095673,3654094.7045586845,7055.124787261199,4897.351650188254,1.4406,0.8451667617629227,206138.8407659703,0.0,0.8245656306053061,0.12451000000000001,0.10266666666666667,0.12451000000000001
simArray_Sun_JS_frag_2Gyr_Run066_step.mat,6.131253333333334e+23,6.131253333333334e+23,1.2262506666666667e+24,3654094.7045586845,3654094.7045586845,4776.17061644286,4732.630416610047,1.0092,0.6417999999999999,925245.2323148178,1.0,1.0,0.10266666666666667,0.10266666666666667,0.20533333333333334
simArray_Sun_JS_frag_2Gyr_Run066_step.mat,7.435737200000001e+23,6.131253333333334e+23,7.435737200000001e+23,3896769.5481095673,3654094.7045586845,5318.523892104445,4897.351650188254,1.086,0.9687653692259623,1110.1469504135262,0.0,0.8245656306053061,0.12451000000000001,0.10266666666666667,0.12451000000000001
simArray_Sun_JS_frag_2Gyr_Run066_step.mat,2.405223e+24,7.246026666666667e+23,2.4053225333333334e+24,5762998.342947841,3863343.771591996,8043.172465865231,6587.904386817291,1.2209,0.7357649332642141,606650.3114184095,0.00013736263736291798,0.3012621560107594,0.40274999999999994,0.12133333333333332,0.40276666666666666
simArray_Sun_JS_frag_2Gyr_Run066_step.mat,2.405223e+24,7.246026666666667e+23,2.4053225333333334e+24,5762998.342947841,3863343.771591996,6858.0084666768,6587.904386817291,1.041,0.8759134856459492,55425.87605457284,0.00013736263736291798,0.3012621560107594,0.40274999999999994,0.12133333333333332,0.40276666666666666
simArray_Sun_JS_frag_2Gyr_Run066_step.mat,6.131253333333334e+23,6.131253333333334e+23,1.1447925866666667e+24,3654094.7045586845,3654094.7045586845,5039.304867606378,4732.630416610047,1.0648,0.4921,2181989.601124852,0.8671428571428571,1.0,0.10266666666666667,0.10266666666666667,0.19169333333333333
simArray_Sun_JS_frag_2Gyr_Run066_step.mat,6.131253333333334e+23,6.131253333333334e+23,1.2262506666666667e+24,3654094.7045586845,3654094.7045586845,4812.611870650757,4732.630416610047,1.0169,0.5989499999999999,1212279.0291274881,1.0,1.0,0.10266666666666667,0.10266666666666667,0.20533333333333334
simArray_Sun_JS_frag_2Gyr_Run066_step.mat,9.396344800000002e+23,6.679682000000001e+23,1.4490659866666668e+24,4212918.20205412,3759949.1757196044,5894.605369307392,5187.999796961267,1.1362,0.36338543089645803,3849583.921476336,0.7626583221576514,0.7108808948773357,0.15734,0.11185000000000002,0.24264333333333332
simArray_Sun_JS_frag_2Gyr_Run066_step.mat,1.2819893333333334e+24,8.3608e+23,1.2819893333333334e+24,4672595.458750138,4052092.2463936,7026.983172912777,5692.630567816573,1.2344,0.5385593332525738,2779266.689080436,0.0,0.6521739130434782,0.21466666666666667,0.13999999999999999,0.21466666666666667
simArray_Sun_JS_frag_2Gyr_Run066_step.mat,5.5738666666666665e+23,5.5738666666666665e+23,5.573866666666667e+23,3539828.627758874,3539828.627758874,6338.261730509858,4584.637779753966,1.3825,0.96645,2216.0703761240698,1.2039911970146398e-16,1.0,0.09333333333333332,0.09333333333333332,0.09333333333333334
simArray_Sun_JS_frag_2Gyr_Run066_step.mat,1.770260053333333e+24,1.2911065866666667e+24,3.0613666399999997e+24,5203262.48699115,4683646.159937524,6574.966245495607,6429.0273252132665,1.0227,0.9841398558583896,207.58800522373747,1.0,0.7293315940985968,0.2964266666666666,0.21619333333333332,0.51262
simArray_Sun_JS_frag_2Gyr_Run066_step.mat,3.37394112e+24,1.3410524133333332e+24,3.3739809333333337e+24,6451230.288118171,4743278.548951931,9159.777253520037,7498.180462933887,1.2216,0.6721214833576807,1607885.2341437389,2.9688126234293666e-05,0.39747356745020296,0.5649599999999999,0.22455666666666663,0.5649666666666667
simArray_Sun_JS_frag_2Gyr_Run066_step.mat,3.37394112e+24,1.3410524133333332e+24,4.364536666666667e+24,6451230.288118171,4743278.548951931,8236.001420486582,7498.180462933887,1.0984,0.3397201529961012,5776254.021587177,0.7386702688259836,0.39747356745020296,0.5649599999999999,0.22455666666666663,0.7308333333333333
simArray_Sun_JS_frag_2Gyr_Run066_step.mat,5.20561324e+24,9.21181e+23,5.205593333333333e+24,7454537.058807194,4185156.4991441104,9906.214320162788,8382.31030645015,1.1818,0.7910086872556206,357566.47536383924,-2.160994057264929e-05,0.17695917032822053,0.87167,0.15425,0.8716666666666666
simArray_Sun_JS_frag_2Gyr_Run066_step.mat,5.20561324e+24,9.21181e+23,5.205593333333333e+24,7454537.058807194,4185156.4991441104,8845.852066396843,8382.31030645015,1.0553,0.859023522156881,96065.10792872643,-2.160994057264929e-05,0.17695917032822053,0.87167,0.15425,0.8716666666666666
simArray_Sun_JS_frag_2Gyr_Run066_step.mat,5.20561324e+24,9.21181e+23,5.205593333333333e+24,7454537.058807194,4185156.4991441104,8687.426401604935,8382.31030645015,1.0364,0.9609176863074512,2224.071410929426,-2.160994057264929e-05,0.17695917032822053,0.87167,0.15425,0.8716666666666666
simArray_Sun_JS_frag_2Gyr_Run066_step.mat,3.457083304e+24,9.21181e+23,4.3782643040000004e+24,6503792.250641239,4185156.4991441104,7564.443503128913,7394.372925834716,1.023,0.798237998267845,242884.46428099676,1.0000000000000004,0.26646190415317805,0.578882,0.15425,0.733132
simArray_Sun_JS_frag_2Gyr_Run066_step.mat,5.20561324e+24,5.5738666666666665e+23,5.205593333333333e+24,7454537.058807194,3539828.627758874,12493.708873032134,8364.829186550705,1.4936,0.8699834781594366,113639.6306558135,-3.571428571426236e-05,0.10707416032825878,0.87167,0.09333333333333332,0.8716666666666666
simArray_Sun_JS_frag_2Gyr_Run066_step.mat,5.20561324e+24,4.475615866666666e+23,5.6071108e+24,7454537.058807194,3290139.5107805943,9593.940374738335,8380.451061092186,1.1448,0.6076896747446459,1031654.0691280252,0.8970777921095927,0.08597672666643721,0.87167,0.07494333333333332,0.9388999999999998
simArray_Sun_JS_frag_2Gyr_Run066_step.mat,4.3781727333333335e+24,1.421336e+24,5.4387004e+24,7036569.949776083,4836103.988209846,8256.624031904545,8074.937928513003,1.0225,0.05399217781713503,7897533.537053985,0.7461484593837535,0.3246413713142519,0.7331166666666666,0.238,0.9107
simArray_Sun_JS_frag_2Gyr_Run067_step.mat,6.131253333333334e+23,5.573866666666664e+23,1.1705119999999997e+24,3654094.7045586845,3539828.6277588736,4760.595297523678,4660.396767032479,1.0215,0.5662535710301623,1337365.646254381,1.0,0.9090909090909086,0.10266666666666667,0.09333333333333328,0.19599999999999995
simArray_Sun_JS_frag_2Gyr_Run067_step.mat,1.1705119999999999e+24,6.131253333333334e+23,1.1705120000000001e+24,4533030.788334287,3654094.7045586845,6977.600908157729,5392.689472260397,1.2939,0.9844393796888542,178.58557405158294,4.3781498073259624e-16,0.5238095238095238,0.19599999999999998,0.10266666666666667,0.196
simArray_Sun_JS_frag_2Gyr_Run067_step.mat,6.131253333333334e+23,5.5738666666666665e+23,6.131253333333334e+23,3654094.7045586845,3539828.627758874,6018.436384945745,4660.39676703248,1.2914,0.8539010389835,135856.00893381587,0.0,0.9090909090909091,0.10266666666666667,0.09333333333333332,0.10266666666666667
simArray_Sun_JS_frag_2Gyr_Run067_step.mat,6.273187866666667e+23,6.131253333333334e+23,6.273187866666667e+23,3682076.5222162413,3654094.7045586845,6627.442066275981,4750.854527796402,1.395,0.8209694650266216,302332.90326234757,0.0,0.9773744169073081,0.10504333333333334,0.10266666666666667,0.10504333333333334
simArray_Sun_JS_frag_2Gyr_Run067_step.mat,6.273187866666667e+23,6.131253333333334e+23,1.2404441200000002e+24,3682076.5222162413,3654094.7045586845,4930.911914399886,4750.854527796402,1.0379,0.6206583361569483,1109962.8526718637,1.0000000000000002,0.9773744169073081,0.10504333333333334,0.10266666666666667,0.20771
simArray_Sun_JS_frag_2Gyr_Run067_step.mat,8.3608e+23,5.5738666666666665e+23,8.3608e+23,4052092.2463936,3539828.627758874,7275.7556495766585,4949.830362321694,1.4699,0.9855461426685456,181.7219453296603,0.0,0.6666666666666666,0.13999999999999999,0.09333333333333332,0.13999999999999999
simArray_Sun_JS_frag_2Gyr_Run067_step.mat,1.9306082533333334e+24,7.607531733333333e+23,1.9306082533333334e+24,5355846.211735705,3926551.5443190495,11218.058051646001,6221.194571675911,1.8031999999999997,0.6337075881619467,3136392.2510134876,0.0,0.3940484414794345,0.32327666666666666,0.12738666666666665,0.32327666666666666
simArray_Sun_JS_frag_2Gyr_Run067_step.mat,2.0466442133333332e+24,5.8441991999999995e+23,2.3740690666666668e+24,5461066.88901218,3596154.8335968736,9420.984732002857,6227.103398772461,1.5129,0.4050629264027283,5118635.540633594,0.5602561482389815,0.28555032486480175,0.3427066666666666,0.09785999999999999,0.39753333333333335
simArray_Sun_JS_frag_2Gyr_Run067_step.mat,8.918186666666667e+23,6.880540266666667e+23,1.5798726933333332e+24,4140208.6791202626,3797264.8769012247,5294.201777935291,5154.514436700702,1.0271,0.7047897454705113,615834.9518120583,0.9999999999999998,0.7715178571428571,0.14933333333333332,0.11521333333333333,0.26454666666666665
simArray_Sun_JS_frag_2Gyr_Run067_step.mat,1.6726377600000002e+24,1.5798726933333332e+24,1.6726377600000002e+24,5105802.491649376,5009611.834686002,9288.601777379958,6551.418942996162,1.4178,0.9631223615776154,6066.60136232314,0.0,0.9445396553365704,0.28008,0.26454666666666665,0.28008
simArray_Sun_JS_frag_2Gyr_Run067_step.mat,6.131253333333334e+23,5.9367652e+23,1.07782656e+24,3654094.7045586845,3615041.9078528346,5242.792242270805,4707.544439499691,1.1137,0.30528133290128073,4111956.8809058676,0.7827515675820674,0.9682792207792207,0.10266666666666667,0.09941,0.18047999999999997
simArray_Sun_JS_frag_2Gyr_Run067_step.mat,1.78807652e+24,1.5798726933333332e+24,1.78807652e+24,5220660.021261845,5009611.834686002,7440.544138512631,6629.137685773905,1.1224,0.9651075133912583,3160.194079207917,0.0,0.8835598900059004,0.29941,0.26454666666666665,0.29941
simArray_Sun_JS_frag_2Gyr_Run067_step.mat,3.05593212e+24,6.68864e+23,3.0558723999999996e+24,6241820.564809611,3761629.2247258904,22354.40238069453,7050.0827490521415,3.1708,0.6972205035121306,5461714.200916673,-8.928571428645855e-05,0.2188739715854683,0.51171,0.11199999999999999,0.5116999999999999
simArray_Sun_JS_frag_2Gyr_Run067_step.mat,3.2918539893333334e+24,2.7869333333333334e+22,3.319723322666667e+24,6398481.22464894,1304084.016445267,8080.975762141907,7584.9218717307185,1.0654,0.509215938838658,134448.84417364496,1.0000000000000009,0.008466151118378562,0.5512146666666666,0.004666666666666666,0.5558813333333333
simArray_Sun_JS_frag_2Gyr_Run067_step.mat,3.405911226666667e+24,1.6146297333333336e+24,4.1013705333333336e+24,6471542.6848683255,5046082.661657504,12020.991741717451,7628.016842259947,1.5759,0.2862225280375447,15529100.005917527,0.43072370854395253,0.47406688720820134,0.5703133333333333,0.2703666666666667,0.6867666666666666
simArray_Sun_JS_frag_2Gyr_Run067_step.mat,4.274777506666666e+24,1.9551531733333334e+24,5.731527466666666e+24,6980736.0507230805,5378448.0031406805,8969.81228092614,8202.84616454151,1.0935,0.3416606807277295,7414985.337946853,0.7450822676549647,0.4573695754420442,0.7158033333333332,0.32738666666666666,0.9597333333333332
simArray_Sun_JS_frag_2Gyr_Run067_step.mat,1.16143456e+24,5.873860133333332e+23,1.6486104133333334e+24,4521282.326846607,3602228.3981806557,6456.384025074079,5360.664251971171,1.2044,0.5565118766552438,1864688.030694402,0.8293964144101401,0.5057418072123954,0.19448,0.09835666666666665,0.2760566666666667
simArray_Sun_JS_frag_2Gyr_Run067_step.mat,1.6486104133333334e+24,6.967333333333333e+23,1.6486104133333334e+24,5081236.294902274,3813164.796205839,8977.575981724998,5932.8416479810985,1.5132,0.8105388976009376,382557.5207086167,0.0,0.4226185445017327,0.2760566666666667,0.11666666666666665,0.2760566666666667
simArray_Sun_JS_frag_2Gyr_Run067_step.mat,1.6486104133333334e+24,6.967333333333333e+23,2.3453437466666666e+24,5081236.294902274,3813164.796205839,6414.5883897971635,5932.8416479810985,1.0812,0.5755694525887685,1503416.6488849046,0.9999999999999998,0.4226185445017327,0.2760566666666667,0.11666666666666665,0.3927233333333333
simArray_Sun_JS_frag_2Gyr_Run068_step.mat,5.573866666666664e+23,5.573866666666664e+23,1.1147733333333328e+24,3539828.6277588736,3539828.6277588736,4607.102504874761,4584.637779753966,1.0049,0.83095,126751.06662236954,1.0,1.0,0.09333333333333328,0.09333333333333328,0.18666666666666656
simArray_Sun_JS_frag_2Gyr_Run068_step.mat,1.1147733333333333e+24,6.131253333333334e+23,1.1147733333333334e+24,4459904.601133889,3654094.7045586845,8077.943467865973,5331.623964006319,1.5151,0.8263521260891185,287265.7534968116,2.1890749036629812e-16,0.55,0.18666666666666665,0.10266666666666667,0.18666666666666668
simArray_Sun_JS_frag_2Gyr_Run068_step.mat,6.68864e+23,6.131253333333334e+23,6.68864e+23,3761629.2247258904,3654094.7045586845,5652.129877680008,4803.781980010205,1.1766,0.5275404574145658,2268072.296656834,0.0,0.9166666666666667,0.11199999999999999,0.10266666666666667,0.11199999999999999
simArray_Sun_JS_frag_2Gyr_Run068_step.mat,6.688639999999997e+23,6.131253333333331e+23,1.2819893333333326e+24,3761629.22472589,3654094.704558684,4935.885984460484,4803.781980010203,1.0275,0.8217457125111508,159111.42459342902,0.9999999999999998,0.9166666666666667,0.11199999999999995,0.10266666666666663,0.21466666666666653
simArray_Sun_JS_frag_2Gyr_Run068_step.mat,6.131253333333334e+23,5.5738666666666665e+23,1.0392076266666667e+24,3654094.7045586845,3539828.627758874,4853.337193187625,4660.39676703248,1.0414,0.08782314534545663,5071469.802697129,0.7644285714285713,0.9090909090909091,0.10266666666666667,0.09333333333333332,0.17401333333333333
simArray_Sun_JS_frag_2Gyr_Run068_step.mat,7.246026666666667e+23,5.5738666666666665e+23,1.1623502666666668e+24,3863343.771591996,3539828.627758874,5365.082586370656,4807.852483529578,1.1159,0.38147217769525055,3153471.813129669,0.7853571428571431,0.7692307692307692,0.12133333333333332,0.09333333333333332,0.19463333333333335
simArray_Sun_JS_frag_2Gyr_Run068_step.mat,1.1147733333333333e+24,5.5738666666666665e+23,1.5157135066666667e+24,4459904.601133889,3539828.627758874,6102.056194430541,5282.250860829762,1.1552,0.34130558091023655,3616658.0727249836,0.7193214285714287,0.5,0.18666666666666665,0.09333333333333332,0.2538033333333333
simArray_Sun_JS_frag_2Gyr_Run068_step.mat,1.3934666666666666e+24,7.266928666666668e+23,1.3934666666666666e+24,4804286.593457831,3867054.959053219,6811.52771003866,5712.931066039303,1.1923,0.6026313801687174,1650773.9009470087,0.0,0.5215000000000001,0.2333333333333333,0.12168333333333335,0.2333333333333333
simArray_Sun_JS_frag_2Gyr_Run068_step.mat,6.68864e+23,6.459514266666666e+23,6.68864e+23,3761629.2247258904,3718176.479269077,6248.773846103338,4844.01073341344,1.29,0.8130962716435972,299757.08607704804,0.0,0.9657440476190475,0.11199999999999999,0.1081633333333333,0.11199999999999999
simArray_Sun_JS_frag_2Gyr_Run068_step.mat,8.103207733333332e+23,6.6671408e+23,8.103207733333332e+23,4010043.0606923485,3757594.581774956,7139.523880126531,5038.122842513959,1.4171,0.7052491474707558,1159015.1545370093,0.0,0.8227779688498011,0.13568666666666665,0.11163999999999999,0.13568666666666665
simArray_Sun_JS_frag_2Gyr_Run068_step.mat,1.1639228933333332e+24,8.204731733333333e+23,1.7333929066666668e+24,4524508.92060349,4026720.699526696,7455.7767111447865,5565.673866187509,1.3396,0.4032318627340783,5454366.8350705905,0.6940751164596277,0.7049205561921702,0.19489666666666663,0.13738666666666666,0.29025333333333336
simArray_Sun_JS_frag_2Gyr_Run068_step.mat,7.488091733333335e+23,6.68864e+23,7.488091733333335e+23,3905893.7992149065,3761629.2247258904,6507.535082005073,4967.963265902033,1.3099,0.8911065544417456,68337.2605014088,0.0,0.8932369204593787,0.12538666666666667,0.11199999999999999,0.12538666666666667
simArray_Sun_JS_frag_2Gyr_Run068_step.mat,6.459514266666666e+23,6.074320266666667e+23,1.0376748133333334e+24,3718176.479269077,3642749.2216526177,6757.023171654125,4767.532048016739,1.4173,0.30994377342972396,6663812.301424508,0.6448843153962118,0.9403679620327284,0.1081633333333333,0.10171333333333332,0.17375666666666667
simArray_Sun_JS_frag_2Gyr_Run068_step.mat,1.65711056e+24,1.1537306799999998e+24,1.65711056e+24,5089954.18942137,4511263.477210378,7100.267723890391,6251.3362598084095,1.1358,0.9678698771638854,1926.6382764141306,0.0,0.6962303589447887,0.27748,0.19318999999999997,0.27748
simArray_Sun_JS_frag_2Gyr_Run068_step.mat,1.65711056e+24,1.1816000133333333e+24,2.5552197333333334e+24,5089954.18942137,4547299.310068208,8148.507314995303,6270.4942785650655,1.2995,0.4750217266992139,5121244.70817221,0.7600788449551021,0.7130483878717985,0.27748,0.19785666666666665,0.4278666666666667
simArray_Sun_JS_frag_2Gyr_Run068_step.mat,2.6470412240000005e+24,1.7447377160000002e+24,4.3917789400000004e+24,5949999.742803557,5178135.710884258,7537.605343440457,7258.165954203618,1.0385,0.9563834466470083,5188.388377538406,0.9999999999999999,0.659127519504018,0.443242,0.292153,0.735395
simArray_Sun_JS_frag_2Gyr_Run068_step.mat,1.6593998266666666e+24,6.556260666666666e+23,1.6593998266666666e+24,5092297.0024807155,3736647.3778916164,6579.975649270538,5916.180227720318,1.1122,0.7951392992379298,243864.02694281348,0.0,0.395098309720606,0.2778633333333333,0.1097833333333333,0.2778633333333333
simArray_Sun_JS_frag_2Gyr_Run068_step.mat,1.6593998266666666e+24,6.556260666666666e+23,2.1859510666666666e+24,5092297.0024807155,3736647.3778916164,6234.470723971672,5916.180227720318,1.0538,0.43950104890417996,2449172.089130011,0.8031273720965539,0.395098309720606,0.2778633333333333,0.1097833333333333,0.3660333333333333
simArray_Sun_JS_frag_2Gyr_Run068_step.mat,2.1859112533333333e+24,7.488091733333335e+23,2.1859510666666666e+24,5582227.783474236,3905893.7992149065,7560.958597919052,6425.561823675577,1.1767,0.729186810533796,617924.3923712833,5.3168864313023485e-05,0.3425615619991258,0.36602666666666667,0.12538666666666667,0.3660333333333333
simArray_Sun_JS_frag_2Gyr_Run068_step.mat,1.1212828133333333e+24,7.488091733333335e+23,1.8700919866666668e+24,4468568.644752653,3905893.7992149065,5550.903766312686,5459.726336493249,1.0167,0.940193833901045,7202.278603284055,1.0,0.6678147247323665,0.18775666666666666,0.12538666666666667,0.31314333333333333
simArray_Sun_JS_frag_2Gyr_Run068_step.mat,3.597672146666667e+24,1.2433704000000001e+23,3.3883137333333334e+24,6590786.446677114,2146826.1996590267,48986.48281345179,7540.674355163984,6.4963,0.0994168188534076,36075785.62591692,-1.683797630483509,0.03456041432658098,0.6024233333333333,0.02082,0.5673666666666667
simArray_Sun_JS_frag_2Gyr_Run068_step.mat,2.242585533333333e+24,6.131253333333334e+23,2.2870769333333332e+24,5630060.357181685,3654094.7045586845,12889.777211388522,6407.723807610122,2.0116,0.2636696852889178,13001221.835246947,0.07256493506493532,0.2734010918290356,0.3755166666666666,0.10266666666666667,0.3829666666666666
simArray_Sun_JS_frag_2Gyr_Run069_step.mat,6.131253333333331e+23,5.573866666666664e+23,1.1705119999999995e+24,3654094.704558684,3539828.6277588736,4699.544099875552,4660.396767032479,1.0084,0.9150572373617124,17613.76303625679,1.0,0.909090909090909,0.10266666666666663,0.09333333333333328,0.1959999999999999
simArray_Sun_JS_frag_2Gyr_Run069_step.mat,6.409946666666667e+23,6.131253333333334e+23,6.409946666666667e+23,3708641.4733209005,3654094.7045586845,7564.027711365825,4768.346284666094,1.5863,0.6202110378230514,2588003.567569492,0.0,0.9565217391304347,0.10733333333333334,0.10266666666666667,0.10733333333333334
simArray_Sun_JS_frag_2Gyr_Run069_step.mat,5.5738666666666665e+23,5.5738666666666665e+23,9.262372933333334e+23,3539828.627758874,3539828.627758874,7367.971375842599,4584.637779753966,1.6071,0.4506,5434049.450223887,0.6617500000000002,1.0,0.09333333333333332,0.09333333333333332,0.15509666666666666
simArray_Sun_JS_frag_2Gyr_Run069_step.mat,6.68864e+23,6.409946666666667e+23,9.298204933333333e+23,3761629.2247258904,3708641.4733209005,8160.664080047054,4837.955940269773,1.6868,0.12331855623066477,13994783.056004195,0.40711180124223606,0.9583333333333335,0.11199999999999999,0.10733333333333334,0.15569666666666665
simArray_Sun_JS_frag_2Gyr_Run069_step.mat,6.409946666666667e+23,6.131253333333334e+23,6.409946666666667e+23,3708641.4733209005,3654094.7045586845,7883.030077809987,4768.346284666094,1.6532,0.6712866483446606,2010113.2990515018,0.0,0.9565217391304347,0.10733333333333334,0.10266666666666667,0.10733333333333334
simArray_Sun_JS_frag_2Gyr_Run069_step.mat,1.1960522533333333e+24,7.587824133333334e+23,1.6631820933333335e+24,4565763.688740019,3923157.9852609728,7727.643396125668,5544.298605341992,1.3938,0.34336322690062404,6579965.790364037,0.6156308208935648,0.6344057387280929,0.20027666666666666,0.12705666666666668,0.27849666666666667
simArray_Sun_JS_frag_2Gyr_Run069_step.mat,1.2262506666666667e+24,6.443190799999999e+23,1.767194426666667e+24,4603870.836582874,3715041.8407472284,5885.6862272848675,5478.624431988148,1.0743,0.5090930686306726,1969500.2683038088,0.8395588098989717,0.5254383116883116,0.20533333333333334,0.10788999999999997,0.29591333333333336
simArray_Sun_JS_frag_2Gyr_Run069_step.mat,1.0147224266666667e+24,7.9564956e+23,1.0147224266666667e+24,4322275.697054075,3985694.3191475673,7609.402264183135,5393.296664670164,1.4109,0.7073407855655037,1257124.4571563378,0.0,0.7841056224742025,0.16991333333333333,0.13323,0.16991333333333333
simArray_Sun_JS_frag_2Gyr_Run069_step.mat,1.7671944266666667e+24,5.5738666666666665e+23,1.767194426666667e+24,5200257.189007965,3539828.627758874,6795.001711518221,5958.4371374239045,1.1404,0.7050027737067375,590638.5639408493,4.815964788058559e-16,0.31540766440624507,0.2959133333333333,0.09333333333333332,0.29591333333333336
simArray_Sun_JS_frag_2Gyr_Run069_step.mat,8.839953466666667e+23,8.4700876e+23,1.7310041066666665e+24,4128066.6913577295,4069671.4172704816,5522.512890425635,5309.087570107321,1.0402,0.7480912167987355,511563.1212253279,0.9999999999999999,0.9581597495890286,0.14802333333333334,0.14182999999999998,0.2898533333333333
simArray_Sun_JS_frag_2Gyr_Run069_step.mat,1.0147224266666667e+24,5.573866666666667e+23,1.5721090933333335e+24,4322275.697054075,3539828.6277588746,5354.995433249906,5166.42106439933,1.0365,0.8551527134470542,76110.37009823212,1.0000000000000002,0.5492996429552321,0.16991333333333333,0.09333333333333334,0.2632466666666667
simArray_Sun_JS_frag_2Gyr_Run069_step.mat,1.8541865599999995e+24,7.323662666666666e+23,1.85418656e+24,5284223.623238537,3877092.441813809,7937.7629944828195,6139.027837960418,1.293,0.6497046327133654,1413155.5409153483,7.3306340889176225e-16,0.3949798161985743,0.3104799999999999,0.1226333333333333,0.31048
simArray_Sun_JS_frag_2Gyr_Run069_step.mat,1.831911e+24,5.6698168e+23,1.831911e+24,5262977.364208029,3560025.0520917666,7029.2904812176785,6024.417621886937,1.1668,0.9751686545061166,527.4724003110409,0.0,0.3095028524857376,0.30674999999999997,0.09494,0.30674999999999997
simArray_Sun_JS_frag_2Gyr_Run069_step.mat,2.2277550666666667e+24,7.959083466666667e+23,3.0236634133333336e+24,5617622.160665709,3986126.3907499257,6454.2989879387205,6482.823410946887,0.9956,0.9636895905955934,1501.8308813677133,1.0000000000000002,0.3572692342060585,0.37303333333333333,0.13327333333333333,0.5063066666666667
simArray_Sun_JS_frag_2Gyr_Run069_step.mat,3.023663413333333e+24,5.6698168e+23,3.0236236e+24,6219772.888657347,3560025.0520917666,7776.336228786341,7000.662791489324,1.1108,0.9911139400228909,22.317122585556778,-7.02197879352476e-05,0.18751481315671664,0.5063066666666666,0.09494,0.5063
simArray_Sun_JS_frag_2Gyr_Run069_step.mat,3.023663413333333e+24,5.6698168e+23,3.4649544e+24,6219772.888657347,3560025.0520917666,7345.795467109747,7000.662791489324,1.0493,0.22367477714710648,3305310.2946451767,0.7783161294852893,0.18751481315671664,0.5063066666666666,0.09494,0.5801999999999999
simArray_Sun_JS_frag_2Gyr_Run069_step.mat,1.8597803333333332e+24,1.62784776e+24,1.8597803333333335e+24,5289532.163909409,5059815.029698583,7672.1047713402495,6706.971563371143,1.1439,0.7543808636309249,875731.2264713997,1.6490206430606263e-16,0.8752903398447953,0.3114166666666666,0.27258,0.3114166666666667
simArray_Sun_JS_frag_2Gyr_Run069_step.mat,3.8226772e+24,1.6854914946666666e+24,5.508168694666667e+24,6725417.569091835,5118848.000526468,8179.120353573303,7878.933006043062,1.0381,0.9046517243383976,46831.2313725144,1.0000000000000002,0.4409191272197052,0.6401,0.2822323333333333,0.9223323333333333
simArray_Sun_JS_frag_2Gyr_Run069_step.mat,5.59176276e+24,1.8922481066666668e+24,5.591782666666667e+24,7634482.861145432,5320136.049365974,11306.286369063882,8781.58164587486,1.2875,0.6257454548035185,3059272.1821434945,1.0520114458838431e-05,0.3383992111043471,0.9363299999999999,0.3168533333333333,0.9363333333333332
simArray_Sun_JS_frag_2Gyr_Run069_step.mat,5.59176276e+24,1.8922481066666668e+24,7.013914933333333e+24,7634482.861145432,5320136.049365974,9523.625294951285,8781.58164587486,1.0845,0.3575435745237282,6671551.239489457,0.7515674970543678,0.3383992111043471,0.9363299999999999,0.3168533333333333,1.1744666666666665
simArray_Sun_JS_frag_2Gyr_Run070_step.mat,6.688639999999997e+23,5.573866666666664e+23,1.2262506666666662e+24,3761629.22472589,3539828.6277588736,4761.326475617315,4734.811531043471,1.0056,0.8409426593389876,101853.0745998345,1.0000000000000002,0.8333333333333333,0.11199999999999995,0.09333333333333328,0.20533333333333326
simArray_Sun_JS_frag_2Gyr_Run070_step.mat,5.573866666666664e+23,5.573866666666664e+23,1.1147733333333328e+24,3539828.6277588736,3539828.6277588736,4674.496680237145,4584.637779753966,1.0196,0.92035,15395.546662083134,1.0,1.0,0.09333333333333328,0.09333333333333328,0.18666666666666656
simArray_Sun_JS_frag_2Gyr_Run070_step.mat,6.131253333333334e+23,5.5738666666666665e+23,6.131253333333334e+23,3654094.7045586845,3539828.627758874,9994.686906577857,4660.39676703248,2.1446,0.8939776507114151,151050.88590736626,0.0,0.9090909090909091,0.10266666666666667,0.09333333333333332,0.10266666666666667
simArray_Sun_JS_frag_2Gyr_Run070_step.mat,6.688639999999997e+23,5.573866666666664e+23,1.2262506666666662e+24,3761629.22472589,3539828.6277588736,4773.163504444923,4734.811531043471,1.0081,0.6635631594857662,719633.5366302648,1.0000000000000002,0.8333333333333333,0.11199999999999995,0.09333333333333328,0.20533333333333326
simArray_Sun_JS_frag_2Gyr_Run070_step.mat,1.2262506666666667e+24,6.409946666666667e+23,1.71671112e+24,4603870.836582874,3708641.4733209005,5985.115864609666,5475.860809340957,1.093,0.37473376181599083,3256060.3391909823,0.7651552795031055,0.5227272727272727,0.20533333333333334,0.10733333333333334,0.28746
simArray_Sun_JS_frag_2Gyr_Run070_step.mat,1.3934666666666666e+24,7.155053199999999e+23,1.3934666666666666e+24,4804286.593457831,3847107.609851839,6552.647952067564,5704.403196715908,1.1487,0.9604803453373782,2495.296873058358,0.0,0.5134714285714286,0.2333333333333333,0.11980999999999997,0.2333333333333333
simArray_Sun_JS_frag_2Gyr_Run070_step.mat,1.421336e+24,7.155053199999999e+23,1.421336e+24,4836103.988209846,3847107.609851839,6157.8598972842865,5731.440708566908,1.0744,0.7396279618219035,468188.80182861956,0.0,0.5034033613445378,0.238,0.11980999999999997,0.238
simArray_Sun_JS_frag_2Gyr_Run070_step.mat,1.421336e+24,7.155053199999999e+23,2.13684132e+24,4836103.988209846,3847107.609851839,5750.927606976036,5731.440708566908,1.0034,0.7509897166571194,363602.9861933719,1.0,0.5034033613445378,0.238,0.11980999999999997,0.35780999999999996
simArray_Sun_JS_frag_2Gyr_Run070_step.mat,1.1147733333333333e+24,6.131253333333334e+23,1.1147733333333334e+24,4459904.601133889,3654094.7045586845,6212.9414052565635,5331.623964006319,1.1653,0.7020200448590008,709215.2812537588,2.1890749036629812e-16,0.55,0.18666666666666665,0.10266666666666667,0.18666666666666668
simArray_Sun_JS_frag_2Gyr_Run070_step.mat,7.978193866666666e+23,6.131253333333334e+23,7.978193866666667e+23,3989314.1774962675,3654094.7045586845,5280.673286330321,4963.971880363152,1.0638,0.7674960987342984,332124.9763656383,2.1890749036629812e-16,0.7685014222266582,0.13359333333333331,0.10266666666666667,0.13359333333333334
simArray_Sun_JS_frag_2Gyr_Run070_step.mat,7.978193866666667e+23,6.131253333333334e+23,1.4109447200000003e+24,3989314.177496268,3654094.7045586845,5156.077592133206,4963.971880363152,1.0387,0.9329474848606316,9524.476169539184,1.0000000000000004,0.7685014222266581,0.13359333333333334,0.10266666666666667,0.23626000000000005
simArray_Sun_JS_frag_2Gyr_Run070_step.mat,1.7724497866666665e+24,1.1147733333333334e+24,2.8872231200000003e+24,5205407.004808606,4459904.6011338895,6357.601608389249,6314.661907418802,1.0068,0.7503838340132437,512435.38203089155,1.0000000000000004,0.6289449448550058,0.2967933333333333,0.18666666666666668,0.48346000000000006
simArray_Sun_JS_frag_2Gyr_Run070_step.mat,2.4222631066666667e+24,8.3608e+23,3.0313872000000005e+24,5776575.892936325,4052092.2463936,7827.709220365795,6652.25564745967,1.1767,0.3981264251070584,4067578.377017574,0.7285476190476197,0.3451648161997354,0.4056033333333333,0.13999999999999999,0.5076
simArray_Sun_JS_frag_2Gyr_Run070_step.mat,3.524873466666667e+24,1.4388140533333334e+24,4.600430666666667e+24,6546028.460792846,4855846.343912435,8041.614216752123,7623.105713102781,1.0549,0.30594780476952244,6073652.486866502,0.7475303688535929,0.40818885186649345,0.5902333333333334,0.24092666666666668,0.7703333333333333
simArray_Sun_JS_frag_2Gyr_Run070_step.mat,3.2805589466666664e+24,6.203514533333333e+23,3.768332e+24,6391154.660780699,3668394.046891537,7396.85248142472,7194.681919487131,1.0281,0.21048553972423736,3432620.800770695,0.7862850174886892,0.1890993161283276,0.5493233333333333,0.10387666666666666,0.631
simArray_Sun_JS_frag_2Gyr_Run071_step.mat,5.5738666666666665e+23,5.5738666666666665e+23,1.0418950266666666e+24,3539828.627758874,3539828.627758874,4625.899519771751,4584.637779753966,1.009,0.45845,2083894.7249640615,0.8692500000000001,1.0,0.09333333333333332,0.09333333333333332,0.17446333333333333
simArray_Sun_JS_frag_2Gyr_Run071_step.mat,7.246026666666667e+23,6.131253333333331e+23,1.3377279999999996e+24,3863343.771591996,3654094.704558684,4961.031007657379,4873.790163726671,1.0179,0.9097882876656913,22293.827862569397,0.9999999999999998,0.8461538461538458,0.12133333333333332,0.10266666666666663,0.22399999999999992
simArray_Sun_JS_frag_2Gyr_Run071_step.mat,6.68864e+23,6.131253333333334e+23,6.68864e+23,3761629.2247258904,3654094.7045586845,5188.084538411022,4803.781980010205,1.08,0.9956311632820287,3.166140767586052,0.0,0.9166666666666667,0.11199999999999999,0.10266666666666667,0.11199999999999999
simArray_Sun_JS_frag_2Gyr_Run071_step.mat,1.0418950266666666e+24,6.131253333333334e+23,1.0418950266666666e+24,4360517.498797148,3654094.7045586845,5801.503404303172,5250.229325161242,1.105,0.9676301453941243,1179.9378012562236,0.0,0.5884713120235389,0.17446333333333333,0.10266666666666667,0.17446333333333333
simArray_Sun_JS_frag_2Gyr_Run071_step.mat,1.337728e+24,5.5738666666666665e+23,1.337728e+24,4739355.842131882,3539828.627758874,6957.673718658281,5527.666416666626,1.2587,0.9621038633502217,2178.841589406516,0.0,0.4166666666666667,0.22399999999999998,0.09333333333333332,0.22399999999999998
simArray_Sun_JS_frag_2Gyr_Run071_step.mat,1.3655973333333333e+24,5.8093625333333335e+23,1.3655973333333333e+24,4772042.087727855,3588995.1530481842,6136.5906283927625,5574.664451664937,1.1008,0.9272936546819913,11714.82687991682,0.0,0.42540816326530617,0.22866666666666663,0.09727666666666666,0.22866666666666663
simArray_Sun_JS_frag_2Gyr_Run071_step.mat,8.77884e+23,7.524719999999999e+23,8.77884e+23,4118531.79671217,3912252.0493358,5793.436574546191,5205.711721220407,1.1129,0.7304423765488188,625309.3331738195,0.0,0.857142857142857,0.147,0.12599999999999997,0.147
simArray_Sun_JS_frag_2Gyr_Run071_step.mat,1.3655973333333333e+24,5.7082366666666665e+23,1.3655973333333333e+24,4772042.087727855,3568048.1158697517,8300.05351245852,5567.143009228333,1.4909,0.9710485653487886,1396.6057300638145,0.0,0.41800291545189505,0.22866666666666663,0.09558333333333333,0.22866666666666663
simArray_Sun_JS_frag_2Gyr_Run071_step.mat,9.260382266666667e+23,5.7082366666666665e+23,9.260382266666667e+23,4192499.474786871,3568048.1158697517,5684.560311346983,5074.141133042027,1.1203,0.6927400436267842,686087.9059904388,0.0,0.6164147982544766,0.15506333333333333,0.09558333333333333,0.15506333333333333
simArray_Sun_JS_frag_2Gyr_Run071_step.mat,9.260382266666667e+23,6.68864e+23,9.260382266666667e+23,4192499.474786871,3761629.2247258904,8831.248514060519,5173.549217375816,1.7070000000000003,0.9881256718745827,156.668236051145,0.0,0.7222855177454373,0.15506333333333333,0.11199999999999999,0.15506333333333333
simArray_Sun_JS_frag_2Gyr_Run071_step.mat,6.131253333333334e+23,5.9272099999999996e+23,6.131253333333334e+23,3654094.7045586845,3613101.4012054214,5073.871327168485,4706.308623660592,1.0781,0.7799247761795511,305807.36772027914,0.0,0.9667207792207791,0.10266666666666667,0.09924999999999999,0.10266666666666667
simArray_Sun_JS_frag_2Gyr_Run071_step.mat,9.260382266666667e+23,6.68864e+23,9.260382266666667e+23,4192499.474786871,3761629.2247258904,6061.847617999243,5173.549217375816,1.1717,0.9682018705213745,1394.5642058782294,0.0,0.7222855177454373,0.15506333333333333,0.11199999999999999,0.15506333333333333
simArray_Sun_JS_frag_2Gyr_Run071_step.mat,1.0071379866666666e+24,6.131253333333334e+23,1.4126367866666667e+24,4311479.951004627,3654094.7045586845,7198.1609863440635,5210.77239492114,1.3814,0.40643524606831083,4656510.14637856,0.6613636363636366,0.6087798707331055,0.1686433333333333,0.10266666666666667,0.23654333333333333
simArray_Sun_JS_frag_2Gyr_Run071_step.mat,5.8093625333333335e+23,5.7082366666666665e+23,5.8093625333333335e+23,3588995.1530481842,3568048.1158697517,6171.250703985191,4634.810892966722,1.3315,0.8983716564365438,53672.13921886593,0.0,0.9825926052838981,0.09727666666666666,0.09558333333333333,0.09727666666666666
simArray_Sun_JS_frag_2Gyr_Run071_step.mat,1.5328133333333334e+24,9.511405333333332e+23,1.5328133333333334e+24,4959369.519380126,4230044.555891592,6260.924253524349,6006.835127625779,1.0423,0.9503815642751049,5040.263251928662,0.0,0.6205194805194804,0.25666666666666665,0.15926666666666664,0.25666666666666665
simArray_Sun_JS_frag_2Gyr_Run071_step.mat,1.8145722933333333e+24,8.410168533333333e+23,2.4182618666666666e+24,5246320.324540467,4060052.146429886,8143.619648191923,6171.746607193576,1.3195,0.46637729341170225,4164322.8019612934,0.7178091270592691,0.46347938653268095,0.30384666666666665,0.14082666666666666,0.4049333333333333
simArray_Sun_JS_frag_2Gyr_Run071_step.mat,1.5606826666666665e+24,7.4255848e+23,2.105329066666667e+24,4989245.960026423,3894995.2527518445,7210.436894840289,5882.7093863427335,1.2257,0.4301731924931723,3769751.214711956,0.7334727360463253,0.47579081632653064,0.2613333333333333,0.12433999999999998,0.35253333333333337
simArray_Sun_JS_frag_2Gyr_Run071_step.mat,9.845041066666666e+23,6.131253333333334e+23,9.845041066666666e+23,4278936.9709643815,3654094.7045586845,5885.324540097119,5184.851149764002,1.1351,0.5963950230267248,1414369.5057103392,0.0,0.6227758007117439,0.16485333333333332,0.10266666666666667,0.16485333333333332
simArray_Sun_JS_frag_2Gyr_Run071_step.mat,9.845041066666666e+23,5.5738666666666665e+23,9.845041066666666e+23,4278936.9709643815,3539828.627758874,5721.742756582014,5130.6875507371005,1.1152,0.7004992352921753,619918.2765915325,0.0,0.566159818828858,0.16485333333333332,0.09333333333333332,0.16485333333333332
simArray_Sun_JS_frag_2Gyr_Run071_step.mat,9.845041066666666e+23,5.7082366666666665e+23,9.845041066666666e+23,4278936.9709643815,3568048.1158697517,7273.221588080039,5143.721066534681,1.414,0.7662512627540876,537220.8736545342,0.0,0.5798083144613394,0.16485333333333332,0.09558333333333333,0.16485333333333332
simArray_Sun_JS_frag_2Gyr_Run071_step.mat,9.845041066666666e+23,5.7082366666666665e+23,1.5553277733333332e+24,4278936.9709643815,3568048.1158697517,5240.937394692186,5143.721066534681,1.0189,0.6487397717752192,778866.1096370592,0.9999999999999999,0.5798083144613394,0.16485333333333332,0.09558333333333333,0.26043666666666665
simArray_Sun_JS_frag_2Gyr_Run071_step.mat,2.189713426666667e+24,7.210990933333333e+23,2.1897333333333335e+24,5585462.483792023,3857107.0742953112,7262.140899720381,6414.752141789931,1.1321,0.7549561297071068,428705.1727916428,2.7606007067119753e-05,0.32931208465531503,0.36666333333333334,0.12074666666666667,0.3666666666666667
simArray_Sun_JS_frag_2Gyr_Run071_step.mat,2.21758276e+24,7.437130666666667e+23,2.8402832000000004e+24,5609058.775611457,3897012.952772067,7707.883341037606,6448.492713994484,1.1953,0.5734107077967651,1912645.4448975336,0.837285867237688,0.3353710536001221,0.37133,0.12453333333333333,0.4756
simArray_Sun_JS_frag_2Gyr_Run071_step.mat,3.0508360133333335e+24,5.5738666666666665e+23,3.0508957333333335e+24,6238348.9910295475,3539828.627758874,9182.820607676442,7018.358764656406,1.3084,0.8008011266326865,275038.5071932165,0.00010714285714278707,0.182699648303177,0.5108566666666666,0.09333333333333332,0.5108666666666667
simArray_Sun_JS_frag_2Gyr_Run071_step.mat,1.5553277733333332e+24,5.8093625333333335e+23,1.5553277733333332e+24,4983533.1833516555,3588995.1530481842,6457.341403711685,5767.543233040091,1.1196,0.7359152876774594,445161.06284721894,0.0,0.37351371414675355,0.26043666666666665,0.09727666666666666,0.26043666666666665
simArray_Sun_JS_frag_2Gyr_Run071_step.mat,3.1643637333333333e+24,5.9731944000000004e+23,3.6218189333333337e+24,6314789.014890498,3622421.0461307494,7660.808645975725,7108.479768001971,1.0777,0.28704135069203696,3316068.2774232244,0.7658468306338738,0.18876446904881733,0.5298666666666666,0.10002,0.6064666666666667
simArray_Sun_JS_frag_2Gyr_Run071_step.mat,1.5553277733333332e+24,5.8093625333333335e+23,1.885440026666667e+24,4983533.1833516555,3588995.1530481842,8176.069287157633,5767.543233040091,1.4176,0.34670975398596793,5381244.437418358,0.5682417846006245,0.37351371414675355,0.26043666666666665,0.09727666666666666,0.31571333333333335
simArray_Sun_JS_frag_2Gyr_Run072_step.mat,6.131253333333334e+23,5.5738666666666665e+23,6.131253333333334e+23,3654094.7045586845,3539828.627758874,5195.876355564512,4660.39676703248,1.1149,0.6755626565035125,822074.5522494724,0.0,0.9090909090909091,0.10266666666666667,0.09333333333333332,0.10266666666666667
simArray_Sun_JS_frag_2Gyr_Run072_step.mat,8.918186666666668e+23,5.5738666666666665e+23,8.918186666666667e+23,4140208.6791202626,3539828.627758874,5712.414829457791,5018.814645455799,1.1382,0.6026454166105236,1288647.3016290797,-2.4079823940292795e-16,0.6249999999999999,0.14933333333333335,0.09333333333333332,0.14933333333333332
simArray_Sun_JS_frag_2Gyr_Run072_step.mat,8.918186666666668e+23,5.401474933333333e+23,8.918186666666667e+23,4140208.6791202626,3502951.8439485533,5938.562957711629,5000.895122283477,1.1875,0.7447127238627131,463176.4945932522,-2.4848347841387126e-16,0.6056696428571428,0.14933333333333335,0.09044666666666666,0.14933333333333332
simArray_Sun_JS_frag_2Gyr_Run072_step.mat,6.131253333333334e+23,5.5041933333333344e+23,6.131253333333334e+23,3654094.7045586845,3525017.4560890724,15835.33877253312,4651.29645249908,3.4045,0.8207969159294564,1639621.5659809774,0.0,0.8977272727272728,0.10266666666666667,0.09216666666666667,0.10266666666666667
simArray_Sun_JS_frag_2Gyr_Run072_step.mat,8.624563333333332e+23,7.090157466666667e+23,8.624563333333334e+23,4094263.1310883807,3835441.2862952147,6403.935187895423,5143.309925223213,1.2451,0.8386065643172967,190189.97277037145,1.89301476915012e-16,0.8220888632429314,0.14441666666666664,0.11872333333333332,0.14441666666666667
simArray_Sun_JS_frag_2Gyr_Run072_step.mat,6.131253333333334e+23,5.401474933333333e+23,7.999294933333333e+23,3654094.7045586845,3502951.8439485533,9456.582031087559,4637.85288429993,2.039,0.3971638652076494,10004866.398938712,0.3458391685707967,0.8809740259740259,0.10266666666666667,0.09044666666666666,0.13394666666666666
simArray_Sun_JS_frag_2Gyr_Run072_step.mat,8.0842964e+23,6.300858133333333e+23,8.0842964e+23,4006921.073486956,3687482.312067014,5993.720785580194,4995.599921303713,1.1998,0.6444378569688296,1244451.9955533,0.0,0.7793947452660609,0.13537,0.10550666666666665,0.13537
simArray_Sun_JS_frag_2Gyr_Run072_step.mat,8.903256666666666e+23,6.300858133333333e+23,8.903256666666666e+23,4137897.0043353164,3687482.312067014,10030.018078566494,5092.672291732162,1.9695000000000003,0.5886897680819924,4607448.388256194,0.0,0.7077026271660145,0.14908333333333332,0.10550666666666665,0.14908333333333332
simArray_Sun_JS_frag_2Gyr_Run072_step.mat,9.18445824e+23,8.427945186666667e+23,1.7612403426666668e+24,4181010.195657394,4062910.723605232,5758.908027364956,5340.233704900738,1.0784,0.617572168039112,1489417.2506114973,1.0000000000000002,0.9176311728395062,0.15379199999999998,0.14112433333333332,0.29491633333333334
simArray_Sun_JS_frag_2Gyr_Run072_step.mat,1.8448304266666667e+24,5.275863866666667e+23,1.8448304266666667e+24,5275320.655067772,3475584.931240654,7392.103854606905,6015.7095170954635,1.2288,0.908768333640479,25764.238845075095,0.0,0.28598096553510155,0.3089133333333333,0.08834333333333333,0.3089133333333333
simArray_Sun_JS_frag_2Gyr_Run072_step.mat,7.999294933333333e+23,6.131253333333334e+23,7.999294933333333e+23,3992828.117345417,3654094.7045586845,5496.47076713885,4966.540857629755,1.1067,0.8947011939853435,40076.96453148165,0.0,0.7664742185944655,0.13394666666666666,0.10266666666666667,0.13394666666666666
simArray_Sun_JS_frag_2Gyr_Run072_step.mat,7.999294933333333e+23,6.68864e+23,1.3253858666666669e+24,3992828.117345417,3761629.2247258904,5186.707491931306,5028.315552041983,1.0315,0.2524591392505536,4221050.943326063,0.7855952380952385,0.836153693012144,0.13394666666666666,0.11199999999999999,0.22193333333333334
simArray_Sun_JS_frag_2Gyr_Run072_step.mat,1.3253858666666669e+24,4.6503964e+23,1.3253858666666669e+24,4724735.385900638,3332422.3348645703,5885.863779114408,5446.343831881566,1.0807,0.9989948667227887,0.027020932211998236,0.0,0.3508711324722138,0.22193333333333334,0.07787,0.22193333333333334
simArray_Sun_JS_frag_2Gyr_Run072_step.mat,6.68864e+23,5.248989866666666e+23,1.0986887466666667e+24,3761629.2247258904,3469673.614293657,4796.611427275139,4694.276205984673,1.0218,0.3737022906109513,2603884.7978548124,0.8188713592233011,0.7847619047619048,0.11199999999999999,0.08789333333333332,0.18397333333333332
simArray_Sun_JS_frag_2Gyr_Run072_step.mat,1.4105704746666668e+24,1.0986887466666667e+24,2.5092592213333335e+24,4823863.110112705,4438350.584405187,6620.352247615578,6013.581839963283,1.1009,0.6309625701424431,1655166.9959252845,1.0,0.7788967417074988,0.23619733333333334,0.18397333333333332,0.4201706666666667
simArray_Sun_JS_frag_2Gyr_Run072_step.mat,1.3248483866666667e+24,5.7852754666666664e+23,1.3248483866666667e+24,4724096.630001053,3584027.991858989,7089.517363779762,5530.044745538035,1.282,0.9956390371621451,3.6533382542416257,0.0,0.43667453007377577,0.2218433333333333,0.09687333333333333,0.2218433333333333
simArray_Sun_JS_frag_2Gyr_Run072_step.mat,1.3248483866666667e+24,5.7852754666666664e+23,1.3248483866666667e+24,4724096.630001053,3584027.991858989,6107.93442144676,5530.044745538035,1.1045,0.7111626178062221,551252.7782862914,0.0,0.43667453007377577,0.2218433333333333,0.09687333333333333,0.2218433333333333
simArray_Sun_JS_frag_2Gyr_Run072_step.mat,1.3248483866666667e+24,5.7852754666666664e+23,1.9033759333333334e+24,4724096.630001053,3584027.991858989,5724.14931610642,5530.044745538035,1.0351,0.9685731215888054,871.1705097143348,1.0000000000000002,0.43667453007377577,0.2218433333333333,0.09687333333333333,0.31871666666666665
simArray_Sun_JS_frag_2Gyr_Run072_step.mat,2.2809058666666666e+24,1.0617618799999999e+24,2.2809058666666666e+24,5661947.430357378,4388058.629918227,8764.742083401421,6663.176283565016,1.3154,0.6192645634363088,2315998.687486933,0.0,0.46550008727526615,0.3819333333333333,0.17778999999999998,0.3819333333333333
simArray_Sun_JS_frag_2Gyr_Run072_step.mat,2.2809058666666666e+24,1.0617618799999999e+24,3.3426677466666666e+24,5661947.430357378,4388058.629918227,6967.683439723938,6663.176283565016,1.0457,0.5987576219251355,1652754.836381016,1.0000000000000002,0.46550008727526615,0.3819333333333333,0.17778999999999998,0.5597233333333332
simArray_Sun_JS_frag_2Gyr_Run072_step.mat,4.1354507466666667e+24,4.2096628e+23,4.135410933333333e+24,6904056.384881622,3223634.64968348,8808.095657084395,7749.512279680094,1.1366,0.9511091358643994,3233.680438067016,-9.457606279971917e-05,0.10179453360418211,0.6924733333333333,0.07049,0.6924666666666666
simArray_Sun_JS_frag_2Gyr_Run072_step.mat,4.135410933333333e+24,4.2096628e+23,4.5563772133333324e+24,6904034.228942875,3223634.64968348,7871.928792160379,7749.48689915375,1.0158,0.706377780885834,391436.558941108,0.9999999999999989,0.10179551362279775,0.6924666666666666,0.07049,0.7629566666666665
simArray_Sun_JS_frag_2Gyr_Run072_step.mat,5.213396746666667e+24,6.381081999999999e+23,5.213356933333334e+24,7458250.585056707,3703066.2950054486,13185.76258769475,8365.539010084221,1.5762,0.8604709804031689,166890.82354726343,-6.239276243951621e-05,0.12239778229193711,0.8729733333333334,0.10684999999999999,0.8729666666666667
simArray_Sun_JS_frag_2Gyr_Run072_step.mat,5.213396746666667e+24,4.949394533333333e+23,5.213356933333334e+24,7458250.585056707,3402363.7042386695,8957.475234652968,8376.169099170533,1.0694,0.9528990014888119,2882.6615542796553,-8.044081566981829e-05,0.09493608052174177,0.8729733333333334,0.08287666666666665,0.8729666666666667
simArray_Sun_JS_frag_2Gyr_Run072_step.mat,5.213396746666667e+24,4.949394533333333e+23,5.6471232e+24,7458250.585056707,3402363.7042386695,8522.752058406018,8376.169099170533,1.0175,0.49093938899131706,1465844.5588577306,0.8763222459075731,0.09493608052174177,0.8729733333333334,0.08287666666666665,0.9456
simArray_Sun_JS_frag_2Gyr_Run073_step.mat,7.246026666666664e+23,6.688640000000001e+23,1.3934666666666663e+24,3863343.7715919954,3761629.224725891,5021.07955193053,4939.090647187222,1.0166,0.8079863778577121,202318.34413771384,0.9999999999999998,0.9230769230769236,0.12133333333333328,0.112,0.23333333333333325
simArray_Sun_JS_frag_2Gyr_Run073_step.mat,8.3608e+23,5.553760933333333e+23,8.3608e+23,4052092.2463936,3535567.2773610437,6764.42281153455,4947.646877950959,1.3672,0.6721391867076478,1190561.5470544538,0.0,0.6642619047619047,0.13999999999999999,0.09299666666666666,0.13999999999999999
simArray_Sun_JS_frag_2Gyr_Run073_step.mat,8.3608e+23,7.246026666666667e+23,8.3608e+23,4052092.2463936,3863343.771591996,5925.941032911864,5130.24070029596,1.1551,0.9344638968415621,12731.482062927642,0.0,0.8666666666666667,0.13999999999999999,0.12133333333333332,0.13999999999999999
simArray_Sun_JS_frag_2Gyr_Run073_step.mat,8.3608e+23,7.246026666666667e+23,1.4207388e+24,4052092.2463936,3863343.771591996,5359.562459599189,5130.24070029596,1.0447,0.33664043966418933,3774424.8024010193,0.806868131868132,0.8666666666666667,0.13999999999999999,0.12133333333333332,0.2379
simArray_Sun_JS_frag_2Gyr_Run073_step.mat,1.504944e+24,5.553760933333333e+23,2.0603200933333336e+24,4929128.70945253,3535567.2773610437,6189.69656608032,5700.061300377861,1.0859,0.6877735393927507,621867.4996182661,1.0000000000000004,0.3690343915343915,0.252,0.09299666666666666,0.3449966666666667
simArray_Sun_JS_frag_2Gyr_Run073_step.mat,7.803413333333333e+23,6.131253333333334e+23,7.803413333333335e+23,3959967.142737017,3654094.7045586845,7446.0695385430945,4942.628303048851,1.5065,0.6666462638943653,1656022.6063581747,4.3781498073259624e-16,0.7857142857142858,0.13066666666666665,0.10266666666666667,0.13066666666666668
simArray_Sun_JS_frag_2Gyr_Run073_step.mat,6.131253333333334e+23,5.5738666666666665e+23,1.02790064e+24,3654094.7045586845,3539828.627758874,5498.802145421623,4660.39676703248,1.1799,0.2945046828877719,4504100.160537101,0.7441428571428571,0.9090909090909091,0.10266666666666667,0.09333333333333332,0.17212
simArray_Sun_JS_frag_2Gyr_Run073_step.mat,1.0836393066666667e+24,6.131253333333334e+23,1.0836393066666667e+24,4417992.374152568,3654094.7045586845,5516.898798091596,5297.07037742832,1.0415,0.9112284632218008,20282.222767208692,0.0,0.5658020427658167,0.18145333333333333,0.10266666666666667,0.18145333333333333
simArray_Sun_JS_frag_2Gyr_Run073_step.mat,1.0836393066666667e+24,5.454625733333333e+23,1.5556860933333332e+24,4417992.374152568,3514404.106079405,5270.961500702306,5235.88109735006,1.0067,0.5247078390574114,1439858.0938449947,0.8654063720302175,0.5033617459034462,0.18145333333333333,0.09133666666666666,0.26049666666666665
simArray_Sun_JS_frag_2Gyr_Run073_step.mat,2.0616538400000002e+24,6.85287e+23,2.7469408400000003e+24,5474384.463123285,3792167.7724973904,6679.226093509843,6290.474753729368,1.0618,0.6320629062642193,1014389.1929043012,1.0000000000000002,0.332396732518394,0.34522,0.11474999999999999,0.45997000000000005
simArray_Sun_JS_frag_2Gyr_Run073_step.mat,8.3608e+23,5.651104533333333e+23,8.3608e+23,4052092.2463936,3556104.3164834618,7683.749809566215,4958.217596674333,1.5497,0.9898289795334501,71.48824327309843,0.0,0.6759047619047619,0.13999999999999999,0.09462666666666665,0.13999999999999999
simArray_Sun_JS_frag_2Gyr_Run073_step.mat,3.1115314399999997e+24,8.3608e+23,3.8252650666666666e+24,6279447.635493006,4052092.2463936,7445.238157728116,7141.715259211622,1.0425,0.5307864735333777,1920681.4118437406,0.853666666666667,0.2687036965951403,0.5210199999999999,0.13999999999999999,0.6405333333333333
simArray_Sun_JS_frag_2Gyr_Run074_step.mat,5.573866666666664e+23,5.573866666666664e+23,1.1147733333333328e+24,3539828.6277588736,3539828.6277588736,4599.308620649179,4584.637779753966,1.0032,0.9437,5397.098368290461,1.0,1.0,0.09333333333333328,0.09333333333333328,0.18666666666666656
simArray_Sun_JS_frag_2Gyr_Run074_step.mat,1.1147733333333333e+24,8.707176e+23,1.7621978533333334e+24,4459904.601133889,4107294.273476486,6050.919375292257,5562.017993650388,1.0879,0.20896044706054046,6046943.589144348,0.7435528120713307,0.7810714285714286,0.18666666666666665,0.14579999999999999,0.29507666666666665
simArray_Sun_JS_frag_2Gyr_Run074_step.mat,8.082106666666666e+23,6.68864e+23,8.082106666666667e+23,4006559.2658327725,3761629.2247258904,10797.467552011114,5038.012109001079,2.1432,0.5662583269322103,6541437.167228753,2.0066519950243998e-16,0.8275862068965517,0.1353333333333333,0.11199999999999999,0.13533333333333333
simArray_Sun_JS_frag_2Gyr_Run074_step.mat,8.082106666666666e+23,4.2636098666666665e+23,8.082106666666667e+23,4006559.2658327725,3237346.5957063823,5123.594600754341,4769.684044641911,1.0742,0.9470624773453061,3683.0339648637696,3.147983333309358e-16,0.5275369458128079,0.1353333333333333,0.07139333333333332,0.13533333333333333
simArray_Sun_JS_frag_2Gyr_Run074_step.mat,8.082106666666666e+23,4.2636098666666665e+23,1.1688000266666667e+24,4006559.2658327725,3237346.5957063823,4943.777512271341,4769.684044641911,1.0365,0.4990012071838668,1452955.291701496,0.8457372303669813,0.5275369458128079,0.1353333333333333,0.07139333333333332,0.19571333333333332
simArray_Sun_JS_frag_2Gyr_Run074_step.mat,1.929413853333333e+24,5.573866666666664e+23,2.4868005199999997e+24,5354741.492128502,3539828.6277588736,6383.98919451448,6109.080568913379,1.045,0.7269435469723451,405560.59749719827,1.0000000000000004,0.2888891181659667,0.3230766666666666,0.09333333333333328,0.41640999999999995
simArray_Sun_JS_frag_2Gyr_Run074_step.mat,6.220833333333333e+23,6.131253333333334e+23,6.220833333333334e+23,3671804.6486046663,3654094.7045586845,7018.956006320004,4744.140592308215,1.4795,0.7812841550673881,582694.6071987865,2.1890749036629812e-16,0.9856000000000001,0.10416666666666666,0.10266666666666667,0.10416666666666667
simArray_Sun_JS_frag_2Gyr_Run074_step.mat,2.5425391866666664e+24,6.967333333333333e+23,2.542479466666667e+24,5870646.502546463,3813164.796205839,7306.300218330819,6682.184212850576,1.0934,0.8575772788522039,87752.29692527799,-8.57142857134591e-05,0.2740305191703922,0.42574333333333325,0.11666666666666665,0.42573333333333335
simArray_Sun_JS_frag_2Gyr_Run074_step.mat,8.356818666666669e+23,6.220833333333333e+23,8.356818666666666e+23,4051448.9550275924,3671804.6486046663,7040.869550613305,5019.512048630003,1.4027,0.5395809342815681,2985536.6614818205,-4.3151044501004694e-16,0.7444020962363027,0.13993333333333335,0.10416666666666666,0.13993333333333333
simArray_Sun_JS_frag_2Gyr_Run074_step.mat,8.914205333333333e+23,6.131253333333334e+23,8.914205333333333e+23,4139592.484933588,3654094.7045586845,5892.593598868724,5076.321156847625,1.1608,0.5578104332360907,1836043.6517201727,0.0,0.6878070567217508,0.14926666666666666,0.10266666666666667,0.14926666666666666
simArray_Sun_JS_frag_2Gyr_Run074_step.mat,8.914205333333333e+23,6.131253333333334e+23,8.914205333333333e+23,4139592.484933588,3654094.7045586845,5365.67146278794,5076.321156847625,1.057,0.8444172793360665,107639.33093408612,0.0,0.6878070567217508,0.14926666666666666,0.10266666666666667,0.14926666666666666
simArray_Sun_JS_frag_2Gyr_Run074_step.mat,6.967333333333333e+23,6.171862933333333e+23,1.3139196266666666e+24,3813164.796205839,3662144.4403019603,4972.177589343086,4843.816453329845,1.0265,0.7088367361352176,569671.4919106822,1.0,0.8858285714285713,0.11666666666666665,0.10334666666666664,0.2200133333333333
simArray_Sun_JS_frag_2Gyr_Run074_step.mat,6.220833333333333e+23,6.131253333333334e+23,6.220833333333334e+23,3671804.6486046663,3654094.7045586845,5226.145276486729,4744.140592308215,1.1016,0.8896956015268928,48775.98065762638,2.1890749036629812e-16,0.9856000000000001,0.10416666666666666,0.10266666666666667,0.10416666666666667
simArray_Sun_JS_frag_2Gyr_Run074_step.mat,2.629280496e+24,6.131253333333334e+23,3.2424058293333335e+24,5936662.390701099,3654094.7045586845,6740.6099362149525,6717.76951984747,1.0034,0.6444391358857054,766651.2679795786,1.0,0.23319129863325672,0.440268,0.10266666666666667,0.5429346666666667
simArray_Sun_JS_frag_2Gyr_Run074_step.mat,1.8926064266666668e+24,1.04199456e+24,1.8926064266666668e+24,5320471.838812661,4360656.349324518,8486.288424622864,6361.058709709065,1.3341,0.7415367829657127,921412.9592825832,0.0,0.5505606159412668,0.3169133333333333,0.17448,0.3169133333333333
simArray_Sun_JS_frag_2Gyr_Run074_step.mat,1.7027565466666665e+24,6.8074828e+23,1.7027565466666667e+24,5136266.683010903,3783777.2606232245,8693.29520383151,5972.310527501724,1.4556000000000002,0.7915685005312236,449292.9223449716,3.943241046455527e-16,0.3997919029192046,0.2851233333333333,0.11399,0.28512333333333334
simArray_Sun_JS_frag_2Gyr_Run074_step.mat,1.7027565466666665e+24,6.8074828e+23,2.3016088000000003e+24,5136266.683010903,3783777.2606232245,6099.520741737511,5972.310527501724,1.0213,0.5685565850182077,1364666.0792032934,0.8796970494487829,0.3997919029192046,0.2851233333333333,0.11399,0.3854
simArray_Sun_JS_frag_2Gyr_Run074_step.mat,2.1216326266666666e+24,5.767956666666666e+23,2.544271066666667e+24,5526965.756069535,3580448.035225767,6748.006434625971,6288.915596109946,1.073,0.16209349737212422,4075394.5701162755,0.7327351164797246,0.27186406327700574,0.3552633333333333,0.09658333333333331,0.4260333333333334
simArray_Sun_JS_frag_2Gyr_Run074_step.mat,1.6068860400000002e+24,1.2263103866666667e+24,1.6068860400000002e+24,5038002.800649189,4603945.573532556,6801.48315346788,6262.875831922541,1.086,0.8300574674867517,235951.87092290522,0.0,0.7631595247828941,0.26907000000000003,0.20534333333333332,0.26907000000000003
simArray_Sun_JS_frag_2Gyr_Run074_step.mat,1.6068860400000002e+24,1.2263103866666667e+24,2.833196426666667e+24,5038002.800649189,4603945.573532556,6403.164250557606,6262.875831922541,1.0224,0.9351862365024476,13236.925532913114,1.0,0.7631595247828941,0.26907000000000003,0.20534333333333332,0.47441333333333335
simArray_Sun_JS_frag_2Gyr_Run075_step.mat,6.131253333333331e+23,5.573866666666664e+23,1.1705119999999995e+24,3654094.704558684,3539828.6277588736,4829.5691696757585,4660.396767032479,1.0363,0.9704736928688803,825.9681883108866,1.0,0.909090909090909,0.10266666666666663,0.09333333333333328,0.1959999999999999
simArray_Sun_JS_frag_2Gyr_Run075_step.mat,6.68864e+23,6.131253333333334e+23,1.18478508e+24,3761629.2247258904,3654094.7045586845,4804.742736406207,4803.781980010205,1.0002,0.38378568276909664,2739398.692639111,0.8414610389610389,0.9166666666666667,0.11199999999999999,0.10266666666666667,0.19838999999999998
simArray_Sun_JS_frag_2Gyr_Run075_step.mat,1.1705119999999995e+24,5.573866666666664e+23,1.7278986666666659e+24,4533030.788334286,3539828.6277588736,5530.135514432079,5345.191875538449,1.0346,0.7341245706389808,385309.1751311814,1.0,0.47619047619047616,0.1959999999999999,0.09333333333333328,0.28933333333333316
simArray_Sun_JS_frag_2Gyr_Run075_step.mat,1.7836373333333323e+24,5.573866666666664e+23,2.3410239999999987e+24,5216336.065781066,3539828.6277588736,5975.175726073135,5973.980929887158,1.0002,0.8308092106473687,102985.99576081583,1.0,0.3125,0.29866666666666647,0.09333333333333328,0.39199999999999974
simArray_Sun_JS_frag_2Gyr_Run075_step.mat,6.131253333333334e+23,5.573866666666664e+23,1.1705119999999997e+24,3654094.7045586845,3539828.6277588736,4650.143894145008,4660.396767032479,0.9978,0.5671170721700539,1270564.1235303776,1.0,0.9090909090909086,0.10266666666666667,0.09333333333333328,0.19599999999999995
simArray_Sun_JS_frag_2Gyr_Run075_step.mat,2.3734320533333336e+24,1.18478508e+24,2.3734718666666667e+24,5737494.9074913105,4551381.474676648,7322.98741075039,6794.384311328994,1.0778,0.9611492893131923,2910.2541400534883,3.360384427953706e-05,0.4991864327171469,0.3974266666666667,0.19838999999999998,0.3974333333333333
simArray_Sun_JS_frag_2Gyr_Run075_step.mat,1.18478508e+24,6.131253333333334e+23,1.18478508e+24,4551381.474676648,3654094.7045586845,5951.145531119107,5408.165695309984,1.1004,0.9458336751081603,5252.267799353403,0.0,0.5174992019086984,0.19838999999999998,0.10266666666666667,0.19838999999999998
simArray_Sun_JS_frag_2Gyr_Run075_step.mat,2.438805546666667e+24,8.067972933333334e+23,2.4387657333333333e+24,5789696.123008288,4004222.388240671,8078.311223366236,6651.005453125504,1.2146,0.7016976187945071,883960.0273875346,-4.9347380888392536e-05,0.3308165730703931,0.4083733333333334,0.13509666666666667,0.40836666666666666
simArray_Sun_JS_frag_2Gyr_Run075_step.mat,9.627063066666666e+23,7.803413333333333e+23,9.627063066666666e+23,4247121.164135762,3959967.142737017,6857.941846207622,5324.489011030762,1.288,0.873168080114988,110019.48405285555,0.0,0.810570501023552,0.1612033333333333,0.13066666666666665,0.1612033333333333
simArray_Sun_JS_frag_2Gyr_Run075_step.mat,9.627063066666666e+23,7.803413333333335e+23,1.7430476399999997e+24,4247121.164135762,3959967.142737018,5666.321205538939,5324.489011030763,1.0642,0.6229078516176205,1303355.7671080537,0.9999999999999994,0.8105705010235522,0.1612033333333333,0.13066666666666668,0.29186999999999996
simArray_Sun_JS_frag_2Gyr_Run075_step.mat,2.438805546666667e+24,1.18478508e+24,3.2479717333333334e+24,5789696.123008288,4551381.474676648,7659.890258031118,6839.187730384926,1.12,0.08039784591212393,8815433.4689151,0.6829645311423623,0.48580547211701697,0.4083733333333334,0.19838999999999998,0.5438666666666666
simArray_Sun_JS_frag_2Gyr_Run075_step.mat,3.506021853333333e+24,3.128531733333334e+23,3.505962133333333e+24,6534337.842844068,2919959.9864330105,8264.497306390596,7342.956291773076,1.1255,0.8776913713180733,37684.40735591186,-0.00019088826673441315,0.08923309278174914,0.5870766666666666,0.05238666666666667,0.5870666666666666
simArray_Sun_JS_frag_2Gyr_Run075_step.mat,2.2598247066666666e+24,8.906043600000001e+23,2.860986133333333e+24,5644449.989403314,4138328.713033355,7628.479534332341,6556.492938833126,1.1635,0.2530626359498108,5971117.796764598,0.6750039115760296,0.3941032936637275,0.3784033333333333,0.14913,0.4790666666666666
simArray_Sun_JS_frag_2Gyr_Run075_step.mat,5.324038e+23,3.128531733333334e+23,5.5041933333333344e+23,3486131.4661893942,2919959.9864330105,8304.997808581682,4196.774879267109,1.9788999999999999,0.19095630159714527,10088993.228155669,0.057584627131585936,0.5876238549261545,0.08915,0.05238666666666667,0.09216666666666667
simArray_Sun_JS_frag_2Gyr_Run075_step.mat,3.9575647733333326e+24,5.5041933333333344e+23,3.9576444e+24,6803609.661830382,3525017.4560890724,9754.041936596259,7632.867936924844,1.2779,0.8376863941519213,150221.1245389087,0.00014466546112203805,0.13908030944740105,0.6626866666666665,0.09216666666666667,0.6627
simArray_Sun_JS_frag_2Gyr_Run075_step.mat,3.9576444e+24,3.8143164e+23,4.33907604e+24,6803655.291332058,3119384.7912717606,7695.785445375746,7640.013347935815,1.0073,0.8323696624139584,82450.01644129028,1.0000000000000004,0.09637845178813943,0.6627,0.06387,0.7265699999999999
simArray_Sun_JS_frag_2Gyr_Run075_step.mat,4.0073712533333333e+24,1.5393228133333332e+24,5.008915466666667e+24,6832032.20409692,4966380.010985842,9385.73371764637,7921.787405170805,1.1848,0.1854161959992587,9928662.339508396,0.6506394920273644,0.38412283664832,0.6710266666666667,0.25775666666666663,0.8387333333333333
simArray_Sun_JS_frag_2Gyr_Run076_step.mat,6.68864e+23,6.131253333333334e+23,6.68864e+23,3761629.2247258904,3654094.7045586845,5386.000355987442,4803.781980010205,1.1212,0.7958252150362618,273297.99975701957,0.0,0.9166666666666667,0.11199999999999999,0.10266666666666667,0.11199999999999999
simArray_Sun_JS_frag_2Gyr_Run076_step.mat,6.68864e+23,5.5738666666666665e+23,1.0958221866666668e+24,3761629.2247258904,3539828.627758874,4962.5559656866635,4734.811531043472,1.0481,0.19556566408446954,4303250.458698935,0.7660000000000003,0.8333333333333334,0.11199999999999999,0.09333333333333332,0.18349333333333334
simArray_Sun_JS_frag_2Gyr_Run076_step.mat,6.131253333333334e+23,5.573866666666664e+23,1.1705119999999997e+24,3654094.7045586845,3539828.6277588736,4947.47720788168,4660.396767032479,1.0616,0.6075492431908657,1159287.051056143,1.0,0.9090909090909086,0.10266666666666667,0.09333333333333328,0.19599999999999995
simArray_Sun_JS_frag_2Gyr_Run076_step.mat,7.0009756e+23,5.5738666666666665e+23,1.1190333600000001e+24,3819292.3238903107,3539828.627758874,5602.620384779186,4775.910310100747,1.1731,0.3481887628880162,3838703.7807317255,0.751607142857143,0.7961557053086524,0.11723,0.09333333333333332,0.18738000000000002
simArray_Sun_JS_frag_2Gyr_Run076_step.mat,1.1705119999999999e+24,1.1190333600000001e+24,2.0909962666666665e+24,4533030.788334287,4465578.448814739,6783.561543835581,5827.8020136044515,1.164,0.45992186133203283,4360633.260787692,0.8225708898139252,0.9560204081632655,0.19599999999999998,0.18738000000000002,0.3501333333333333
simArray_Sun_JS_frag_2Gyr_Run076_step.mat,7.246026666666667e+23,6.131253333333334e+23,7.246026666666667e+23,3863343.771591996,3654094.7045586845,5741.32481287002,4873.790163726672,1.178,0.5161274232066054,2358122.9467733046,0.0,0.8461538461538461,0.12133333333333332,0.10266666666666667,0.12133333333333332
simArray_Sun_JS_frag_2Gyr_Run076_step.mat,2.2024735999999996e+24,1.1515608533333334e+24,3.3540344533333333e+24,5596290.913719538,4508433.584322102,7025.164056976628,6656.399523381304,1.0554,0.7139965317575446,793126.2197864216,1.0000000000000002,0.5228488792480117,0.3687999999999999,0.19282666666666667,0.5616266666666666
simArray_Sun_JS_frag_2Gyr_Run076_step.mat,7.572097866666665e+23,6.875364533333333e+23,7.572097866666668e+23,3920445.7759741666,3796312.5020537316,6951.818467840315,4999.150343621684,1.3906,0.7514465450802379,758083.9937556142,3.904308705357567e-16,0.9079867500920134,0.1267933333333333,0.11512666666666665,0.12679333333333334
simArray_Sun_JS_frag_2Gyr_Run076_step.mat,6.131253333333334e+23,5.5738666666666665e+23,9.194690266666667e+23,3654094.7045586845,3539828.627758874,6936.06850837444,4660.39676703248,1.4883,0.2008402063018713,8683676.32869627,0.549607142857143,0.9090909090909091,0.10266666666666667,0.09333333333333332,0.15396333333333334
simArray_Sun_JS_frag_2Gyr_Run076_step.mat,7.250804266666668e+23,6.875364533333333e+23,7.250804266666668e+23,3864192.671591102,3796312.5020537316,5635.120595204402,4961.366961792924,1.1358,0.9560976232914621,3752.8694776760276,0.0,0.9482209532176585,0.12141333333333335,0.11512666666666665,0.12141333333333335
simArray_Sun_JS_frag_2Gyr_Run076_step.mat,7.250804266666668e+23,6.875364533333333e+23,7.250804266666668e+23,3864192.671591102,3796312.5020537316,5618.251947534307,4961.366961792924,1.1324,0.9138263450220602,26986.16654804566,0.0,0.9482209532176585,0.12141333333333335,0.11512666666666665,0.12141333333333335
simArray_Sun_JS_frag_2Gyr_Run076_step.mat,7.250804266666668e+23,6.875364533333333e+23,1.41261688e+24,3864192.671591102,3796312.5020537316,5316.104699561117,4961.366961792924,1.0715,0.652632217481531,1036092.1111684683,1.0,0.9482209532176585,0.12141333333333335,0.11512666666666665,0.23654
simArray_Sun_JS_frag_2Gyr_Run076_step.mat,1.5014404266666666e+24,1.1086818933333334e+24,1.5014404266666666e+24,4925300.6638712045,4451766.362197645,6464.358784055083,6095.576411178768,1.0605,0.975808698807603,713.0193022293399,0.0,0.7384121764955452,0.2514133333333333,0.18564666666666665,0.2514133333333333
simArray_Sun_JS_frag_2Gyr_Run076_step.mat,1.5014404266666666e+24,1.1086818933333334e+24,2.61012232e+24,4925300.6638712045,4451766.362197645,6400.355231737706,6095.576411178768,1.05,0.7657088605456581,485705.8466403561,1.0000000000000002,0.7384121764955452,0.2514133333333333,0.18564666666666665,0.43706
simArray_Sun_JS_frag_2Gyr_Run076_step.mat,4.250073333333333e+24,6.775433066666666e+23,4.250073333333333e+24,6967262.710918619,3777829.8902911493,8254.365484845686,7824.043113597808,1.055,0.9180886231989287,16593.187823984415,0.0,0.15941920374707258,0.7116666666666666,0.11345333333333331,0.7116666666666666
simArray_Sun_JS_frag_2Gyr_Run076_step.mat,9.568338400000002e+23,6.775433066666666e+23,9.568338399999999e+23,4238467.793591402,3777829.8902911493,6033.269414882931,5216.834772920823,1.1565,0.6706957012063808,993740.2646472994,-3.961893702715938e-16,0.7081096825198683,0.16022000000000003,0.11345333333333331,0.16021999999999997
simArray_Sun_JS_frag_2Gyr_Run076_step.mat,9.568338399999999e+23,6.775433066666667e+23,1.6343771466666666e+24,4238467.793591402,3777829.8902911493,5365.514563949066,5216.834772920823,1.0285,0.7396422675739897,437446.21757183986,1.0,0.7081096825198686,0.16021999999999997,0.11345333333333334,0.2736733333333333
simArray_Sun_JS_frag_2Gyr_Run076_step.mat,4.4730479066666665e+24,1.74585448e+24,5.820112133333334e+24,7087034.7431787355,5179240.274650369,8258.645701088739,8226.56210886417,1.0039,0.30823807798131436,6197705.155631373,0.7715787553305518,0.39030533909506415,0.7490033333333332,0.29234,0.9745666666666668
simArray_Sun_JS_frag_2Gyr_Run077_step.mat,6.131253333333334e+23,5.5738666666666665e+23,1.0753979466666666e+24,3654094.7045586845,3539828.627758874,4730.302718537967,4660.39676703248,1.015,0.3621117427228226,2811487.7278054184,0.8293571428571427,0.9090909090909091,0.10266666666666667,0.09333333333333332,0.1800733333333333
simArray_Sun_JS_frag_2Gyr_Run077_step.mat,6.68864e+23,6.131253333333334e+23,1.1826550666666667e+24,3761629.2247258904,3654094.7045586845,4928.19993329247,4803.781980010205,1.0259,0.3983944954359615,2759933.275553576,0.8379870129870131,0.9166666666666667,0.11199999999999999,0.10266666666666667,0.1980333333333333
simArray_Sun_JS_frag_2Gyr_Run077_step.mat,6.131253333333331e+23,5.573866666666664e+23,1.1705119999999995e+24,3654094.704558684,3539828.6277588736,4839.356002886526,4660.396767032479,1.0384,0.8566947191419729,83223.09816973416,1.0,0.909090909090909,0.10266666666666663,0.09333333333333328,0.1959999999999999
simArray_Sun_JS_frag_2Gyr_Run077_step.mat,6.68864e+23,6.409946666666667e+23,1.1172815733333333e+24,3761629.2247258904,3708641.4733209005,6702.504159649744,4837.955940269773,1.3854,0.3782138325228759,5532947.412532772,0.6995652173913043,0.9583333333333335,0.11199999999999999,0.10733333333333334,0.18708666666666665
simArray_Sun_JS_frag_2Gyr_Run077_step.mat,6.131253333333334e+23,6.131253333333334e+23,6.131253333333334e+23,3654094.7045586845,3654094.7045586845,5300.072803561591,4732.630416610047,1.1199,0.95665,3313.17799534121,0.0,1.0,0.10266666666666667,0.10266666666666667,0.10266666666666667
simArray_Sun_JS_frag_2Gyr_Run077_step.mat,6.131253333333334e+23,6.131253333333334e+23,6.131253333333334e+23,3654094.7045586845,3654094.7045586845,5982.5181096367605,4732.630416610047,1.2641,0.87685,88291.51839894133,0.0,1.0,0.10266666666666667,0.10266666666666667,0.10266666666666667
simArray_Sun_JS_frag_2Gyr_Run077_step.mat,1.0753979466666666e+24,6.131253333333334e+23,1.28941452e+24,4406763.86524907,3654094.7045586845,9073.455415470715,5287.8695818350225,1.7159,0.28766652160098166,9804306.651286572,0.3490584415584418,0.57013809188849,0.1800733333333333,0.10266666666666667,0.21591
simArray_Sun_JS_frag_2Gyr_Run077_step.mat,1.4325832666666665e+24,6.973703466666666e+23,1.4325832666666665e+24,4848826.784495104,3814326.5495860316,6892.912332349993,5728.816765583439,1.2032,0.9567629921553347,3483.8964287408758,0.0,0.4867921906482318,0.2398833333333333,0.11677333333333333,0.2398833333333333
simArray_Sun_JS_frag_2Gyr_Run077_step.mat,1.4325832666666665e+24,6.973703466666666e+23,1.4325832666666665e+24,4848826.784495104,3814326.5495860316,6375.02729674125,5728.816765583439,1.1128,0.9616884129643711,2082.7192041502167,0.0,0.4867921906482318,0.2398833333333333,0.11677333333333333,0.2398833333333333
simArray_Sun_JS_frag_2Gyr_Run077_step.mat,1.4325832666666665e+24,6.973703466666666e+23,2.1299536133333332e+24,4848826.784495104,3814326.5495860316,6167.64412982713,5728.816765583439,1.0766,0.574539143235902,1518132.0422318415,1.0,0.4867921906482318,0.2398833333333333,0.11677333333333333,0.3566566666666666
simArray_Sun_JS_frag_2Gyr_Run077_step.mat,1.4800805733333335e+24,8.681695466666667e+23,2.0786541333333337e+24,4901832.851889474,4103283.8533034846,6624.418592659667,5899.909683523038,1.1228,0.14533841307128795,6880054.183917575,0.6894662019627626,0.5865691113771166,0.24783666666666668,0.14537333333333333,0.3480666666666667
simArray_Sun_JS_frag_2Gyr_Run077_step.mat,1.2262506666666667e+24,6.68864e+23,1.2262506666666667e+24,4603870.836582874,3761629.2247258904,6339.333802155899,5499.075123313583,1.1528,0.6944742772227086,782068.1477889454,0.0,0.5454545454545454,0.20533333333333334,0.11199999999999999,0.20533333333333334
simArray_Sun_JS_frag_2Gyr_Run077_step.mat,2.59859636e+24,6.715912133333332e+23,3.076376266666667e+24,5913478.024680463,3766734.8236269383,7546.590178255437,6715.243084405978,1.1238,0.09499231548390961,5288965.809942373,0.7114147671695765,0.25844383670780374,0.43513,0.11245666666666665,0.5151333333333333
simArray_Sun_JS_frag_2Gyr_Run077_step.mat,3.5113568399999996e+24,6.967333333333333e+23,3.5113369333333335e+24,6537650.518350815,3813164.796205839,8929.91609406216,7366.701941975055,1.2122,0.7009577820466117,795403.2196326018,-2.8571428570639333e-05,0.1984228220260671,0.5879699999999999,0.11666666666666665,0.5879666666666666
simArray_Sun_JS_frag_2Gyr_Run077_step.mat,3.5113568399999996e+24,6.967333333333333e+23,4.072704933333334e+24,6537650.518350815,3813164.796205839,7842.590887426643,7366.701941975055,1.0646,0.4346089834441103,2540066.6210663696,0.805685714285716,0.1984228220260671,0.5879699999999999,0.11666666666666665,0.6819666666666667
simArray_Sun_JS_frag_2Gyr_Run077_step.mat,4.2578767466666666e+24,1.30034328e+24,4.2578369333333333e+24,6971524.2209135145,4694788.706561369,10074.544335828648,7974.78376935696,1.2633,0.9620995138264452,3775.2068006809927,-3.061755610665154e-05,0.3053971163016849,0.7129733333333332,0.21773999999999996,0.7129666666666666
simArray_Sun_JS_frag_2Gyr_Run077_step.mat,4.2578369333333333e+24,1.30034328e+24,5.558180213333333e+24,6971502.491735704,4694788.706561369,8210.018132206445,7974.762634489019,1.0295,0.7518708633282053,540768.2168046426,0.9999999999999996,0.3053999719481977,0.7129666666666666,0.21773999999999996,0.9307066666666665
simArray_Sun_JS_frag_2Gyr_Run078_step.mat,5.5738666666666665e+23,5.5738666666666665e+23,9.1783668e+23,3539828.627758874,3539828.627758874,7976.811272993926,4584.637779753966,1.7399,0.49345,5438446.991716987,0.6466785714285715,1.0,0.09333333333333332,0.09333333333333332,0.15369
simArray_Sun_JS_frag_2Gyr_Run078_step.mat,6.68864e+23,5.5738666666666665e+23,9.887840400000001e+23,3761629.2247258904,3539828.627758874,8064.804480826347,4734.811531043472,1.7033,0.43950755540163583,6179787.045077601,0.573964285714286,0.8333333333333334,0.11199999999999999,0.09333333333333332,0.16557
simArray_Sun_JS_frag_2Gyr_Run078_step.mat,6.131253333333331e+23,6.131253333333331e+23,1.2262506666666662e+24,3654094.704558684,3654094.704558684,4943.232470149193,4732.630416610046,1.0445,0.6653,846082.8788649761,1.0,1.0,0.10266666666666663,0.10266666666666663,0.20533333333333326
simArray_Sun_JS_frag_2Gyr_Run078_step.mat,9.178366799999998e+23,5.5738666666666665e+23,1.3500502266666666e+24,4180085.6626165966,3539828.627758874,5168.249637983314,5050.571326085521,1.0233,0.29840295138250367,3213576.902252824,0.7754285714285717,0.6072830589715229,0.15368999999999997,0.09333333333333332,0.2260633333333333
simArray_Sun_JS_frag_2Gyr_Run078_step.mat,5.5738666666666665e+23,5.5738666666666665e+23,9.3240836e+23,3539828.627758874,3539828.627758874,5997.164679696163,4584.637779753966,1.3081,0.21215,6643942.471547791,0.6728214285714287,1.0,0.09333333333333332,0.09333333333333332,0.15613
simArray_Sun_JS_frag_2Gyr_Run078_step.mat,6.743781466666668e+23,5.6447344e+23,1.2388515866666665e+24,3771937.9646483385,3554767.623479089,5236.408712902243,4750.869817548759,1.1022,0.5854023487107026,1402477.8596939284,0.9999999999999997,0.837028072143342,0.11292333333333335,0.09451999999999999,0.2074433333333333
simArray_Sun_JS_frag_2Gyr_Run078_step.mat,1.3170847866666666e+24,1.01846488e+24,1.317084786666667e+24,4714850.824606642,4327582.918315219,18376.32143167638,5871.779598567351,3.1296,0.9837516429410924,1810.9052749552895,2.635686917353498e-16,0.7732720704925714,0.2205433333333333,0.17054,0.22054333333333337
simArray_Sun_JS_frag_2Gyr_Run078_step.mat,1.2945902533333335e+24,6.131253333333334e+23,1.2945902533333335e+24,4687854.85173575,3654094.7045586845,6336.748150583746,5525.109556703937,1.1469,0.9811286594834172,245.88323435871263,0.0,0.47360570787138834,0.2167766666666667,0.10266666666666667,0.2167766666666667
simArray_Sun_JS_frag_2Gyr_Run078_step.mat,1.2945902533333335e+24,6.131253333333334e+23,1.2945902533333335e+24,4687854.85173575,3654094.7045586845,7810.847380312356,5525.109556703937,1.4137,0.8237794271932765,254735.3089284366,0.0,0.47360570787138834,0.2167766666666667,0.10266666666666667,0.2167766666666667
simArray_Sun_JS_frag_2Gyr_Run078_step.mat,1.2945902533333335e+24,6.131253333333334e+23,1.81411444e+24,4687854.85173575,3654094.7045586845,5932.862641988689,5525.109556703937,1.0738,0.5284124397229265,1732154.7155098335,0.847337662337662,0.47360570787138834,0.2167766666666667,0.10266666666666667,0.30377
simArray_Sun_JS_frag_2Gyr_Run078_step.mat,1.8977224399999998e+24,8.091263733333334e+23,1.89772244e+24,5325261.5501434915,4008071.8451848794,6612.763875503103,6222.020959261482,1.0628,0.9767480557646904,467.29546752753004,3.3175961734399365e-16,0.42636707891451897,0.31776999999999994,0.13548666666666667,0.31777
simArray_Sun_JS_frag_2Gyr_Run078_step.mat,1.8977224399999998e+24,8.091263733333334e+23,1.89772244e+24,5325261.5501434915,4008071.8451848794,6544.943847047153,6222.020959261482,1.0519,0.9906127544942201,30.474858811672,3.3175961734399365e-16,0.42636707891451897,0.31776999999999994,0.13548666666666667,0.31777
simArray_Sun_JS_frag_2Gyr_Run078_step.mat,8.091263733333334e+23,7.4524588e+23,1.244883306666667e+24,4008071.8451848794,3899688.3996155094,7891.4811603074395,5122.342697849825,1.5406,0.3244872777945648,8686859.778531127,0.5847156556348,0.9210500418245339,0.13548666666666667,0.12479,0.20845333333333335
simArray_Sun_JS_frag_2Gyr_Run078_step.mat,6.131253333333334e+23,5.5738666666666665e+23,6.131253333333334e+23,3654094.7045586845,3539828.627758874,7484.1311681774605,4660.39676703248,1.6059,0.6728705647144384,1739652.3582155127,0.0,0.9090909090909091,0.10266666666666667,0.09333333333333332,0.10266666666666667
simArray_Sun_JS_frag_2Gyr_Run078_step.mat,2.4138425866666666e+24,7.550001466666667e+23,2.914535066666667e+24,5769874.412500841,3916628.597862207,8737.392523751314,6608.223055325452,1.3222000000000003,0.4058240040839557,4654847.514534512,0.6631687188546422,0.3127793630111003,0.4041933333333333,0.12642333333333333,0.4880333333333333
simArray_Sun_JS_frag_2Gyr_Run078_step.mat,2.1293564133333333e+24,1.0952648e+24,2.561191733333334e+24,5533664.591875058,4433735.237429689,10183.894841410718,6571.526644776871,1.5497000000000003,0.04685688339511833,16777851.793845147,0.39427480916030583,0.5143642431778025,0.35655666666666663,0.18339999999999998,0.42886666666666673
simArray_Sun_JS_frag_2Gyr_Run078_step.mat,1.2445448933333335e+24,6.131253333333334e+23,1.857670226666667e+24,4626652.707025254,3654094.7045586845,5625.492057678447,5472.268538597711,1.028,0.876470412725974,49972.477980218726,1.0,0.49265023432876404,0.20839666666666667,0.10266666666666667,0.31106333333333336
simArray_Sun_JS_frag_2Gyr_Run078_step.mat,1.857670226666667e+24,1.8166027733333333e+24,3.6742730000000004e+24,5287530.905872686,5248276.4471395295,7400.128480621463,6822.910271640662,1.0846,0.5412591452095319,3781198.499041311,1.0000000000000002,0.9778930335730128,0.31106333333333336,0.30418666666666666,0.6152500000000001
simArray_Sun_JS_frag_2Gyr_Run078_step.mat,3.7021423333333327e+24,6.435228133333333e+23,3.7020428e+24,6653973.739646318,3713510.8273591665,8718.842431781217,7480.132491233028,1.1656,0.8810792136462153,57000.62589261454,-0.00015466947133881153,0.17382443876865172,0.6199166666666666,0.10775666666666667,0.6199
simArray_Sun_JS_frag_2Gyr_Run078_step.mat,3.7021423333333327e+24,6.435228133333333e+23,3.7020428e+24,6653973.739646318,3713510.8273591665,7844.414943556077,7480.132491233028,1.0487,0.8562410977020802,78970.160829968,-0.00015466947133881153,0.17382443876865172,0.6199166666666666,0.10775666666666667,0.6199
simArray_Sun_JS_frag_2Gyr_Run078_step.mat,3.6805436e+24,6.435228133333333e+23,3.6805436e+24,6641008.471707999,3713510.8273591665,10396.67026596953,7466.19049620792,1.3925,0.9914193599012417,34.50839884595053,0.0,0.17484450213640543,0.6163,0.10775666666666667,0.6163
simArray_Sun_JS_frag_2Gyr_Run078_step.mat,3.7655450666666665e+24,6.220037066666667e+23,4.387548773333333e+24,6691744.159548802,3671647.9782548677,7850.605432368296,7517.576780971269,1.0443,0.8209554759020666,141355.1641218943,1.0000000000000002,0.16518291393529289,0.6305333333333333,0.10415333333333333,0.7346866666666666
simArray_Sun_JS_frag_2Gyr_Run079_step.mat,6.131253333333334e+23,5.5738666666666665e+23,6.131253333333334e+23,3654094.7045586845,3539828.627758874,5209.857545865609,4660.39676703248,1.1179,0.9406575064502668,7588.451658031259,0.0,0.9090909090909091,0.10266666666666667,0.09333333333333332,0.10266666666666667
simArray_Sun_JS_frag_2Gyr_Run079_step.mat,6.131253333333334e+23,5.5738666666666665e+23,1.0603883200000001e+24,3654094.7045586845,3539828.627758874,4721.914004357309,4660.39676703248,1.0132,0.25706936876423137,3606237.271930249,0.8024285714285716,0.9090909090909091,0.10266666666666667,0.09333333333333332,0.17756
simArray_Sun_JS_frag_2Gyr_Run079_step.mat,6.131253333333334e+23,6.131253333333334e+23,2.7869333333333334e+22,3654094.7045586845,3654094.7045586845,26591.703784848534,4732.630416610047,5.6188,0.15835,143517621.77816394,-0.9545454545454545,1.0,0.10266666666666667,0.10266666666666667,0.004666666666666666
simArray_Sun_JS_frag_2Gyr_Run079_step.mat,6.964745466666667e+23,6.68864e+23,6.964745466666667e+23,3812692.6316249156,3761629.2247258904,6124.765820626867,4905.306599893374,1.2486,0.9815227690875009,340.6897620658128,0.0,0.9603567039185983,0.11662333333333333,0.11199999999999999,0.11662333333333333
simArray_Sun_JS_frag_2Gyr_Run079_step.mat,7.357902133333333e+23,6.667738e+23,7.357902133333333e+23,3883125.089816278,3757706.7722202432,8446.751671346728,4950.0420014924575,1.7063999999999997,0.6738318090950807,2196374.180226165,0.0,0.9062009631513447,0.12320666666666664,0.11164999999999999,0.12320666666666664
simArray_Sun_JS_frag_2Gyr_Run079_step.mat,8.3608e+23,6.68864e+23,8.992438533333333e+23,4052092.2463936,3761629.2247258904,11084.069086765609,5070.479911603664,2.186,0.3160267516674703,16347843.385613715,0.09443452380952386,0.7999999999999999,0.13999999999999999,0.11199999999999999,0.15057666666666666
simArray_Sun_JS_frag_2Gyr_Run079_step.mat,8.736239733333334e+23,6.521224933333334e+23,8.736239733333334e+23,4111859.1186986975,3729979.447203167,7761.577542032117,5096.242640861535,1.523,0.9932216121492321,23.08668135992487,0.0,0.7464567287973385,0.14628666666666668,0.10919666666666666,0.14628666666666668
simArray_Sun_JS_frag_2Gyr_Run079_step.mat,7.133952133333333e+23,5.5738666666666665e+23,1.1836105866666666e+24,3843322.033233946,3539828.627758874,4948.099548775261,4793.276711009649,1.0323,0.4505387161253834,2166689.7955339444,0.8436071428571428,0.7813154002846221,0.11945666666666666,0.09333333333333332,0.1981933333333333
simArray_Sun_JS_frag_2Gyr_Run079_step.mat,7.4482784e+23,2.7869333333333334e+22,7.726971733333333e+23,3898959.0963979336,1304084.016445267,8585.555706031366,4452.396258897145,1.9283000000000001,0.20554980171162446,1055390.8485816827,0.9999999999999961,0.03741714774428052,0.12472,0.004666666666666666,0.12938666666666665
simArray_Sun_JS_frag_2Gyr_Run079_step.mat,9.963684800000001e+23,7.524719999999999e+23,9.963684800000001e+23,4296057.037535358,3912252.0493358,6289.660890529411,5332.932754391564,1.1794,0.5237977563542586,2577752.4679409424,0.0,0.7552145768400861,0.16684000000000002,0.12599999999999997,0.16684000000000002
simArray_Sun_JS_frag_2Gyr_Run079_step.mat,1.0156779466666665e+24,8.3267596e+23,1.0156779466666667e+24,4323631.971140987,4046585.498125357,6691.041805406089,5429.277673974431,1.2324,0.6159853246964141,1906527.5378075985,3.223768535361583e-16,0.8198228215279685,0.1700733333333333,0.13943,0.17007333333333333
simArray_Sun_JS_frag_2Gyr_Run079_step.mat,1.07507944e+24,8.605452933333333e+23,1.07507944e+24,4406328.763599565,4091236.857373638,5898.521590086606,5514.183032706932,1.0697,0.8576653714807086,111751.90781824717,0.0,0.8004480983594415,0.18001999999999999,0.14409666666666665,0.18001999999999999
simArray_Sun_JS_frag_2Gyr_Run079_step.mat,1.07507944e+24,8.605452933333334e+23,1.9356247333333333e+24,4406328.763599565,4091236.8573736385,5812.500334776377,5514.183032706932,1.0541,0.5937803004126719,1611469.4498430225,0.9999999999999999,0.8004480983594416,0.18001999999999999,0.14409666666666668,0.32411666666666666
simArray_Sun_JS_frag_2Gyr_Run079_step.mat,1.1161269866666667e+24,5.4635837333333335e+23,1.6624853599999998e+24,4461709.070431837,3516326.927501515,5526.734717533873,5274.105084009803,1.0479,0.7680726483207673,273784.9590066517,0.9999999999999997,0.4895127345366341,0.18689333333333333,0.09148666666666666,0.27837999999999996
simArray_Sun_JS_frag_2Gyr_Run079_step.mat,2.0870547466666666e+24,1.3692402533333333e+24,3.2153248e+24,5496775.406988751,4776281.681099006,8055.228753858725,6701.521425839206,1.202,0.5313751894760128,3786728.9917653897,0.8240117470886702,0.6560634097022185,0.3494733333333333,0.22927666666666666,0.5384
simArray_Sun_JS_frag_2Gyr_Run079_step.mat,3.9385339999999994e+24,8.411562e+23,3.9385340000000005e+24,6792686.610447711,4060276.368448511,8079.054784080429,7667.319715365312,1.0537,0.9866421910340659,87.88976115716557,1.2765070554077828e-15,0.2135708870356331,0.6594999999999999,0.14085,0.6595000000000001
simArray_Sun_JS_frag_2Gyr_Run079_step.mat,1.29508792e+24,8.935505466666668e+23,1.8823943066666668e+24,4688455.476838637,4142886.991935198,8326.07051752081,5751.637550097271,1.4476,0.4251352678403906,6271026.791853884,0.6572727070198501,0.6899535798825664,0.21685999999999997,0.14962333333333333,0.31520333333333334
simArray_Sun_JS_frag_2Gyr_Run079_step.mat,4.0268001599999997e+24,8.411562e+23,4.743161466666667e+24,6843055.637713672,4060276.368448511,7952.267246524044,7719.8983074692205,1.0301,0.5130095713040653,2020453.0317124475,0.8516388593065918,0.20888948211425523,0.6742799999999999,0.14085,0.7942333333333333
simArray_Sun_JS_frag_2Gyr_Run079_step.mat,1.7518463866666668e+24,1.2285399333333332e+24,2.98038632e+24,5185158.692456356,4606734.018491751,7078.469743805612,6374.128540122118,1.1105,0.6025588974794636,2113414.3015383487,1.0,0.7012829108098586,0.29334333333333334,0.20571666666666663,0.49906
simArray_Sun_JS_frag_2Gyr_Run079_step.mat,2.98038632e+24,2.0576088053333334e+24,5.037995125333334e+24,6189956.054503361,5470801.80975637,7945.076041815868,7594.222941900084,1.0462,0.7089321643601455,1253230.1351164493,1.0000000000000002,0.6903832538505724,0.49906,0.34454266666666666,0.8436026666666667
simArray_Sun_JS_frag_2Gyr_Run080_step.mat,6.131253333333331e+23,6.131253333333331e+23,1.2262506666666662e+24,3654094.704558684,3654094.704558684,4726.951260110114,4732.630416610046,0.9988,0.64055,913573.0219614697,1.0,1.0,0.10266666666666663,0.10266666666666663,0.20533333333333326
simArray_Sun_JS_frag_2Gyr_Run080_step.mat,6.131253333333334e+23,6.131253333333334e+23,6.131253333333334e+23,3654094.7045586845,3654094.7045586845,6648.399209253795,4732.630416610047,1.4048,0.8113,355966.1322912588,0.0,1.0,0.10266666666666667,0.10266666666666667,0.10266666666666667
simArray_Sun_JS_frag_2Gyr_Run080_step.mat,6.131253333333334e+23,6.131253333333334e+23,1.2262506666666667e+24,3654094.7045586845,3654094.7045586845,4882.181537774925,4732.630416610047,1.0316,0.95575,2987.551338049248,1.0,1.0,0.10266666666666667,0.10266666666666667,0.20533333333333334
simArray_Sun_JS_frag_2Gyr_Run080_step.mat,7.784302933333334e+23,6.839731600000001e+23,7.784302933333334e+23,3956731.874023303,3789742.759744245,10404.348815619223,5019.950215004933,2.0726,0.9556152976789484,12562.344354238181,0.0,0.8786569148936171,0.13034666666666667,0.11453000000000002,0.13034666666666667
simArray_Sun_JS_frag_2Gyr_Run080_step.mat,7.246026666666667e+23,6.149368399999999e+23,7.246026666666667e+23,3863343.771591996,3657689.895794607,6345.526454201347,4875.923201322689,1.3014,0.9660114045707335,2070.2602383638723,0.0,0.8486538461538461,0.12133333333333332,0.10296999999999998,0.12133333333333332
simArray_Sun_JS_frag_2Gyr_Run080_step.mat,7.246026666666667e+23,7.030835599999998e+23,7.246026666666667e+23,3863343.771591996,3824714.5355546908,5589.714584098698,4978.814094681302,1.1227,0.9138688472856754,27083.879997765187,0.0,0.9703021978021976,0.12133333333333332,0.11772999999999997,0.12133333333333332
simArray_Sun_JS_frag_2Gyr_Run080_step.mat,7.784302933333334e+23,7.676607866666666e+23,7.784302933333334e+23,3956731.874023303,3938400.073771376,6615.404639785091,5112.763459142971,1.2939,0.5637058432119761,2730092.2353915684,0.0,0.9861650981996724,0.13034666666666667,0.12854333333333332,0.13034666666666667
simArray_Sun_JS_frag_2Gyr_Run080_step.mat,7.501230133333334e+23,6.149368399999999e+23,7.501230133333334e+23,3908176.85578405,3657689.895794607,6981.965429070386,4907.5458136433435,1.4227,0.8008649367163783,400497.5617861509,0.0,0.8197813279549916,0.12560666666666667,0.10296999999999998,0.12560666666666667
simArray_Sun_JS_frag_2Gyr_Run080_step.mat,7.501230133333334e+23,6.149368399999999e+23,1.2380951333333334e+24,3908176.85578405,3657689.895794607,4926.685242316553,4907.5458136433435,1.0039,0.24551799820774933,3825875.312879462,0.7935320967272023,0.8197813279549916,0.12560666666666667,0.10296999999999998,0.20731666666666668
simArray_Sun_JS_frag_2Gyr_Run080_step.mat,9.055741733333334e+23,8.068769199999999e+23,9.055741733333334e+23,4161386.507198695,4004354.1158320587,7803.012214310484,5290.895181930081,1.4748,0.9487508381788863,10906.99748942889,0.0,0.8910114088501021,0.15163666666666667,0.13510999999999998,0.15163666666666667
simArray_Sun_JS_frag_2Gyr_Run080_step.mat,8.426093866666668e+23,8.225036533333333e+23,8.426093866666668e+23,4062613.209460918,4030039.6950604324,8512.566311552497,5240.7599036831225,1.6243,0.9190845513373676,52600.70662072576,0.0,0.976138726138726,0.14109333333333335,0.13772666666666666,0.14109333333333335
simArray_Sun_JS_frag_2Gyr_Run080_step.mat,9.055741733333334e+23,8.068769199999999e+23,9.055741733333334e+23,4161386.507198695,4004354.1158320587,5603.587087182148,5290.895181930081,1.0591,0.8643585414595312,94398.24485822061,0.0,0.8910114088501021,0.15163666666666667,0.13510999999999998,0.15163666666666667
simArray_Sun_JS_frag_2Gyr_Run080_step.mat,9.055741733333334e+23,8.068769199999999e+23,1.5303648133333331e+24,4161386.507198695,4004354.1158320587,5521.04912234404,5290.895181930081,1.0435,0.18972978302304316,5558962.97895954,0.7743320257567906,0.8910114088501021,0.15163666666666667,0.13510999999999998,0.25625666666666663
simArray_Sun_JS_frag_2Gyr_Run080_step.mat,8.426093866666668e+23,8.225036533333333e+23,1.4732924e+24,4062613.209460918,4030039.6950604324,6904.701173102513,5240.7599036831225,1.3175,0.44528511963963563,4803542.16823867,0.7667844522968198,0.976138726138726,0.14109333333333335,0.13772666666666666,0.2467
simArray_Sun_JS_frag_2Gyr_Run080_step.mat,1.2938338000000002e+24,7.702287466666666e+23,1.2938338000000002e+24,4686941.606705357,3942786.732403654,6636.98323547875,5650.419917826282,1.1746,0.6845431245291497,977583.4652570157,0.0,0.5953073313331794,0.21665,0.12897333333333333,0.21665
simArray_Sun_JS_frag_2Gyr_Run080_step.mat,1.7106794e+24,7.8495968e+23,1.7106794e+24,5144220.635617704,3967763.961505292,6568.285769999391,6046.474979286929,1.0863,0.843897498306707,126141.94539411516,0.0,0.4588584395182405,0.28645,0.13144,0.28645
simArray_Sun_JS_frag_2Gyr_Run080_step.mat,1.7106794e+24,8.1917924e+23,2.3268902666666665e+24,5144220.635617704,4024602.7958202595,6082.240389430855,6068.888833996064,1.0022,0.20214836820370274,4699554.486269567,0.7522295934485187,0.47886193052888815,0.28645,0.13717,0.3896333333333333
simArray_Sun_JS_frag_2Gyr_Run080_step.mat,1.3655973333333333e+24,5.875850800000001e+23,1.8458456666666668e+24,4772042.087727855,3602635.287115472,5986.382530977905,5579.627673574336,1.0729,0.4771086289314259,2068876.6297840257,0.8173256089711016,0.43027696793002923,0.22866666666666663,0.09839,0.3090833333333333
simArray_Sun_JS_frag_2Gyr_Run080_step.mat,3.125167506666666e+24,2.7629059866666667e+24,3.1251476e+24,6288607.346413575,6035576.3456966495,11527.68704008363,7985.927980660637,1.4435,0.5199606761864322,9568215.564641984,-7.2049743140675435e-06,0.8840825270238424,0.5233033333333332,0.4626433333333333,0.5233
simArray_Sun_JS_frag_2Gyr_Run080_step.mat,3.1251476e+24,2.762846266666667e+24,5.887993866666667e+24,6288593.994011847,6035532.859210786,8390.777142063645,7985.892397509894,1.0507,0.7965776562487116,642078.7454266335,1.0000000000000002,0.8840690489840117,0.5233,0.46263333333333334,0.9859333333333333
simArray_Sun_JS_frag_2Gyr_Run080_step.mat,1.56102108e+24,1.1124641600000001e+24,1.56102108e+24,4989606.551232059,4456823.014452317,9858.873033133228,6146.42957177882,1.604,0.9345975397753774,30815.31182845856,0.0,0.7126515934044915,0.26138999999999996,0.18628,0.26138999999999996
simArray_Sun_JS_frag_2Gyr_Run080_step.mat,1.56102108e+24,1.1124641600000001e+24,2.67348524e+24,4989606.551232059,4456823.014452317,6429.7799750378235,6146.42957177882,1.0461,0.6108636005144253,1677122.8253898975,1.0,0.7126515934044915,0.26138999999999996,0.18628,0.44766999999999996
simArray_Sun_JS_frag_2Gyr_Run081_step.mat,5.573866666666664e+23,5.573866666666664e+23,1.1147733333333328e+24,3539828.6277588736,3539828.6277588736,4581.886997086113,4584.637779753966,0.9993999999999998,0.93145,9545.823781886183,1.0,1.0,0.09333333333333328,0.09333333333333328,0.18666666666666656
simArray_Sun_JS_frag_2Gyr_Run081_step.mat,5.5738666666666665e+23,5.5738666666666665e+23,5.573866666666667e+23,3539828.627758874,3539828.627758874,4926.651758123612,4584.637779753966,1.0746,0.9652,1492.5524637176795,1.2039911970146398e-16,1.0,0.09333333333333332,0.09333333333333332,0.09333333333333334
simArray_Sun_JS_frag_2Gyr_Run081_step.mat,6.68864e+23,6.131253333333334e+23,1.1823962799999999e+24,3761629.2247258904,3654094.7045586845,4916.670856540445,4803.781980010205,1.0235,0.39479301731322747,2776935.177050961,0.8375649350649349,0.9166666666666667,0.11199999999999999,0.10266666666666667,0.19798999999999997
simArray_Sun_JS_frag_2Gyr_Run081_step.mat,6.131253333333334e+23,5.5738666666666665e+23,8.682491733333332e+22,3654094.7045586845,3539828.627758874,15867.718912392187,4660.39676703248,3.4048,0.22506903240353865,43432217.864920735,-0.9442285714285715,0.9090909090909091,0.10266666666666667,0.09333333333333332,0.014538666666666665
simArray_Sun_JS_frag_2Gyr_Run081_step.mat,6.131253333333334e+23,5.683751466666666e+23,6.131253333333334e+23,3654094.7045586845,3562939.1484587374,7991.43083013007,4674.71823932733,1.7095,0.8018009187693862,559594.3383028082,0.0,0.9270129870129868,0.10266666666666667,0.09517333333333332,0.10266666666666667
simArray_Sun_JS_frag_2Gyr_Run081_step.mat,6.68864e+23,5.683751466666666e+23,6.68864e+23,3761629.2247258904,3562939.1484587374,5983.071770113328,4748.469658820101,1.26,0.9386395735210118,10560.228363119853,0.0,0.8497619047619047,0.11199999999999999,0.09517333333333332,0.11199999999999999
simArray_Sun_JS_frag_2Gyr_Run081_step.mat,6.68864e+23,5.683751466666666e+23,1.2372391466666665e+24,3761629.2247258904,3562939.1484587374,4933.185128548203,4748.469658820101,1.0389,0.8814799824869861,48419.15840565161,1.0,0.8497619047619047,0.11199999999999999,0.09517333333333332,0.2071733333333333
simArray_Sun_JS_frag_2Gyr_Run081_step.mat,1.73612012e+24,6.409946666666667e+23,2.2608001333333335e+24,5169596.366016027,3708641.4733209005,7047.847795749116,5978.325384467822,1.1789,0.5389558697316675,2011132.5179520766,0.8185403726708076,0.3692110121197528,0.29070999999999997,0.10733333333333334,0.37856666666666666
simArray_Sun_JS_frag_2Gyr_Run081_step.mat,2.2607006000000002e+24,6.131253333333334e+23,2.2608001333333335e+24,5645179.145886582,3654094.7045586845,8793.438716857128,6422.787756085843,1.3691,0.6116695345113387,1763850.6334323392,0.00016233766233755614,0.27121032008101087,0.37855,0.10266666666666667,0.37856666666666666
simArray_Sun_JS_frag_2Gyr_Run081_step.mat,2.2607006000000002e+24,6.131253333333334e+23,2.7429396e+24,5645179.145886582,3654094.7045586845,7013.684229645742,6422.787756085843,1.092,0.4351983815910864,2493182.828410412,0.786525974025974,0.27121032008101087,0.37855,0.10266666666666667,0.4593
simArray_Sun_JS_frag_2Gyr_Run081_step.mat,1.3493734e+24,6.040877066666667e+23,1.806609626666667e+24,4753068.722015573,3636051.657250366,5914.193668334695,5575.220275579463,1.0608,0.334902682828023,3238788.12969891,0.7569037105384568,0.44768016522829535,0.22595,0.10115333333333333,0.30251333333333336
simArray_Sun_JS_frag_2Gyr_Run081_step.mat,1.0742831733333333e+24,6.1410076e+23,1.0742831733333332e+24,4405240.633373791,3656031.455351527,6064.251828115916,5287.51576259126,1.1469,0.5943404043585546,1446319.9131128553,-2.185597816228073e-16,0.5716376978097321,0.17988666666666667,0.10283,0.17988666666666664
simArray_Sun_JS_frag_2Gyr_Run081_step.mat,8.365776666666666e+23,6.1410076e+23,1.25388112e+24,4052896.0734820124,3656031.455351527,7275.84320379938,5011.946823585713,1.4517,0.44598573877824693,4608791.848054,0.6795358034296087,0.7340630577037479,0.1400833333333333,0.10283,0.20995999999999998
simArray_Sun_JS_frag_2Gyr_Run081_step.mat,2.3157823466666668e+24,1.26952776e+24,2.3157425333333333e+24,5690659.82176678,4657406.152836353,7452.172924818928,6800.6688490773195,1.0958,0.9969589695505063,1.5804271629872109,-3.136074262257623e-05,0.54820685623904,0.38777333333333336,0.21258,0.38776666666666665
simArray_Sun_JS_frag_2Gyr_Run081_step.mat,2.3157425333333333e+24,1.26952776e+24,3.585270293333333e+24,5690627.209975048,4657406.152836353,7131.833061731191,6800.641805789255,1.0487,0.7642287530810367,510500.2786636057,0.9999999999999998,0.5482162812688043,0.38776666666666665,0.21258,0.6003466666666666
simArray_Sun_JS_frag_2Gyr_Run082_step.mat,6.68864e+23,6.131253333333331e+23,1.2819893333333332e+24,3761629.2247258904,3654094.704558684,4991.129477230601,4803.781980010203,1.039,0.9154348687462184,19719.824493143573,1.0000000000000002,0.9166666666666664,0.11199999999999999,0.10266666666666663,0.21466666666666662
simArray_Sun_JS_frag_2Gyr_Run082_step.mat,6.68864e+23,6.131253333333334e+23,1.13748684e+24,3761629.2247258904,3654094.7045586845,5601.209788691899,4803.781980010205,1.166,0.33209686295126556,4283966.908395067,0.7643181818181819,0.9166666666666667,0.11199999999999999,0.10266666666666667,0.19047
simArray_Sun_JS_frag_2Gyr_Run082_step.mat,6.131253333333334e+23,5.5738666666666665e+23,6.131253333333334e+23,3654094.7045586845,3539828.627758874,11421.700396643202,4660.39676703248,2.4508,0.7369220316205233,2367506.202379773,0.0,0.9090909090909091,0.10266666666666667,0.09333333333333332,0.10266666666666667
simArray_Sun_JS_frag_2Gyr_Run082_step.mat,6.68864e+23,5.5738666666666665e+23,6.68864e+23,3761629.2247258904,3539828.627758874,5248.538582161689,4734.811531043472,1.1085,0.8798909317435868,56205.27400214252,0.0,0.8333333333333334,0.11199999999999999,0.09333333333333332,0.11199999999999999
simArray_Sun_JS_frag_2Gyr_Run082_step.mat,5.5738666666666665e+23,5.390526266666667e+23,5.573866666666667e+23,3539828.627758874,3500583.441792949,6196.729350906667,4559.435914139259,1.3591,0.7913869536399377,396109.7240868175,1.2449408588356258e-16,0.9671071428571429,0.09333333333333332,0.09026333333333333,0.09333333333333334
simArray_Sun_JS_frag_2Gyr_Run082_step.mat,6.68864e+23,5.390526266666667e+23,1.0873618533333334e+24,3761629.2247258904,3500583.441792949,5099.286199095252,4711.962852610656,1.0822,0.30850464853168424,3536418.8248708057,0.7763580634439973,0.8059226190476192,0.11199999999999999,0.09026333333333333,0.18207666666666666
simArray_Sun_JS_frag_2Gyr_Run082_step.mat,1.1431005200000001e+24,4.617948533333333e+23,1.1431005200000001e+24,4497365.521420537,3324653.6447771913,7813.427595278802,5233.374142852513,1.493,0.9359235051998708,12700.837939588984,0.0,0.40398446615467665,0.19141,0.07732666666666665,0.19141
simArray_Sun_JS_frag_2Gyr_Run082_step.mat,1.1431005200000001e+24,5.5738666666666665e+23,1.6177351733333334e+24,4497365.521420537,3539828.627758874,5931.375514204772,5314.37641269131,1.1161,0.5547568088039215,1554397.2570369237,0.8515357142857144,0.4876094944534419,0.19141,0.09333333333333332,0.27088666666666666
simArray_Sun_JS_frag_2Gyr_Run082_step.mat,7.246026666666667e+23,5.635378266666667e+23,7.246026666666667e+23,3863343.771591996,3552802.531180119,6254.405693151968,4815.155664910284,1.2989,0.5686025537436379,2097054.244463211,0.0,0.7777197802197803,0.12133333333333332,0.09436333333333334,0.12133333333333332
simArray_Sun_JS_frag_2Gyr_Run082_step.mat,1.6177351733333334e+24,4.617948533333333e+23,2.0795300266666667e+24,5049315.657027139,3324653.6447771913,5745.420211592357,5757.510984660144,0.9979,0.9299723055057031,7196.321312531438,1.0,0.28545763295843274,0.27088666666666666,0.07732666666666665,0.3482133333333333
simArray_Sun_JS_frag_2Gyr_Run082_step.mat,7.246026666666667e+23,5.573866666666667e+23,1.2819893333333334e+24,3863343.771591996,3539828.6277588746,4979.012031943232,4807.852483529578,1.0356,0.6783003236228271,671300.4409092613,1.0000000000000002,0.7692307692307693,0.12133333333333332,0.09333333333333334,0.21466666666666667
simArray_Sun_JS_frag_2Gyr_Run082_step.mat,1.58980612e+24,5.635378266666667e+23,1.58980612e+24,5020089.193796687,3552802.531180119,8176.088598507334,5790.4310187729,1.412,0.6061308705625824,1854303.2920059885,0.0,0.35446952906852985,0.26621,0.09436333333333334,0.26621
simArray_Sun_JS_frag_2Gyr_Run082_step.mat,2.0795300266666667e+24,5.635378266666667e+23,2.4566817333333334e+24,5490161.3807636695,3552802.531180119,8251.868711392905,6246.210515019987,1.3211,0.40925937809888663,3747965.3042075606,0.6692571267088205,0.2709928779292388,0.3482133333333333,0.09436333333333334,0.41136666666666666
simArray_Sun_JS_frag_2Gyr_Run082_step.mat,2.4566817333333334e+24,1.2819893333333334e+24,3.738671066666667e+24,5803807.653660708,4672595.458750138,7137.283140626131,6901.927415749087,1.0341,0.7840600332088359,392698.5024715159,1.0,0.5218377765173001,0.41136666666666666,0.21466666666666667,0.6260333333333333
simArray_Sun_JS_frag_2Gyr_Run082_step.mat,2.204364733333333e+24,4.5900792000000003e+23,2.2042652e+24,5597892.189763744,3317952.046995308,6968.900812328918,6314.698090185681,1.1036,0.8813883292836526,40242.833270507836,-0.00021684447913883446,0.2082268478800741,0.3691166666666666,0.07686,0.3691
simArray_Sun_JS_frag_2Gyr_Run082_step.mat,2.204364733333333e+24,4.5900792000000003e+23,2.570547866666667e+24,5597892.189763744,3317952.046995308,6590.018926917777,6314.698090185681,1.0436,0.399443834656119,2061696.334061406,0.7977708387544463,0.2082268478800741,0.3691166666666666,0.07686,0.43043333333333333
simArray_Sun_JS_frag_2Gyr_Run082_step.mat,2.859194533333333e+24,1.0426315733333331e+24,3.9018261066666665e+24,6104891.459741129,4361544.783383497,7220.756100792631,7054.27520593262,1.0236,0.9786900853696502,390.0467713702312,1.0000000000000002,0.3646591937617489,0.4787666666666666,0.1745866666666666,0.6533533333333332
simArray_Sun_JS_frag_2Gyr_Run082_step.mat,4.430487453333333e+24,4.6531833333333333e+23,4.835727466666667e+24,7064485.677818901,3333087.897070209,8212.621019542159,7928.00561786095,1.0359,0.5046850521122516,1395161.46772321,0.8708877005347608,0.10502644195126774,0.7418766666666666,0.07791666666666666,0.8097333333333334
simArray_Sun_JS_frag_2Gyr_Run082_step.mat,4.921485386666666e+24,7.055121733333333e+23,4.9215252e+24,7316366.377932315,3829113.291053542,15392.462816701385,8209.313502240739,1.875,0.8609243199607697,247193.1594116827,5.643181625949129e-05,0.1433535036484541,0.8240933333333331,0.11813666666666667,0.8240999999999999
simArray_Sun_JS_frag_2Gyr_Run082_step.mat,4.2785398666666665e+24,5.009512666666667e+23,4.2785398666666665e+24,6982783.435298843,3416083.9771101144,9671.910969189244,7832.775323282512,1.2348,0.9154486041415576,20907.848244109555,0.0,0.11708463220583447,0.7164333333333333,0.08388333333333334,0.7164333333333333
simArray_Sun_JS_frag_2Gyr_Run082_step.mat,4.307762853333333e+24,5.009512666666667e+23,4.6197401333333333e+24,6998645.151989346,3416083.9771101144,12896.343928524737,7850.6994146982015,1.6427,0.45547816224660226,4387224.375623578,0.6227697198489975,0.11629035388497123,0.7213266666666666,0.08388333333333334,0.7735666666666666
simArray_Sun_JS_frag_2Gyr_Run083_step.mat,5.573866666666664e+23,5.573866666666667e+23,1.1147733333333332e+24,3539828.6277588736,3539828.6277588746,4631.401085107456,4584.637779753966,1.0102,0.9142499999999999,18725.923033347066,1.0000000000000002,0.9999999999999994,0.09333333333333328,0.09333333333333334,0.18666666666666662
simArray_Sun_JS_frag_2Gyr_Run083_step.mat,7.803413333333333e+23,5.6624513333333336e+23,7.803413333333335e+23,3959967.142737017,3558482.814816877,5493.433890032365,4889.571775729742,1.1235,0.7922093799941412,257515.0159627546,4.740622747957098e-16,0.7256377551020409,0.13066666666666665,0.09481666666666666,0.13066666666666668
simArray_Sun_JS_frag_2Gyr_Run083_step.mat,1.1705119999999999e+24,5.6624513333333336e+23,1.5300662133333333e+24,4533030.788334287,3558482.814816877,6478.902375836267,5352.695287372991,1.2104,0.18195957793083262,5541421.665745998,0.6349797855510636,0.4837585034013606,0.19599999999999998,0.09481666666666666,0.25620666666666664
simArray_Sun_JS_frag_2Gyr_Run083_step.mat,6.68864e+23,6.131253333333334e+23,6.68864e+23,3761629.2247258904,3654094.7045586845,6590.308498376,4803.781980010205,1.3719,0.8862172434124884,80822.3723937368,0.0,0.9166666666666667,0.11199999999999999,0.10266666666666667,0.11199999999999999
simArray_Sun_JS_frag_2Gyr_Run083_step.mat,6.68864e+23,6.131253333333334e+23,1.2819893333333334e+24,3761629.2247258904,3654094.7045586845,5096.332302592827,4803.781980010205,1.0609,0.7251145037251171,529196.2358072085,1.0000000000000002,0.9166666666666667,0.11199999999999999,0.10266666666666667,0.21466666666666667
simArray_Sun_JS_frag_2Gyr_Run083_step.mat,7.52472e+23,6.68864e+23,1.421336e+24,3912252.0493358006,3761629.2247258904,5030.491851203826,4972.315756848696,1.0117,0.7634974349797575,344590.54594111396,1.0,0.8888888888888888,0.126,0.11199999999999999,0.238
simArray_Sun_JS_frag_2Gyr_Run083_step.mat,8.918186666666668e+23,8.082106666666666e+23,1.5876163866666666e+24,4140208.6791202626,4006559.2658327725,5751.224823505856,5277.805656149268,1.0897,0.5077452210814015,2539396.917019181,0.8609113300492609,0.9062499999999998,0.14933333333333335,0.1353333333333333,0.2658433333333333
simArray_Sun_JS_frag_2Gyr_Run083_step.mat,1.5595878e+24,6.3327088e+23,1.5595878e+24,4988078.984169778,3693685.246189453,7928.281952306966,5806.563609423587,1.3654,0.7219179278898699,806661.4055939873,0.0,0.40605016274171934,0.26115,0.10604,0.26115
simArray_Sun_JS_frag_2Gyr_Run083_step.mat,1.617137973333333e+24,6.131253333333334e+23,1.6171379733333336e+24,5048694.248674769,3654094.7045586845,8811.215830063793,5848.799090649713,1.5065,0.8890395915230618,76566.81340494979,8.756299614651925e-16,0.3791422522034567,0.2707866666666666,0.10266666666666667,0.2707866666666667
simArray_Sun_JS_frag_2Gyr_Run083_step.mat,1.7030670906666668e+24,9.141201053333333e+23,2.617187196e+24,5136578.910038236,4174435.922151749,6760.63962353842,6125.43229458949,1.1037,0.5662860972925859,2014336.7656563504,0.9999999999999999,0.5367493214700663,0.28517533333333334,0.15306766666666666,0.438243
simArray_Sun_JS_frag_2Gyr_Run083_step.mat,6.611402133333334e+23,6.131253333333334e+23,9.1807556e+23,3747093.8435395365,3654094.7045586845,8074.996239896458,4793.989693597992,1.6844,0.17927470991646208,12341178.983810376,0.4190584415584415,0.9273756473563772,0.11070666666666666,0.10266666666666667,0.15373
simArray_Sun_JS_frag_2Gyr_Run083_step.mat,1.7323179466666665e+24,1.7206128266666669e+24,3.0433312e+24,5165819.732584709,5154158.431693686,7713.53538510699,6683.014542632985,1.1542,0.27906498008732467,9561220.800877,0.7619455306939401,0.9932430879547703,0.2900733333333333,0.28811333333333333,0.5096
simArray_Sun_JS_frag_2Gyr_Run084_step.mat,6.688639999999997e+23,6.131253333333334e+23,1.2819893333333332e+24,3761629.22472589,3654094.7045586845,5171.271301480984,4803.781980010203,1.0765,0.7175564721717739,583104.5474223217,1.0000000000000002,0.9166666666666672,0.11199999999999995,0.10266666666666667,0.21466666666666662
simArray_Sun_JS_frag_2Gyr_Run084_step.mat,6.68864e+23,5.5738666666666665e+23,1.0893724266666666e+24,3761629.2247258904,3539828.627758874,5139.637916947689,4734.811531043472,1.0855,0.2207068769593961,4407096.869526312,0.7544285714285714,0.8333333333333334,0.11199999999999999,0.09333333333333332,0.18241333333333332
simArray_Sun_JS_frag_2Gyr_Run084_step.mat,1.0893724266666666e+24,5.573866666666664e+23,1.646759093333333e+24,4425769.975257144,3539828.6277588736,5347.229204717103,5253.196978796643,1.0179,0.7124593043294255,459759.7424644745,1.0,0.5116585044952852,0.18241333333333332,0.09333333333333328,0.2757466666666666
simArray_Sun_JS_frag_2Gyr_Run084_step.mat,7.803413333333333e+23,6.131253333333334e+23,7.803413333333335e+23,3959967.142737017,3654094.7045586845,7597.808227446693,4942.628303048851,1.5372,0.643762478895651,2017865.0644120139,4.3781498073259624e-16,0.7857142857142858,0.13066666666666665,0.10266666666666667,0.13066666666666668
simArray_Sun_JS_frag_2Gyr_Run084_step.mat,7.803413333333335e+23,6.131253333333334e+23,1.393466666666667e+24,3959967.142737018,3654094.7045586845,5148.241640455683,4942.628303048851,1.0416,0.6332567412371504,991429.380435596,1.0,0.7857142857142856,0.13066666666666668,0.10266666666666667,0.23333333333333336
simArray_Sun_JS_frag_2Gyr_Run084_step.mat,7.2374668e+23,6.131253333333331e+23,1.3368720133333333e+24,3861821.892103114,3654094.704558684,5011.109206814813,4872.723849489316,1.0284,0.909870954338893,22702.225169252073,1.0000000000000002,0.8471546057155427,0.12118999999999999,0.10266666666666663,0.22385666666666665
simArray_Sun_JS_frag_2Gyr_Run084_step.mat,1.7582364266666667e+24,5.5133504000000005e+23,2.057354e+24,5191455.509222147,3526971.1747764535,8207.417492929948,5946.542162679284,1.3802,0.2180566604943025,6267406.662948617,0.5425332177931832,0.313572754857117,0.2944133333333333,0.09232,0.3445
simArray_Sun_JS_frag_2Gyr_Run084_step.mat,1.3653385466666668e+24,5.738096666666666e+23,1.771335013333333e+24,4771740.627736187,3574258.8300850876,8036.75284212044,5569.089350786806,1.4431,0.5162239267515738,3130451.801904202,0.707545533391153,0.4202691472144866,0.22862333333333335,0.09608333333333331,0.29660666666666663
simArray_Sun_JS_frag_2Gyr_Run084_step.mat,7.257970666666667e+23,5.311098666666667e+22,6.978282e+23,3865465.3226892375,1616806.9542841164,17693.623813261514,4354.924761441708,4.0629,0.5484852489267514,4185677.897573029,-0.5266116941529227,0.07317608337904553,0.12153333333333333,0.008893333333333333,0.11685000000000001
simArray_Sun_JS_frag_2Gyr_Run084_step.mat,2.0979835066666662e+24,7.256975333333334e+23,2.6161341333333333e+24,5506353.240206998,3865288.615702811,7022.994948052257,6341.877323507547,1.1074,0.2818500418538313,4391840.597032478,0.7140035660403241,0.3459024015333379,0.35130333333333325,0.12151666666666668,0.43806666666666666
simArray_Sun_JS_frag_2Gyr_Run084_step.mat,1.8577896666666668e+24,5.756609866666667e+23,2.2834937333333331e+24,5287644.225080742,3578098.659199989,6571.755591545427,6053.012426586926,1.0857,0.32337512335508845,3266604.659505353,0.7395048066947916,0.3098633806589874,0.3110833333333333,0.09639333333333333,0.38236666666666663
simArray_Sun_JS_frag_2Gyr_Run084_step.mat,2.8076760800000003e+24,6.131253333333334e+23,2.807636266666667e+24,6068001.963884581,3654094.7045586845,7389.263455987049,6853.33282877671,1.0782,0.8316113378015211,124983.33395270981,-6.493506493502246e-05,0.21837466853844953,0.47014,0.10266666666666667,0.47013333333333335
simArray_Sun_JS_frag_2Gyr_Run084_step.mat,2.807636266666667e+24,6.131253333333334e+23,3.4207616e+24,6067973.281975902,3654094.7045586845,7187.744245451504,6853.303056303876,1.0488,0.7466638216562471,356727.86487270996,0.9999999999999991,0.21837776517300056,0.47013333333333335,0.10266666666666667,0.5728
simArray_Sun_JS_frag_2Gyr_Run084_step.mat,2.35828308e+24,1.883011413333333e+24,2.3583428000000002e+24,5725261.88560391,5311465.473955508,7850.495962637223,7162.207793665927,1.0961,0.9091029548564826,54937.91781024129,3.1715155615818704e-05,0.7984670836604285,0.39488999999999996,0.3153066666666666,0.39490000000000003
simArray_Sun_JS_frag_2Gyr_Run084_step.mat,2.3861524133333334e+24,2.0616339333333336e+24,4.172238266666667e+24,5747726.645370024,5474366.843434447,7307.844193072804,7273.658000470593,1.0047,0.47340754589289075,4579288.1451022215,0.8663448076087481,0.8639992658529871,0.39955666666666667,0.34521666666666667,0.6986333333333333
simArray_Sun_JS_frag_2Gyr_Run084_step.mat,3.3849893200000007e+24,1.7754357866666664e+24,3.3849296e+24,6458264.280259989,5208328.50270822,9023.346622407815,7684.021648989027,1.1743000000000001,0.7046933566390657,1421327.0636668457,-3.363681212747239e-05,0.5245026258064135,0.56681,0.2972933333333333,0.5668
simArray_Sun_JS_frag_2Gyr_Run084_step.mat,3.3849893200000007e+24,1.7754357866666664e+24,3.3849296e+24,6458264.280259989,5208328.50270822,8409.39329265359,7684.021648989027,1.0944,0.71670580427384,1111515.2453944194,-3.363681212747239e-05,0.5245026258064135,0.56681,0.2972933333333333,0.5668
simArray_Sun_JS_frag_2Gyr_Run084_step.mat,3.3849893200000007e+24,1.7754357866666664e+24,4.842296666666667e+24,6458264.280259989,5208328.50270822,8669.11322438942,7684.021648989027,1.1282,0.5055192248882913,4333726.896049641,0.8208167017984482,0.5245026258064135,0.56681,0.2972933333333333,0.8108333333333334
simArray_Sun_JS_frag_2Gyr_Run085_step.mat,6.131253333333331e+23,6.131253333333331e+23,1.2262506666666662e+24,3654094.704558684,3654094.704558684,4823.023657567298,4732.630416610046,1.0191,0.96155,1923.0849514591653,1.0,1.0,0.10266666666666663,0.10266666666666663,0.20533333333333326
simArray_Sun_JS_frag_2Gyr_Run085_step.mat,5.573866666666664e+23,5.573866666666664e+23,1.1147733333333328e+24,3539828.6277588736,3539828.6277588736,4709.339927363274,4584.637779753966,1.0272,0.8346,124738.04725278018,1.0,1.0,0.09333333333333328,0.09333333333333328,0.18666666666666656
simArray_Sun_JS_frag_2Gyr_Run085_step.mat,6.68864e+23,5.573866666666664e+23,1.2262506666666662e+24,3761629.2247258904,3539828.6277588736,4889.639868108592,4734.8115310434705,1.0327,0.9374375194101708,7370.943041833865,0.9999999999999998,0.8333333333333329,0.11199999999999999,0.09333333333333328,0.20533333333333326
simArray_Sun_JS_frag_2Gyr_Run085_step.mat,1.2847165466666666e+24,5.5738666666666665e+23,1.7336516933333333e+24,4675906.494879081,3539828.627758874,6334.650798510604,5470.809913214098,1.1579,0.5055104731051853,2074897.9240948006,0.8054285714285715,0.4338596464043882,0.2151233333333333,0.09333333333333332,0.29029666666666665
simArray_Sun_JS_frag_2Gyr_Run085_step.mat,1.0883372800000001e+24,8.993433866666667e+23,1.9876806666666667e+24,4424367.7082932275,4151820.418988727,6301.935105993834,5562.166907320242,1.133,0.5537560775951733,2367088.489495896,0.9999999999999999,0.8263462101258414,0.18224,0.15059333333333333,0.3328333333333333
simArray_Sun_JS_frag_2Gyr_Run085_step.mat,2.0373278933333333e+24,8.044483066666667e+23,2.0372482666666667e+24,5452768.02925477,4000332.5188977025,7403.990626914271,6334.69423931748,1.1688,0.9222826687990104,19777.244776403073,-9.898295018676558e-05,0.39485460798874383,0.34114666666666665,0.1347033333333333,0.34113333333333334
simArray_Sun_JS_frag_2Gyr_Run085_step.mat,2.0372482666666667e+24,8.044483066666667e+23,2.8416965733333334e+24,5452696.989896407,4000332.5188977025,6401.142899265992,6334.62929170311,1.0105,0.7173334189136789,539094.6250652241,1.0,0.39487004103967166,0.34113333333333334,0.1347033333333333,0.47583666666666663
simArray_Sun_JS_frag_2Gyr_Run085_step.mat,7.005952266666668e+23,2.3440099999999997e+23,7.005952266666668e+23,3820197.0950655853,2652059.104867877,6081.976140276932,4391.31851283533,1.385,0.9576085333423797,2026.5897121152263,0.0,0.3345740751264419,0.11731333333333335,0.03924999999999999,0.11731333333333335
simArray_Sun_JS_frag_2Gyr_Run085_step.mat,6.885716000000001e+23,5.5738666666666665e+23,1.1070097333333333e+24,3798216.774266533,3539828.627758874,6713.672014718984,4760.794224024241,1.4102,0.5013532304582252,3350628.563870793,0.7507142857142854,0.809482509395779,0.11530000000000001,0.09333333333333332,0.18536666666666665
simArray_Sun_JS_frag_2Gyr_Run085_step.mat,7.743693333333333e+23,7.908918666666666e+22,7.743693333333333e+23,3949839.305312008,1846300.6182689643,7278.358385916718,4433.427779689784,1.6417,0.7755018320310002,168088.3927824012,0.0,0.10213367609254499,0.12966666666666665,0.013243333333333333,0.12966666666666665
simArray_Sun_JS_frag_2Gyr_Run085_step.mat,8.361994399999999e+23,2.786933333333334e+22,8.3619944e+23,4052285.1939795488,1304084.016445267,10062.274505560756,4640.414363383488,2.1684,0.8701675047052284,38168.686090087554,4.815964788058558e-15,0.03332857210874638,0.14001999999999998,0.004666666666666667,0.14002
simArray_Sun_JS_frag_2Gyr_Run085_step.mat,8.3619944e+23,2.7869333333333334e+22,8.640687733333335e+23,4052285.1939795488,1304084.016445267,4617.212291566571,4640.414363383489,0.9949999999999999,0.5828351987696992,135589.03992423048,1.0000000000000058,0.03332857210874637,0.14002,0.004666666666666666,0.14468666666666669
simArray_Sun_JS_frag_2Gyr_Run085_step.mat,5.5738666666666665e+23,5.5738666666666665e+23,5.573866666666667e+23,3539828.627758874,3539828.627758874,8142.316696843044,4584.637779753966,1.776,0.7497,1122627.0374210128,1.2039911970146398e-16,1.0,0.09333333333333332,0.09333333333333332,0.09333333333333334
simArray_Sun_JS_frag_2Gyr_Run085_step.mat,1.5949221333333336e+24,1.2253548666666668e+24,1.594922133333333e+24,5025468.328365611,4602749.491039637,6742.646546630885,6253.033985561425,1.0783,0.7285929100427112,806937.3666196453,-4.3813504691946923e-16,0.7682850723914129,0.2670666666666667,0.20518333333333333,0.2670666666666666
simArray_Sun_JS_frag_2Gyr_Run085_step.mat,1.5949221333333336e+24,1.2253548666666668e+24,2.5623861333333335e+24,5025468.328365611,4602749.491039637,6612.583439731207,6253.033985561425,1.0575,0.33159615713885987,5484987.735411302,0.789537811713102,0.7682850723914129,0.2670666666666667,0.20518333333333333,0.42906666666666665
simArray_Sun_JS_frag_2Gyr_Run085_step.mat,2.769972853333333e+24,2.2966122266666662e+24,4.410720133333333e+24,6040717.828366271,5674913.805100341,9434.292929580732,7597.8842953859485,1.2417,0.3206589738388167,11916916.73312488,0.7144206849326944,0.8291100123609394,0.4638266666666666,0.38456333333333326,0.7385666666666666
simArray_Sun_JS_frag_2Gyr_Run085_step.mat,4.6382334266666664e+24,5.5738666666666665e+23,4.638253333333334e+24,7173221.570964301,3539828.627758874,10411.522928886918,8045.999172246459,1.294,0.9222096309104042,19308.817679109463,3.571428571618874e-05,0.1201721895802128,0.7766633333333333,0.09333333333333332,0.7766666666666667
simArray_Sun_JS_frag_2Gyr_Run085_step.mat,4.638253333333334e+24,5.573866666666667e+23,5.195640000000001e+24,7173231.833113221,3539828.6277588746,8407.27661428684,8046.010732401992,1.0449,0.8165506255128018,143448.41607214598,1.0000000000000009,0.12017167381974247,0.7766666666666667,0.09333333333333334,0.8700000000000002
simArray_Sun_JS_frag_2Gyr_Run086_step.mat,6.131253333333331e+23,5.573866666666664e+23,1.1705119999999995e+24,3654094.704558684,3539828.6277588736,4735.895194658406,4660.396767032479,1.0162,0.9311589939114577,9692.86074960359,1.0,0.909090909090909,0.10266666666666663,0.09333333333333328,0.1959999999999999
simArray_Sun_JS_frag_2Gyr_Run086_step.mat,6.131253333333334e+23,5.5738666666666665e+23,1.0078745333333334e+24,3654094.7045586845,3539828.627758874,5551.930668565794,4660.39676703248,1.1913,0.18732895317180107,5699266.007976379,0.7082142857142858,0.9090909090909091,0.10266666666666667,0.09333333333333332,0.16876666666666668
simArray_Sun_JS_frag_2Gyr_Run086_step.mat,6.131253333333331e+23,5.573866666666664e+23,1.1705119999999995e+24,3654094.704558684,3539828.6277588736,4738.691432718624,4660.396767032479,1.0168,0.5901268378389328,1171336.1045207353,1.0,0.909090909090909,0.10266666666666663,0.09333333333333328,0.1959999999999999
simArray_Sun_JS_frag_2Gyr_Run086_step.mat,8.591120133333331e+23,5.5738666666666665e+23,8.591120133333334e+23,4088964.2105785552,3539828.627758874,7820.219236492479,4978.494548314539,1.5708,0.9624254180317937,3553.9124012508164,4.815964788058559e-16,0.6487939384109184,0.14385666666666663,0.09333333333333332,0.14385666666666666
simArray_Sun_JS_frag_2Gyr_Run086_step.mat,1.1705119999999999e+24,1.0078745333333333e+24,1.1705120000000001e+24,4533030.788334287,4312530.728027493,7767.796077853158,5733.537110904309,1.3548,0.7513745429910703,917129.0536948029,2.663381672242537e-16,0.8610544217687075,0.19599999999999998,0.16876666666666665,0.196
simArray_Sun_JS_frag_2Gyr_Run086_step.mat,1.1705119999999999e+24,6.68864e+23,1.1705120000000001e+24,4533030.788334287,3761629.2247258904,8091.3912111883465,5440.6880118264835,1.4872,0.8154324865183017,349055.8350951941,4.0133039900487996e-16,0.5714285714285714,0.19599999999999998,0.11199999999999999,0.196
simArray_Sun_JS_frag_2Gyr_Run086_step.mat,1.0636132000000001e+24,5.5738666666666665e+23,1.0636132000000001e+24,4390607.532783566,3539828.627758874,11186.6273402868,5223.490539917258,2.1416,0.808037737694783,703656.4019306027,0.0,0.5240501590866553,0.1781,0.09333333333333332,0.1781
simArray_Sun_JS_frag_2Gyr_Run086_step.mat,1.1705119999999999e+24,5.5738666666666665e+23,1.1705120000000001e+24,4533030.788334287,3539828.627758874,5633.297717629972,5345.1918755384495,1.0539,0.8361518266318698,108681.57604374009,4.815964788058559e-16,0.4761904761904762,0.19599999999999998,0.09333333333333332,0.196
simArray_Sun_JS_frag_2Gyr_Run086_step.mat,1.4227692799999998e+24,5.120989999999999e+23,1.42276928e+24,4837729.023274423,3441237.8252571835,7978.20758182771,5585.415557146255,1.4284,0.6632839960330025,1226279.2323143396,5.241866435982106e-16,0.359931161853593,0.23823999999999995,0.08574999999999998,0.23824
simArray_Sun_JS_frag_2Gyr_Run086_step.mat,1.42276928e+24,5.12099e+23,1.9348682800000002e+24,4837729.023274423,3441237.825257184,5830.056758549263,5585.415557146256,1.0438,0.8243864519455203,118569.81765548777,1.0000000000000002,0.359931161853593,0.23824,0.08574999999999999,0.32399
simArray_Sun_JS_frag_2Gyr_Run086_step.mat,1.0636132000000001e+24,6.131253333333334e+23,1.48750576e+24,4390607.532783566,3654094.7045586845,5897.611938259923,5274.673050943496,1.1181,0.1489423424691585,5369366.051116593,0.691363636363636,0.576455174995321,0.1781,0.10266666666666667,0.24907999999999997
simArray_Sun_JS_frag_2Gyr_Run086_step.mat,2.2861015066666666e+24,4.055386133333333e+23,2.5934405333333336e+24,5666243.257538784,3183763.3761518877,7540.256557285631,6371.688826504674,1.1834,0.41667664948047894,2294900.496881939,0.757853917141175,0.17739309131756079,0.38280333333333333,0.06790666666666666,0.4342666666666667
simArray_Sun_JS_frag_2Gyr_Run086_step.mat,1.1772802666666667e+24,6.967333333333333e+23,1.1772802666666667e+24,4541751.136115522,3813164.796205839,8588.048861356026,5471.837439538724,1.5695,0.887974282559106,98944.59750507824,0.0,0.5918160297598918,0.19713333333333333,0.11666666666666665,0.19713333333333333
simArray_Sun_JS_frag_2Gyr_Run086_step.mat,1.7936105733333333e+24,6.930904133333333e+23,1.7936105733333333e+24,5226040.412936476,3806507.3782585994,7159.36338946217,6062.11972012038,1.181,0.8565858725812252,106140.89691292106,0.0,0.3864219043073884,0.30033666666666664,0.11605666666666666,0.30033666666666664
simArray_Sun_JS_frag_2Gyr_Run086_step.mat,1.3577541066666666e+24,5.0893384000000006e+23,1.3577541066666666e+24,4762888.561546215,3434133.3486477365,6360.899968731366,5513.478346824449,1.1537,0.8012113557179306,203311.49476857734,0.0,0.3748350584992523,0.22735333333333332,0.08522,0.22735333333333332
simArray_Sun_JS_frag_2Gyr_Run086_step.mat,3.8088022533333333e+24,5.113027333333333e+23,3.8087425333333333e+24,6717270.75355175,3439453.297640743,13725.91171580916,7535.085482987021,1.8216,0.7201570197906203,1250080.8539069172,-0.00011679968853408752,0.13424239415051245,0.6377766666666667,0.08561666666666666,0.6377666666666666
simArray_Sun_JS_frag_2Gyr_Run086_step.mat,3.897080357333333e+24,6.9615604000000005e+22,3.9666959613333327e+24,6768771.17079135,1769425.3453289373,8763.273385546037,7874.976083344749,1.1128,0.5910052431210475,275309.85493991803,0.9999999999999983,0.01786352797909358,0.6525586666666665,0.011657,0.6642156666666665
simArray_Sun_JS_frag_2Gyr_Run086_step.mat,4.5039629599999995e+24,1.4458012933333334e+24,4.5038833333333334e+24,7103324.398974894,4863694.054537624,10171.806476790269,8146.569339091998,1.2486,0.9783898681457874,746.4898401152182,-5.5074419308684055e-05,0.3210064794434574,0.7541799999999999,0.24209666666666665,0.7541666666666667
simArray_Sun_JS_frag_2Gyr_Run086_step.mat,4.5039629599999995e+24,1.4458012933333334e+24,5.693306666666667e+24,7103324.398974894,4863694.054537624,8658.988550520884,8146.569339091998,1.0629,0.48643480977095965,3501939.9440035215,0.8226190640102442,0.3210064794434574,0.7541799999999999,0.24209666666666665,0.9533333333333333
simArray_Sun_JS_frag_2Gyr_Run086_step.mat,1.1685014266666667e+24,5.066445733333334e+23,1.1685014266666667e+24,4530433.858063405,3428976.5131982854,6344.507192688552,5300.340177684671,1.197,0.5812590179492129,1448436.1424850558,0.0,0.43358489923167354,0.19566333333333333,0.08483666666666667,0.19566333333333333
simArray_Sun_JS_frag_2Gyr_Run086_step.mat,1.1685014266666667e+24,5.0893384000000006e+23,1.6774352666666666e+24,4530433.858063405,3434133.3486477365,5356.326203244063,5302.243321366129,1.0102,0.6377081474050634,739527.3634089526,0.9999999999999999,0.4355440467469634,0.19566333333333333,0.08522,0.2808833333333333
simArray_Sun_JS_frag_2Gyr_Run086_step.mat,1.8818767333333333e+24,5.066445733333334e+23,2.1807753333333332e+24,5310398.384546048,3428976.5131982854,11400.63902282838,6040.073654478612,1.8875,0.5705136925224679,3715220.4831462875,0.5899571726061842,0.26922303908605283,0.31511666666666666,0.08483666666666667,0.36516666666666664
simArray_Sun_JS_frag_2Gyr_Run086_step.mat,2.21298432e+24,7.524719999999999e+23,2.2130241333333336e+24,5605179.060339317,3912252.0493358,10187.10727427696,6449.168950542517,1.5796,0.6995997269692202,1454868.7688750315,5.291005291037505e-05,0.3400259067357512,0.37056,0.12599999999999997,0.3705666666666667
simArray_Sun_JS_frag_2Gyr_Run086_step.mat,2.21298432e+24,7.209597466666668e+23,2.2130241333333336e+24,5605179.060339317,3856858.6065311297,8439.54561781665,6433.561227181468,1.3118,0.7249028018724686,777473.548826602,5.5222685479531055e-05,0.32578619746689697,0.37056,0.12072333333333335,0.3705666666666667
simArray_Sun_JS_frag_2Gyr_Run086_step.mat,6.603558906666667e+24,7.175358e+23,6.603638533333333e+24,8069675.369666193,3850743.3142346116,13731.91697781445,9054.409190171733,1.5166,0.8248786975257956,317554.40563441394,0.00011097239561502135,0.10865895347364994,1.1057533333333334,0.12015,1.1057666666666666
simArray_Sun_JS_frag_2Gyr_Run086_step.mat,6.603558906666667e+24,3.8865776e+23,6.603638533333333e+24,8069675.369666193,3138960.324838305,9630.880877623362,9125.33719691431,1.0554,0.911314754206134,16211.519620804685,0.0002048760499868595,0.05885580268052549,1.1057533333333334,0.06508,1.1057666666666666
simArray_Sun_JS_frag_2Gyr_Run086_step.mat,6.603558906666667e+24,3.8865776e+23,6.9520052e+24,8069675.369666193,3138960.324838305,9593.466995116014,9125.33719691431,1.0513,0.49309486108056655,1264770.6219698694,0.8965375947551724,0.05885580268052549,1.1057533333333334,0.06508,1.1641
simArray_Sun_JS_frag_2Gyr_Run086_step.mat,1.7331739333333334e+24,1.6570050546666667e+24,3.3901789880000006e+24,5166670.451068243,5089846.164299459,6817.825367791832,6642.464310007631,1.0264,0.6143172045016804,2176389.315333275,1.0000000000000002,0.9560523746626084,0.2902166666666667,0.2774623333333333,0.567679
simArray_Sun_JS_frag_2Gyr_Run087_step.mat,6.68864e+23,6.68864e+23,1.2539607466666669e+24,3761629.2247258904,3761629.2247258904,4945.957573527353,4871.904623253893,1.0152,0.4793,2207621.740079178,0.8747619047619052,1.0,0.11199999999999999,0.11199999999999999,0.20997333333333335
simArray_Sun_JS_frag_2Gyr_Run087_step.mat,1.2539607466666666e+24,5.5738666666666665e+23,1.2539607466666669e+24,4638291.3601715015,3539828.627758874,6236.164331755735,5437.408956104049,1.1469,0.9874231816085374,68.10444293437541,4.815964788058559e-16,0.44450088900177803,0.20997333333333332,0.09333333333333332,0.20997333333333335
simArray_Sun_JS_frag_2Gyr_Run087_step.mat,6.781206e+23,6.68864e+23,6.781206000000001e+23,3778902.53852544,3761629.2247258904,5873.915747755327,4883.128894966603,1.2029,0.9399482455335794,10545.215350015997,2.0066519950243998e-16,0.9863496257155439,0.11354999999999998,0.11199999999999999,0.11355000000000001
simArray_Sun_JS_frag_2Gyr_Run087_step.mat,6.68864e+23,6.131253333333334e+23,6.68864e+23,3761629.2247258904,3654094.7045586845,7266.681001161437,4803.781980010205,1.5127,0.9734643190618205,1368.2774183657605,0.0,0.9166666666666667,0.11199999999999999,0.10266666666666667,0.11199999999999999
simArray_Sun_JS_frag_2Gyr_Run087_step.mat,8.8128804e+23,7.246026666666667e+23,8.8128804e+23,4123848.2034659428,3863343.771591996,6596.438680626606,5180.584843027256,1.2733,0.6222023316224045,1788148.7086767738,0.0,0.8222086693320684,0.14757,0.12133333333333332,0.14757
simArray_Sun_JS_frag_2Gyr_Run087_step.mat,8.8128804e+23,7.246026666666667e+23,8.8128804e+23,4123848.2034659428,3863343.771591996,6056.103681498863,5180.584843027256,1.169,0.7906218823445258,345270.8737098349,0.0,0.8222086693320684,0.14757,0.12133333333333332,0.14757
simArray_Sun_JS_frag_2Gyr_Run087_step.mat,9.370267066666666e+23,7.246026666666667e+23,9.370267066666668e+23,4209017.211772607,3863343.771591996,5749.786107873753,5241.850768414398,1.0969,0.9606474892476443,2469.9113437928236,1.852294149253292e-16,0.7732999086486372,0.1569033333333333,0.12133333333333332,0.15690333333333334
simArray_Sun_JS_frag_2Gyr_Run087_step.mat,9.370267066666668e+23,7.246026666666667e+23,1.6616293733333335e+24,4209017.211772607,3863343.771591996,5335.679897169017,5241.850768414399,1.0179,0.9338469676739747,9843.73268641979,1.0,0.7732999086486371,0.15690333333333334,0.12133333333333332,0.2782366666666667
simArray_Sun_JS_frag_2Gyr_Run087_step.mat,7.246026666666667e+23,6.68864e+23,1.2181287466666667e+24,3863343.771591996,3761629.2247258904,5480.908891183661,4939.090647187223,1.1097,0.11942207892460197,6236933.663436981,0.7378571428571429,0.923076923076923,0.12133333333333332,0.11199999999999999,0.2039733333333333
simArray_Sun_JS_frag_2Gyr_Run087_step.mat,7.575083866666668e+23,6.68864e+23,1.3006020666666664e+24,3920961.0410454175,3761629.2247258904,5015.132732243721,4978.293361369586,1.0074,0.29938284707499313,3653614.517357165,0.8119642857142852,0.8829790029695423,0.12684333333333334,0.11199999999999999,0.21778333333333327
simArray_Sun_JS_frag_2Gyr_Run087_step.mat,1.4817766213333333e+24,6.68864e+23,2.1506406213333334e+24,4903704.5000410015,3761629.2247258904,5858.299649030107,5755.845597396449,1.0178,0.8326639262303114,120527.23897839202,1.0000000000000002,0.4513932737028488,0.24812066666666666,0.11199999999999999,0.36012066666666664
simArray_Sun_JS_frag_2Gyr_Run087_step.mat,1.4170361599999998e+24,5.3666382666666664e+23,1.88673396e+24,4831222.318685979,3495404.864844324,5839.890309360704,5596.444953867469,1.0435,0.5709301805886121,1196438.9674647776,0.8752179235134837,0.3787227466846483,0.23727999999999996,0.08986333333333332,0.31593
simArray_Sun_JS_frag_2Gyr_Run087_step.mat,2.2480797733333332e+24,6.131253333333334e+23,2.6790392e+24,5634654.410971909,3654094.7045586845,9733.86929920332,6412.298616075968,1.518,0.5429165579882056,3131537.6079074843,0.7028896103896107,0.27273290770470465,0.37643666666666664,0.10266666666666667,0.4486
simArray_Sun_JS_frag_2Gyr_Run087_step.mat,2.3545605333333334e+24,1.5539144e+24,3.9084749333333336e+24,5722247.859775902,4982023.163474401,7048.428828090621,6981.407317839363,1.0096,0.6116620166786005,1920402.951193581,1.0000000000000002,0.6599594183293879,0.39426666666666665,0.2602,0.6544666666666666
simArray_Sun_JS_frag_2Gyr_Run087_step.mat,3.9083953066666664e+24,5.5738666666666665e+23,3.9084749333333336e+24,6775315.753907756,3539828.627758874,9906.951423017037,7602.019201210127,1.3032,0.8396938849629767,151931.03220459697,0.00014285714285801261,0.1426126640045636,0.6544533333333332,0.09333333333333332,0.6544666666666666
simArray_Sun_JS_frag_2Gyr_Run087_step.mat,3.9084749333333336e+24,7.171376666666667e+23,4.6256126e+24,6775361.76530144,3850030.972117034,8049.9634922565265,7623.071488879286,1.056,0.6861832758392965,695067.4142153345,0.9999999999999994,0.18348273403280024,0.6544666666666666,0.12008333333333333,0.77455
simArray_Sun_JS_frag_2Gyr_Run087_step.mat,4.7603608266666665e+24,6.409946666666667e+23,5.294974266666667e+24,7235635.311668264,3708641.4733209005,8703.46149781238,8116.629206203842,1.0723,0.4653723398944842,2155005.310674988,0.8340372670807467,0.13465253790761667,0.7971133333333332,0.10733333333333334,0.8866333333333334
simArray_Sun_JS_frag_2Gyr_Run088_step.mat,5.5738666666666665e+23,5.5738666666666665e+23,9.957513733333333e+23,3539828.627758874,3539828.627758874,4631.401085107456,4584.637779753966,1.0102,0.048549999999999996,5081442.637188702,0.7864642857142857,1.0,0.09333333333333332,0.09333333333333332,0.16673666666666664
simArray_Sun_JS_frag_2Gyr_Run088_step.mat,8.360799999999996e+23,5.573866666666667e+23,1.3934666666666663e+24,4052092.246393599,3539828.6277588746,5020.117953466662,4949.830362321693,1.0142,0.5536991976194687,1336353.3581296166,1.0000000000000002,0.6666666666666671,0.13999999999999993,0.09333333333333334,0.23333333333333325
simArray_Sun_JS_frag_2Gyr_Run088_step.mat,6.131253333333331e+23,5.573866666666667e+23,1.1705119999999997e+24,3654094.704558684,3539828.6277588746,4962.390477536183,4660.396767032479,1.0648,0.53420244048477,1690136.0948152533,0.9999999999999999,0.9090909090909095,0.10266666666666663,0.09333333333333334,0.19599999999999995
simArray_Sun_JS_frag_2Gyr_Run088_step.mat,6.68864e+23,5.5738666666666665e+23,6.68864e+23,3761629.2247258904,3539828.627758874,7934.59716372265,4734.811531043472,1.6758,0.5176616946050449,4438714.965299141,0.0,0.8333333333333334,0.11199999999999999,0.09333333333333332,0.11199999999999999
simArray_Sun_JS_frag_2Gyr_Run088_step.mat,6.68864e+23,5.5738666666666665e+23,1.13026072e+24,3761629.2247258904,3539828.627758874,4908.105633079664,4734.811531043472,1.0366,0.40076535851240486,2593544.024175904,0.8277857142857145,0.8333333333333334,0.11199999999999999,0.09333333333333332,0.18925999999999998
simArray_Sun_JS_frag_2Gyr_Run088_step.mat,6.131253333333331e+23,6.131253333333331e+23,1.2262506666666662e+24,3654094.704558684,3654094.704558684,4773.331038192892,4732.630416610046,1.0086,0.6703,761344.3348872068,1.0,1.0,0.10266666666666663,0.10266666666666663,0.20533333333333326
simArray_Sun_JS_frag_2Gyr_Run088_step.mat,1.4492053333333333e+24,1.2262506666666667e+24,1.4492053333333333e+24,4867508.140809006,4603870.836582874,6842.460350781508,6140.590820049814,1.1143,0.9003835959951936,56472.35338431844,0.0,0.8461538461538461,0.24266666666666664,0.20533333333333334,0.24266666666666664
simArray_Sun_JS_frag_2Gyr_Run088_step.mat,1.41309464e+24,9.741128266666666e+23,2.0298828e+24,4826738.772239264,4263829.198725138,8651.806879850727,5920.623335284149,1.4612999999999998,0.4033712147560299,7256632.818568748,0.6331793844770508,0.6893471952215929,0.23662,0.1631133333333333,0.3399
simArray_Sun_JS_frag_2Gyr_Run088_step.mat,1.5049439999999998e+24,6.131253333333334e+23,2.0404333333333332e+24,4929128.70945253,3654094.7045586845,5903.495782298729,5739.350361947044,1.0286,0.5592862050287006,1355285.2240318137,0.8733766233766235,0.4074074074074075,0.25199999999999995,0.10266666666666667,0.3416666666666666
simArray_Sun_JS_frag_2Gyr_Run088_step.mat,2.0404333333333332e+24,1.2971383066666668e+24,3.33757164e+24,5455537.121663246,4690928.430661453,6847.692068648327,6626.371268287523,1.0334,0.9729293782885685,1014.9849359499833,1.0,0.6357170731707318,0.3416666666666666,0.21720333333333333,0.55887
simArray_Sun_JS_frag_2Gyr_Run088_step.mat,2.4040883199999998e+24,5.248989866666666e+23,2.7933034666666667e+24,5762091.95609353,3469673.614293657,8785.530467157092,6507.80034604229,1.35,0.5104374418701421,2564983.4541938826,0.7415048543689324,0.21833598304186538,0.40256,0.08789333333333332,0.46773333333333333
simArray_Sun_JS_frag_2Gyr_Run088_step.mat,6.409946666666667e+23,5.8525599999999994e+23,6.409946666666667e+23,3708641.4733209005,3597868.9210030413,6059.882874119233,4733.174157712437,1.2803,0.5543793135924061,2301130.78912095,0.0,0.9130434782608694,0.10733333333333334,0.09799999999999999,0.10733333333333334
simArray_Sun_JS_frag_2Gyr_Run088_step.mat,1.0590147599999999e+24,6.748360000000001e+23,1.0590147599999999e+24,4384270.920975178,3772791.394677136,8383.13320814553,5326.682684042145,1.5738,0.5627432372868817,3475201.7046686704,0.0,0.6372300231207355,0.17733,0.113,0.17733
simArray_Sun_JS_frag_2Gyr_Run088_step.mat,1.4139108133333333e+24,5.8525599999999994e+23,1.4139108133333333e+24,4827667.867185953,3597868.9210030413,7486.1845721741165,5627.863909317483,1.3302,0.98168740636732,288.4392330023834,0.0,0.4139270981457755,0.23675666666666664,0.09799999999999999,0.23675666666666664
simArray_Sun_JS_frag_2Gyr_Run088_step.mat,1.4139108133333333e+24,5.8525599999999994e+23,1.4139108133333333e+24,4827667.867185953,3597868.9210030413,5990.298345077529,5627.863909317483,1.0644,0.9428966298476983,5402.095428881435,0.0,0.4139270981457755,0.23675666666666664,0.09799999999999999,0.23675666666666664
simArray_Sun_JS_frag_2Gyr_Run088_step.mat,1.4139108133333333e+24,5.852560000000001e+23,1.9991668133333336e+24,4827667.867185953,3597868.921003042,5725.225954948676,5627.863909317483,1.0173,0.6357218101701636,830378.6703534551,1.0000000000000004,0.4139270981457756,0.23675666666666664,0.098,0.3347566666666667
simArray_Sun_JS_frag_2Gyr_Run088_step.mat,2.027036146666667e+24,1.0782246933333333e+24,3.1052608400000005e+24,5443570.807512093,4410621.632982045,6740.5806692556125,6485.692936837884,1.0393,0.6420680728307387,1280884.1044270296,1.0000000000000002,0.5319217889164956,0.33942333333333335,0.18054666666666666,0.51997
simArray_Sun_JS_frag_2Gyr_Run088_step.mat,6.131253333333334e+23,6.0430667999999996e+23,3.5296510666666666e+22,3654094.7045586845,3636490.9434437226,22517.634095938887,4721.271878210862,4.7694,0.26784517793179025,83207115.85788932,-0.9561847349869883,0.985616883116883,0.10266666666666667,0.10118999999999999,0.0059103333333333325
simArray_Sun_JS_frag_2Gyr_Run088_step.mat,3.4978999333333337e+24,7.175557066666666e+23,4.140586666666667e+24,6529288.206788165,3850778.924422841,7399.563509837965,7362.749761032802,1.005,0.5895821056706941,1192886.0047020784,0.8956610997059314,0.20513900349998573,0.5857166666666667,0.1201533333333333,0.6933333333333334
simArray_Sun_JS_frag_2Gyr_Run088_step.mat,4.140586666666667e+24,3.5296510666666666e+22,4.175883177333334e+24,6906913.309438784,1410935.9634544323,15060.29625746389,8186.2783374810515,1.8397,0.597619089468551,385457.96284029103,1.000000000000009,0.00852451923076923,0.6933333333333334,0.0059103333333333325,0.6992436666666667
simArray_Sun_JS_frag_2Gyr_Run089_step.mat,5.573866666666664e+23,5.573866666666664e+23,1.1147733333333328e+24,3539828.6277588736,3539828.6277588736,4583.26238842004,4584.637779753966,0.9997,0.89075,36847.55803202283,1.0,1.0,0.09333333333333328,0.09333333333333328,0.18666666666666656
simArray_Sun_JS_frag_2Gyr_Run089_step.mat,6.68864e+23,6.131253333333334e+23,6.68864e+23,3761629.2247258904,3654094.7045586845,5792.400311496305,4803.781980010205,1.2058,0.8379270015414627,168769.91197667658,0.0,0.9166666666666667,0.11199999999999999,0.10266666666666667,0.11199999999999999
simArray_Sun_JS_frag_2Gyr_Run089_step.mat,6.131253333333334e+23,5.5738666666666665e+23,6.131253333333334e+23,3654094.7045586845,3539828.627758874,5158.127141751549,4660.39676703248,1.1068,0.8592852225616482,89838.18947767753,0.0,0.9090909090909091,0.10266666666666667,0.09333333333333332,0.10266666666666667
simArray_Sun_JS_frag_2Gyr_Run089_step.mat,8.3608e+23,6.68864e+23,1.08553044e+24,4052092.2463936,3761629.2247258904,10542.541832206338,5070.479911603664,2.0792,0.45137788751454894,9926660.89161587,0.3729464285714287,0.7999999999999999,0.13999999999999999,0.11199999999999999,0.18177
simArray_Sun_JS_frag_2Gyr_Run089_step.mat,1.2582207733333332e+24,5.8977481333333334e+23,1.2582207733333334e+24,4643537.912300392,3607105.0121129462,5864.92173754271,5467.948664500009,1.0726,0.8935721992699808,34358.87681466029,4.551490669512257e-16,0.4687371452077335,0.21068666666666663,0.09875666666666666,0.21068666666666666
simArray_Sun_JS_frag_2Gyr_Run089_step.mat,5.5738666666666665e+23,5.5738666666666665e+23,8.4276864e+23,3539828.627758874,3539828.627758874,7710.902281768195,4584.637779753966,1.6819,0.30335,9068303.655576535,0.5120000000000001,1.0,0.09333333333333332,0.09333333333333332,0.14112
simArray_Sun_JS_frag_2Gyr_Run089_step.mat,1.40957116e+24,5.8977481333333334e+23,1.40957116e+24,4822723.690267848,3607105.0121129462,6551.147209144059,5626.683165115572,1.1643,0.6361776653970727,1091011.768213113,0.0,0.4184072646132554,0.23602999999999996,0.09875666666666666,0.23602999999999996
simArray_Sun_JS_frag_2Gyr_Run089_step.mat,1.40957116e+24,5.8977481333333334e+23,1.40957116e+24,4822723.690267848,3607105.0121129462,6351.399956782458,5626.683165115572,1.1288,0.6618078447224223,860077.9620727919,0.0,0.4184072646132554,0.23602999999999996,0.09875666666666666,0.23602999999999996
simArray_Sun_JS_frag_2Gyr_Run089_step.mat,6.968249040000001e+23,5.853475706666664e+23,1.2821724746666665e+24,3813331.841821793,3598056.5551748034,4812.738349164174,4805.530054083049,1.0015,0.6197432866068237,977711.405337927,1.0,0.8400210258080362,0.11668200000000001,0.09801533333333329,0.2146973333333333
simArray_Sun_JS_frag_2Gyr_Run089_step.mat,7.523326533333333e+23,6.131253333333334e+23,7.523326533333333e+23,3912010.5373869594,3654094.7045586845,8848.474244711853,4908.18407183928,1.8028,0.5592866690291108,4509497.687032495,0.0,0.8149657343952584,0.12597666666666665,0.10266666666666667,0.12597666666666665
simArray_Sun_JS_frag_2Gyr_Run089_step.mat,1.4374404933333332e+24,5.8977481333333334e+23,1.9180471466666668e+24,4854300.64502024,3607105.0121129462,6695.16925197741,5655.181393679711,1.1839,0.5340564740138439,1976868.3840930664,0.8148985722482874,0.4102951155673116,0.24069666666666664,0.09875666666666666,0.32117333333333337
simArray_Sun_JS_frag_2Gyr_Run089_step.mat,6.331315333333333e+23,6.279956133333333e+23,6.331315333333334e+23,3693414.30342765,3683400.268026784,12278.060884163548,4777.083839453563,2.5702,0.9581989929978948,15878.120655333585,2.1372398970684955e-16,0.99188806791385,0.10601666666666666,0.10515666666666666,0.10601666666666668
simArray_Sun_JS_frag_2Gyr_Run089_step.mat,8.4276864e+23,6.331315333333333e+23,8.4276864e+23,4062869.138226208,3693414.30342765,5865.403158732795,5039.872107520876,1.1638,0.916155034329489,23316.33270466639,0.0,0.7512518896447468,0.14112,0.10601666666666666,0.14112
simArray_Sun_JS_frag_2Gyr_Run089_step.mat,8.4276864e+23,6.924135866666666e+23,1.2136696533333333e+24,4062869.138226208,3805267.91284578,9652.1106308497,5103.42654832639,1.8912999999999998,0.48781464404707686,7367225.178919561,0.535663973780295,0.8215939153439153,0.14112,0.11594333333333333,0.20322666666666664
simArray_Sun_JS_frag_2Gyr_Run089_step.mat,5.8525599999999994e+23,1.2799986666666667e+23,5.852560000000001e+23,3597868.9210030413,2167703.5278817955,10203.48982472277,4063.6782925336615,2.5109,0.7822169840827534,481763.4789944141,1.0485770922678044e-15,0.2187074829931973,0.09799999999999999,0.021433333333333332,0.098
simArray_Sun_JS_frag_2Gyr_Run089_step.mat,2.04744048e+24,7.839643466666666e+23,2.0474006666666668e+24,5461775.024095652,3966086.2030887017,6698.814022170701,6331.582251579112,1.058,0.9237302147394266,15034.67376061246,-5.0784622416299125e-05,0.38289970054058253,0.34284,0.13127333333333333,0.3428333333333333
simArray_Sun_JS_frag_2Gyr_Run089_step.mat,8.397487986666668e+23,6.558649466666667e+23,1.4956137453333335e+24,4058010.58696615,3737101.1436300576,5539.010357522282,5060.767800385822,1.0945,0.6295943116009054,1170382.1100187132,1.0,0.7810251681312714,0.14061433333333334,0.10982333333333333,0.25043766666666667
simArray_Sun_JS_frag_2Gyr_Run089_step.mat,1.4956077733333333e+24,5.8525599999999994e+23,1.9351867866666666e+24,4918914.607144994,3597868.9210030413,5834.7905825150065,5710.86481600764,1.0217,0.26111281172527623,3423984.187760256,0.7510884353741497,0.3913165005124382,0.25043666666666664,0.09799999999999999,0.3240433333333333
simArray_Sun_JS_frag_2Gyr_Run089_step.mat,1.2974568133333333e+24,6.792751866666667e+23,1.2974568133333333e+24,4691312.344928153,3781046.0100542256,13307.765434029838,5580.711831766266,2.3846,0.6053818277993055,6215180.945471935,0.0,0.5235435813247005,0.21725666666666665,0.11374333333333332,0.21725666666666665
simArray_Sun_JS_frag_2Gyr_Run089_step.mat,2.1872649066666666e+24,1.96305612e+24,2.1873445333333332e+24,5583379.834207042,5385685.022689545,7913.41832199557,7106.796876511514,1.1135,0.9522586592481673,9142.978290719413,4.056260330785377e-05,0.8974935381703011,0.3662533333333333,0.32871,0.36626666666666663
simArray_Sun_JS_frag_2Gyr_Run089_step.mat,1.3258835333333332e+24,2.813608266666667e+23,1.3258835333333332e+24,4725326.672591904,2818499.242466005,5644.86874744506,5332.894423660898,1.0585,0.8977325648038539,17456.29551036584,0.0,0.21220629081900763,0.22201666666666664,0.04711333333333333,0.22201666666666664
simArray_Sun_JS_frag_2Gyr_Run089_step.mat,1.3258835333333332e+24,2.813608266666667e+23,1.5739206e+24,4725326.672591904,2818499.242466005,5833.653210042657,5332.894423660898,1.0939,0.5995114692811669,716241.6986300518,0.8815621904627146,0.21220629081900763,0.22201666666666664,0.04711333333333333,0.26355
simArray_Sun_JS_frag_2Gyr_Run089_step.mat,2.3651110666666665e+24,2.0517801333333333e+24,4.4168911999999995e+24,5730782.0519123655,5465631.136821403,7732.696477917524,7256.659607655333,1.0656,0.6966666305872606,1505480.380311416,0.9999999999999999,0.8675195690598435,0.3960333333333333,0.34356666666666663,0.7395999999999999
simArray_Sun_JS_frag_2Gyr_Run089_step.mat,4.7252255599999997e+24,1.4831063866666668e+24,4.7252454666666664e+24,7217789.744463091,4905170.943884546,9675.22492002533,8268.009673581722,1.1702,0.8158516340273522,342137.32924509107,1.3422278297509442e-05,0.31386996617081425,0.7912299999999999,0.24834333333333333,0.7912333333333332
simArray_Sun_JS_frag_2Gyr_Run089_step.mat,4.7693785466666665e+24,6.331315333333333e+23,4.769438266666666e+24,7240201.336375324,3693414.30342765,9677.523750064182,8121.453298140467,1.1916,0.9082686350177338,28472.920038410637,9.432479169850869e-05,0.1327492727067829,0.7986233333333332,0.10601666666666666,0.7986333333333332
simArray_Sun_JS_frag_2Gyr_Run089_step.mat,4.79724788e+24,6.331315333333333e+23,4.7973076000000004e+24,7254276.3937362395,3693414.30342765,9224.259763232909,8137.1381115322065,1.1336,0.8276257949198182,153830.42717201074,9.432479170020461e-05,0.13197807350603974,0.80329,0.10601666666666666,0.8033
simArray_Sun_JS_frag_2Gyr_Run089_step.mat,4.8251172133333343e+24,6.68864e+23,5.385151466666666e+24,7268297.043962525,3761629.2247258904,9367.410813541497,8154.083229057709,1.1488,0.5259171937761535,2022950.9641532109,0.8372916666666649,0.13862129569655135,0.8079566666666668,0.11199999999999999,0.9017333333333333
simArray_Sun_JS_frag_2Gyr_Run089_step.mat,1.4831063866666668e+24,6.352018266666666e+23,1.4831063866666668e+24,4905170.943884546,3697435.654059049,5965.972193713629,5733.204106970622,1.0406,0.9472664356200318,4329.53618489209,0.0,0.42829147819550883,0.24834333333333333,0.10636333333333332,0.24834333333333333
simArray_Sun_JS_frag_2Gyr_Run089_step.mat,5.385091746666666e+24,6.352018266666666e+23,5.9379596e+24,7539243.107109365,3697435.654059049,9972.296494688555,8456.832169851217,1.1792,0.5888252117399846,1524045.9405953288,0.8703813970979979,0.11795561831603929,0.9017233333333332,0.10636333333333332,0.9943
simArray_Sun_JS_frag_2Gyr_Run090_step.mat,5.573866666666664e+23,5.573866666666664e+23,1.1147733333333328e+24,3539828.6277588736,3539828.6277588736,4582.34546086409,4584.637779753966,0.9995,0.6131999999999999,1014086.2419869023,1.0,1.0,0.09333333333333328,0.09333333333333328,0.18666666666666656
simArray_Sun_JS_frag_2Gyr_Run090_step.mat,5.5738666666666665e+23,5.5738666666666665e+23,5.573866666666667e+23,3539828.627758874,3539828.627758874,4944.990309242628,4584.637779753966,1.0786,0.7987,234228.56991455876,1.2039911970146398e-16,1.0,0.09333333333333332,0.09333333333333332,0.09333333333333334
simArray_Sun_JS_frag_2Gyr_Run090_step.mat,5.5738666666666665e+23,5.5738666666666665e+23,5.573866666666667e+23,3539828.627758874,3539828.627758874,5038.516919949609,4584.637779753966,1.099,0.8353,141130.42177611013,1.2039911970146398e-16,1.0,0.09333333333333332,0.09333333333333332,0.09333333333333334
simArray_Sun_JS_frag_2Gyr_Run090_step.mat,7.803413333333333e+23,6.131253333333334e+23,7.803413333333335e+23,3959967.142737017,3654094.7045586845,5985.522874992159,4942.628303048851,1.211,0.875460802007634,77993.94419536789,4.3781498073259624e-16,0.7857142857142858,0.13066666666666665,0.10266666666666667,0.13066666666666668
simArray_Sun_JS_frag_2Gyr_Run090_step.mat,6.131253333333334e+23,5.5738666666666665e+23,6.131253333333334e+23,3654094.7045586845,3539828.627758874,5546.804232122057,4660.39676703248,1.1902,0.6282732705482666,1288638.8655521425,0.0,0.9090909090909091,0.10266666666666667,0.09333333333333332,0.10266666666666667
simArray_Sun_JS_frag_2Gyr_Run090_step.mat,8.3608e+23,6.400391466666667e+23,8.3608e+23,4052092.2463936,3706797.753666646,8306.441821929364,5039.399273147706,1.6483,0.8743535272261224,151458.54948663895,0.0,0.7655238095238096,0.13999999999999999,0.10717333333333333,0.13999999999999999
simArray_Sun_JS_frag_2Gyr_Run090_step.mat,8.841346933333333e+23,6.68864e+23,8.841346933333333e+23,4128283.5862063547,3761629.2247258904,7715.454464833092,5125.866638873965,1.5052,0.7664355667778998,710595.2283229257,0.0,0.7565182149772595,0.14804666666666666,0.11199999999999999,0.14804666666666666
simArray_Sun_JS_frag_2Gyr_Run090_step.mat,8.841346933333333e+23,6.68864e+23,8.841346933333333e+23,4128283.5862063547,3761629.2247258904,5948.5682344132365,5125.866638873965,1.1605,0.8457057663729654,137351.38841342492,0.0,0.7565182149772595,0.14804666666666666,0.11199999999999999,0.14804666666666666
simArray_Sun_JS_frag_2Gyr_Run090_step.mat,8.841346933333333e+23,6.68864e+23,1.5529986933333334e+24,4128283.5862063547,3761629.2247258904,5280.155224704071,5125.866638873965,1.0301,0.5694373479822422,1465959.474599299,1.0000000000000002,0.7565182149772595,0.14804666666666666,0.11199999999999999,0.26004666666666665
simArray_Sun_JS_frag_2Gyr_Run090_step.mat,8.5763892e+23,5.5738666666666665e+23,8.5763892e+23,4086625.799196722,3539828.627758874,5860.524196908456,4976.667966124708,1.1776,0.7938598702053444,267842.74316156993,0.0,0.6499083165053502,0.14361,0.09333333333333332,0.14361
simArray_Sun_JS_frag_2Gyr_Run090_step.mat,7.803413333333333e+23,6.400391466666667e+23,7.803413333333335e+23,3959967.142737017,3706797.753666646,6480.25176801419,4972.950478101597,1.3031,0.8533792025237579,148886.52345839565,4.1940474640967793e-16,0.8202040816326531,0.13066666666666665,0.10717333333333333,0.13066666666666668
simArray_Sun_JS_frag_2Gyr_Run090_step.mat,8.5763892e+23,6.400391466666667e+23,1.3586499066666668e+24,4086625.799196722,3706797.753666646,6057.509923674274,5064.807628490196,1.196,0.44408768057628767,3243436.7919803443,0.7827817865140585,0.7462804354385721,0.14361,0.10717333333333333,0.22750333333333336
simArray_Sun_JS_frag_2Gyr_Run090_step.mat,6.131253333333334e+23,6.131253333333334e+23,1.0874812933333333e+24,3654094.7045586845,3654094.7045586845,5416.4955118102,4732.630416610047,1.1445,0.3022000000000001,4486668.358727941,0.773668831168831,1.0,0.10266666666666667,0.10266666666666667,0.18209666666666666
simArray_Sun_JS_frag_2Gyr_Run090_step.mat,8.650840133333331e+23,8.589328533333334e+23,8.650840133333334e+23,4098416.9668079945,4088679.952046988,6816.529098111538,5301.803763017451,1.2857,0.7958453843175717,460048.8840885389,3.125220498415677e-16,0.9928895229767359,0.14485666666666663,0.14382666666666666,0.14485666666666666
simArray_Sun_JS_frag_2Gyr_Run090_step.mat,1.0874812933333333e+24,6.103384e+23,1.6978196933333334e+24,4423207.469594296,3648549.7875355417,5676.631483295042,5298.825243437919,1.0713,0.7183544409452367,519873.0984435195,1.0000000000000002,0.5612403668381263,0.18209666666666666,0.10219999999999999,0.28429666666666664
simArray_Sun_JS_frag_2Gyr_Run090_step.mat,1.6978196933333334e+24,5.5738666666666665e+23,1.6978196933333334e+24,5131297.967039927,3539828.627758874,8926.595856352566,5892.1424794406375,1.515,0.8262269202572268,255128.8234100027,0.0,0.32829555980255365,0.28429666666666664,0.09333333333333332,0.28429666666666664
simArray_Sun_JS_frag_2Gyr_Run090_step.mat,1.7256890266666668e+24,5.5738666666666665e+23,1.7256890266666665e+24,5159222.102661442,3539828.627758874,6228.473965579094,5918.914725438652,1.0523,0.8807219385053593,42623.39959943791,-4.815964788058559e-16,0.32299369008755435,0.28896333333333335,0.09333333333333332,0.2889633333333333
simArray_Sun_JS_frag_2Gyr_Run090_step.mat,6.131253333333334e+23,5.5738666666666665e+23,9.368674533333334e+23,3654094.7045586845,3539828.627758874,6467.698633287676,4660.39676703248,1.3878,0.08177863736621468,9077751.032811206,0.5808214285714287,0.9090909090909091,0.10266666666666667,0.09333333333333332,0.15687666666666666
simArray_Sun_JS_frag_2Gyr_Run090_step.mat,5.5738666666666665e+23,5.489462399999999e+23,9.569930933333333e+23,3539828.627758874,3521869.9654951883,6906.223869094245,4573.0524891367,1.5102,0.4885893836891549,4123189.2887693034,0.7279518421816072,0.9848571428571428,0.09333333333333332,0.09191999999999999,0.16024666666666665
simArray_Sun_JS_frag_2Gyr_Run090_step.mat,1.605024766666667e+24,9.4202328e+23,2.547048046666667e+24,5036056.858228847,4216485.29931056,6182.490872730585,6061.859861486993,1.0199,0.9107587728209104,26476.69219411457,1.0000000000000002,0.586921335772534,0.2687583333333334,0.15774,0.4264983333333334
simArray_Sun_JS_frag_2Gyr_Run090_step.mat,8.3482588e+23,5.3921188e+23,8.3482588e+23,4050065.18640231,3500928.1358383102,6279.900332884396,4928.504420722333,1.2742,0.72264039878937,666145.2568671177,0.0,0.6458974175549038,0.13979,0.09029,0.13979
simArray_Sun_JS_frag_2Gyr_Run090_step.mat,1.828751812e+24,1.0702122600000001e+24,2.898964072e+24,5259950.233545708,4399669.149852175,6700.885268670558,6329.352289289277,1.0587,0.757767615314404,503653.9822267121,1.0,0.5852145999131347,0.30622099999999997,0.179205,0.48542599999999997
simArray_Sun_JS_frag_2Gyr_Run090_step.mat,2.9788296186666666e+24,6.549094266666668e+23,3.6337390453333333e+24,6188878.163926206,3735285.419002489,7339.994018550388,6991.1363163638325,1.0499,0.8114505771300766,169143.6256683904,1.0,0.21985461087224123,0.4987993333333333,0.10966333333333333,0.6084626666666666
simArray_Sun_JS_frag_2Gyr_Run090_step.mat,3.3855666133333336e+24,9.6555296e+23,3.3855268e+24,6458631.40116083,4251303.188834189,7705.151546491161,7364.189569426704,1.0463,0.8612164179428541,92956.80742935187,-4.1233712684019075e-05,0.28519685780140175,0.5669066666666667,0.16168,0.5669
simArray_Sun_JS_frag_2Gyr_Run090_step.mat,3.3855666133333336e+24,9.6555296e+23,3.3855268e+24,6458631.40116083,4251303.188834189,7870.109392846319,7364.189569426704,1.0687,0.9554129059217588,3575.4096301038107,-4.1233712684019075e-05,0.28519685780140175,0.5669066666666667,0.16168,0.5669
simArray_Sun_JS_frag_2Gyr_Run090_step.mat,3.5136461066666664e+24,2.8718949866666663e+24,5.946917600000001e+24,6539070.973440047,6113917.354753702,9294.371312972899,8207.675126256532,1.1324,0.5161286813663593,6068643.779887184,0.8472703579449362,0.8173546508333994,0.5883533333333333,0.48089333333333323,0.9958
simArray_Sun_JS_frag_2Gyr_Run090_step.mat,6.127829386666667e+24,9.6555296e+23,6.1278692e+24,7871042.674004736,4251303.188834189,10912.208546748543,8837.943262937186,1.2347,0.7832509388103137,446258.98963634856,4.1233712683463056e-05,0.15756851228608182,1.0260933333333333,0.16168,1.0261
simArray_Sun_JS_frag_2Gyr_Run090_step.mat,6.127829386666667e+24,8.792177466666666e+23,6.8355512e+24,7871042.674004736,4120616.467948202,9298.044441900816,8831.729143142873,1.0528,0.2601876253353334,4010271.5026642163,0.8049448683406163,0.14347947555128188,1.0260933333333333,0.14722333333333332,1.1446
simArray_Sun_JS_frag_2Gyr_Run091_step.mat,6.68864e+23,5.5738666666666665e+23,6.68864e+23,3761629.2247258904,3539828.627758874,19833.178541234895,4734.811531043472,4.1888,0.923785016517024,216095.62746488466,0.0,0.8333333333333334,0.11199999999999999,0.09333333333333332,0.11199999999999999
simArray_Sun_JS_frag_2Gyr_Run091_step.mat,5.5738666666666665e+23,5.5738666666666665e+23,5.573866666666667e+23,3539828.627758874,3539828.627758874,5399.327913216246,4584.637779753966,1.1777,0.8736,77420.34914017456,1.2039911970146398e-16,1.0,0.09333333333333332,0.09333333333333332,0.09333333333333334
simArray_Sun_JS_frag_2Gyr_Run091_step.mat,8.639493333333332e+23,6.68864e+23,4.471634533333333e+23,4096624.2983540203,3761629.2247258904,13571.123439158171,5102.69342726657,2.6596,0.12537622270145266,34701905.43808951,-0.6231249999999998,0.7741935483870969,0.14466666666666664,0.11199999999999999,0.07487666666666666
simArray_Sun_JS_frag_2Gyr_Run091_step.mat,8.082106666666666e+23,6.68864e+23,8.082106666666667e+23,4006559.2658327725,3761629.2247258904,5846.109251284853,5038.012109001079,1.1604,0.8513216089209458,126712.38204942536,2.0066519950243998e-16,0.8275862068965517,0.1353333333333333,0.11199999999999999,0.13533333333333333
simArray_Sun_JS_frag_2Gyr_Run091_step.mat,6.68864e+23,6.131253333333334e+23,1.2819893333333334e+24,3761629.2247258904,3654094.7045586845,5007.462335962638,4803.781980010205,1.0424,0.8775939859355195,57445.2400650776,1.0000000000000002,0.9166666666666667,0.11199999999999999,0.10266666666666667,0.21466666666666667
simArray_Sun_JS_frag_2Gyr_Run091_step.mat,1.421336e+24,8.082106666666666e+23,1.421336e+24,4836103.988209846,4006559.2658327725,6114.700792254396,5801.423901569636,1.054,0.8848389243984434,52918.73838090801,0.0,0.5686274509803921,0.238,0.1353333333333333,0.238
simArray_Sun_JS_frag_2Gyr_Run091_step.mat,6.336889199999999e+23,5.5738666666666665e+23,6.336889200000001e+23,3694497.836074662,3539828.627758874,7385.4899359268165,4688.009353768451,1.5754,0.6934148171084811,1421000.2079825106,4.815964788058559e-16,0.8795903622027458,0.10610999999999997,0.09333333333333332,0.10611000000000002
simArray_Sun_JS_frag_2Gyr_Run091_step.mat,6.416914e+23,5.5738666666666665e+23,6.416914e+23,3709984.697441724,3539828.627758874,5233.88747126193,4698.704974649368,1.1139,0.9336097052989156,10330.680226330001,0.0,0.8686210640608034,0.10744999999999999,0.09333333333333332,0.10744999999999999
simArray_Sun_JS_frag_2Gyr_Run091_step.mat,8.082106666666666e+23,4.8241815999999996e+23,8.082106666666667e+23,4006559.2658327725,3373426.570484622,5394.962117839305,4831.597812859847,1.1166,0.7843750592025166,242883.15386567445,2.7821864749038473e-16,0.5968965517241379,0.1353333333333333,0.08077999999999999,0.13533333333333333
simArray_Sun_JS_frag_2Gyr_Run091_step.mat,8.798149466666668e+23,8.661390666666666e+23,1.6124798133333334e+24,4121549.2195177274,4100082.428096938,5911.471391566199,5324.21092638584,1.1103,0.4717786124136908,3218352.7055805684,0.8458974948287751,0.9844559585492226,0.14732333333333333,0.14503333333333332,0.2700066666666667
simArray_Sun_JS_frag_2Gyr_Run091_step.mat,6.131253333333334e+23,6.124086933333333e+23,1.1225170266666667e+24,3654094.7045586845,3652670.4762588125,5344.464621817085,4731.708385849566,1.1295,0.4480873237694866,2882378.379323612,0.8317839032635548,0.9988311688311687,0.10266666666666667,0.10254666666666666,0.18796333333333332
simArray_Sun_JS_frag_2Gyr_Run091_step.mat,1.5331716533333334e+24,6.416914e+23,1.5331716533333334e+24,4959755.933649621,3709984.697441724,6491.5170268360525,5786.697296163356,1.1218,0.8717303565682258,66867.04766837355,0.0,0.4185385234620478,0.25672666666666666,0.10744999999999999,0.25672666666666666
simArray_Sun_JS_frag_2Gyr_Run091_step.mat,1.5331716533333334e+24,5.5738666666666665e+23,1.6640978e+24,4959755.933649621,3539828.627758874,13931.77866813521,5729.9410496566625,2.4314,0.5417485261229354,7684526.3492950285,0.23489285714285715,0.3635513776000415,0.25672666666666666,0.09333333333333332,0.27865
simArray_Sun_JS_frag_2Gyr_Run091_step.mat,1.6640978e+24,5.174140800000001e+23,1.6640978e+24,5097098.1226959415,3453102.4177023703,7252.283932133381,5835.908853410623,1.2427,0.703740725777439,674212.0546557406,0.0,0.3109276870626234,0.27865,0.08664000000000001,0.27865
simArray_Sun_JS_frag_2Gyr_Run091_step.mat,6.68864e+23,5.8525599999999994e+23,6.68864e+23,3761629.2247258904,3597868.9210030413,8456.137614881933,4769.395157857831,1.7729999999999997,0.5859034807700471,3736915.880272588,0.0,0.875,0.11199999999999999,0.09799999999999999,0.11199999999999999
simArray_Sun_JS_frag_2Gyr_Run091_step.mat,1.882533653333333e+24,1.16388308e+24,2.798081066666667e+24,5311016.225414589,4524457.331322444,7887.108922604061,6430.057820482685,1.2266,0.4909011063546794,4175204.5557936956,0.7866317751894234,0.6182535318500973,0.3152266666666666,0.19489,0.4685333333333333
simArray_Sun_JS_frag_2Gyr_Run091_step.mat,5.8525599999999994e+23,5.174140800000001e+23,5.852560000000001e+23,3597868.9210030413,3453102.4177023703,10878.66431024471,4568.947631350152,2.381,0.9215398785785601,73562.92356377085,2.594009965867183e-16,0.8840816326530615,0.09799999999999999,0.08664000000000001,0.098
simArray_Sun_JS_frag_2Gyr_Run091_step.mat,1.6640978e+24,5.5738666666666665e+23,2.0487941333333336e+24,5097098.1226959415,3539828.627758874,6596.614821576743,5859.490870116134,1.1258,0.09696194558033543,4926581.203521329,0.6901785714285718,0.3349482624558885,0.27865,0.09333333333333332,0.3430666666666667
simArray_Sun_JS_frag_2Gyr_Run091_step.mat,2.048853853333333e+24,6.4849948e+23,2.3587409333333336e+24,5463031.511831304,3723059.0351665695,9988.912917377498,6260.678732295518,1.5955,0.37353540932629303,6735665.545700142,0.4778524726033713,0.316518173780399,0.3430766666666666,0.10858999999999999,0.3949666666666667
simArray_Sun_JS_frag_2Gyr_Run091_step.mat,2.640022133333333e+24,7.803413333333333e+23,3.2276669333333333e+24,5944735.9340103045,3959967.142737017,7084.090344371365,6789.429120539931,1.0434,0.2950550019031145,3911479.963193292,0.7530612244897961,0.29558136027748455,0.4420666666666666,0.13066666666666665,0.5404666666666667
simArray_Sun_JS_frag_2Gyr_Run091_step.mat,3.2276470266666666e+24,6.68864e+23,3.2276669333333333e+24,6356607.4148253305,3761629.2247258904,8489.688966501808,7169.73985854388,1.1841,0.793772052853276,278666.2557808264,2.9761904761885297e-05,0.20722959929443255,0.5404633333333333,0.11199999999999999,0.5404666666666667
simArray_Sun_JS_frag_2Gyr_Run091_step.mat,3.2276470266666666e+24,6.68864e+23,3.789234e+24,6356607.4148253305,3761629.2247258904,7383.398106328487,7169.73985854388,1.0298,0.48706883464752265,1925042.107245978,0.8396130952380951,0.20722959929443255,0.5404633333333333,0.11199999999999999,0.6345
simArray_Sun_JS_frag_2Gyr_Run091_step.mat,3.789154373333333e+24,6.19595e+23,3.789234e+24,6705700.3861618545,3666902.366875794,8064.1561999025325,7532.370820009838,1.0706,0.8156016198252928,160740.31299791235,0.00012851405622481556,0.16351801456295378,0.6344866666666666,0.10374999999999998,0.6345
simArray_Sun_JS_frag_2Gyr_Run091_step.mat,3.8555232e+24,5.4563377066666674e+23,4.4011569706666666e+24,6744625.169820383,3514771.7412492936,7695.177115145926,7567.289915572747,1.0169,0.9776994339437298,290.19340206546786,0.9999999999999998,0.14152003304419664,0.6456,0.09136533333333334,0.7369653333333333
simArray_Sun_JS_frag_2Gyr_Run091_step.mat,4.838703513333334e+24,7.000776533333333e+23,5.538781166666667e+24,7275112.541578433,3819256.1241260874,8383.861784737353,8163.448670630335,1.027,0.7053227890209873,556496.9997957799,0.9999999999999994,0.14468289933537523,0.8102316666666667,0.11722666666666665,0.9274583333333333
simArray_Sun_JS_frag_2Gyr_Run092_step.mat,6.688639999999997e+23,5.573866666666664e+23,1.2262506666666662e+24,3761629.22472589,3539828.6277588736,4776.951353669758,4734.811531043471,1.0089,0.9035380971320937,24835.545430323516,1.0000000000000002,0.8333333333333333,0.11199999999999995,0.09333333333333328,0.20533333333333326
simArray_Sun_JS_frag_2Gyr_Run092_step.mat,6.131253333333334e+23,5.5738666666666665e+23,1.0551727733333334e+24,3654094.7045586845,3539828.627758874,4730.302718537967,4660.39676703248,1.015,0.21480860709423716,3935971.498320517,0.7930714285714285,0.9090909090909091,0.10266666666666667,0.09333333333333332,0.17668666666666666
simArray_Sun_JS_frag_2Gyr_Run092_step.mat,5.573866666666664e+23,5.573866666666664e+23,1.1147733333333328e+24,3539828.6277588736,3539828.6277588736,4760.687870496518,4584.637779753966,1.0384,0.7458,399219.1950743026,1.0,1.0,0.09333333333333328,0.09333333333333328,0.18666666666666656
simArray_Sun_JS_frag_2Gyr_Run092_step.mat,6.131253333333331e+23,5.573866666666664e+23,1.1705119999999995e+24,3654094.704558684,3539828.6277588736,4962.390477536183,4660.396767032479,1.0648,0.518456243227921,1810484.6689903063,1.0,0.909090909090909,0.10266666666666663,0.09333333333333328,0.1959999999999999
simArray_Sun_JS_frag_2Gyr_Run092_step.mat,5.5738666666666665e+23,5.5738666666666665e+23,5.573866666666667e+23,3539828.627758874,3539828.627758874,5508.4422923743905,4584.637779753966,1.2015,0.9798,369.4199368626596,1.2039911970146398e-16,1.0,0.09333333333333332,0.09333333333333332,0.09333333333333334
simArray_Sun_JS_frag_2Gyr_Run092_step.mat,1.2819893333333334e+24,6.68864e+23,1.2819893333333334e+24,4672595.458750138,3761629.2247258904,5853.857234185375,5556.580193816208,1.0535,0.8757697569598083,57014.889699588,0.0,0.5217391304347825,0.21466666666666667,0.11199999999999999,0.21466666666666667
simArray_Sun_JS_frag_2Gyr_Run092_step.mat,8.918186666666668e+23,6.967333333333333e+23,8.918186666666667e+23,4140208.6791202626,3813164.796205839,6609.776684117698,5163.484637229668,1.2801,0.6925531214885837,1069037.4706993497,-1.9263859152234236e-16,0.7812499999999999,0.14933333333333335,0.11666666666666665,0.14933333333333332
simArray_Sun_JS_frag_2Gyr_Run092_step.mat,1.2262506666666667e+24,6.131253333333334e+23,1.2262506666666667e+24,4603870.836582874,3654094.7045586845,7959.397462832243,5452.762528486842,1.4597,0.9325971508439133,17478.719409212994,0.0,0.5,0.20533333333333334,0.10266666666666667,0.20533333333333334
simArray_Sun_JS_frag_2Gyr_Run092_step.mat,1.3377280000000002e+24,1.2223887733333332e+24,2.5601167733333334e+24,4739355.842131882,4599032.686142374,6224.220145528187,6049.392696596547,1.0289,0.8923097830430679,61468.243444535234,1.0,0.9137797619047617,0.224,0.20468666666666663,0.42868666666666666
simArray_Sun_JS_frag_2Gyr_Run092_step.mat,9.754266666666668e+23,7.4040856e+23,1.5715716133333333e+24,4265745.291849536,3891232.5758780804,5529.46942499467,5298.964470526756,1.0435,0.3643961486178219,3493108.1724064704,0.8051567457116737,0.7590612244897958,0.16333333333333333,0.12397999999999999,0.26315666666666665
simArray_Sun_JS_frag_2Gyr_Run092_step.mat,1.337728e+24,6.750350666666667e+23,1.337728e+24,4739355.842131882,3773162.3308111434,6820.867609135221,5618.044320183857,1.2141,0.7761113585555762,386885.1397584934,0.0,0.5046130952380953,0.22399999999999998,0.11303333333333333,0.22399999999999998
simArray_Sun_JS_frag_2Gyr_Run092_step.mat,1.337728e+24,6.750350666666667e+23,2.0127630666666666e+24,4739355.842131882,3773162.3308111434,5883.2160120965345,5618.044320183857,1.0472,0.563265323852709,1494906.7161657822,1.0,0.5046130952380953,0.22399999999999998,0.11303333333333333,0.3370333333333333
simArray_Sun_JS_frag_2Gyr_Run092_step.mat,2.5601964000000006e+24,6.688640000000001e+23,3.2290604000000006e+24,5884205.155304838,3761629.224725891,6890.654162002003,6684.763447809472,1.0308,0.6895118478096729,615969.1885824397,1.0,0.2612549568462794,0.4287000000000001,0.112,0.5407000000000001
simArray_Sun_JS_frag_2Gyr_Run092_step.mat,2.1242403999999998e+24,6.68864e+23,2.1242403999999998e+24,5529229.291637295,3761629.2247258904,6754.17329037141,6334.808938633849,1.0662,0.8761441527509988,54943.1914298041,0.0,0.3148720832161934,0.35569999999999996,0.11199999999999999,0.35569999999999996
simArray_Sun_JS_frag_2Gyr_Run092_step.mat,2.1242403999999998e+24,6.68864e+23,2.6438044e+24,5529229.291637295,3761629.2247258904,6711.096589588698,6334.808938633849,1.0594,0.3901644522099951,2890358.3027172377,0.7767857142857147,0.3148720832161934,0.35569999999999996,0.11199999999999999,0.4427
simArray_Sun_JS_frag_2Gyr_Run092_step.mat,3.313584106666667e+24,7.246026666666667e+23,3.3136637333333334e+24,6412529.531287497,3863343.771591996,7588.921915504334,7242.7199040888845,1.0478,0.9206424153611801,15409.283471711482,0.00010989010989003802,0.21867640697842072,0.5548533333333333,0.12133333333333332,0.5548666666666666
simArray_Sun_JS_frag_2Gyr_Run092_step.mat,2.867714586666667e+24,6.68864e+23,3.3508892000000004e+24,6110949.39207679,3761629.2247258904,7759.35779305639,6915.032343869877,1.1221,0.12082530488065198,5002269.898542535,0.7223809523809527,0.23323938969026362,0.48019333333333336,0.11199999999999999,0.5611
simArray_Sun_JS_frag_2Gyr_Run092_step.mat,3.48072048e+24,7.246026666666667e+23,4.0410533333333333e+24,6518581.426332229,3863343.771591996,8495.930712961614,7353.237591277146,1.1554,0.44271670967402416,2998998.934062029,0.7732967032967035,0.20817605746574247,0.5828399999999999,0.12133333333333332,0.6766666666666666
simArray_Sun_JS_frag_2Gyr_Run093_step.mat,6.131253333333334e+23,5.5738666666666665e+23,6.131253333333334e+23,3654094.7045586845,3539828.627758874,5210.789625219017,4660.39676703248,1.1181,0.850447034423933,108699.47148335833,0.0,0.9090909090909091,0.10266666666666667,0.09333333333333332,0.10266666666666667
simArray_Sun_JS_frag_2Gyr_Run093_step.mat,6.688639999999997e+23,5.573866666666664e+23,1.226250666666666e+24,3761629.22472589,3539828.6277588736,4722.027539909654,4734.811531043471,0.9972999999999999,0.18984706853300062,3935739.8042410538,0.9999999999999998,0.8333333333333333,0.11199999999999995,0.09333333333333328,0.2053333333333332
simArray_Sun_JS_frag_2Gyr_Run093_step.mat,7.246026666666667e+23,5.573866666666664e+23,1.2819893333333332e+24,3863343.771591996,3539828.6277588736,4941.029997323346,4807.852483529577,1.0277,0.9534717043324107,2984.405449263199,1.0000000000000002,0.7692307692307688,0.12133333333333332,0.09333333333333328,0.21466666666666662
simArray_Sun_JS_frag_2Gyr_Run093_step.mat,1.2819893333333334e+24,6.131253333333334e+23,1.7594308266666664e+24,4672595.458750138,3654094.7045586845,7530.324381966547,5511.875554067155,1.3662,0.5567817612093776,2452851.1820706767,0.7787012987012981,0.47826086956521735,0.21466666666666667,0.10266666666666667,0.2946133333333333
simArray_Sun_JS_frag_2Gyr_Run093_step.mat,7.803413333333333e+23,7.246026666666667e+23,7.803413333333335e+23,3959967.142737017,3863343.771591996,5838.62530625865,5067.37138192905,1.1522,0.9787912749173061,456.8675418667375,3.704588298506584e-16,0.9285714285714287,0.13066666666666665,0.12133333333333332,0.13066666666666668
simArray_Sun_JS_frag_2Gyr_Run093_step.mat,7.803413333333333e+23,7.246026666666667e+23,7.803413333333335e+23,3959967.142737017,3863343.771591996,6987.905135680159,5067.37138192905,1.379,0.7800162148459269,565165.5214550765,3.704588298506584e-16,0.9285714285714287,0.13066666666666665,0.12133333333333332,0.13066666666666668
simArray_Sun_JS_frag_2Gyr_Run093_step.mat,7.478735600000001e+23,5.5738666666666665e+23,7.478735600000001e+23,3904266.3577045077,3539828.627758874,6834.073744820073,4837.939788206197,1.4126,0.8426268528997827,189715.66557603024,0.0,0.7452953232718463,0.12523,0.09333333333333332,0.12523
simArray_Sun_JS_frag_2Gyr_Run093_step.mat,2.0502274133333332e+24,8.214884133333332e+23,2.0501876000000002e+24,5464252.05200725,4028380.880926249,7729.225062420967,6354.7028384617015,1.2163,0.6497720663891381,1350826.9891260252,-4.846487508142602e-05,0.4006816063383563,0.34330666666666665,0.13755666666666663,0.3433
simArray_Sun_JS_frag_2Gyr_Run093_step.mat,2.0502274133333332e+24,8.214884133333332e+23,2.742143333333333e+24,5464252.05200725,4028380.880926249,6591.733254336324,6354.7028384617015,1.0373,0.5047706635512359,2150873.3456582786,0.8422710640463323,0.4006816063383563,0.34330666666666665,0.13755666666666663,0.4591666666666666
simArray_Sun_JS_frag_2Gyr_Run093_step.mat,7.246026666666667e+23,6.68864e+23,7.246026666666667e+23,3863343.771591996,3761629.2247258904,6373.8964801951115,4939.090647187223,1.2905,0.7392312819303958,727634.9934093597,0.0,0.923076923076923,0.12133333333333332,0.11199999999999999,0.12133333333333332
simArray_Sun_JS_frag_2Gyr_Run093_step.mat,1.2505368e+24,9.742919866666667e+23,1.2505368e+24,4634065.885311073,4264090.585561851,7469.3201315652705,5777.183178563903,1.2929,0.5301115663788045,3594618.923666535,0.0,0.7790990130531678,0.2094,0.16314333333333333,0.2094
simArray_Sun_JS_frag_2Gyr_Run093_step.mat,1.2505368e+24,9.742919866666667e+23,2.2248287866666667e+24,4634065.885311073,4264090.585561851,5771.405995385339,5777.183178563903,0.999,0.9509094302495916,4810.665663238606,1.0,0.7790990130531678,0.2094,0.16314333333333333,0.37254333333333334
simArray_Sun_JS_frag_2Gyr_Run093_step.mat,1.7014825199999998e+24,7.246026666666667e+23,1.70148252e+24,5134985.354126322,3863343.771591996,6502.482049776469,5999.153104323709,1.0839,0.7119552572818999,611071.4529060659,3.704588298506584e-16,0.4258654779872007,0.28490999999999994,0.12133333333333332,0.28491
simArray_Sun_JS_frag_2Gyr_Run093_step.mat,1.7014825199999998e+24,7.246026666666667e+23,1.70148252e+24,5134985.354126322,3863343.771591996,6242.718720359251,5999.153104323709,1.0406,0.9112867508443939,21661.173008405294,3.704588298506584e-16,0.4258654779872007,0.28490999999999994,0.12133333333333332,0.28491
simArray_Sun_JS_frag_2Gyr_Run093_step.mat,1.70148252e+24,7.246026666666667e+23,2.4260851866666664e+24,5134985.354126322,3863343.771591996,6509.681033501656,5999.153104323709,1.0851,0.6269269362374923,1155426.3343819948,0.9999999999999994,0.4258654779872006,0.28491,0.12133333333333332,0.40624333333333323
simArray_Sun_JS_frag_2Gyr_Run093_step.mat,2.5689553333333335e+24,8.625558666666666e+23,3.4315112000000003e+24,5890907.856800357,4094420.626977561,6928.074840323952,6772.973741640388,1.0229,0.7767365186697295,308378.5997444224,1.0000000000000002,0.33576133281673765,0.4301666666666667,0.14443333333333333,0.5746
simArray_Sun_JS_frag_2Gyr_Run093_step.mat,3.4939186e+24,5.350712933333333e+23,3.4938190666666665e+24,6526810.039680037,3491943.9371856214,7811.739831997867,7326.711528791847,1.0662,0.8419459460488145,94722.84311751663,-0.000186018825104979,0.15314360595960458,0.58505,0.08959666666666666,0.5850333333333333
simArray_Sun_JS_frag_2Gyr_Run093_step.mat,2.5978000933333335e+24,5.350712933333333e+23,3.043729333333334e+24,5912873.956712648,3491943.9371856214,7751.877640628745,6668.281841401071,1.1625,0.5478551976240036,1626380.1127324032,0.8334015402358727,0.20597092698028335,0.43499666666666664,0.08959666666666666,0.5096666666666667
simArray_Sun_JS_frag_2Gyr_Run093_step.mat,3.5496572666666665e+24,8.0180072e+23,4.0896256000000004e+24,6561334.608925842,3995939.0865849084,9080.541380225715,7417.530942840807,1.2242,0.1819748951199794,6210523.1237754915,0.673444560305875,0.22588116535344754,0.5943833333333333,0.13426,0.6848000000000001
simArray_Sun_JS_frag_2Gyr_Run093_step.mat,4.2658394133333334e+24,7.685964000000001e+23,4.2657996e+24,6975867.336696776,3939999.444959374,8463.789020942424,7846.286289925302,1.0787,0.8822189800349334,53382.499105756084,-5.1800051800017914e-05,0.18017471487503034,0.7143066666666666,0.1287,0.7142999999999999
simArray_Sun_JS_frag_2Gyr_Run093_step.mat,4.318373106666667e+24,7.685964000000001e+23,4.9639264e+24,7004386.454934877,3939999.444959374,8610.167935649699,7876.834631460707,1.0931,0.5180144823547448,2088892.343186147,0.8399119399119402,0.1779828609096902,0.7231033333333333,0.1287,0.8312
simArray_Sun_JS_frag_2Gyr_Run094_step.mat,5.5738666666666665e+23,5.5738666666666665e+23,1.03399208e+24,3539828.627758874,3539828.627758874,4611.687142654515,4584.637779753966,1.0059,0.4115,2420442.1075151754,0.8550714285714287,1.0,0.09333333333333332,0.09333333333333332,0.17314
simArray_Sun_JS_frag_2Gyr_Run094_step.mat,6.131253333333334e+23,5.5738666666666665e+23,6.131253333333334e+23,3654094.7045586845,3539828.627758874,5014.120881650246,4660.39676703248,1.0759,0.8286563291878424,146594.0797163809,0.0,0.9090909090909091,0.10266666666666667,0.09333333333333332,0.10266666666666667
simArray_Sun_JS_frag_2Gyr_Run094_step.mat,6.131253333333334e+23,4.365332933333333e+23,6.131253333333334e+23,3654094.7045586845,3262890.523786865,7734.0636027853925,4500.735336816453,1.7184,0.7092667380921871,1206129.8080816113,0.0,0.7119805194805194,0.10266666666666667,0.07309666666666666,0.10266666666666667
simArray_Sun_JS_frag_2Gyr_Run094_step.mat,6.503308933333333e+23,5.5738666666666665e+23,6.503308933333333e+23,3726560.4779061317,3539828.627758874,9835.882149521816,4710.220357016481,2.0882,0.7397847006553377,1647962.822593526,0.0,0.8570816370259267,0.10889666666666666,0.09333333333333332,0.10889666666666666
simArray_Sun_JS_frag_2Gyr_Run094_step.mat,4.789344933333333e+23,4.365332933333333e+23,7.607730800000001e+23,3365286.816407014,3262890.523786865,6716.370027737096,4293.80515774012,1.5642,0.4279100548002037,4658732.685491777,0.6456290756532449,0.9114676420466353,0.08019666666666665,0.07309666666666666,0.12739
simArray_Sun_JS_frag_2Gyr_Run094_step.mat,6.503308933333333e+23,5.785673600000001e+23,6.503308933333333e+23,3726560.4779061317,3584110.20564972,8094.944254630936,4736.932678700296,1.7089,0.6403896620489465,2512334.827501131,0.0,0.889650739232912,0.10889666666666666,0.09688000000000001,0.10889666666666666
simArray_Sun_JS_frag_2Gyr_Run094_step.mat,1.03399208e+24,6.503308933333333e+23,1.5501321333333334e+24,4349464.42210382,3726560.4779061317,5790.769123336514,5276.327219441016,1.0975,0.4179264469019165,2956614.132044335,0.7936575958860081,0.6289515228524123,0.17314,0.10889666666666666,0.25956666666666667
simArray_Sun_JS_frag_2Gyr_Run094_step.mat,8.586939733333333e+23,7.4363344e+23,1.41154192e+24,4088300.8791770195,3896873.8681167946,7184.611991608928,5175.487675845648,1.3882,0.47102748879948386,4470833.120694224,0.743441481957383,0.8660051928783383,0.14378666666666665,0.12452,0.23636
simArray_Sun_JS_frag_2Gyr_Run094_step.mat,1.5780014666666667e+24,5.5738666666666665e+23,1.960269186666667e+24,5007633.231666471,3539828.627758874,6799.261082744378,5774.809820574467,1.1774,0.308749282124981,3938658.732835681,0.6858214285714289,0.35322316134729403,0.2642333333333333,0.09333333333333332,0.32824333333333333
simArray_Sun_JS_frag_2Gyr_Run094_step.mat,2.1417184533333333e+24,6.617175066666666e+23,2.1417582666666666e+24,5544352.551795645,3748184.1533533656,7083.339457074699,6345.94110112408,1.1162,0.9481297647365253,4752.509564873411,6.016666165273885e-05,0.30896568390526824,0.35862666666666665,0.11080333333333331,0.3586333333333333
simArray_Sun_JS_frag_2Gyr_Run094_step.mat,1.6917879733333333e+24,6.589305733333332e+23,2.1972978666666665e+24,5125214.227773455,3742914.715061892,6555.762012231789,5948.42755850811,1.1021,0.4068672027223481,2989481.348983389,0.7671671550708437,0.389487680323818,0.28328666666666663,0.11033666666666664,0.3679333333333333
simArray_Sun_JS_frag_2Gyr_Run094_step.mat,6.131253333333334e+23,5.456218266666666e+23,6.131253333333334e+23,3654094.7045586845,3514746.094779532,6445.896402654334,4645.021548356514,1.3877,0.7697777056695067,527809.6155866118,0.0,0.8899025974025973,0.10266666666666667,0.09136333333333332,0.10266666666666667
simArray_Sun_JS_frag_2Gyr_Run094_step.mat,6.343060266666667e+23,6.131253333333334e+23,8.045478399999999e+23,3695696.720623571,3654094.7045586845,11461.12180172619,4759.79974323111,2.4079,0.4764315665874833,11782868.823519476,0.2776623376623375,0.9666080843585237,0.10621333333333333,0.10266666666666667,0.13471999999999998
simArray_Sun_JS_frag_2Gyr_Run094_step.mat,8.045478399999999e+23,5.5738666666666665e+23,8.045478399999999e+23,4000497.4973913855,3539828.627758874,6316.015340041434,4910.219497816554,1.2863,0.9559926614455143,3863.1417356083575,0.0,0.6927949326999209,0.13471999999999998,0.09333333333333332,0.13471999999999998
simArray_Sun_JS_frag_2Gyr_Run094_step.mat,8.045478399999999e+23,6.428857999999999e+23,8.045478399999999e+23,4000497.4973913855,3712285.1070824456,6846.458736174954,5005.087167318484,1.3679,0.9661528232454691,2287.8832371284416,0.0,0.799064726840855,0.13471999999999998,0.10764999999999998,0.13471999999999998
simArray_Sun_JS_frag_2Gyr_Run094_step.mat,5.954681199999999e+23,5.456218266666666e+23,1.0621799200000001e+24,3618674.753135172,3514746.094779532,4649.574265263921,4620.92453315834,1.0062,0.4327645175739291,2202903.4742292343,0.8553759713962572,0.9162905760037443,0.09970999999999998,0.09136333333333332,0.17786000000000002
simArray_Sun_JS_frag_2Gyr_Run094_step.mat,1.2666213866666666e+24,8.602865066666666e+23,2.126907893333333e+24,4653849.317444854,4090826.705149582,6190.846981666758,5697.97237152946,1.0865,0.5921171621693692,1683412.9813575144,0.9999999999999997,0.6791978374300622,0.21209333333333333,0.1440533333333333,0.3561466666666666
simArray_Sun_JS_frag_2Gyr_Run094_step.mat,2.95321372e+24,7.9361908e+23,2.953154e+24,6171087.028161585,3982300.9631349463,9392.161479935996,7018.503571914509,1.3382,0.6527013805858195,1534218.27075772,-7.525020693801986e-05,0.2687306626761845,0.49451,0.13288999999999998,0.4945
simArray_Sun_JS_frag_2Gyr_Run094_step.mat,2.95321372e+24,7.9361908e+23,3.609874933333334e+24,6171087.028161585,3982300.9631349463,7725.2668816063,7018.503571914509,1.1007,0.5150378526011951,2217850.76024441,0.8274261920886956,0.2687306626761845,0.49451,0.13288999999999998,0.6044666666666667
simArray_Sun_JS_frag_2Gyr_Run095_step.mat,6.131253333333334e+23,5.5738666666666665e+23,6.131253333333334e+23,3654094.7045586845,3539828.627758874,11241.343041759046,4660.39676703248,2.4121,0.577834645141651,7032611.836590126,0.0,0.9090909090909091,0.10266666666666667,0.09333333333333332,0.10266666666666667
simArray_Sun_JS_frag_2Gyr_Run095_step.mat,7.246026666666667e+23,5.573866666666664e+23,1.2819893333333332e+24,3863343.771591996,3539828.6277588736,5140.07509014147,4807.852483529577,1.0691,0.7364343873646204,435548.4764528906,1.0000000000000002,0.7692307692307688,0.12133333333333332,0.09333333333333328,0.21466666666666662
simArray_Sun_JS_frag_2Gyr_Run095_step.mat,6.68864e+23,6.131253333333334e+23,1.0339522666666667e+23,3761629.2247258904,3654094.7045586845,22295.312925623366,4803.781980010205,4.6412,0.5500623769426493,31860175.73166891,-0.9222727272727271,0.9166666666666667,0.11199999999999999,0.10266666666666667,0.017313333333333333
simArray_Sun_JS_frag_2Gyr_Run095_step.mat,6.131253333333334e+23,1.0339522666666665e+23,6.334102266666667e+23,3654094.7045586845,2018816.6375526648,9033.823700755087,4106.096859576877,2.2001,0.43073000468027245,3046671.7764504063,0.19618790912591474,0.1686363636363636,0.10266666666666667,0.01731333333333333,0.10606333333333334
simArray_Sun_JS_frag_2Gyr_Run095_step.mat,1.3934666666666666e+24,6.131253333333334e+23,1.3934666666666666e+24,4804286.593457831,3654094.7045586845,6447.815268355873,5627.347938868802,1.1458,0.9115691622519494,23367.54183997143,0.0,0.44000000000000006,0.2333333333333333,0.10266666666666667,0.2333333333333333
simArray_Sun_JS_frag_2Gyr_Run095_step.mat,6.046649999999999e+23,5.5738666666666665e+23,6.046649999999999e+23,3637209.5465537123,3539828.627758874,6658.738234443653,4648.982918692769,1.4323,0.617516547193256,1996896.484022222,0.0,0.9218106995884774,0.10124999999999998,0.09333333333333332,0.10124999999999998
simArray_Sun_JS_frag_2Gyr_Run095_step.mat,6.046649999999999e+23,5.854550666666666e+23,6.046649999999999e+23,3637209.5465537123,3598276.7964085317,6992.080508218059,4685.75292066617,1.4922,0.9554133801805808,6133.051955440841,0.0,0.9682304526748972,0.10124999999999998,0.09803333333333332,0.10124999999999998
simArray_Sun_JS_frag_2Gyr_Run095_step.mat,7.10668e+23,5.854550666666666e+23,7.10668e+23,3838418.2791559575,3598276.7964085317,7512.8882794917645,4823.374601625426,1.5576,0.8491629263672666,217212.1166695014,0.0,0.8238095238095238,0.119,0.09803333333333332,0.119
simArray_Sun_JS_frag_2Gyr_Run095_step.mat,7.10668e+23,6.133243999999999e+23,1.1809629999999999e+24,3838418.2791559575,3654490.1265620477,6126.158380865765,4856.634200781485,1.2614,0.43379318454084304,3699704.508213688,0.7667964946445959,0.8630252100840335,0.119,0.10269999999999997,0.19774999999999998
simArray_Sun_JS_frag_2Gyr_Run095_step.mat,1.5330124e+24,3.2690728e+23,1.75182648e+24,4959584.201407986,2963044.9693437456,6986.821908622922,5597.966435880877,1.2481,0.2742516141810882,3105007.893077818,0.6693459992692729,0.21324503311258278,0.2567,0.05474,0.29334
simArray_Sun_JS_frag_2Gyr_Run095_step.mat,6.131253333333334e+23,6.131253333333334e+23,6.131253333333334e+23,3654094.7045586845,3654094.7045586845,7693.837268282953,4732.630416610047,1.6257,0.8702500000000001,169258.03547969557,0.0,1.0,0.10266666666666667,0.10266666666666667,0.10266666666666667
simArray_Sun_JS_frag_2Gyr_Run095_step.mat,1.1809629999999999e+24,9.2410728e+23,1.8938605466666666e+24,4546481.997113988,4189583.423013897,6864.709061216668,5671.4384180573925,1.2104,0.4252406845858371,4548540.623326948,0.7714445736935074,0.7825031605562579,0.19774999999999998,0.15474,0.3171233333333333
simArray_Sun_JS_frag_2Gyr_Run095_step.mat,1.8075651466666666e+24,5.5738666666666665e+23,2.208843733333333e+24,5239558.55528753,3539828.627758874,6576.347445629679,5996.487139262951,1.0967,0.27142569079837486,3636380.379950681,0.7199285714285711,0.30836325191075087,0.3026733333333333,0.09333333333333332,0.3698666666666666
simArray_Sun_JS_frag_2Gyr_Run095_step.mat,1.13247036e+24,6.739003866666667e+23,1.13247036e+24,4483381.134470838,3771047.0170313525,9194.066785224835,5404.777370657124,1.7011000000000003,0.9821213073221597,509.11389284796746,0.0,0.5950711033767512,0.18963,0.11284333333333332,0.18963
simArray_Sun_JS_frag_2Gyr_Run095_step.mat,1.13247036e+24,6.739003866666667e+23,1.8063707466666666e+24,4483381.134470838,3771047.0170313525,5549.084926453669,5404.777370657124,1.0267,0.6481935450493671,889853.0131417062,0.9999999999999998,0.5950711033767512,0.18963,0.11284333333333332,0.3024733333333333
simArray_Sun_JS_frag_2Gyr_Run095_step.mat,2.5257578666666667e+24,6.131253333333334e+23,3.0445255999999995e+24,5857702.1276945155,3654094.7045586845,6916.454920467504,6637.035716790619,1.0421,0.5141610562821118,1674052.1146465233,0.8461038961038952,0.24274905422446408,0.42293333333333333,0.10266666666666667,0.5097999999999999
simArray_Sun_JS_frag_2Gyr_Run095_step.mat,3.0725143733333333e+24,7.0087392e+23,3.618036666666667e+24,6253090.099631117,3820703.579780514,7119.185176508302,7071.101685049963,1.0068,0.22966951780956504,3623614.333293678,0.7783458304930702,0.22811086779054848,0.5144866666666666,0.11735999999999999,0.6058333333333333
simArray_Sun_JS_frag_2Gyr_Run095_step.mat,6.131253333333334e+23,4.8596154666666665e+23,6.131253333333334e+23,3654094.7045586845,3381665.7625069977,13373.294446732429,4566.446235994137,2.9286,0.5671414534443718,9759001.072644984,0.0,0.7925974025974025,0.10266666666666667,0.08137333333333333,0.10266666666666667
simArray_Sun_JS_frag_2Gyr_Run095_step.mat,4.0960255933333344e+24,6.6512154666666675e+22,4.1625377480000006e+24,6882046.444428093,1742731.1114691936,9519.358653785546,8026.440686159821,1.186,0.7619519584352569,109520.44375586511,0.9999999999999932,0.01623821754798638,0.6858716666666668,0.011137333333333334,0.6970090000000001
simArray_Sun_JS_frag_2Gyr_Run095_step.mat,3.21628032e+24,6.864415866666667e+23,3.216320133333333e+24,6349136.680934068,3794296.286882802,7625.192445668806,7166.534253448125,1.064,0.9043518802478823,26351.885476276373,5.799959400280405e-05,0.21342716379481086,0.5385599999999999,0.11494333333333333,0.5385666666666666
simArray_Sun_JS_frag_2Gyr_Run095_step.mat,3.216320133333333e+24,6.864415866666667e+23,3.9027617199999997e+24,6349162.878821781,3794296.286882802,7491.206791459235,7166.561553103641,1.0453,0.6624913534098299,790349.334337269,0.9999999999999998,0.21342452187906172,0.5385666666666666,0.11494333333333333,0.6535099999999999
simArray_Sun_JS_frag_2Gyr_Run095_step.mat,3.9904904e+24,6.696005466666667e+23,4.5030870666666667e+24,6822425.502866723,3763009.4749694034,8493.769319493926,7665.856786546864,1.108,0.20482548231138076,4118934.4577325615,0.7655260576151266,0.16779906215703883,0.6681999999999999,0.11212333333333332,0.7540333333333333
simArray_Sun_JS_frag_2Gyr_Run096_step.mat,6.68864e+23,5.5738666666666665e+23,6.68864e+23,3761629.2247258904,3539828.627758874,4937.934945725237,4734.811531043472,1.0429,0.9732431402054041,608.06203726467,0.0,0.8333333333333334,0.11199999999999999,0.09333333333333332,0.11199999999999999
simArray_Sun_JS_frag_2Gyr_Run096_step.mat,5.5738666666666665e+23,5.5738666666666665e+23,5.573866666666667e+23,3539828.627758874,3539828.627758874,6063.18346372462,4584.637779753966,1.3225,0.7062499999999999,929765.0511856523,1.2039911970146398e-16,1.0,0.09333333333333332,0.09333333333333332,0.09333333333333334
simArray_Sun_JS_frag_2Gyr_Run096_step.mat,6.131253333333334e+23,5.5738666666666665e+23,6.131253333333334e+23,3654094.7045586845,3539828.627758874,5377.631829478778,4660.39676703248,1.1539,0.9510195201289673,4593.107638671616,0.0,0.9090909090909091,0.10266666666666667,0.09333333333333332,0.10266666666666667
simArray_Sun_JS_frag_2Gyr_Run096_step.mat,5.573866666666664e+23,5.573866666666667e+23,1.1147733333333332e+24,3539828.6277588736,3539828.6277588746,4619.022563102121,4584.637779753966,1.0075,0.8931999999999999,35072.687147213226,1.0000000000000002,0.9999999999999994,0.09333333333333328,0.09333333333333334,0.18666666666666662
simArray_Sun_JS_frag_2Gyr_Run096_step.mat,1.1147733333333332e+24,5.573866666666664e+23,1.6721599999999997e+24,4459904.601133889,3539828.6277588736,5476.637692508296,5282.250860829761,1.0368,0.6654957071750234,692613.9553201885,1.0000000000000002,0.49999999999999983,0.18666666666666662,0.09333333333333328,0.2799999999999999
simArray_Sun_JS_frag_2Gyr_Run096_step.mat,1.67216e+24,5.5738666666666665e+23,2.089801866666667e+24,5105316.317347099,3539828.627758874,5945.358485557081,5867.323088480292,1.0133,0.18649298574582207,3591731.2184457933,0.749285714285715,0.3333333333333333,0.27999999999999997,0.09333333333333332,0.3499333333333334
simArray_Sun_JS_frag_2Gyr_Run096_step.mat,8.237975866666668e+23,8.082902933333332e+23,1.4328420533333333e+24,4032151.892611918,4006690.8398128953,7241.35757502172,5205.864539914967,1.391,0.46531913053705976,4936393.645964255,0.7534971923948379,0.9811758451538068,0.13794333333333333,0.13534666666666664,0.23992666666666665
simArray_Sun_JS_frag_2Gyr_Run096_step.mat,7.803413333333333e+23,5.5738666666666665e+23,7.803413333333335e+23,3959967.142737017,3539828.627758874,9952.75573803956,4879.519408755974,2.0397,0.8308765313750599,478068.63986999175,4.815964788058559e-16,0.7142857142857143,0.13066666666666665,0.09333333333333332,0.13066666666666668
simArray_Sun_JS_frag_2Gyr_Run096_step.mat,9.735952533333333e+23,8.240563733333332e+23,9.735952533333333e+23,4263073.901118675,4032574.066666677,6212.480699038005,5378.30551384123,1.1551,0.8224854532444625,236914.23802335357,0.0,0.8464054960333687,0.16302666666666665,0.13798666666666665,0.16302666666666665
simArray_Sun_JS_frag_2Gyr_Run096_step.mat,9.735952533333333e+23,8.240563733333332e+23,1.6715030799999998e+24,4263073.901118675,4032574.066666677,5893.54718206722,5378.30551384123,1.0958,0.4897398543842379,2768260.501915544,0.846917576577447,0.8464054960333687,0.16302666666666665,0.13798666666666665,0.27988999999999997
simArray_Sun_JS_frag_2Gyr_Run096_step.mat,5.5738666666666665e+23,4.7095192e+23,5.573866666666667e+23,3539828.627758874,3346485.153264994,4750.443420355696,4464.702462740315,1.064,0.9029595753617732,25214.88981300876,1.4249621065352064e-16,0.8449285714285715,0.09333333333333332,0.07886,0.09333333333333334
simArray_Sun_JS_frag_2Gyr_Run096_step.mat,1.54489668e+24,7.5432332e+23,2.2992200000000003e+24,4972367.188125289,3915457.882324563,5876.97444259419,5876.386803913799,1.0001,0.7487789410610045,381400.47349462303,1.0000000000000004,0.48826781089334725,0.25869,0.12631,0.385
simArray_Sun_JS_frag_2Gyr_Run096_step.mat,2.297527933333333e+24,4.7095192e+23,2.297627466666667e+24,5675667.93994276,3346485.153264994,7465.019701725748,6400.051184607122,1.1664,0.7968573028247486,205484.33340450158,0.00021134499957831175,0.20498202140103108,0.3847166666666666,0.07886,0.38473333333333337
simArray_Sun_JS_frag_2Gyr_Run096_step.mat,7.246026666666667e+23,5.8525599999999994e+23,7.246026666666667e+23,3863343.771591996,3597868.9210030413,5281.412865437491,4840.891719007783,1.091,0.9288640704127207,12274.266825960214,0.0,0.8076923076923076,0.12133333333333332,0.09799999999999999,0.12133333333333332
simArray_Sun_JS_frag_2Gyr_Run096_step.mat,2.607653893333333e+24,6.68864e+23,3.1627712e+24,5920340.6287827585,3761629.2247258904,7813.985252953459,6721.129582791552,1.1626,0.5483761627256378,1892594.2903074247,0.8299404761904768,0.25650029772355987,0.43664666666666657,0.11199999999999999,0.5296
simArray_Sun_JS_frag_2Gyr_Run096_step.mat,2.4369741333333334e+24,7.803413333333335e+23,3.2173154666666675e+24,5788246.508738956,3959967.142737018,6847.207624848899,6637.463769725571,1.0316,0.6429990527920328,969683.5985268353,1.0000000000000007,0.32020911615749065,0.40806666666666663,0.13066666666666668,0.5387333333333334
simArray_Sun_JS_frag_2Gyr_Run096_step.mat,3.3487591866666663e+24,5.885007866666667e+23,3.7534019999999997e+24,6435140.271773947,3604505.7934868196,9724.224416385103,7235.286024096058,1.344,0.41541448603132297,3805299.0520017776,0.687582451036769,0.17573696819103216,0.5607433333333333,0.09854333333333333,0.6285
simArray_Sun_JS_frag_2Gyr_Run096_step.mat,3.003657213333333e+24,5.8525599999999994e+23,3.0037169333333337e+24,6206024.723201046,3597868.9210030413,10114.363528013664,6990.368047559377,1.4469,0.9962410919408466,2.935728724949718,0.00010204081632738121,0.19484780000927845,0.5029566666666666,0.09799999999999999,0.5029666666666667
simArray_Sun_JS_frag_2Gyr_Run096_step.mat,3.003657213333333e+24,5.8525599999999994e+23,3.4512188e+24,6206024.723201046,3597868.9210030413,7488.781289350361,6990.368047559377,1.0713,0.16844564402431014,3799953.0325376904,0.7647278911564624,0.19484780000927845,0.5029566666666666,0.09799999999999999,0.5779
simArray_Sun_JS_frag_2Gyr_Run097_step.mat,6.131253333333334e+23,5.5738666666666665e+23,6.131253333333334e+23,3654094.7045586845,3539828.627758874,7930.131138782468,4660.39676703248,1.7016,0.6104953059034373,2928434.925223288,0.0,0.9090909090909091,0.10266666666666667,0.09333333333333332,0.10266666666666667
simArray_Sun_JS_frag_2Gyr_Run097_step.mat,7.524719999999999e+23,6.131253333333334e+23,9.595411466666667e+23,3912252.0493358,3654094.7045586845,8460.533532322326,4908.356171214437,1.7237,0.1427601491123358,13495826.810620798,0.33772727272727293,0.814814814814815,0.12599999999999997,0.10266666666666667,0.16067333333333333
simArray_Sun_JS_frag_2Gyr_Run097_step.mat,6.3894428e+23,5.5738666666666665e+23,6.3894428e+23,3704682.9009088315,3539828.627758874,5836.869395993124,4695.0365154384845,1.2432,0.9956015821408789,3.9574624038685076,0.0,0.872355671869645,0.10699,0.09333333333333332,0.10699
simArray_Sun_JS_frag_2Gyr_Run097_step.mat,5.5738666666666665e+23,5.5738666666666665e+23,5.573866666666667e+23,3539828.627758874,3539828.627758874,4875.303814990367,4584.637779753966,1.0634,0.81275,187471.5665048855,1.2039911970146398e-16,1.0,0.09333333333333332,0.09333333333333332,0.09333333333333334
simArray_Sun_JS_frag_2Gyr_Run097_step.mat,7.8525828e+23,6.68864e+23,1.34746236e+24,3968267.0124478107,3761629.2247258904,5274.664700202218,5011.081797646037,1.0526,0.44380503010677647,2633880.031858555,0.8405357142857143,0.851775800441098,0.13149,0.11199999999999999,0.22563
simArray_Sun_JS_frag_2Gyr_Run097_step.mat,6.946829466666666e+23,5.213556000000001e+23,6.946829466666666e+23,3809420.5878244163,3461848.512300434,6237.251451318237,4724.832551562939,1.3201,0.9728829911505373,942.592867141488,0.0,0.7504943118319628,0.11632333333333332,0.08730000000000002,0.11632333333333332
simArray_Sun_JS_frag_2Gyr_Run097_step.mat,7.2255228e+23,5.213556000000001e+23,7.2255228e+23,3859696.3326610797,3461848.512300434,5379.417970957379,4762.232623014677,1.1296,0.7723562740824096,313608.2583571575,0.0,0.7215472353087033,0.12099,0.08730000000000002,0.12099
simArray_Sun_JS_frag_2Gyr_Run097_step.mat,1.34746236e+24,6.68864e+23,1.76406908e+24,4750823.829217778,3761629.2247258904,7588.287862903279,5623.036578661193,1.3495,0.3514373290872344,5422704.10280188,0.6228571428571429,0.4963878916810707,0.22563,0.11199999999999999,0.29539
simArray_Sun_JS_frag_2Gyr_Run097_step.mat,6.131253333333334e+23,6.0293312e+23,6.131253333333334e+23,3654094.7045586845,3633733.663699283,6795.136516728853,4719.5002894352365,1.4398,0.9489438126684173,8733.798310238473,0.0,0.9833766233766233,0.10266666666666667,0.10096,0.10266666666666667
simArray_Sun_JS_frag_2Gyr_Run097_step.mat,1.8588049066666667e+24,6.68864e+23,2.3495838666666667e+24,5288607.24230572,3761629.2247258904,8893.20858040591,6105.876127982087,1.4565,0.5497670377659364,2994165.69547234,0.7337500000000001,0.35983550376970524,0.3112533333333333,0.11199999999999999,0.3934333333333333
simArray_Sun_JS_frag_2Gyr_Run097_step.mat,2.3496236800000003e+24,6.358985599999999e+23,2.3495838666666667e+24,5718245.744860268,3698787.0278755384,7068.718302239984,6505.354594367738,1.0866,0.7753032556258705,286213.9374743905,-6.260956674217935e-05,0.2706384709231394,0.39344,0.10647999999999998,0.3934333333333333
simArray_Sun_JS_frag_2Gyr_Run097_step.mat,2.4332316800000004e+24,6.68864e+23,2.4331918666666665e+24,5785281.993510373,3761629.2247258904,7320.867561504595,6585.883016826732,1.1116,0.9047351356752956,27960.10915579849,-5.9523809524573256e-05,0.27488709994109556,0.40744,0.11199999999999999,0.4074333333333333
simArray_Sun_JS_frag_2Gyr_Run097_step.mat,2.4332316800000004e+24,6.68864e+23,2.4331918666666665e+24,5785281.993510373,3761629.2247258904,7511.858168992571,6585.883016826732,1.1406,0.8654673280451821,79112.23715574114,-5.9523809524573256e-05,0.27488709994109556,0.40744,0.11199999999999999,0.4074333333333333
simArray_Sun_JS_frag_2Gyr_Run097_step.mat,7.044113346666667e+23,7.017299066666667e+23,1.4061412413333334e+24,3827120.681791903,3822258.372403229,5061.5687469462055,4953.580687948919,1.0218,0.735917487022746,495960.924886308,1.0,0.9961933775508186,0.11795233333333333,0.11750333333333333,0.23545566666666667
simArray_Sun_JS_frag_2Gyr_Run097_step.mat,2.51683968e+24,6.009225466666667e+23,3.028600266666667e+24,5850799.686338968,3629690.0842321124,6905.180525431877,6625.581006939049,1.0422,0.5248167735708601,1576155.451481124,0.8516248716334851,0.23876075677043787,0.42144,0.10062333333333333,0.5071333333333333
simArray_Sun_JS_frag_2Gyr_Run097_step.mat,2.6559076533333336e+24,7.467587866666668e+23,2.655947466666667e+24,5956635.63735213,3902325.5054079434,8166.760024940632,6787.5332654094345,1.2032,0.8258603654884871,195345.82058309173,5.331485085166986e-05,0.281168957711853,0.44472666666666666,0.12504333333333334,0.44473333333333337
simArray_Sun_JS_frag_2Gyr_Run097_step.mat,2.655947466666667e+24,7.467587866666668e+23,3.4027062533333337e+24,5956665.401481275,3902325.5054079434,7030.557474388222,6787.562728700735,1.0358,0.6645443065081909,812180.603148084,1.0,0.2811647429171039,0.44473333333333337,0.12504333333333334,0.5697766666666667
simArray_Sun_JS_frag_2Gyr_Run097_step.mat,3.230740522666666e+24,5.903521066666667e+23,3.821092629333333e+24,6358637.568733415,3608281.550778668,7181.606905664842,7153.707446623012,1.0039,0.702409629217319,483120.90402652754,1.0000000000000007,0.182729656722598,0.5409813333333332,0.09885333333333333,0.6398346666666666
simArray_Sun_JS_frag_2Gyr_Run097_step.mat,1.8563563866666667e+24,1.5481414666666667e+24,1.856356386666667e+24,5286284.073881927,4975845.951113502,7248.251734704597,6654.656385149281,1.0892,0.7270480225551688,993784.3585436551,1.7339207157726586e-16,0.8339678080061768,0.3108433333333333,0.2592333333333333,0.31084333333333336
simArray_Sun_JS_frag_2Gyr_Run097_step.mat,3.8211842e+24,8.088874933333334e+23,3.821084666666667e+24,6724541.886473529,4007677.3693351606,8169.227364403806,7588.692396102003,1.0765,0.8089711757358022,212226.71299603966,-0.00012304966284317962,0.21168503034565395,0.6398499999999999,0.13544666666666666,0.6398333333333334
simArray_Sun_JS_frag_2Gyr_Run097_step.mat,3.8211842e+24,8.088874933333334e+23,3.821084666666667e+24,6724541.886473529,4007677.3693351606,8091.063832723956,7588.692396102003,1.0662,0.8047731222330295,220917.817509969,-0.00012304966284317962,0.21168503034565395,0.6398499999999999,0.13544666666666666,0.6398333333333334
simArray_Sun_JS_frag_2Gyr_Run097_step.mat,1.8563563866666667e+24,1.5760108e+24,3.0775706666666665e+24,5286284.073881927,5005526.616958382,8739.243132547885,6672.196619749491,1.3098,0.47932870569968,6347138.537401626,0.7748768472906403,0.8489807298424715,0.3108433333333333,0.26389999999999997,0.5153333333333333
simArray_Sun_JS_frag_2Gyr_Run097_step.mat,3.2040974400000003e+24,8.088874933333334e+23,3.204177066666667e+24,6341109.950908446,4007677.3693351606,8696.837286119813,7194.6039759429295,1.2088,0.7877377996686862,356399.9293214123,9.843973027507466e-05,0.25245408683118364,0.53652,0.13544666666666666,0.5365333333333333
simArray_Sun_JS_frag_2Gyr_Run097_step.mat,3.2321260266666664e+24,8.088874933333334e+23,3.9427144000000004e+24,6359546.406675841,4007677.3693351606,7342.38054022694,7213.263130196424,1.0179,0.5652126534270443,1513767.1099694376,0.8784761529753417,0.2502648370328398,0.5412133333333332,0.13544666666666666,0.6602
simArray_Sun_JS_frag_2Gyr_Run097_step.mat,3.8787542800000004e+24,5.879832133333333e+23,4.3967854666666675e+24,6758144.414066473,3603448.789370062,8313.247926701997,7585.772357607442,1.0959,0.5885073448733495,1249373.7428467507,0.8810305718251693,0.15159073529487235,0.64949,0.09845666666666665,0.7362333333333334
simArray_Sun_JS_frag_2Gyr_Run098_step.mat,6.68864e+23,6.131253333333334e+23,6.68864e+23,3761629.2247258904,3654094.7045586845,5288.963959991236,4803.781980010205,1.101,0.6771286121179846,846018.8205067223,0.0,0.9166666666666667,0.11199999999999999,0.10266666666666667,0.11199999999999999
simArray_Sun_JS_frag_2Gyr_Run098_step.mat,6.68864e+23,6.131253333333334e+23,6.68864e+23,3761629.2247258904,3654094.7045586845,5453.253303707585,4803.781980010205,1.1352,0.9110217899197695,27281.887628625234,0.0,0.9166666666666667,0.11199999999999999,0.10266666666666667,0.11199999999999999
simArray_Sun_JS_frag_2Gyr_Run098_step.mat,8.3608e+23,5.5738666666666665e+23,8.3608e+23,4052092.2463936,3539828.627758874,5601.228038003229,4949.830362321694,1.1316,0.8936899329998444,39090.46363589502,0.0,0.6666666666666666,0.13999999999999999,0.09333333333333332,0.13999999999999999
simArray_Sun_JS_frag_2Gyr_Run098_step.mat,7.361883466666666e+23,6.68864e+23,7.361883466666667e+23,3883825.3450187,3761629.2247258904,5444.759281900812,4952.933031839182,1.0993,0.7320156402889869,563579.4687944503,2.0066519950243998e-16,0.9085501054567087,0.12327333333333332,0.11199999999999999,0.12327333333333335
simArray_Sun_JS_frag_2Gyr_Run098_step.mat,9.475573333333333e+23,5.5738666666666665e+23,1.3933074133333334e+24,4224725.969533426,3539828.627758874,5801.671340680559,5086.508276942451,1.1406,0.4673854195184296,2408110.158891417,0.7997142857142859,0.5882352941176471,0.15866666666666665,0.09333333333333332,0.23330666666666666
simArray_Sun_JS_frag_2Gyr_Run098_step.mat,7.919270133333333e+23,6.131253333333334e+23,7.919270133333333e+23,3979468.742377477,3654094.7045586845,6063.640261050491,4956.7892267232,1.2233,0.952749934434376,4723.784185691487,0.0,0.7742194962545875,0.13260666666666665,0.10266666666666667,0.13260666666666665
simArray_Sun_JS_frag_2Gyr_Run098_step.mat,6.131253333333331e+23,5.573866666666664e+23,1.1705119999999995e+24,3654094.704558684,3539828.6277588736,4697.679941168739,4660.396767032479,1.008,0.6369082819471836,875699.3840079188,1.0,0.909090909090909,0.10266666666666663,0.09333333333333328,0.1959999999999999
simArray_Sun_JS_frag_2Gyr_Run098_step.mat,7.178144933333333e+23,6.305038533333334e+23,6.771451733333334e+23,3851241.7969482886,3688297.637157057,10786.040795119226,4885.867365065786,2.2076,0.11564647289792393,23704985.4964185,-0.06450288889590498,0.8783660112593251,0.12019666666666666,0.10557666666666668,0.11338666666666666
simArray_Sun_JS_frag_2Gyr_Run098_step.mat,1.5605234133333333e+24,6.131253333333334e+23,1.5605234133333335e+24,4989076.252010373,3654094.7045586845,6434.779354742474,5793.966643924432,1.1106,0.9000708928298076,30888.22775844421,4.3781498073259624e-16,0.3928972344116747,0.26130666666666663,0.10266666666666667,0.2613066666666667
simArray_Sun_JS_frag_2Gyr_Run098_step.mat,1.5605234133333335e+24,6.131253333333334e+23,2.173648746666667e+24,4989076.252010373,3654094.7045586845,5959.674089940671,5793.966643924433,1.0286,0.9631618622303709,1417.1709205169282,1.0,0.3928972344116746,0.2613066666666667,0.10266666666666667,0.36397333333333337
simArray_Sun_JS_frag_2Gyr_Run098_step.mat,8.030747466666667e+23,6.131253333333334e+23,1.2195819333333335e+24,3998054.4247154566,3654094.7045586845,6154.308379258781,4970.36696758099,1.2382,0.25465417540694957,5655539.793327871,0.6793181818181818,0.7634723117346686,0.13447333333333333,0.10266666666666667,0.20421666666666669
simArray_Sun_JS_frag_2Gyr_Run098_step.mat,1.2753206e+24,5.1472668e+23,1.7900472800000001e+24,4664479.301697985,3447113.6744697527,5749.856472904048,5427.465048993816,1.0594,0.6760729157785245,620622.6726173596,1.0000000000000004,0.40360571294778746,0.21354999999999996,0.08619,0.29974
simArray_Sun_JS_frag_2Gyr_Run098_step.mat,1.7429082933333332e+24,6.131253333333334e+23,1.7429082933333332e+24,5176325.255055713,3654094.7045586845,29916.83370722376,5967.85033058523,5.013,0.7547227421078685,7594384.266084454,0.0,0.35178289969618753,0.29184666666666664,0.10266666666666667,0.29184666666666664
simArray_Sun_JS_frag_2Gyr_Run098_step.mat,1.9188434133333335e+24,1.3382256666666668e+24,1.9188434133333333e+24,5344944.793960035,4739943.4870036375,9863.329835047352,6565.9232026676555,1.5022,0.8265808870084497,495537.1527422848,-2.0059057503256175e-16,0.6974126483525603,0.3213066666666667,0.22408333333333333,0.32130666666666663
simArray_Sun_JS_frag_2Gyr_Run098_step.mat,1.9188434133333335e+24,1.3905602933333336e+24,3.0672191999999997e+24,5344944.793960035,4800944.1455222955,7274.227622010315,6598.537392970169,1.1024,0.47001891836344684,4194946.682067942,0.8258367452114405,0.7246866959913686,0.3213066666666667,0.2328466666666667,0.5136
simArray_Sun_JS_frag_2Gyr_Run098_step.mat,2.1682142266666662e+24,7.127781066666666e+23,2.1682341333333336e+24,5567122.468188971,3842213.5201185867,11148.234514930264,6393.069454599302,1.7438000000000002,0.7796296450087852,761109.8403215086,2.792828017761828e-05,0.3287397056528246,0.36306333333333324,0.11935333333333333,0.3630666666666667
simArray_Sun_JS_frag_2Gyr_Run098_step.mat,2.1682142266666662e+24,6.1236888e+23,2.703723466666667e+24,5567122.468188971,3652591.319893499,6553.047398483465,6344.933577152852,1.0328,0.5656661853148599,1296232.7297340522,0.8744880046811011,0.28243006270714943,0.36306333333333324,0.10253999999999999,0.4527333333333333
simArray_Sun_JS_frag_2Gyr_Run098_step.mat,2.742123426666667e+24,2.7059729199999997e+24,4.861407066666666e+24,6020405.0543766,5993831.466348042,8507.6761115506,7780.225067718884,1.0935,0.27024642308519065,11823009.684457395,0.7831873055108031,0.986816601209446,0.45916333333333337,0.4531099999999999,0.8140333333333333
simArray_Sun_JS_frag_2Gyr_Run098_step.mat,6.278224253333333e+24,5.1506509333333335e+23,6.662761333333333e+24,7934915.752872648,3447868.9579458223,12770.637770984646,8925.522624395195,1.4308,0.2780723675475107,4460510.47361466,0.7465795779547031,0.08203993239965376,1.0512766666666666,0.08624666666666667,1.1156666666666666
simArray_Sun_JS_frag_2Gyr_Run098_step.mat,5.5193224e+24,5.5738666666666665e+23,6.035104133333333e+24,7601371.643238065,3539828.627758874,8878.266472129159,8532.692428764209,1.0405,0.6427720578488243,794718.4394829283,0.9253571428571425,0.10098824208324315,0.9241999999999999,0.09333333333333332,1.0105666666666666
simArray_Sun_JS_frag_2Gyr_Run098_step.mat,6.035203666666666e+24,6.131253333333334e+23,6.464889066666667e+24,7831182.689624514,3654094.7045586845,12982.384191197876,8790.293311123214,1.4769,0.429835292444879,4306798.2766395835,0.7008116883116887,0.10159149006349469,1.0105833333333332,0.10266666666666667,1.0825333333333333
simArray_Sun_JS_frag_2Gyr_Run099_step.mat,5.573866666666664e+23,5.573866666666664e+23,1.1147733333333328e+24,3539828.6277588736,3539828.6277588736,4580.970069530163,4584.637779753966,0.9991999999999999,0.4886,1827822.7093825317,1.0,1.0,0.09333333333333328,0.09333333333333328,0.18666666666666656
simArray_Sun_JS_frag_2Gyr_Run099_step.mat,6.68864e+23,6.131253333333334e+23,6.68864e+23,3761629.2247258904,3654094.7045586845,6215.133125737204,4803.781980010205,1.2938,0.9953775380621178,5.380988476146954,0.0,0.9166666666666667,0.11199999999999999,0.10266666666666667,0.11199999999999999
simArray_Sun_JS_frag_2Gyr_Run099_step.mat,6.68864e+23,5.5738666666666665e+23,6.68864e+23,3761629.2247258904,3539828.627758874,5354.598360457063,4734.811531043472,1.1309,0.7078178764110977,642760.0140585813,0.0,0.8333333333333334,0.11199999999999999,0.09333333333333332,0.11199999999999999
simArray_Sun_JS_frag_2Gyr_Run099_step.mat,6.688640000000001e+23,5.573866666666667e+23,1.2262506666666667e+24,3761629.224725891,3539828.6277588746,4806.780666315332,4734.811531043471,1.0152,0.5352296322901882,1507874.222675311,0.9999999999999999,0.8333333333333333,0.112,0.09333333333333334,0.20533333333333334
simArray_Sun_JS_frag_2Gyr_Run099_step.mat,7.459028e+23,6.68864e+23,7.459028e+23,3900833.896701146,3761629.2247258904,11237.160650001202,4964.506582726398,2.2635,0.5374904078324688,8478280.582313474,0.0,0.8967173738991192,0.1249,0.11199999999999999,0.1249
simArray_Sun_JS_frag_2Gyr_Run099_step.mat,5.5738666666666665e+23,4.596847466666667e+23,2.433390933333333e+23,3539828.627758874,3319582.066469133,39372.09677098892,4448.874763668395,8.8499,0.7860539638396948,15485243.919152874,-0.6831803221895029,0.8247142857142858,0.09333333333333332,0.07697333333333334,0.04074666666666666
simArray_Sun_JS_frag_2Gyr_Run099_step.mat,7.1311652e+23,6.384466133333333e+23,1.2030195866666666e+24,3842821.493599596,3703720.805499367,5317.7904743422205,4889.472668575047,1.0876,0.24422008322280495,4662864.916235833,0.7673359940134696,0.8952907350026519,0.11940999999999999,0.10690666666666666,0.2014433333333333
simArray_Sun_JS_frag_2Gyr_Run099_step.mat,5.5738666666666665e+23,4.8263713333333335e+23,8.432264933333333e+23,3539828.627758874,3373936.9014136367,6464.846341617881,4481.074611227476,1.4427,0.2627057659446638,6527274.319559345,0.5922458238812126,0.8658928571428572,0.09333333333333332,0.08081666666666666,0.14119666666666666
simArray_Sun_JS_frag_2Gyr_Run099_step.mat,9.337421066666666e+23,7.246026666666667e+23,9.337421066666666e+23,4204093.4377814615,3863343.771591996,6528.449828837213,5238.265127848202,1.2463,0.8091933188648948,301447.591102238,0.0,0.7760201253570972,0.15635333333333332,0.12133333333333332,0.15635333333333332
simArray_Sun_JS_frag_2Gyr_Run099_step.mat,9.337421066666666e+23,7.246026666666667e+23,1.6583447733333332e+24,4204093.4377814615,3863343.771591996,5250.836964155037,5238.265127848202,1.0024,0.6554632640831174,884495.776472514,0.9999999999999998,0.7760201253570972,0.15635333333333332,0.12133333333333332,0.27768666666666664
simArray_Sun_JS_frag_2Gyr_Run099_step.mat,1.78526968e+24,5.559533866666667e+23,1.78526968e+24,5217926.873584904,3536791.8845230076,12778.151317474674,5974.728254301526,2.1387,0.7742805895616408,1031483.3782838758,0.0,0.3114114315024197,0.29894,0.09309333333333333,0.29894
simArray_Sun_JS_frag_2Gyr_Run099_step.mat,1.1147733333333333e+24,8.713347066666667e+23,1.7439434400000002e+24,4459904.601133889,4108264.369911656,6794.676030526208,5562.567360234309,1.2215,0.3337054683969464,5809819.859564225,0.7220762605377993,0.781625,0.18666666666666665,0.14590333333333333,0.29202
simArray_Sun_JS_frag_2Gyr_Run099_step.mat,1.9549341999999997e+24,3.955056533333333e+23,1.9549342e+24,5378247.203756728,3157288.5688292976,7046.24773929886,6062.852985113458,1.1622,0.9498768297244056,3299.2474006597636,6.787145865997568e-16,0.20231149126826536,0.3273499999999999,0.06622666666666666,0.32735
simArray_Sun_JS_frag_2Gyr_Run099_step.mat,1.3385242666666666e+24,7.246026666666667e+23,1.3385242666666666e+24,4740296.003997872,3863343.771591996,7184.710076955547,5657.697517092328,1.2699,0.8824239831080652,75140.81514490113,0.0,0.5413444378346223,0.2241333333333333,0.12133333333333332,0.2241333333333333
simArray_Sun_JS_frag_2Gyr_Run099_step.mat,1.9549341999999997e+24,4.2337498666666665e+23,1.9549342e+24,5378247.203756728,3229771.3466734593,6677.826794974255,6072.959980878733,1.0996,0.726574139752073,373499.4735022325,6.340371171038164e-16,0.21656738455272137,0.3273499999999999,0.07089333333333332,0.32735
simArray_Sun_JS_frag_2Gyr_Run099_step.mat,1.8277903200000002e+24,1.3385242666666666e+24,1.8277903200000002e+24,5259028.240991583,4740296.003997872,7139.23136096012,6501.440088298078,1.0981,0.7291083549110694,874645.0233693828,0.0,0.7323182818183798,0.30606,0.2241333333333333,0.30606
simArray_Sun_JS_frag_2Gyr_Run099_step.mat,1.4595767066666666e+24,4.4164930666666665e+23,1.9012260133333332e+24,4879092.142825161,3275587.684977338,5647.853369140781,5578.67776485656,1.0124,0.707690590973055,388733.9033736494,1.0,0.30258725331078407,0.2444033333333333,0.07395333333333333,0.3183566666666666
simArray_Sun_JS_frag_2Gyr_Run099_step.mat,1.9085118533333336e+24,7.556769733333333e+23,1.9085118533333336e+24,5335334.660369177,3917798.6139431153,6579.518561795789,6199.489834915471,1.0613,0.9375477365968277,8248.161301376447,0.0,0.39595089336935313,0.3195766666666667,0.12653666666666666,0.3195766666666667
simArray_Sun_JS_frag_2Gyr_Run099_step.mat,1.929095346666667e+24,2.433390933333333e+23,2.1258329333333334e+24,5354446.8232375635,2685348.6122192796,6501.246079672256,6005.770050505548,1.0825,0.30422556500231845,1645927.1303434658,0.8084914921465965,0.12614155840135385,0.32302333333333333,0.04074666666666666,0.35596666666666665
simArray_Sun_JS_frag_2Gyr_Run099_step.mat,2.5894791066666663e+24,9.150298399999999e+23,3.2989328e+24,5906554.04897714,4175820.2661209544,7748.211073301404,6811.614130374861,1.1375,0.45003435486714455,3409297.584147297,0.7753339424792243,0.35336444215527246,0.43360333333333323,0.15321999999999997,0.5524
simArray_Sun_JS_frag_2Gyr_Run100_step.mat,6.688639999999997e+23,5.573866666666664e+23,1.2262506666666662e+24,3761629.22472589,3539828.6277588736,4767.481730607671,4734.811531043471,1.0069,0.8821062435337955,43980.49593642029,1.0000000000000002,0.8333333333333333,0.11199999999999995,0.09333333333333328,0.20533333333333326
simArray_Sun_JS_frag_2Gyr_Run100_step.mat,6.68864e+23,6.131253333333334e+23,6.68864e+23,3761629.2247258904,3654094.7045586845,5246.210300369145,4803.781980010205,1.0921,0.837724101365534,138921.34663946574,0.0,0.9166666666666667,0.11199999999999999,0.10266666666666667,0.11199999999999999
simArray_Sun_JS_frag_2Gyr_Run100_step.mat,6.688639999999997e+23,6.688639999999997e+23,1.3377279999999994e+24,3761629.22472589,3761629.22472589,5690.871790422871,4871.904623253892,1.1681,0.5147,2539769.315315117,1.0,1.0,0.11199999999999995,0.11199999999999995,0.2239999999999999
simArray_Sun_JS_frag_2Gyr_Run100_step.mat,1.2819893333333334e+24,5.573866666666664e+23,1.8393759999999998e+24,4672595.458750138,3539828.6277588736,5466.76702096484,5467.860593083457,0.9997999999999999,0.23538150501268695,3373757.2092103763,1.0,0.4347826086956519,0.21466666666666667,0.09333333333333328,0.30799999999999994
simArray_Sun_JS_frag_2Gyr_Run100_step.mat,1.337728e+24,7.246026666666667e+23,1.8550823599999998e+24,4739355.842131882,3863343.771591996,6035.362295038306,5656.914701507458,1.0669,0.09558374411889285,5783967.130735414,0.7139835164835163,0.5416666666666667,0.22399999999999998,0.12133333333333332,0.31062999999999996
simArray_Sun_JS_frag_2Gyr_Run100_step.mat,2.0275139066666667e+24,6.68864e+23,2.6025975999999997e+24,5443998.446012013,3761629.2247258904,7128.932170782913,6252.900772548824,1.1401,0.5856999928499288,1516286.584219817,0.8597916666666663,0.32989366820158855,0.3395033333333333,0.11199999999999999,0.4357999999999999
simArray_Sun_JS_frag_2Gyr_Run100_step.mat,6.68864e+23,5.7374994666666675e+23,6.68864e+23,3761629.2247258904,3574134.8272113386,5079.440390236358,4755.139852308892,1.0682,0.9233619970608442,14681.425167847667,0.0,0.8577976190476192,0.11199999999999999,0.09607333333333334,0.11199999999999999
simArray_Sun_JS_frag_2Gyr_Run100_step.mat,1.0311653333333332e+24,8.0395064e+23,1.0311653333333332e+24,4345497.255981139,3999507.422238991,7165.802653583719,5417.96662149079,1.3226,0.9828785467396282,323.68178063540904,0.0,0.7796525096525098,0.17266666666666663,0.13462,0.17266666666666663
simArray_Sun_JS_frag_2Gyr_Run100_step.mat,1.839376e+24,6.68864e+23,1.839376e+24,5270116.517512339,3761629.2247258904,7643.612767695273,6088.587516086724,1.2554,0.9468037858200774,6587.28382661131,0.0,0.3636363636363636,0.308,0.11199999999999999,0.308
simArray_Sun_JS_frag_2Gyr_Run100_step.mat,1.1705119999999999e+24,8.3608e+23,1.1705120000000001e+24,4533030.788334287,4052092.2463936,8364.51890761752,5585.6553640183765,1.4975,0.7748018696871904,732352.4508762376,3.2106431920390395e-16,0.7142857142857143,0.19599999999999998,0.13999999999999999,0.196
simArray_Sun_JS_frag_2Gyr_Run100_step.mat,1.3137802800000003e+24,8.825222533333334e+23,1.5732238666666666e+24,4710904.405872583,4125772.4076105673,9877.179125743432,5759.959835399715,1.7148,0.12943865820696557,16918830.105396524,0.2939796539823604,0.6717426549691652,0.21999000000000002,0.14777666666666667,0.2634333333333333
simArray_Sun_JS_frag_2Gyr_Run100_step.mat,2.04087128e+24,6.8522728e+23,2.6119537333333333e+24,5455927.408592592,3792057.6119182995,6806.044992030022,6272.85252721661,1.085,0.5180425624457263,1948274.1682925378,0.8334204868979139,0.33575232632995844,0.34174,0.11474,0.4373666666666666
simArray_Sun_JS_frag_2Gyr_Run100_step.mat,2.560594533333333e+24,8.099425466666666e+23,2.5605945333333336e+24,5884510.154924681,4009419.0521469614,9778.022161484212,6743.463559644285,1.45,0.7927551755568482,484656.3683992862,6.628506110828504e-16,0.3163103475083573,0.42876666666666663,0.13562333333333332,0.4287666666666667
simArray_Sun_JS_frag_2Gyr_Run100_step.mat,2.5605945333333336e+24,8.099425466666666e+23,3.37053708e+24,5884510.154924681,4009419.0521469614,6698.956700150632,6743.463559644285,0.9934,0.8109548217208811,177101.591825596,0.9999999999999997,0.31631034750835724,0.4287666666666667,0.13562333333333332,0.56439
simArray_Sun_JS_frag_2Gyr_Run101_step.mat,7.246026666666667e+23,6.68864e+23,7.246026666666667e+23,3863343.771591996,3761629.2247258904,5464.6098920479435,4939.090647187223,1.1064,0.7543300428635867,459151.3110637254,0.0,0.923076923076923,0.12133333333333332,0.11199999999999999,0.12133333333333332
simArray_Sun_JS_frag_2Gyr_Run101_step.mat,6.68864e+23,6.131253333333334e+23,1.1682227333333335e+24,3761629.2247258904,3654094.7045586845,4839.810344860282,4803.781980010205,1.0075,0.2954226561521569,3495510.2446599146,0.8144480519480523,0.9166666666666667,0.11199999999999999,0.10266666666666667,0.1956166666666667
simArray_Sun_JS_frag_2Gyr_Run101_step.mat,6.131253333333334e+23,6.131253333333334e+23,6.131253333333334e+23,3654094.7045586845,3654094.7045586845,7542.3930949514315,4732.630416610047,1.5937,0.8026,517141.8665506928,0.0,1.0,0.10266666666666667,0.10266666666666667,0.10266666666666667
simArray_Sun_JS_frag_2Gyr_Run101_step.mat,6.131253333333331e+23,5.573866666666664e+23,1.1705119999999995e+24,3654094.704558684,3539828.6277588736,5093.8136663665,4660.396767032479,1.093,0.6277653287012713,1090155.3328495298,1.0,0.909090909090909,0.10266666666666663,0.09333333333333328,0.1959999999999999
simArray_Sun_JS_frag_2Gyr_Run101_step.mat,1.2239614e+24,6.131253333333334e+23,1.2239614e+24,4601004.0889688,3654094.7045586845,6074.920393844128,5450.314367346247,1.1146,0.7098447825124934,599403.0768512565,0.0,0.5009351874440922,0.20495,0.10266666666666667,0.20495
simArray_Sun_JS_frag_2Gyr_Run101_step.mat,8.500146666666667e+23,6.272192533333333e+23,8.500146666666668e+23,4074479.9507030207,3681881.773420618,5961.302464500339,5042.123373509548,1.1823,0.6423993244432779,1209173.199484502,2.139885331751296e-16,0.7378922716627634,0.1423333333333333,0.10502666666666666,0.14233333333333334
simArray_Sun_JS_frag_2Gyr_Run101_step.mat,1.2239614e+24,6.131253333333334e+23,1.0641904933333332e+24,4601004.0889688,3654094.7045586845,16192.338953948965,5450.314367346247,2.9709,0.5036799073151227,14843308.94116098,-0.26058441558441564,0.5009351874440922,0.20495,0.10266666666666667,0.17819666666666664
simArray_Sun_JS_frag_2Gyr_Run101_step.mat,7.343967466666667e+23,6.550885866666666e+23,1.0988679066666668e+24,3880672.205497977,3735626.001833901,7159.462522652878,4934.837691379154,1.4508,0.16620610682166267,9735565.697454428,0.5563692719095663,0.8920091076656185,0.12297333333333334,0.10969333333333332,0.18400333333333335
simArray_Sun_JS_frag_2Gyr_Run101_step.mat,1.0988679066666668e+24,8.666765466666666e+23,1.5764089333333336e+24,4438591.820962474,4100930.3506802903,8993.468442949883,5542.969764529974,1.6225,0.3816155107334001,8969966.530832214,0.5510025954934885,0.7886994800818824,0.18400333333333335,0.14512333333333333,0.2639666666666667
simArray_Sun_JS_frag_2Gyr_Run101_step.mat,8.77884e+23,7.499239466666666e+23,8.77884e+23,4118531.79671217,3907831.1095725615,5824.841921039661,5203.0745163373485,1.1195,0.8673360994593962,93235.97529451162,0.0,0.8542403628117913,0.147,0.12557333333333331,0.147
simArray_Sun_JS_frag_2Gyr_Run101_step.mat,1.6353923866666665e+24,7.499239466666666e+23,1.6353923866666668e+24,5067619.934586378,3907831.1095725615,7203.915037512181,5956.109993809161,1.2095,0.7976795158659943,309842.55808470864,3.579502390784659e-16,0.45855903010237,0.27384333333333327,0.12557333333333331,0.2738433333333333
simArray_Sun_JS_frag_2Gyr_Run101_step.mat,1.6642968666666664e+24,7.499239466666666e+23,2.139966666666667e+24,5097301.3603254035,3907831.1095725615,7766.098711454772,5982.20513900383,1.2982,0.3315319809811101,5653996.145593352,0.6342907198980683,0.4505950601040608,0.2786833333333333,0.12557333333333331,0.35833333333333334
simArray_Sun_JS_frag_2Gyr_Run101_step.mat,9.739933866666668e+23,9.204444533333333e+23,1.6721002800000002e+24,4263654.9230281105,4184040.762929118,6409.056923732896,5471.27960025004,1.1714,0.31110458902103894,5992103.658966901,0.7584454344911115,0.9450212557226945,0.16309333333333334,0.15412666666666666,0.27999
simArray_Sun_JS_frag_2Gyr_Run101_step.mat,1.149854852e+24,8.093453466666667e+23,1.9592001986666664e+24,4506206.116273193,4008433.3798472066,5668.456975379043,5542.097160128122,1.0228,0.9718787173191058,832.0370614866358,0.9999999999999997,0.7038674014019525,0.192541,0.13552333333333333,0.3280643333333333
simArray_Sun_JS_frag_2Gyr_Run101_step.mat,3.5249929066666665e+24,3.170335733333333e+23,3.792419066666667e+24,6546102.397140335,2932908.160294411,8014.63276694623,7355.5733911033685,1.0896,0.18003660662620097,2171655.4143455774,0.8435263091799595,0.08993878334726331,0.5902533333333333,0.05308666666666666,0.6350333333333333
simArray_Sun_JS_frag_2Gyr_Run101_step.mat,3.7923991599999994e+24,6.131253333333334e+23,4.276947333333333e+24,6707613.949377385,3654094.7045586845,8396.166729448685,7533.572659891149,1.1145,0.41501372472119447,2674827.8423517705,0.7902922077922083,0.16167215197182289,0.6350299999999999,0.10266666666666667,0.7161666666666666
simArray_Sun_JS_frag_2Gyr_Run101_step.mat,2.061872813333333e+24,5.5738666666666665e+23,2.3852168e+24,5474578.2722152155,3539828.627758874,8446.21793242167,6227.85572365556,1.3562,0.26594293468269486,5514457.2392018875,0.5801071428571435,0.27033028568118406,0.3452566666666666,0.09333333333333332,0.3994
simArray_Sun_JS_frag_2Gyr_Run101_step.mat,2.61275e+24,1.8546444133333334e+24,2.61275e+24,5924194.802664853,5284658.530983553,7585.73652124453,7293.977424273587,1.04,0.9906203594708424,56.43841309920702,0.0,0.7098438095238095,0.4375,0.31055666666666665,0.4375
simArray_Sun_JS_frag_2Gyr_Run101_step.mat,2.61275e+24,1.8546444133333334e+24,4.467394413333333e+24,5924194.802664853,5284658.530983553,7563.854588971709,7293.977424273587,1.037,0.7383538612712836,881707.0157887941,0.9999999999999999,0.7098438095238095,0.4375,0.31055666666666665,0.7480566666666666
simArray_Sun_JS_frag_2Gyr_Run102_step.mat,6.131253333333331e+23,5.573866666666667e+23,1.1705119999999997e+24,3654094.704558684,3539828.6277588746,4654.338251235337,4660.396767032479,0.9987000000000001,0.8904728519671485,35955.30727408207,0.9999999999999999,0.9090909090909095,0.10266666666666663,0.09333333333333334,0.19599999999999995
simArray_Sun_JS_frag_2Gyr_Run102_step.mat,6.68864e+23,6.68864e+23,1.2413797333333334e+24,3761629.2247258904,3761629.2247258904,5083.8324743654375,4871.904623253893,1.0435,0.4465,2623880.650160539,0.8559523809523812,1.0,0.11199999999999999,0.11199999999999999,0.20786666666666667
simArray_Sun_JS_frag_2Gyr_Run102_step.mat,6.68864e+23,6.131253333333334e+23,6.68864e+23,3761629.2247258904,3654094.7045586845,5141.487853204922,4803.781980010205,1.0703,0.786339631811596,281015.02893224853,0.0,0.9166666666666667,0.11199999999999999,0.10266666666666667,0.11199999999999999
simArray_Sun_JS_frag_2Gyr_Run102_step.mat,6.131253333333334e+23,5.573866666666664e+23,1.1705119999999997e+24,3654094.7045586845,3539828.6277588736,4953.535723678822,4660.396767032479,1.0629,0.7343823223855477,456282.1785379034,1.0,0.9090909090909086,0.10266666666666667,0.09333333333333328,0.19599999999999995
simArray_Sun_JS_frag_2Gyr_Run102_step.mat,1.5201128799999998e+24,1.337728e+24,1.52011288e+24,4945634.207324116,4739355.842131882,7342.993675211286,6276.062970266057,1.17,0.7898214029551712,534957.1466399474,2.0066519950243998e-16,0.8800188575469475,0.25453999999999993,0.22399999999999998,0.25454
simArray_Sun_JS_frag_2Gyr_Run102_step.mat,1.5201128799999998e+24,1.337728e+24,1.52011288e+24,4945634.207324116,4739355.842131882,7064.336479331473,6276.062970266057,1.1256,0.8953726307245085,71117.17060185381,2.0066519950243998e-16,0.8800188575469475,0.25453999999999993,0.22399999999999998,0.25454
simArray_Sun_JS_frag_2Gyr_Run102_step.mat,1.5758515466666665e+24,1.337728e+24,2.9135795466666664e+24,5005358.011165732,4739355.842131882,6642.874246895154,6317.521870561249,1.0515,0.6901895387443742,1155082.3107838714,1.0,0.848892145221192,0.2638733333333333,0.22399999999999998,0.48787333333333327
simArray_Sun_JS_frag_2Gyr_Run102_step.mat,1.337728e+24,6.131253333333334e+23,1.337728e+24,4739355.842131882,3654094.7045586845,5857.475478099479,5570.060363350588,1.0516,0.9417785409134888,5828.755341537388,0.0,0.45833333333333337,0.22399999999999998,0.10266666666666667,0.22399999999999998
simArray_Sun_JS_frag_2Gyr_Run102_step.mat,1.337728e+24,6.974300666666666e+23,1.337728e+24,4739355.842131882,3814435.427688154,6761.55314532127,5635.566882248099,1.1998,0.9461766971289319,6685.9915672623865,0.0,0.5213541666666667,0.22399999999999998,0.11678333333333331,0.22399999999999998
simArray_Sun_JS_frag_2Gyr_Run102_step.mat,1.3655973333333333e+24,5.801997066666667e+23,1.8653741066666667e+24,4772042.087727855,3587477.7287350455,5782.587415172151,5574.115495635387,1.0374,0.5397398287232963,1465876.6071331264,0.8613874974267482,0.4248688046647231,0.22866666666666663,0.09715333333333333,0.3123533333333333
simArray_Sun_JS_frag_2Gyr_Run102_step.mat,1.1953555200000001e+24,5.3972945333333325e+23,1.1953555200000001e+24,4564876.955560995,3502047.9229843365,6871.975482994527,5358.265483816395,1.2825,0.6781454675614598,933492.4937199891,0.0,0.45152211564082056,0.20016,0.09037666666666665,0.20016
simArray_Sun_JS_frag_2Gyr_Run102_step.mat,1.8653741066666667e+24,6.409946666666667e+23,1.8653741066666667e+24,5294830.070678848,3708641.4733209005,6614.013624937569,6095.865092108359,1.085,0.735403557508493,446078.1436251609,0.0,0.34362794271444735,0.3123533333333333,0.10733333333333334,0.3123533333333333
simArray_Sun_JS_frag_2Gyr_Run102_step.mat,6.409946666666667e+23,3.347106933333333e+23,8.775455866666668e+23,3708641.4733209005,2986436.1992617277,5192.619969028163,4410.617488344656,1.1773,0.3324721117729098,2746188.8136550086,0.706732484834067,0.5221739130434782,0.10733333333333334,0.05604666666666666,0.14694333333333334
simArray_Sun_JS_frag_2Gyr_Run102_step.mat,1.8653741066666667e+24,6.1159252e+23,2.476966626666667e+24,5294830.070678848,3651047.0845421697,6667.366300865241,6079.48053329556,1.0967,0.6565063897584762,849713.8399797564,1.0000000000000004,0.32786587838558895,0.3123533333333333,0.10240999999999999,0.4147633333333334
simArray_Sun_JS_frag_2Gyr_Run102_step.mat,2.5327252000000003e+24,7.531687333333333e+23,3.135100933333333e+24,5863083.363153852,3913459.162047185,6874.265665096712,6698.105490691525,1.0263,0.41116068829206287,2744955.0410899906,0.7997885555702386,0.2973748329796431,0.42410000000000003,0.12611666666666665,0.5249666666666666
simArray_Sun_JS_frag_2Gyr_Run102_step.mat,6.131253333333334e+23,5.5738666666666665e+23,6.131253333333334e+23,3654094.7045586845,3539828.627758874,6099.993328368813,4660.39676703248,1.3089,0.9163270919792005,28405.737636215053,0.0,0.9090909090909091,0.10266666666666667,0.09333333333333332,0.10266666666666667
simArray_Sun_JS_frag_2Gyr_Run102_step.mat,3.2961060533333336e+24,5.5738666666666665e+23,3.296145866666667e+24,6401234.996626912,3539828.627758874,8646.357177077183,7193.308799565045,1.202,0.7848722865276524,286512.13694244553,7.142857142852472e-05,0.16910459118965077,0.5519266666666667,0.09333333333333332,0.5519333333333334
simArray_Sun_JS_frag_2Gyr_Run102_step.mat,3.2961060533333336e+24,5.5738666666666665e+23,3.7806741333333334e+24,6401234.996626912,3539828.627758874,7194.028130445001,7193.308799565045,1.0001,0.5229262317574096,1380463.9235835855,0.8693571428571426,0.16910459118965077,0.5519266666666667,0.09333333333333332,0.6330666666666667
simArray_Sun_JS_frag_2Gyr_Run102_step.mat,9.0541492e+23,6.131253333333334e+23,9.0541492e+23,4161142.5538616935,3654094.7045586845,6222.939736531714,5092.83880557469,1.2219,0.8281034599491074,188976.29174231063,0.0,0.6771760877690566,0.15161,0.10266666666666667,0.15161
simArray_Sun_JS_frag_2Gyr_Run102_step.mat,1.7884746533333332e+24,1.7267042666666666e+24,1.7884746533333334e+24,5221047.470103202,5160233.644861436,14068.646666996025,6723.04629025902,2.0926,0.8527161424035988,789366.9026415696,1.5546116447502843e-16,0.9654619725521187,0.2994766666666666,0.2891333333333333,0.29947666666666667
simArray_Sun_JS_frag_2Gyr_Run102_step.mat,1.7884746533333334e+24,1.726704266666667e+24,3.515178920000001e+24,5221047.470103202,5160233.644861437,6760.69534948447,6723.04629025902,1.0056,0.6537574246596509,1680062.1762618467,1.0000000000000002,0.9654619725521187,0.29947666666666667,0.28913333333333335,0.5886100000000001
simArray_Sun_JS_frag_2Gyr_Run102_step.mat,3.8449089653333337e+24,6.469069466666666e+23,4.4918159120000003e+24,6738430.1757839015,3720008.939866615,7714.083479282185,7571.734863841957,1.0188,0.8563464822615945,74747.99038500123,1.0,0.16825026353012318,0.6438226666666667,0.10832333333333331,0.752146
simArray_Sun_JS_frag_2Gyr_Run102_step.mat,4.6696660533333334e+24,6.410942e+23,4.6697058666666673e+24,7189389.060538415,3708833.4220543997,9389.57570667856,8065.2600126082825,1.1642,0.776514690966963,330046.6029931689,6.210215805078905e-05,0.1372890893434167,0.7819266666666667,0.10734999999999999,0.7819333333333334
simArray_Sun_JS_frag_2Gyr_Run102_step.mat,4.6696660533333334e+24,5.903919200000001e+23,4.6697058666666673e+24,7189389.060538415,3608362.663098596,9102.55804645798,8063.924562772838,1.1288,0.6930549307531019,668268.9978404988,6.743543057608945e-05,0.12643129364220004,0.7819266666666667,0.09886,0.7819333333333334
simArray_Sun_JS_frag_2Gyr_Run102_step.mat,4.6696660533333334e+24,5.903919200000001e+23,5.177923066666667e+24,7189389.060538415,3608362.663098596,8402.609394409297,8063.924562772838,1.042,0.5044273374373619,1667766.9938797648,0.8608807067233122,0.12643129364220004,0.7819266666666667,0.09886,0.8670333333333333
simArray_Sun_JS_frag_2Gyr_Run103_step.mat,6.68864e+23,6.131253333333334e+23,1.1419260266666669e+24,3761629.2247258904,3654094.7045586845,5090.087386018814,4803.781980010205,1.0596,0.1949870690674607,4744677.613325447,0.7715584415584419,0.9166666666666667,0.11199999999999999,0.10266666666666667,0.19121333333333335
simArray_Sun_JS_frag_2Gyr_Run103_step.mat,6.131253333333334e+23,6.131253333333334e+23,1.1505854266666667e+24,3654094.7045586845,3654094.7045586845,4777.590405567843,4732.630416610047,1.0095,0.4806,2049809.7521062242,0.8765909090909091,1.0,0.10266666666666667,0.10266666666666667,0.19266333333333333
simArray_Sun_JS_frag_2Gyr_Run103_step.mat,7.803413333333333e+23,7.246026666666667e+23,1.3613572133333333e+24,3959967.142737017,3863343.771591996,5981.52517922905,5067.37138192905,1.1804,0.4318181913595459,3681237.0474391263,0.8018406593406595,0.9285714285714287,0.13066666666666665,0.12133333333333332,0.22795666666666667
simArray_Sun_JS_frag_2Gyr_Run103_step.mat,5.5738666666666665e+23,5.5738666666666665e+23,8.181640000000001e+23,3539828.627758874,3539828.627758874,8223.923249322665,4584.637779753966,1.7938,0.3323,9612457.511415321,0.4678571428571432,1.0,0.09333333333333332,0.09333333333333332,0.137
simArray_Sun_JS_frag_2Gyr_Run103_step.mat,1.1505854266666667e+24,6.072727733333333e+23,1.1505854266666667e+24,4507160.272368553,3642430.848218466,7880.884527124155,5365.891282851608,1.4687,0.7202969390579653,948622.029125188,0.0,0.5277945985224658,0.19266333333333333,0.10168666666666666,0.19266333333333333
simArray_Sun_JS_frag_2Gyr_Run103_step.mat,6.681752293333333e+23,6.100597066666667e+23,1.278234936e+24,3760337.5871061557,3647994.36816518,4941.1895938327,4799.1351921452015,1.0296,0.535905308838347,1666686.9148520434,1.0000000000000002,0.913023530182867,0.11188466666666665,0.10215333333333333,0.214038
simArray_Sun_JS_frag_2Gyr_Run103_step.mat,1.225675364e+24,5.852560000000001e+23,1.810931364e+24,4603150.746323372,3597868.921003042,5566.5470674851795,5429.188596006222,1.0253,0.807191222167345,166426.7003198349,0.9999999999999999,0.4774967476624586,0.20523699999999998,0.098,0.303237
simArray_Sun_JS_frag_2Gyr_Run103_step.mat,1.8109293733333332e+24,6.332509733333334e+23,2.444180346666667e+24,5242807.149702657,3693646.542514214,6143.200676911797,6042.294361081733,1.0167,0.5913698866366853,1130138.4474537272,1.0000000000000004,0.34968286596827564,0.30323666666666665,0.10603666666666667,0.4092733333333333
simArray_Sun_JS_frag_2Gyr_Run103_step.mat,1.1784547599999999e+24,5.9576672e+23,1.17845476e+24,4543260.967344961,3619279.5186309456,7071.436891976767,5386.530234595343,1.3128,0.7747299938435022,423171.61191528325,2.2528570914467997e-16,0.5055490802209497,0.19732999999999998,0.09975999999999999,0.19733
simArray_Sun_JS_frag_2Gyr_Run103_step.mat,2.847887546666667e+24,1.1784547599999999e+24,2.847847733333333e+24,6096833.348886036,4543260.967344961,7400.049545814478,7107.231603740375,1.0412,0.9808709412192523,320.96390472192087,-3.378435446588053e-05,0.4137996113573135,0.47687333333333337,0.19732999999999998,0.4768666666666666
simArray_Sun_JS_frag_2Gyr_Run103_step.mat,1.4774728e+24,1.17845476e+24,2.65592756e+24,4898952.291642055,4543260.967344961,6203.563133561153,6127.581127579172,1.0124,0.6290357562866602,1490808.0904560767,1.0000000000000002,0.7976151980598222,0.24739999999999998,0.19733,0.44473
simArray_Sun_JS_frag_2Gyr_Run103_step.mat,2.689808706666667e+24,5.8895864e+23,3.144058933333333e+24,5981872.843395944,3605440.3191086617,7253.151557614525,6756.5454658728695,1.0735,0.3635052969993983,2846901.5939828963,0.7712769553167035,0.21895930314310877,0.4504033333333333,0.09862,0.5264666666666666
simArray_Sun_JS_frag_2Gyr_Run103_step.mat,3.44757588e+24,7.187501066666666e+23,4.0269196e+24,6497824.688203951,3852914.3315728707,8431.792763915775,7330.081512575654,1.1502999999999999,0.4980054385781758,2413826.490431902,0.8060433169002384,0.20847985125904367,0.57729,0.12035333333333331,0.6743
simArray_Sun_JS_frag_2Gyr_Run104_step.mat,6.131253333333334e+23,5.5738666666666665e+23,1.0548144533333333e+24,3654094.7045586845,3539828.627758874,4716.32152823687,4660.39676703248,1.012,0.20470056433903427,3986834.782308277,0.7924285714285714,0.9090909090909091,0.10266666666666667,0.09333333333333332,0.17662666666666665
simArray_Sun_JS_frag_2Gyr_Run104_step.mat,6.131253333333334e+23,6.131253333333334e+23,6.131253333333334e+23,3654094.7045586845,3654094.7045586845,5912.001916429272,4732.630416610047,1.2492,0.91995,24987.549067472068,0.0,1.0,0.10266666666666667,0.10266666666666667,0.10266666666666667
simArray_Sun_JS_frag_2Gyr_Run104_step.mat,6.131253333333334e+23,5.5738666666666665e+23,6.131253333333334e+23,3654094.7045586845,3539828.627758874,5354.329845643617,4660.39676703248,1.1489,0.9035269574349233,33044.779474807656,0.0,0.9090909090909091,0.10266666666666667,0.09333333333333332,0.10266666666666667
simArray_Sun_JS_frag_2Gyr_Run104_step.mat,6.68864e+23,5.5738666666666665e+23,1.1420056533333333e+24,3761629.2247258904,3539828.627758874,5337.553038945306,4734.811531043472,1.1273,0.5141584108437846,2038765.7335483218,0.848857142857143,0.8333333333333334,0.11199999999999999,0.09333333333333332,0.19122666666666666
simArray_Sun_JS_frag_2Gyr_Run104_step.mat,1.19774432e+24,6.131253333333334e+23,1.7069170400000003e+24,4567915.750863691,3654094.7045586845,5627.661340026777,5422.161422128121,1.0379,0.4706802849635777,2070811.6898039419,0.8304545454545458,0.5119000132961042,0.20056,0.10266666666666667,0.28582
simArray_Sun_JS_frag_2Gyr_Run104_step.mat,1.7626557066666665e+24,5.5738666666666665e+23,2.2112325333333337e+24,5195801.398123301,3539828.627758874,6809.744585542573,5954.135337538317,1.1437,0.502412925912752,2010769.5583784694,0.8047857142857153,0.3162198179477334,0.29515333333333327,0.09333333333333332,0.3702666666666667
simArray_Sun_JS_frag_2Gyr_Run104_step.mat,7.246026666666667e+23,6.248901733333333e+23,1.34949284e+24,3863343.771591996,3677318.7578724585,5063.096822243831,4887.630873871833,1.0359,0.6108567729785778,1157108.441202662,1.0,0.8623901098901099,0.12133333333333332,0.10463666666666666,0.22596999999999998
simArray_Sun_JS_frag_2Gyr_Run104_step.mat,1.11055312e+24,5.5738666666666665e+23,1.11055312e+24,4454269.509337327,3539828.627758874,12056.311726543037,5277.440020373402,2.2845,0.6401053282772757,4011674.2616910315,0.0,0.5019000501900049,0.18596,0.09333333333333332,0.18596
simArray_Sun_JS_frag_2Gyr_Run104_step.mat,2.42146684e+24,5.5738666666666665e+23,2.7439349333333334e+24,5775942.848721434,3539828.627758874,11856.644270270848,6533.306298363924,1.8148,0.5415234258171495,4206909.643682433,0.5785357142857145,0.23018554599189417,0.40547,0.09333333333333332,0.45946666666666663
simArray_Sun_JS_frag_2Gyr_Run104_step.mat,1.1941611199999998e+24,7.410256666666667e+23,1.75409584e+24,4563356.039557316,3892313.3479750142,7298.669751694353,5527.201629454262,1.3205,0.49429295364755244,3534066.7359212283,0.7556212222968438,0.6205407748216311,0.19995999999999997,0.12408333333333332,0.29372
simArray_Sun_JS_frag_2Gyr_Run104_step.mat,3.1451936133333335e+24,9.770988266666666e+23,3.145253333333333e+24,6302011.243898255,4268181.469016367,9733.968762888037,7215.157336660022,1.3491,0.6089647047449882,2386474.3085288275,6.111971314422355e-05,0.31066412653404807,0.5266566666666667,0.1636133333333333,0.5266666666666666
simArray_Sun_JS_frag_2Gyr_Run104_step.mat,1.0007877600000002e+24,6.141803866666668e+23,1.0007877600000002e+24,4302399.228859981,3656189.4668893777,5930.04548915219,5204.5335168967795,1.1394,0.9809155491269397,262.4760531552323,0.0,0.61369694076461,0.16758,0.10284333333333336,0.16758
simArray_Sun_JS_frag_2Gyr_Run104_step.mat,1.8714257333333331e+24,6.131253333333334e+23,1.8714257333333334e+24,5300549.700249345,3654094.7045586845,6562.926347622626,6085.7996546945715,1.0784,0.7630016620149508,319560.4420388314,4.3781498073259624e-16,0.32762472077438576,0.3133666666666666,0.10266666666666667,0.3133666666666667
simArray_Sun_JS_frag_2Gyr_Run104_step.mat,1.8997907426666667e+24,1.00496816e+24,2.9047589026666665e+24,5327195.49183842,4308381.437939872,6387.979508981442,6343.574487568464,1.007,0.6686930107387793,951916.3594578885,0.9999999999999999,0.5289888709476303,0.31811633333333333,0.16827999999999999,0.48639633333333326
simArray_Sun_JS_frag_2Gyr_Run105_step.mat,5.573866666666664e+23,5.573866666666664e+23,1.1147733333333328e+24,3539828.6277588736,3539828.6277588736,4613.979461544392,4584.637779753966,1.0064,0.6157,1013294.6326830112,1.0,1.0,0.09333333333333328,0.09333333333333328,0.18666666666666656
simArray_Sun_JS_frag_2Gyr_Run105_step.mat,6.68864e+23,6.131253333333334e+23,6.68864e+23,3761629.2247258904,3654094.7045586845,5184.721891025014,4803.781980010205,1.0793,0.7146651446647903,601184.1130011203,0.0,0.9166666666666667,0.11199999999999999,0.10266666666666667,0.11199999999999999
simArray_Sun_JS_frag_2Gyr_Run105_step.mat,5.5738666666666665e+23,5.5738666666666665e+23,5.573866666666667e+23,3539828.627758874,3539828.627758874,5512.110002598193,4584.637779753966,1.2023,0.99875,0.08888381695080157,1.2039911970146398e-16,1.0,0.09333333333333332,0.09333333333333332,0.09333333333333334
simArray_Sun_JS_frag_2Gyr_Run105_step.mat,7.803413333333333e+23,5.5738666666666665e+23,1.12464704e+23,3959967.142737017,3539828.627758874,21006.331054694467,4879.519408755974,4.305,0.5024015122034631,30567026.96610243,-1.1982285714285712,0.7142857142857143,0.13066666666666665,0.09333333333333332,0.018831999999999998
simArray_Sun_JS_frag_2Gyr_Run105_step.mat,6.416117733333333e+23,1.2206768e+23,7.245827600000001e+23,3709831.2353388844,2133684.859501342,5250.148265183646,4176.728930138143,1.257,0.2393432914401856,1674706.9398976888,0.679712981082846,0.1902516211101114,0.10743666666666665,0.02044,0.12133000000000002
simArray_Sun_JS_frag_2Gyr_Run105_step.mat,1.1147733333333334e+24,6.68864e+23,1.7836373333333334e+24,4459904.6011338895,3761629.2247258904,5537.991577179774,5381.393039723812,1.0291,0.5573298224222506,1506204.9189794278,1.0,0.5999999999999999,0.18666666666666668,0.11199999999999999,0.29866666666666664
simArray_Sun_JS_frag_2Gyr_Run105_step.mat,6.969124933333333e+23,6.959370666666668e+23,6.969124933333333e+23,3813491.61089157,3811711.6082616774,6432.137620353932,4937.922324853318,1.3026,0.802787356332637,374813.5559137393,0.0,0.9986003599074526,0.11669666666666666,0.11653333333333334,0.11669666666666666
simArray_Sun_JS_frag_2Gyr_Run105_step.mat,1.31330252e+24,6.565815866666666e+23,1.31330252e+24,4710333.291965473,3738461.780108287,7274.197611542947,5578.800223593026,1.3039,0.6123191544396018,1735114.3419377932,0.0,0.49994694799387623,0.21991,0.10994333333333331,0.21991
simArray_Sun_JS_frag_2Gyr_Run105_step.mat,1.0812505066666667e+24,7.524719999999999e+23,1.0812505066666667e+24,4414743.610296853,3912252.0493358,7695.649848859249,5421.762610158693,1.4194,0.7736806423158874,618061.4117414753,0.0,0.6959275351645923,0.18105333333333332,0.12599999999999997,0.18105333333333332
simArray_Sun_JS_frag_2Gyr_Run105_step.mat,6.959370666666668e+23,6.131253333333334e+23,9.7206244e+23,3811711.6082616774,3654094.7045586845,7750.365545761942,4837.931052285856,1.602,0.15076716308415125,11627183.393773345,0.45035714285714273,0.8810068649885583,0.11653333333333334,0.10266666666666667,0.16277
simArray_Sun_JS_frag_2Gyr_Run105_step.mat,1.0648872266666666e+24,6.547302666666667e+23,1.7196174933333336e+24,4392359.8988731755,3734944.774051153,5459.562029591193,5314.476812607021,1.0273,0.728465604029199,462981.16006994783,1.0000000000000004,0.6148353086327439,0.17831333333333332,0.10963333333333333,0.2879466666666667
simArray_Sun_JS_frag_2Gyr_Run105_step.mat,1.8284671466666667e+24,6.127072933333332e+23,2.44117444e+24,5259677.29634793,3653264.039673378,6122.7237598409,6046.537388742742,1.0126,0.99617633609697,1.561620292432196,1.0000000000000002,0.3350934111396594,0.3061733333333333,0.10259666666666664,0.40876999999999997
simArray_Sun_JS_frag_2Gyr_Run105_step.mat,1.8148111733333337e+24,9.020905066666668e+23,2.71690168e+24,5246550.5323261265,4156043.483532689,6752.745257210585,6210.563098694551,1.0873,0.6314211346748199,1324113.4943999387,0.9999999999999996,0.49707127657240635,0.3038866666666667,0.15105333333333335,0.45494
simArray_Sun_JS_frag_2Gyr_Run105_step.mat,2.4968931999999995e+24,6.68864e+23,2.7218385333333334e+24,5835302.404483151,3761629.2247258904,12168.650823144968,6635.75680180225,1.8338000000000003,0.3878068550839612,8617844.849359464,0.3363095238095246,0.2678784979669936,0.4180999999999999,0.11199999999999999,0.45576666666666665
simArray_Sun_JS_frag_2Gyr_Run105_step.mat,2.751437756e+24,9.055960706666666e+23,3.657033826666667e+24,6027213.970192033,4161420.0485457936,6928.806685929222,6921.884801128095,1.001,0.7531773948044055,397616.13100288756,1.0000000000000002,0.32913558327527237,0.460723,0.15164033333333332,0.6123633333333334
simArray_Sun_JS_frag_2Gyr_Run105_step.mat,3.38982664e+24,1.4087151733333335e+24,3.389906266666667e+24,6461339.210815,4821747.264904595,8878.738739959123,7534.571232144537,1.1784,0.6144610331688812,2288209.11994382,5.652431958846598e-05,0.41557145038347254,0.56762,0.2358866666666667,0.5676333333333333
simArray_Sun_JS_frag_2Gyr_Run105_step.mat,2.14818812e+24,1.0803148933333333e+24,2.1481284e+24,5549929.7017272515,4413469.873725558,7193.046965469908,6576.800736463298,1.0937,0.9096885181862093,33626.72057007683,-5.5280178370672724e-05,0.5028958512876113,0.35971,0.18089666666666665,0.35969999999999996
simArray_Sun_JS_frag_2Gyr_Run105_step.mat,2.18324376e+24,1.0803148933333333e+24,2.1831641333333333e+24,5579956.173022713,4413469.873725558,7887.969688347367,6602.468978276862,1.1947,0.7847787499998873,459982.8307042154,-7.37069044942303e-05,0.494821015008115,0.36557999999999996,0.18089666666666665,0.36556666666666665
simArray_Sun_JS_frag_2Gyr_Run105_step.mat,1.6411055999999996e+24,1.0803148933333333e+24,1.6411056e+24,5073514.2884248905,4413469.873725558,6848.279977735211,6188.018413061544,1.1067,0.9805316725350636,388.64481832673437,4.969577993537366e-16,0.6582848131974771,0.27479999999999993,0.18089666666666665,0.2748
simArray_Sun_JS_frag_2Gyr_Run105_step.mat,1.6411055999999996e+24,1.0803148933333333e+24,2.562983333333333e+24,5073514.2884248905,4413469.873725558,6560.537121527849,6188.018413061544,1.0602,0.5113631771355482,2747484.5049638897,0.8533416867825097,0.6582848131974771,0.27479999999999993,0.18089666666666665,0.4291666666666666
simArray_Sun_JS_frag_2Gyr_Run106_step.mat,6.131253333333334e+23,5.5738666666666665e+23,6.131253333333334e+23,3654094.7045586845,3539828.627758874,5420.973519412181,4660.39676703248,1.1632,0.9726578428109596,827.8934162272892,0.0,0.9090909090909091,0.10266666666666667,0.09333333333333332,0.10266666666666667
simArray_Sun_JS_frag_2Gyr_Run106_step.mat,5.573866666666664e+23,5.573866666666664e+23,1.1147733333333328e+24,3539828.6277588736,3539828.6277588736,4632.318012663407,4584.637779753966,1.0104,0.5601,1372235.237694173,1.0,1.0,0.09333333333333328,0.09333333333333328,0.18666666666666656
simArray_Sun_JS_frag_2Gyr_Run106_step.mat,6.131253333333334e+23,5.5738666666666665e+23,1.0838582799999999e+24,3654094.7045586845,3539828.627758874,4830.501249029166,4660.39676703248,1.0365,0.4289060956026812,2398843.744623978,0.8445357142857141,0.9090909090909091,0.10266666666666667,0.09333333333333332,0.18148999999999998
simArray_Sun_JS_frag_2Gyr_Run106_step.mat,8.624563333333332e+23,6.2072968e+23,1.21195768e+24,4094263.1310883807,3669139.432193428,7410.33995039446,5049.979521871651,1.4674,0.2980751677925262,7231649.061121392,0.5630491950484255,0.7197230236583959,0.14441666666666664,0.10394,0.20293999999999998
simArray_Sun_JS_frag_2Gyr_Run106_step.mat,7.803413333333333e+23,5.573866666666667e+23,1.337728e+24,3959967.142737017,3539828.6277588746,5068.844761815705,4879.519408755974,1.0388,0.9511044077058306,3465.2314909673946,0.9999999999999999,0.7142857142857144,0.13066666666666665,0.09333333333333334,0.22399999999999998
simArray_Sun_JS_frag_2Gyr_Run106_step.mat,9.475573333333333e+23,6.566014933333334e+23,9.475573333333333e+23,4224725.969533426,3738499.5614299686,7852.518292233456,5185.576366792218,1.5143,0.5561540630290418,3300563.183797117,0.0,0.6929411764705883,0.15866666666666665,0.10994666666666666,0.15866666666666665
simArray_Sun_JS_frag_2Gyr_Run106_step.mat,9.475573333333333e+23,6.566014933333334e+23,1.6041588266666665e+24,4224725.969533426,3738499.5614299686,5364.997309083229,5185.576366792218,1.0346,0.8382365921834266,120484.23561279668,0.9999999999999998,0.6929411764705883,0.15866666666666665,0.10994666666666666,0.2686133333333333
simArray_Sun_JS_frag_2Gyr_Run106_step.mat,1.6958489333333334e+24,5.405456266666666e+23,1.6958489333333336e+24,5129311.797740066,3503812.2875595754,7568.0959337986005,5880.416420977934,1.287,0.8898482407494159,49694.68125795984,4.966009209164015e-16,0.3187463317290761,0.28396666666666665,0.09051333333333332,0.2839666666666667
simArray_Sun_JS_frag_2Gyr_Run106_step.mat,1.6958489333333334e+24,5.405456266666666e+23,2.0103742666666669e+24,5129311.797740066,3503812.2875595754,8199.064615769534,5880.416420977934,1.3943,0.34442480147054577,4922630.338134546,0.5818663916918322,0.3187463317290761,0.28396666666666665,0.09051333333333332,0.33663333333333334
simArray_Sun_JS_frag_2Gyr_Run106_step.mat,5.8752536e+23,4.709121066666667e+23,5.8752536e+23,3602513.230085729,3346390.848887069,8594.84373201391,4509.125298784906,1.9061000000000001,0.8132595355771359,502951.478862498,0.0,0.8015179236972285,0.09838,0.07885333333333333,0.09838
simArray_Sun_JS_frag_2Gyr_Run106_step.mat,5.8360374666666675e+23,4.9878144e+23,5.8360374666666675e+23,3594479.9801952695,3411144.6823757663,5807.483364514729,4541.353897806326,1.2788,0.894409535662568,48408.25376288839,0.0,0.8546577071323804,0.09772333333333334,0.08352,0.09772333333333334
simArray_Sun_JS_frag_2Gyr_Run106_step.mat,1.5473452e+24,4.9878144e+23,1.5473452e+24,4974992.717341708,3411144.6823757663,6422.01693678377,5706.937649323531,1.1253,0.7519911096036664,341529.65875322855,0.0,0.3223465843303744,0.2591,0.08352,0.2591
simArray_Sun_JS_frag_2Gyr_Run106_step.mat,1.5473452e+24,4.9878144e+23,1.5473452e+24,4974992.717341708,3411144.6823757663,6226.268975411973,5706.937649323531,1.091,0.9328106821874448,8062.212044983729,0.0,0.3223465843303744,0.2591,0.08352,0.2591
simArray_Sun_JS_frag_2Gyr_Run106_step.mat,6.271993466666666e+23,5.8360374666666675e+23,6.271993466666666e+23,3681842.821189164,3594479.9801952695,6583.60792206251,4713.013044643503,1.3969,0.7111875361270089,1007784.6456771353,0.0,0.9304916367791286,0.10502333333333332,0.09772333333333334,0.10502333333333332
simArray_Sun_JS_frag_2Gyr_Run106_step.mat,2.4332316800000004e+24,4.9878144e+23,2.7391573333333333e+24,5785281.993510373,3411144.6823757663,9664.800947189915,6523.659093614522,1.4815,0.4248801840243458,4067457.6509480076,0.6133461047254143,0.20498723738464555,0.40744,0.08352,0.45866666666666667
simArray_Sun_JS_frag_2Gyr_Run106_step.mat,1.5473452e+24,5.8360374666666675e+23,2.0404333333333332e+24,4974992.717341708,3594479.9801952695,6667.0813976664695,5761.390768809601,1.1572,0.5685309400067333,1575151.8179558804,0.8449022751304701,0.377164543934131,0.2591,0.09772333333333334,0.3416666666666666
simArray_Sun_JS_frag_2Gyr_Run106_step.mat,6.131253333333334e+23,5.190464266666667e+23,6.131253333333334e+23,3654094.7045586845,3456729.9076003893,5594.8648863732415,4610.139161480917,1.2136,0.709819365643777,696362.286925068,0.0,0.8465584415584415,0.10266666666666667,0.08691333333333333,0.10266666666666667
simArray_Sun_JS_frag_2Gyr_Run106_step.mat,1.33133796e+24,6.131253333333334e+23,1.7329549600000002e+24,4731797.4987033345,3654094.7045586845,8079.778104382849,5563.436001089892,1.4523,0.46348061377691413,4128545.59938091,0.6550324675324677,0.4605332017524186,0.22293,0.10266666666666667,0.29018
simArray_Sun_JS_frag_2Gyr_Run106_step.mat,6.131253333333334e+23,5.4691576e+23,6.131253333333334e+23,3654094.7045586845,3517522.289198746,5362.3086949966555,4646.7146403783845,1.154,0.949748506539914,4864.223911594412,0.0,0.8920129870129869,0.10266666666666667,0.09158,0.10266666666666667
simArray_Sun_JS_frag_2Gyr_Run106_step.mat,2.1702248e+24,6.045654666666667e+23,2.1702248e+24,5568842.724095431,3637009.963061951,7102.9931121756845,6343.090830662337,1.1198,0.859960188980452,79880.15723598677,0.0,0.2785727389469822,0.3634,0.10123333333333333,0.3634
simArray_Sun_JS_frag_2Gyr_Run106_step.mat,1.7329549599999996e+24,6.603041333333334e+23,1.7329549600000002e+24,5166452.852076616,3745513.648346137,8408.465887852257,5987.230054010436,1.4044,0.9046543964548244,45180.84448766442,8.130661083246286e-16,0.3810278677602409,0.29017999999999994,0.11056666666666667,0.29018
simArray_Sun_JS_frag_2Gyr_Run106_step.mat,3.601076186666667e+24,6.3052376e+23,4.014577466666667e+24,6592864.478208411,3688336.4531709217,10461.605783072757,7412.21891956409,1.4114,0.4150839192062912,4397164.418824714,0.6558060238681561,0.17509314641400126,0.6029933333333334,0.10558000000000001,0.6722333333333333
simArray_Sun_JS_frag_2Gyr_Run106_step.mat,2.288490306666667e+24,6.603041333333334e+23,2.2884704e+24,5668216.1664498905,3745513.648346137,7050.908637144044,6466.350547637605,1.0904,0.8265332110399383,146345.54129637755,-3.0147723847236376e-05,0.2885326328059081,0.38320333333333334,0.11056666666666667,0.3832
simArray_Sun_JS_frag_2Gyr_Run106_step.mat,4.107581413333333e+24,6.131253333333334e+23,4.58351e+24,6888512.307215031,3654094.7045586845,9940.014224443341,7731.208076879008,1.2857,0.5019399042848595,2643309.326230986,0.7762337662337673,0.14926675131577674,0.6878066666666666,0.10266666666666667,0.7675
simArray_Sun_JS_frag_2Gyr_Run106_step.mat,2.2884704e+24,6.603041333333334e+23,2.948774533333333e+24,5668199.7312164875,3745513.648346137,6626.052824699283,6466.33436586248,1.0247,0.8314696542418537,119300.73535383886,0.9999999999999996,0.2885351426583159,0.3832,0.11056666666666667,0.49376666666666663
simArray_Sun_JS_frag_2Gyr_Run106_step.mat,1.791038632e+24,5.4193909333333335e+23,2.3329777253333334e+24,5223541.26415034,3506820.5172191625,5984.457083139181,5972.512059021139,1.002,0.6379277096765913,740296.8497291722,1.0000000000000002,0.30258369844773586,0.29990599999999995,0.09074666666666667,0.39065266666666665
simArray_Sun_JS_frag_2Gyr_Run107_step.mat,5.5738666666666665e+23,5.5738666666666665e+23,1.04742908e+24,3539828.627758874,3539828.627758874,4634.151867775308,4584.637779753966,1.0108,0.4889,1868339.0930942595,0.8791785714285715,1.0,0.09333333333333332,0.09333333333333332,0.17539
simArray_Sun_JS_frag_2Gyr_Run107_step.mat,7.803413333333333e+23,6.131253333333334e+23,1.2539607466666669e+24,3959967.142737017,3654094.7045586845,4991.560323249035,4942.628303048851,1.0099,0.16663556167245644,4441127.63058889,0.7724675324675329,0.7857142857142858,0.13066666666666665,0.10266666666666667,0.20997333333333335
simArray_Sun_JS_frag_2Gyr_Run107_step.mat,6.131253333333334e+23,5.5738666666666665e+23,6.131253333333334e+23,3654094.7045586845,3539828.627758874,5305.395679589776,4660.39676703248,1.1384,0.8919966775081342,44880.99270414848,0.0,0.9090909090909091,0.10266666666666667,0.09333333333333332,0.10266666666666667
simArray_Sun_JS_frag_2Gyr_Run107_step.mat,1.36543808e+24,6.68864e+23,1.36543808e+24,4771856.578394449,3761629.2247258904,6343.9598430612605,5641.081133790913,1.1246,0.9237851036940972,15701.111557258157,0.0,0.48985304408677394,0.22863999999999998,0.11199999999999999,0.22863999999999998
simArray_Sun_JS_frag_2Gyr_Run107_step.mat,6.131253333333331e+23,5.573866666666667e+23,1.1705119999999997e+24,3654094.704558684,3539828.6277588746,4874.30897863927,4660.396767032479,1.0459,0.5420247449284947,1573870.5152407961,0.9999999999999999,0.9090909090909095,0.10266666666666663,0.09333333333333334,0.19599999999999995
simArray_Sun_JS_frag_2Gyr_Run107_step.mat,1.36543808e+24,7.803413333333333e+23,1.36543808e+24,4771856.578394449,3959967.142737017,7753.761295059291,5727.405299940384,1.3538,0.560043214077272,2833987.9491865477,0.0,0.5714952181012363,0.22863999999999998,0.13066666666666665,0.22863999999999998
simArray_Sun_JS_frag_2Gyr_Run107_step.mat,8.484619466666667e+23,3.874235466666666e+23,8.484619466666667e+23,4071997.4905412653,3135634.1295571458,33647.86233322698,4784.21497394136,7.0331,0.9107096894975463,669878.7795297586,0.0,0.4566186476467551,0.14207333333333333,0.06487333333333332,0.14207333333333333
simArray_Sun_JS_frag_2Gyr_Run107_step.mat,1.1705119999999997e+24,1.0509127466666667e+24,2.2214247466666663e+24,4533030.788334286,4373061.636152756,5940.98693714292,5770.189332889394,1.0296,0.9056296855293129,37863.86172902501,0.9999999999999999,0.8978231292517008,0.19599999999999995,0.17597333333333331,0.37197333333333327
simArray_Sun_JS_frag_2Gyr_Run107_step.mat,8.701602133333333e+23,8.656812133333333e+23,1.2910070533333335e+24,4106417.6632933184,4099359.8469495745,8669.620623539784,5313.8955706649,1.6314999999999997,0.2046258481203856,14047145.09743398,0.48614528479775587,0.994852672035139,0.14570666666666665,0.14495666666666665,0.21617666666666668
simArray_Sun_JS_frag_2Gyr_Run107_step.mat,1.3799699466666666e+24,3.001129066666667e+23,1.3799699466666666e+24,4788725.261491341,2879773.0937342057,8411.435899003043,5407.89243860296,1.5553999999999997,0.8989204528184366,38031.73032510673,0.0,0.2174778569573873,0.2310733333333333,0.05025333333333334,0.2310733333333333
simArray_Sun_JS_frag_2Gyr_Run107_step.mat,8.484619466666667e+23,7.0983192e+23,8.484619466666667e+23,4071997.4905412653,3836912.4264007304,6481.819599860283,5128.427565361408,1.2639,0.8752139810498063,95793.26191597295,0.0,0.8366102013044906,0.14207333333333333,0.11886,0.14207333333333333
simArray_Sun_JS_frag_2Gyr_Run107_step.mat,1.4786871066666667e+24,7.655705866666667e+23,2.2442576933333336e+24,4900294.04255343,3934822.3101072023,6052.444236821177,5823.017353108694,1.0394,0.6435468363540571,1006408.6093348472,1.0000000000000002,0.5177367025215062,0.24760333333333331,0.12819333333333333,0.37579666666666667
simArray_Sun_JS_frag_2Gyr_Run107_step.mat,2.6335126533333337e+24,3.8561204000000006e+23,2.633452933333334e+24,5939845.951222313,3130739.3157703336,7212.203801367252,6665.62273693831,1.082,0.9813537804328514,152.48366254120322,-0.00015487068297961062,0.1464249809135782,0.4409766666666667,0.06457,0.44096666666666673
simArray_Sun_JS_frag_2Gyr_Run107_step.mat,2.6335126533333337e+24,3.8561204000000006e+23,2.974056e+24,5939845.951222313,3130739.3157703336,7062.227289786139,6665.62273693831,1.0595,0.5746282812824149,948593.3985115695,0.8831242579113094,0.1464249809135782,0.4409766666666667,0.06457,0.49799999999999994
simArray_Sun_JS_frag_2Gyr_Run107_step.mat,9.617308799999999e+23,6.644427293333333e+23,1.6261736093333335e+24,4245686.266436729,3753322.6228799364,5572.437679167999,5209.34624583341,1.0697,0.6021129076476461,1302079.974058461,1.0000000000000004,0.6908821824805431,0.16104,0.11125966666666666,0.27229966666666666
simArray_Sun_JS_frag_2Gyr_Run107_step.mat,3.7090499466666664e+24,1.7818656399999999e+24,3.7090101333333336e+24,6658109.590060018,5214608.358527502,8455.081521879329,7857.1522366688305,1.0761,0.8128660928848355,355208.0574838182,-2.2343622571211614e-05,0.4804102575111903,0.6210733333333333,0.29836999999999997,0.6210666666666667
simArray_Sun_JS_frag_2Gyr_Run107_step.mat,3.7090499466666664e+24,1.7818656399999999e+24,5.001350933333333e+24,6658109.590060018,5214608.358527502,8191.866921950922,7857.1522366688305,1.0426,0.12881361954856618,9478605.329335948,0.7252516450492118,0.4804102575111903,0.6210733333333333,0.29836999999999997,0.8374666666666666
simArray_Sun_JS_frag_2Gyr_Run108_step.mat,6.688639999999997e+23,6.131253333333331e+23,1.2819893333333326e+24,3761629.22472589,3654094.704558684,4940.689766440494,4803.781980010203,1.0285,0.7926802623093674,239540.9484598288,0.9999999999999998,0.9166666666666667,0.11199999999999995,0.10266666666666663,0.21466666666666653
simArray_Sun_JS_frag_2Gyr_Run108_step.mat,7.246026666666664e+23,6.688639999999997e+23,1.393466666666666e+24,3863343.7715919954,3761629.22472589,5488.3175271544405,4939.090647187221,1.1112,0.5201472474501331,2216037.8769781496,1.0,0.923076923076923,0.12133333333333328,0.11199999999999995,0.23333333333333323
simArray_Sun_JS_frag_2Gyr_Run108_step.mat,7.246026666666667e+23,6.68864e+23,1.1777182133333335e+24,3863343.771591996,3761629.2247258904,7075.247352095697,4939.090647187223,1.4325,0.38623441138830755,5917694.309610608,0.6774404761904764,0.923076923076923,0.12133333333333332,0.11199999999999999,0.19720666666666667
simArray_Sun_JS_frag_2Gyr_Run108_step.mat,1.65472176e+24,5.865499333333332e+23,1.65472176e+24,5087507.2133270195,3600518.4600545885,6720.844165612569,5868.195377292036,1.1453,0.8706943049987096,66147.41358779876,0.0,0.3544704297194552,0.27708,0.09821666666666665,0.27708
simArray_Sun_JS_frag_2Gyr_Run108_step.mat,1.65472176e+24,5.865499333333333e+23,2.2412716933333334e+24,5087507.2133270195,3600518.4600545885,6092.360440704592,5868.195377292036,1.0382,0.7046246937957813,511432.76552488195,1.0,0.35447042971945525,0.27708,0.09821666666666666,0.37529666666666667
simArray_Sun_JS_frag_2Gyr_Run108_step.mat,1.8282680799999998e+24,1.21070356e+24,2.7857389333333335e+24,5259486.414342712,4584331.1890797205,7422.195155540412,6419.473409047235,1.1562,0.44853927843051566,4501380.573935572,0.7908383893191274,0.6622133664336579,0.30613999999999997,0.20273,0.46646666666666664
simArray_Sun_JS_frag_2Gyr_Run108_step.mat,6.0412752e+23,5.5738666666666665e+23,6.0412752e+23,3636131.53536237,3539828.627758874,15224.900186831808,4648.25675851249,3.2754,0.6389614437460301,9153691.482909935,0.0,0.92263081586925,0.10116,0.09333333333333332,0.10116
simArray_Sun_JS_frag_2Gyr_Run108_step.mat,8.934311066666667e+23,6.131253333333334e+23,8.934311066666667e+23,4142702.391868476,3654094.7045586845,20517.434788032406,5078.698677698063,4.0399,0.8457772577406262,1533675.0192306717,0.0,0.68625921882311,0.14960333333333334,0.10266666666666667,0.14960333333333334
simArray_Sun_JS_frag_2Gyr_Run108_step.mat,9.220369866666667e+23,6.130058933333333e+23,9.220369866666667e+23,4186452.41858534,3653857.410272378,6297.772353379334,5112.243163714047,1.2319,0.8503395429678423,130213.89801923152,0.0,0.6648387236063733,0.15439333333333333,0.10264666666666666,0.15439333333333333
simArray_Sun_JS_frag_2Gyr_Run108_step.mat,3.5246943066666667e+24,1.272036e+23,3.5246744e+24,6545917.553139889,2163199.1958835525,14569.521309355314,7481.524755753987,1.9474,0.8705976185991677,82822.16120992464,-0.00015649452269160343,0.036089257374577126,0.5902033333333333,0.0213,0.5902
simArray_Sun_JS_frag_2Gyr_Run108_step.mat,3.6886456133333324e+24,6.190973333333334e+23,3.6887053333333335e+24,6645877.870757856,3665920.336200317,10246.164194887142,7467.505425907107,1.3721,0.6506797518389751,1384485.6585855999,9.646302250970986e-05,0.16783865901768516,0.6176566666666665,0.10366666666666667,0.6176666666666667
simArray_Sun_JS_frag_2Gyr_Run108_step.mat,3.6886456133333324e+24,5.879832133333333e+23,4.1559148e+24,6645877.870757856,3603448.789370062,7920.619231673276,7463.129399484855,1.0613,0.3502769835358714,2760509.1703571784,0.7946981751701272,0.15940355213522078,0.6176566666666665,0.09845666666666665,0.6959
simArray_Sun_JS_frag_2Gyr_Run108_step.mat,3.5500354933333334e+24,7.287432533333334e+23,3.5499558666666663e+24,6561567.643966844,3870688.5492949267,11022.68687573241,7399.266211809364,1.4897,0.7537566676716443,749930.7445080272,-0.00010926573426639949,0.20527773727948684,0.5944466666666667,0.12202666666666667,0.5944333333333333
simArray_Sun_JS_frag_2Gyr_Run108_step.mat,4.6189637733333333e+24,4.834134933333333e+23,4.7334072000000003e+24,7163274.008056184,3375745.013711185,20567.073275093182,8039.0373964560595,2.5584,0.516089205559185,8354007.954599835,0.23674024048756448,0.10465842926160727,0.7734366666666667,0.08094666666666665,0.7926
simArray_Sun_JS_frag_2Gyr_Run108_step.mat,4.0148561599999994e+24,9.153483466666666e+23,4.014776533333333e+24,6836283.146958975,4176304.721106361,10576.049539177813,7730.465272405389,1.3680999999999999,0.7629262157332132,665735.2706752993,-8.699056152401775e-05,0.22799032149302872,0.6722799999999999,0.15327333333333332,0.6722666666666666
simArray_Sun_JS_frag_2Gyr_Run108_step.mat,4.0148561599999994e+24,8.479841866666668e+23,4.014776533333333e+24,6836283.146958975,4071233.047384327,8090.821331115207,7714.360536913813,1.0488,0.9867548206945578,85.38465201924724,-9.390112211834789e-05,0.21121159834196074,0.6722799999999999,0.14199333333333333,0.6722666666666666
simArray_Sun_JS_frag_2Gyr_Run108_step.mat,4.0148561599999994e+24,8.479841866666668e+23,4.6462160000000004e+24,6836283.146958975,4071233.047384327,8785.11377943745,7714.360536913813,1.1388,0.3625747356274147,4079962.317102569,0.7445419972768685,0.21121159834196074,0.6722799999999999,0.14199333333333333,0.778
simArray_Sun_JS_frag_2Gyr_Run108_step.mat,5.439914706666667e+24,6.040080799999999e+23,5.4398948e+24,7564741.211110481,3635891.89049676,12812.029054894694,8487.03567494349,1.5096,0.7071282467859916,1087072.091836913,-3.29576165051528e-05,0.11103263793084518,0.9109033333333334,0.10113999999999998,0.9109
simArray_Sun_JS_frag_2Gyr_Run108_step.mat,5.638384173333334e+24,2.1314068e+23,5.638364266666667e+24,7655641.707415034,2569323.727948029,18538.842136096082,8740.201846257169,2.1211,0.956191009773578,6101.809853649264,-9.33968431866392e-05,0.03780173068164566,0.9441366666666667,0.03569,0.9441333333333334
simArray_Sun_JS_frag_2Gyr_Run108_step.mat,5.638364266666667e+24,2.1314068e+23,5.851504946666667e+24,7655632.697831067,2569323.727948029,9083.680329592898,8740.190829974887,1.0393,0.8469524315969538,52454.369830634074,1.0000000000000009,0.03780186414348256,0.9441333333333334,0.03569,0.9798233333333334
simArray_Sun_JS_frag_2Gyr_Run108_step.mat,5.924263813333334e+24,6.131253333333334e+23,5.924224e+24,7782901.043593341,3654094.7045586845,20506.339797627435,8735.022916011005,2.3476,0.7484843962831321,1810875.1046672119,-6.493506493502246e-05,0.10349392813220341,0.9920066666666667,0.10266666666666667,0.992
simArray_Sun_JS_frag_2Gyr_Run108_step.mat,6.186749138666667e+24,2.9716671999999998e+22,6.216465810666667e+24,7896189.229443784,1332283.8669183434,25483.379510090544,9482.540563403492,2.6874,0.43363497511409754,878547.8545517157,1.0000000000000109,0.004803277348724756,1.0359593333333332,0.0049759999999999995,1.0409353333333333
simArray_Sun_JS_frag_2Gyr_Run108_step.mat,4.7602831906666674e+24,6.409946666666667e+23,5.401277857333334e+24,7235595.9764961805,3708641.4733209005,8386.056097425771,8116.585460148831,1.0332,0.8678692217615661,61212.23886690079,1.0,0.134654733971173,0.7971003333333334,0.10733333333333334,0.9044336666666668
simArray_Sun_JS_frag_2Gyr_Run109_step.mat,7.246026666666667e+23,5.5738666666666665e+23,1.20025256e+24,3863343.771591996,3539828.627758874,5200.654031433945,4807.852483529578,1.0817,0.507603265723899,1907422.7535708966,0.8533571428571429,0.7692307692307692,0.12133333333333332,0.09333333333333332,0.20098
simArray_Sun_JS_frag_2Gyr_Run109_step.mat,7.246026666666664e+23,7.246026666666664e+23,1.4492053333333328e+24,3863343.7715919954,3863343.7715919954,5124.22879340265,5003.641044236549,1.0241,0.72365,570964.0392696805,1.0,1.0,0.12133333333333328,0.12133333333333328,0.24266666666666656
simArray_Sun_JS_frag_2Gyr_Run109_step.mat,6.68864e+23,6.131253333333334e+23,6.68864e+23,3761629.2247258904,3654094.7045586845,5273.111479457201,4803.781980010205,1.0977,0.8806374885744497,59304.37363556991,0.0,0.9166666666666667,0.11199999999999999,0.10266666666666667,0.11199999999999999
simArray_Sun_JS_frag_2Gyr_Run109_step.mat,6.68864e+23,5.5738666666666665e+23,6.68864e+23,3761629.2247258904,3539828.627758874,6211.599247575931,4734.811531043472,1.3119,0.8792727051974821,79882.09375829635,0.0,0.8333333333333334,0.11199999999999999,0.09333333333333332,0.11199999999999999
simArray_Sun_JS_frag_2Gyr_Run109_step.mat,1.5606826666666665e+24,6.68864e+23,1.560682666666667e+24,4989245.960026423,3761629.2247258904,6114.610999623156,5831.770147470821,1.0485,0.8344605805620753,123378.37538837676,8.026607980097599e-16,0.4285714285714286,0.2613333333333333,0.11199999999999999,0.26133333333333336
simArray_Sun_JS_frag_2Gyr_Run109_step.mat,1.28386056e+24,6.131253333333334e+23,1.28386056e+24,4674867.769542789,3654094.7045586845,6570.296252177794,5513.843783297913,1.1916,0.9729201946728262,779.6918681376753,0.0,0.47756380438490403,0.21497999999999998,0.10266666666666667,0.21497999999999998
simArray_Sun_JS_frag_2Gyr_Run109_step.mat,1.003296e+24,6.549890533333334e+23,1.003296e+24,4305990.548748575,3735436.796817226,8276.567275105172,5246.635356643532,1.5775000000000001,0.859974296118401,184430.51593717653,0.0,0.6528373015873016,0.16799999999999998,0.10967666666666667,0.16799999999999998
simArray_Sun_JS_frag_2Gyr_Run109_step.mat,1.28386056e+24,6.68864e+23,1.28386056e+24,4674867.769542789,3761629.2247258904,7650.713513948769,5558.495723589632,1.3764,0.5737402729916093,2439860.8747532577,0.0,0.5209786956926226,0.21497999999999998,0.11199999999999999,0.21497999999999998
simArray_Sun_JS_frag_2Gyr_Run109_step.mat,1.28386056e+24,6.549890533333334e+23,1.28386056e+24,4674867.769542789,3735436.796817226,6148.106662364531,5547.330742907634,1.1083,0.9334389002740848,10180.844127829796,0.0,0.5101714888206655,0.21497999999999998,0.10967666666666667,0.21497999999999998
simArray_Sun_JS_frag_2Gyr_Run109_step.mat,1.3117298933333333e+24,6.967333333333333e+23,1.3117298933333333e+24,4708452.396445713,3813164.796205839,6525.000053221538,5609.043284811775,1.1633,0.6283928026120935,1310453.7227600035,0.0,0.5311560991896075,0.21964666666666666,0.11666666666666665,0.21964666666666666
simArray_Sun_JS_frag_2Gyr_Run109_step.mat,1.3117298933333333e+24,6.967333333333333e+23,1.8879482666666667e+24,4708452.396445713,3813164.796205839,5957.925777127068,5609.043284811775,1.0622,0.4771652372600052,2311738.2310963855,0.8270285714285714,0.5311560991896075,0.21964666666666666,0.11666666666666665,0.3161333333333333
simArray_Sun_JS_frag_2Gyr_Run109_step.mat,1.6164213333333332e+24,6.549890533333334e+23,1.6164213333333335e+24,5047948.356674059,3735436.796817226,7167.355255090523,5875.362943758114,1.2199,0.8780504742253166,69183.07688136084,4.0983197296793497e-16,0.40520935960591137,0.2706666666666666,0.10967666666666667,0.27066666666666667
simArray_Sun_JS_frag_2Gyr_Run109_step.mat,1.4358081466666666e+24,6.485392933333333e+23,1.4358081466666666e+24,4852462.446535163,3723135.2235376663,9091.401024896602,5696.009664116661,1.5960999999999999,0.7206041098719187,1145443.1655244054,0.0,0.4516893812303298,0.2404233333333333,0.10859666666666665,0.2404233333333333
simArray_Sun_JS_frag_2Gyr_Run109_step.mat,6.549890533333334e+23,5.5738666666666665e+23,6.549890533333334e+23,3735436.796817226,3539828.627758874,6687.405470324524,4716.415452658526,1.4179,0.69355930411772,1141425.4138271685,0.0,0.8509862322584566,0.10967666666666667,0.09333333333333332,0.10967666666666667
simArray_Sun_JS_frag_2Gyr_Run109_step.mat,2.1170739999999997e+24,1.55224224e+24,2.1170740000000005e+24,5523004.429305432,4980235.478158716,7859.345455997395,6828.869107652616,1.1509,0.6803294215489916,1601566.2661422314,5.188019931734367e-16,0.7332016925246828,0.3544999999999999,0.25992,0.35450000000000004
simArray_Sun_JS_frag_2Gyr_Run109_step.mat,2.2309799466666667e+24,1.55224224e+24,2.2309401333333331e+24,5620331.528352703,4980235.478158716,8321.919237772487,6902.147497530469,1.2057,0.6691017928026217,1893309.905420511,-2.5648917615832778e-05,0.6957670069241202,0.3735733333333333,0.25992,0.3735666666666666
simArray_Sun_JS_frag_2Gyr_Run109_step.mat,2.2309401333333331e+24,1.55224224e+24,3.783182373333333e+24,5620298.095292042,4980235.478158716,7343.167663683029,6902.122063805836,1.0639,0.7625724398160734,638253.7408483115,0.9999999999999998,0.6957794235745517,0.3735666666666666,0.25992,0.6334866666666665
simArray_Sun_JS_frag_2Gyr_Run109_step.mat,6.549890533333334e+23,6.2341708e+23,6.549890533333334e+23,3735436.796817226,3674426.8918556077,10124.366914404476,4798.960475140767,2.1097,0.814652754393356,762258.0655738708,0.0,0.9517977084156459,0.10967666666666667,0.10439,0.10967666666666667
simArray_Sun_JS_frag_2Gyr_Run109_step.mat,1.6164213333333332e+24,7.1884964e+23,1.6164213333333335e+24,5047948.356674059,3853092.175351987,7596.190006228375,5917.879406535038,1.2836,0.9715881074283252,1149.6810951424266,3.7342364948530824e-16,0.44471674876847295,0.2706666666666666,0.12036999999999999,0.27066666666666667
simArray_Sun_JS_frag_2Gyr_Run109_step.mat,4.346620666666667e+24,6.549890533333334e+23,4.8259732e+24,7019625.757049654,3735436.796817226,9638.273929306637,7878.912719125838,1.2233,0.33697923747190833,4009326.1401821463,0.7318481597422719,0.15068926036180444,0.7278333333333333,0.10967666666666667,0.8080999999999999
simArray_Sun_JS_frag_2Gyr_Run109_step.mat,1.0973749066666667e+24,7.1884964e+23,1.0637525466666668e+24,4436580.714490193,3853092.175351987,13424.193408213407,5407.965760872339,2.4823,0.41611310257403844,16333831.798999203,-0.04677245160754325,0.6550629467039146,0.18375333333333332,0.12036999999999999,0.17812333333333336
simArray_Sun_JS_frag_2Gyr_Run109_step.mat,1.6445693599999997e+24,6.335893866666666e+23,1.6445693599999997e+24,5077081.210358266,3694304.394714847,8259.248752737214,5888.107758421054,1.4027000000000003,0.7650884644690772,545999.1855336487,0.0,0.38526157794078486,0.27537999999999996,0.10609333333333332,0.27537999999999996
simArray_Sun_JS_frag_2Gyr_Run109_step.mat,1.6724386933333334e+24,6.320764799999999e+23,1.6724386933333334e+24,5105599.930275706,3691361.588526505,6454.536180747873,5913.455044203274,1.0915,0.9562957604321454,2692.3349279800523,0.0,0.3779370104982502,0.28004666666666667,0.10583999999999998,0.28004666666666667
simArray_Sun_JS_frag_2Gyr_Run109_step.mat,5.759082274666667e+24,6.335893866666667e+23,6.392671661333333e+24,7709883.33312716,3694304.3947148477,8649.34954627624,8650.214567733014,0.9999,0.8352686824703042,107220.06559784355,0.9999999999999983,0.11001568591123115,0.9643473333333333,0.10609333333333335,1.0704406666666666
simArray_Sun_JS_frag_2Gyr_Run109_step.mat,1.6724386933333334e+24,6.320764800000001e+23,2.3045151733333333e+24,5105599.930275706,3691361.588526506,5997.42610583096,5913.455044203274,1.0142,0.8993022278264303,26777.4063634019,0.9999999999999998,0.37793701049825035,0.28004666666666667,0.10584000000000002,0.38588666666666666
simArray_Sun_JS_frag_2Gyr_Run109_step.mat,2.3602538399999998e+24,7.246026666666667e+23,2.3603334666666667e+24,5726856.2624139665,3863343.771591996,7756.452872023766,6552.718486122975,1.1837,0.6908510757329006,851907.3069008727,0.00010989010989040848,0.3070020073208171,0.39521999999999996,0.12133333333333332,0.3952333333333333
simArray_Sun_JS_frag_2Gyr_Run109_step.mat,2.3602538399999998e+24,7.246026666666667e+23,2.7733968e+24,5726856.2624139665,3863343.771591996,8952.32399574121,6552.718486122975,1.3662,0.28406764346628127,6555499.54249092,0.5701648351648356,0.3070020073208171,0.39521999999999996,0.12133333333333332,0.4644
simArray_Sun_JS_frag_2Gyr_Run110_step.mat,7.246026666666667e+23,5.5738666666666665e+23,3.3437227999999995e+23,3863343.771591996,3539828.627758874,14576.447159564976,4807.852483529578,3.0318,0.3422290754207186,25945081.183628913,-0.7001071428571429,0.7692307692307692,0.12133333333333332,0.09333333333333332,0.05598999999999999
simArray_Sun_JS_frag_2Gyr_Run110_step.mat,6.131253333333334e+23,5.5738666666666665e+23,6.131253333333334e+23,3654094.7045586845,3539828.627758874,5780.290110150385,4660.39676703248,1.2403,0.8571518668042687,117674.94908510221,0.0,0.9090909090909091,0.10266666666666667,0.09333333333333332,0.10266666666666667
simArray_Sun_JS_frag_2Gyr_Run110_step.mat,5.5738666666666665e+23,3.3437227999999995e+23,7.9355936e+23,3539828.627758874,2985429.3689348055,6188.012620263498,4271.129638503243,1.4488,0.49772633781138004,2458849.975864286,0.7063166041555041,0.5998928571428571,0.09333333333333332,0.05598999999999999,0.13288
simArray_Sun_JS_frag_2Gyr_Run110_step.mat,6.68864e+23,6.131253333333334e+23,1.0113781066666667e+24,3761629.2247258904,3654094.7045586845,7030.815305942936,4803.781980010205,1.4636,0.17890723012511284,9310718.345659977,0.5586363636363638,0.9166666666666667,0.11199999999999999,0.10266666666666667,0.16935333333333333
simArray_Sun_JS_frag_2Gyr_Run110_step.mat,7.881447466666666e+23,6.967333333333333e+23,7.881447466666667e+23,3973123.2764025466,3813164.796205839,7149.371657043417,5045.428127765291,1.417,0.9226734795061848,30450.817028617308,1.9263859152234236e-16,0.8840169731258841,0.1319733333333333,0.11666666666666665,0.13197333333333333
simArray_Sun_JS_frag_2Gyr_Run110_step.mat,5.6134809333333334e+23,5.5738666666666665e+23,1.0040524533333332e+24,3548194.861527397,3539828.627758874,5349.720955338357,4590.0651697454805,1.1655,0.3856046055668152,3508898.4652672526,0.7942499999999998,0.9929430121635519,0.09399666666666666,0.09333333333333332,0.16812666666666665
simArray_Sun_JS_frag_2Gyr_Run110_step.mat,8.438834133333333e+23,7.0535292e+23,8.438834133333333e+23,4064659.737461208,3828825.157615701,7761.174361684662,5118.495259305323,1.5163,0.7301828766803303,1108077.7519145263,0.0,0.8358416682392904,0.14130666666666666,0.11810999999999999,0.14130666666666666
simArray_Sun_JS_frag_2Gyr_Run110_step.mat,8.856077866666667e+23,7.803413333333333e+23,8.856077866666667e+23,4130575.081961637,3959967.142737017,6243.077668891679,5242.759211363519,1.1908,0.8711406561645694,100657.3946106863,0.0,0.8811364862434813,0.14829333333333333,0.13066666666666665,0.14829333333333333
simArray_Sun_JS_frag_2Gyr_Run110_step.mat,8.445204266666668e+23,8.082106666666666e+23,1.4827679733333334e+24,4065682.229105486,4006559.2658327725,5252.928770803103,5227.835162025382,1.0048,0.12561333163468044,5775146.721524275,0.7897044334975369,0.9570054686026775,0.14141333333333334,0.1353333333333333,0.24828666666666666
simArray_Sun_JS_frag_2Gyr_Run110_step.mat,1.0876604533333333e+24,6.409966573333334e+23,1.7286571106666668e+24,4423450.3606185205,3708645.3124902938,5507.437581157742,5326.857124632694,1.0339,0.6395759645590756,923096.5229273639,1.0,0.5893352611735423,0.18212666666666666,0.10733366666666667,0.2894603333333333
simArray_Sun_JS_frag_2Gyr_Run110_step.mat,1.5402186133333334e+24,4.2620173333333335e+23,1.9664203466666666e+24,4967343.209532979,3236943.4768657796,5817.5472787032,5656.341544679825,1.0285,0.9283472938364761,7742.369269110381,0.9999999999999997,0.2767150907304968,0.2579066666666667,0.07136666666666666,0.3292733333333333
simArray_Sun_JS_frag_2Gyr_Run110_step.mat,7.035215066666666e+23,5.5738666666666665e+23,1.07782656e+24,3825508.501549834,3539828.627758874,7069.71787878917,4780.3893967064505,1.4789,0.4390433566838755,4635987.787804529,0.6715357142857143,0.7922809201776974,0.11780333333333332,0.09333333333333332,0.18047999999999997
simArray_Sun_JS_frag_2Gyr_Run110_step.mat,1.95421756e+24,1.2352882933333334e+24,1.95421756e+24,5377589.937280628,4615153.538810353,7656.586690906924,6527.354382699849,1.173,0.6964730870436708,1225755.452015942,0.0,0.6321140074769022,0.32722999999999997,0.20684666666666668,0.32722999999999997
simArray_Sun_JS_frag_2Gyr_Run110_step.mat,1.37463496e+24,8.382697333333333e+23,2.0475997333333333e+24,4782546.194791027,4055626.7034000824,5967.354282241255,5781.199653401719,1.0322,0.38587542140112324,3410635.858803106,0.8028021847542153,0.6098126104208301,0.23017999999999997,0.14036666666666667,0.34286666666666665
simArray_Sun_JS_frag_2Gyr_Run110_step.mat,1.07782656e+24,1.0113781066666667e+24,2.0892046666666668e+24,4410078.693684501,4317522.021844405,5743.209075745039,5652.764838331731,1.016,0.9754865278162521,685.5048285177168,1.0000000000000002,0.9383495862884161,0.18047999999999997,0.16935333333333333,0.34983333333333333
simArray_Sun_JS_frag_2Gyr_Run110_step.mat,2.533503550666666e+24,7.803413333333333e+23,3.3138448840000003e+24,5863683.910927397,3959967.142737017,6762.726717461983,6710.385708932311,1.0078,0.9768179537131686,396.6902139317011,1.000000000000001,0.30800877825018014,0.4242303333333332,0.13066666666666665,0.554897
simArray_Sun_JS_frag_2Gyr_Run110_step.mat,2.4358394533333336e+24,6.3058348e+23,2.9394184e+24,5787348.013747634,3688452.896310799,7013.43930598824,6572.429299960867,1.0671,0.4384576225804016,2393237.1914041685,0.7985920383874732,0.25887727499325774,0.40787666666666667,0.10559,0.49219999999999997
simArray_Sun_JS_frag_2Gyr_Run111_step.mat,6.131253333333331e+23,5.573866666666664e+23,1.1705119999999995e+24,3654094.704558684,3539828.6277588736,5283.491814784721,4660.396767032479,1.1337,0.5538597899634811,1749637.350283162,1.0,0.909090909090909,0.10266666666666663,0.09333333333333328,0.1959999999999999
simArray_Sun_JS_frag_2Gyr_Run111_step.mat,6.68864e+23,6.68864e+23,6.68864e+23,3761629.2247258904,3761629.2247258904,8757.735750761198,4871.904623253893,1.7975999999999999,0.75635,1212104.5163530635,0.0,1.0,0.11199999999999999,0.11199999999999999,0.11199999999999999
simArray_Sun_JS_frag_2Gyr_Run111_step.mat,6.68864e+23,5.5738666666666665e+23,6.68864e+23,3761629.2247258904,3539828.627758874,5550.619557842262,4734.811531043472,1.1723,0.7331136459225506,550295.5021129809,0.0,0.8333333333333334,0.11199999999999999,0.09333333333333332,0.11199999999999999
simArray_Sun_JS_frag_2Gyr_Run111_step.mat,7.238462133333333e+23,5.270090933333334e+23,7.238462133333334e+23,3861998.9164667465,3474316.788664493,6309.731945591197,4770.703119303793,1.3226,0.9151322252517063,27387.728396378152,2.546782013780306e-16,0.7280677630493373,0.12120666666666666,0.08824666666666667,0.12120666666666667
simArray_Sun_JS_frag_2Gyr_Run111_step.mat,6.68864e+23,5.781294133333333e+23,6.68864e+23,3761629.2247258904,3583205.646422084,8345.754610129206,4760.569625308999,1.7531,0.7534694805945673,1038198.9377571335,0.0,0.8643452380952381,0.11199999999999999,0.09680666666666665,0.11199999999999999
simArray_Sun_JS_frag_2Gyr_Run111_step.mat,7.238462133333333e+23,5.270090933333334e+23,6.177038666666667e+23,3861998.9164667465,3474316.788664493,10855.25787766385,4770.703119303793,2.2754,0.1488721774627143,20759502.954919692,-0.20140515222482427,0.7280677630493373,0.12120666666666666,0.08824666666666667,0.10343333333333332
simArray_Sun_JS_frag_2Gyr_Run111_step.mat,6.68864e+23,5.771539866666667e+23,6.68864e+23,3761629.2247258904,3581189.3032574146,6019.639382229493,4759.360675387013,1.2648,0.5642839429089849,2099914.3233370935,0.0,0.8628869047619049,0.11199999999999999,0.09664333333333333,0.11199999999999999
simArray_Sun_JS_frag_2Gyr_Run111_step.mat,6.68864e+23,5.771539866666667e+23,6.68864e+23,3761629.2247258904,3581189.3032574146,4961.157568023422,4759.360675387013,1.0424,0.9151491925670547,18907.61199966154,0.0,0.8628869047619049,0.11199999999999999,0.09664333333333333,0.11199999999999999
simArray_Sun_JS_frag_2Gyr_Run111_step.mat,1.1705119999999999e+24,5.797219466666667e+23,1.6260362533333334e+24,4533030.788334287,3586492.7667173245,5635.572413673083,5364.146595919554,1.0506,0.3865584595650218,2705104.9108357164,0.7857633404299158,0.49527210884353745,0.19599999999999998,0.09707333333333333,0.27227666666666667
simArray_Sun_JS_frag_2Gyr_Run111_step.mat,1.5756922933333336e+24,9.658913733333334e+23,2.233129866666667e+24,5005189.394013324,4251799.80569315,8553.554201017932,6053.899215102224,1.4129,0.44909961770283685,5723117.4172566,0.6806537375569341,0.61299492129267,0.2638466666666667,0.16173666666666667,0.37393333333333334
simArray_Sun_JS_frag_2Gyr_Run111_step.mat,1.6817749199999998e+24,1.0072176133333334e+24,1.6817749200000004e+24,5115082.811691537,4311593.573214045,6983.980986271268,6170.684737825825,1.1318,0.6425137885312707,1469703.406250041,5.330237526558477e-16,0.598901554158825,0.28160999999999997,0.16865666666666668,0.28161
simArray_Sun_JS_frag_2Gyr_Run111_step.mat,1.6817749200000004e+24,5.771539866666667e+23,2.2589289066666667e+24,5115082.8116915375,3581189.3032574146,6054.526442549823,5888.471544981348,1.0282,0.7800021925399429,229451.10898474674,0.9999999999999994,0.3431814684611105,0.28161,0.09664333333333333,0.37825333333333333
simArray_Sun_JS_frag_2Gyr_Run111_step.mat,6.89766e+23,6.131253333333334e+23,6.89766e+23,3800411.641426073,3654094.7045586845,5539.723206023864,4830.1710750927405,1.1469,0.8115219130614171,228706.92345166786,0.0,0.888888888888889,0.11549999999999999,0.10266666666666667,0.11549999999999999
simArray_Sun_JS_frag_2Gyr_Run111_step.mat,2.2589289066666667e+24,1.0072176133333334e+24,3.26614652e+24,5643704.066273022,4311593.573214045,6625.663994188724,6617.722726916424,1.0012,0.890096918781007,46606.57773311343,0.9999999999999999,0.44588282984948363,0.37825333333333333,0.16865666666666668,0.54691
simArray_Sun_JS_frag_2Gyr_Run111_step.mat,7.136938133333334e+23,5.9285636533333336e+23,1.3065501786666667e+24,3843858.18106095,3613376.433048764,5386.407630178452,4836.063593264906,1.1138,0.6148845599562822,1252789.3725800933,1.0,0.8306872698873146,0.11950666666666666,0.09927266666666666,0.21877933333333333
simArray_Sun_JS_frag_2Gyr_Run111_step.mat,3.404776546666667e+24,6.775632133333335e+23,3.9954670666666664e+24,6470823.939803157,3777866.888302006,8152.297889082716,7291.858576997062,1.118,0.5900882518141248,1416605.6868749405,0.8717865851867079,0.19900372434034747,0.5701233333333333,0.11345666666666669,0.6690333333333333
simArray_Sun_JS_frag_2Gyr_Run111_step.mat,3.99538744e+24,1.3065342533333332e+24,3.9954670666666664e+24,6825215.137724151,4702227.590025158,8336.997199294354,7835.523683547325,1.064,0.8341872377636228,194923.35671594154,6.094495147254254e-05,0.32701065239703847,0.66902,0.21877666666666665,0.6690333333333333
simArray_Sun_JS_frag_2Gyr_Run111_step.mat,4.5210627866666673e+24,1.445224e+24,4.521003066666667e+24,7112302.582628984,4863046.62763915,10739.365582052795,8155.034992826179,1.3169,0.7937632744382245,580734.7829052246,-4.132231404993123e-05,0.3196646603232751,0.7570433333333334,0.24199999999999997,0.7570333333333333
simArray_Sun_JS_frag_2Gyr_Run111_step.mat,4.5210627866666673e+24,1.445224e+24,5.588995733333333e+24,7112302.582628984,4863046.62763915,9810.507096369894,8155.034992826179,1.203,0.43539682490883824,5407606.997367328,0.7389393939393932,0.3196646603232751,0.7570433333333334,0.24199999999999997,0.9358666666666665
simArray_Sun_JS_frag_2Gyr_Run111_step.mat,5.676047586666667e+24,7.2506052e+23,5.675987866666667e+24,7672650.005436176,3864157.3082040017,10940.840028570348,8606.025350877328,1.2713,0.8554645521663402,130056.10764655934,-8.236553825873865e-05,0.12774038781901778,0.9504433333333334,0.12140999999999999,0.9504333333333334
simArray_Sun_JS_frag_2Gyr_Run111_step.mat,5.676047586666667e+24,6.719296266666666e+23,6.265623333333333e+24,7672650.005436176,3767367.4005148103,9409.391629174863,8606.413270991368,1.0933,0.5663265565680089,1525604.6665477077,0.8774367482372442,0.1183798437921952,0.9504433333333334,0.11251333333333333,1.0491666666666666
simArray_Sun_JS_frag_2Gyr_Run112_step.mat,6.68864e+23,5.5738666666666665e+23,6.68864e+23,3761629.2247258904,3539828.627758874,6659.512418412644,4734.811531043472,1.4065,0.6454285141333599,1585563.035899826,0.0,0.8333333333333334,0.11199999999999999,0.09333333333333332,0.11199999999999999
simArray_Sun_JS_frag_2Gyr_Run112_step.mat,6.131253333333334e+23,5.5738666666666665e+23,1.0685500533333333e+24,3654094.7045586845,3539828.627758874,5625.564937484907,4660.39676703248,1.2071,0.4841701685557505,2673213.301891679,0.8170714285714286,0.9090909090909091,0.10266666666666667,0.09333333333333332,0.17892666666666665
simArray_Sun_JS_frag_2Gyr_Run112_step.mat,9.171797600000001e+23,6.444982399999999e+23,9.171797600000001e+23,4179088.158624177,3715386.144904969,6393.551901991351,5138.685020086281,1.2442,0.6339720399787653,1428240.570796082,0.0,0.7026956634978512,0.15358,0.10791999999999997,0.15358
simArray_Sun_JS_frag_2Gyr_Run112_step.mat,9.171797600000001e+23,6.444982399999999e+23,1.5616779999999997e+24,4179088.158624177,3715386.144904969,5430.048460725173,5138.685020086281,1.0567,0.5420736213579289,1701069.5231211877,0.9999999999999996,0.7026956634978512,0.15358,0.10791999999999997,0.26149999999999995
simArray_Sun_JS_frag_2Gyr_Run112_step.mat,6.68864e+23,6.131253333333334e+23,6.68864e+23,3761629.2247258904,3654094.7045586845,5018.991412714662,4803.781980010205,1.0448,0.9226378249916862,15391.563089475563,0.0,0.9166666666666667,0.11199999999999999,0.10266666666666667,0.11199999999999999
simArray_Sun_JS_frag_2Gyr_Run112_step.mat,6.68864e+23,6.131253333333334e+23,6.68864e+23,3761629.2247258904,3654094.7045586845,6679.17846500619,4803.781980010205,1.3904,0.7157810956323979,988034.1906231624,0.0,0.9166666666666667,0.11199999999999999,0.10266666666666667,0.11199999999999999
simArray_Sun_JS_frag_2Gyr_Run112_step.mat,5.5738666666666665e+23,5.5738666666666665e+23,5.573866666666667e+23,3539828.627758874,3539828.627758874,5726.212586912704,4584.637779753966,1.249,0.6688,1107493.6288298522,1.2039911970146398e-16,1.0,0.09333333333333332,0.09333333333333332,0.09333333333333334
simArray_Sun_JS_frag_2Gyr_Run112_step.mat,2.481441645333333e+24,6.68864e+23,3.1503056453333333e+24,5823240.598388923,3761629.2247258904,6764.129320216429,6623.70673738389,1.0212,0.739443128920444,386511.5542280629,1.0000000000000002,0.2695465360863447,0.41551266666666664,0.11199999999999999,0.5275126666666666
simArray_Sun_JS_frag_2Gyr_Run112_step.mat,1.0685500533333333e+24,5.5738666666666665e+23,1.0685500533333333e+24,4397390.178631507,3539828.627758874,5898.018080709503,5229.203015080684,1.1279,0.6774575379100543,753640.5409810167,0.0,0.5216289727635157,0.17892666666666665,0.09333333333333332,0.17892666666666665
simArray_Sun_JS_frag_2Gyr_Run112_step.mat,1.0685500533333333e+24,6.68864e+23,1.7374140533333335e+24,4397390.178631507,3761629.2247258904,5733.5099939291085,5331.513849664412,1.0754,0.5680644963744529,1566703.8673638634,1.0000000000000004,0.6259547673162189,0.17892666666666665,0.11199999999999999,0.29092666666666667
simArray_Sun_JS_frag_2Gyr_Run112_step.mat,5.5738666666666665e+23,5.5738666666666665e+23,6.9328948e+23,3539828.627758874,3539828.627758874,9881.269806703724,4584.637779753966,2.1553,0.34235,13524713.83446122,0.24382142857142852,1.0,0.09333333333333332,0.09333333333333332,0.11608999999999998
simArray_Sun_JS_frag_2Gyr_Run112_step.mat,5.810756e+23,5.5738666666666665e+23,5.810756e+23,3589282.089022628,3539828.627758874,7032.608340815085,4616.996022068727,1.5232,0.6546599829583156,1800213.7302821588,0.0,0.9592326139088729,0.0973,0.09333333333333332,0.0973
simArray_Sun_JS_frag_2Gyr_Run112_step.mat,5.810756e+23,5.5981528e+23,5.810756e+23,3589282.089022628,3544962.358503521,4937.666237257758,4620.254736837053,1.0687,0.9041320198131497,28671.088880175554,0.0,0.9634121274409044,0.0973,0.09373999999999999,0.0973
simArray_Sun_JS_frag_2Gyr_Run112_step.mat,5.6417484e+23,5.5981528e+23,5.6417484000000004e+23,3554140.702436234,3544962.358503521,7940.356387440357,4597.242002918224,1.7272,0.8595598795554033,224085.08297313625,1.1987679936138936e-16,0.9922726791574046,0.09446999999999998,0.09373999999999999,0.09447
simArray_Sun_JS_frag_2Gyr_Run112_step.mat,8.45038e+23,5.6417484e+23,1.2240211200000002e+24,4066512.6250339076,3554140.702436234,6536.329205163103,4968.325634815372,1.3156,0.358430755587468,4644218.654866368,0.671747644754949,0.6676325088339222,0.1415,0.09446999999999998,0.20496000000000003
simArray_Sun_JS_frag_2Gyr_Run112_step.mat,1.8776167066666667e+24,1.2548963599999999e+24,1.8776167066666667e+24,5306388.28653137,4639444.657404708,7005.325197085473,6484.010734066524,1.0804,0.8310778072106577,226332.34983413748,0.0,0.668345331368412,0.3144033333333333,0.21012999999999996,0.3144033333333333
simArray_Sun_JS_frag_2Gyr_Run112_step.mat,4.2148783466666673e+24,7.149081199999999e+23,4.845879866666667e+24,6947977.340090951,3846036.976225781,8107.0578664347195,7808.011043469825,1.0383,0.5715305630956266,1396954.9798884438,0.8826330298220696,0.16961536281714615,0.7057733333333334,0.11970999999999998,0.8114333333333333
simArray_Sun_JS_frag_2Gyr_Run112_step.mat,1.2548963599999999e+24,5.8768461333333336e+23,1.8425809733333335e+24,4639444.657404708,3602838.697121274,5749.492144887059,5462.7003751896045,1.0525,0.740754582987244,386176.6353927311,1.0000000000000004,0.46831326639064713,0.21012999999999996,0.09840666666666667,0.3085366666666667
simArray_Sun_JS_frag_2Gyr_Run112_step.mat,1.8425610666666668e+24,5.810756e+23,2.0410305333333333e+24,5273156.677700603,3589282.089022628,10862.768529473738,6041.920312294198,1.7979,0.377349401561418,7863469.2086478975,0.3415553271668377,0.3153630077787381,0.3085333333333333,0.0973,0.34176666666666666
simArray_Sun_JS_frag_2Gyr_Run112_step.mat,2.1312276399999995e+24,5.6847468000000004e+23,2.1312077333333334e+24,5535285.067276137,3563147.1158626056,8557.906853636001,6293.504084156494,1.3598000000000001,0.8979657807902783,45736.10716678713,-3.5017683929417535e-05,0.2667357861406115,0.3568699999999999,0.09519,0.35686666666666667
simArray_Sun_JS_frag_2Gyr_Run112_step.mat,2.1312276399999995e+24,5.6847468000000004e+23,2.1312077333333334e+24,5535285.067276137,3563147.1158626056,10148.904686110764,6293.504084156494,1.6126000000000003,0.9686592928010035,2008.9843874496016,-3.5017683929417535e-05,0.2667357861406115,0.3568699999999999,0.09519,0.35686666666666667
simArray_Sun_JS_frag_2Gyr_Run112_step.mat,1.9521870799999996e+24,6.131253333333334e+23,2.449515333333333e+24,5375726.80921723,3654094.7045586845,7851.607709270433,6158.123693545438,1.275,0.5691358153393514,1950433.317888322,0.8111363636363641,0.3140709922807877,0.3268899999999999,0.10266666666666667,0.4101666666666666
simArray_Sun_JS_frag_2Gyr_Run112_step.mat,5.572353760000001e+24,6.557256e+23,5.572274133333333e+24,7625639.528724741,3736836.4603419895,9015.691659004866,8553.78715275604,1.054,0.9165551517468837,17537.109651089388,-0.00012143290831971229,0.11767479744502077,0.9330800000000001,0.10979999999999998,0.9330666666666666
simArray_Sun_JS_frag_2Gyr_Run112_step.mat,5.572353760000001e+24,6.557256e+23,6.1314524e+24,7625639.528724741,3736836.4603419895,9102.084909247702,8553.78715275604,1.0641,0.4902566730256268,1961625.1745719085,0.852641165755919,0.11767479744502077,0.9330800000000001,0.10979999999999998,1.0267
simArray_Sun_JS_frag_2Gyr_Run112_step.mat,2.4816646e+24,5.6847468000000004e+23,2.6744606666666666e+24,5823414.996980533,3563147.1158626056,11772.54791102639,6586.040789385393,1.7875,0.3384277270702131,8221442.220575891,0.3391462688657773,0.2290699073517026,0.41555,0.09519,0.4478333333333333
simArray_Sun_JS_frag_2Gyr_Run112_step.mat,2.1590969733333334e+24,7.702486533333333e+23,2.615736e+24,5559308.330107922,3942820.6993973963,8352.895437780167,6414.941584962881,1.3021,0.24894270401041568,6755311.711592266,0.592846251259918,0.35674574270936094,0.3615366666666667,0.12897666666666666,0.438
simArray_Sun_JS_frag_2Gyr_Run113_step.mat,5.5738666666666665e+23,5.5738666666666665e+23,5.573866666666667e+23,3539828.627758874,3539828.627758874,5110.495733091746,4584.637779753966,1.1147,0.9787,372.47091476309885,1.2039911970146398e-16,1.0,0.09333333333333332,0.09333333333333332,0.09333333333333334
simArray_Sun_JS_frag_2Gyr_Run113_step.mat,5.5738666666666665e+23,5.5738666666666665e+23,9.750285333333333e+23,3539828.627758874,3539828.627758874,5194.394604461244,4584.637779753966,1.133,0.18705000000000002,5216419.010535509,0.7492857142857142,1.0,0.09333333333333332,0.09333333333333332,0.16326666666666664
simArray_Sun_JS_frag_2Gyr_Run113_step.mat,7.921858e+23,5.5738666666666665e+23,7.921858e+23,3979902.166702916,3539828.627758874,15575.021016124349,4894.573085737201,3.1821,0.9942701959323565,54.07621038085941,0.0,0.7036059806508356,0.13265,0.09333333333333332,0.13265
simArray_Sun_JS_frag_2Gyr_Run113_step.mat,7.246026666666667e+23,6.68864e+23,7.246026666666667e+23,3863343.771591996,3761629.2247258904,6833.725819448242,4939.090647187223,1.3836,0.9074456654813837,48236.84008186403,0.0,0.923076923076923,0.12133333333333332,0.11199999999999999,0.12133333333333332
simArray_Sun_JS_frag_2Gyr_Run113_step.mat,6.967333333333333e+23,6.68864e+23,1.1527751600000001e+24,3813164.796205839,3761629.2247258904,7406.99345586155,4905.6185547794885,1.5099,0.4328248507771971,5718031.660079593,0.6818154761904763,0.96,0.11666666666666665,0.11199999999999999,0.19303
simArray_Sun_JS_frag_2Gyr_Run113_step.mat,7.921858e+23,7.246026666666667e+23,7.921858e+23,3979902.166702916,3863343.771591996,7145.134833831654,5080.804119911579,1.4063,0.6550420256378826,1804326.6740482738,0.0,0.9146877748460862,0.13265,0.12133333333333332,0.13265
simArray_Sun_JS_frag_2Gyr_Run113_step.mat,1.3529366933333332e+24,7.246026666666667e+23,1.87795512e+24,4757248.85771648,3863343.771591996,6498.79363465349,5671.839443754137,1.1458,0.33447451429951813,4341153.608630748,0.7245604395604398,0.5355776587605203,0.22654666666666665,0.12133333333333332,0.31446
simArray_Sun_JS_frag_2Gyr_Run113_step.mat,9.750285333333333e+23,6.689436266666667e+23,9.750285333333333e+23,4265164.839360148,3761778.4898038115,5512.048147444765,5228.655044056882,1.0542,0.8733899267713484,63519.33318118525,0.0,0.6860759493670887,0.16326666666666664,0.11201333333333333,0.16326666666666664
simArray_Sun_JS_frag_2Gyr_Run113_step.mat,9.679417599999999e+23,6.026146133333333e+23,1.3208272400000002e+24,4254806.241827247,3633093.6965032904,6875.266149520776,5155.418528434895,1.3336,0.21517035245557478,6847169.924571745,0.5855906448202965,0.6225732148733136,0.16207999999999997,0.10090666666666666,0.22117000000000003
simArray_Sun_JS_frag_2Gyr_Run113_step.mat,9.750285333333333e+23,6.131253333333334e+23,9.750285333333333e+23,4265164.839360148,3654094.7045586845,5971.250635470743,5173.9456160391155,1.1541,0.5956170232443556,1470363.8590449586,0.0,0.6288280930992243,0.16326666666666664,0.10266666666666667,0.16326666666666664
simArray_Sun_JS_frag_2Gyr_Run113_step.mat,1.9894324533333335e+24,6.689436266666667e+23,2.5341186666666666e+24,5409699.126107978,3761778.4898038115,6752.681239882567,6220.229587216809,1.0856,0.48502496300933834,2203081.559794519,0.8142483037733598,0.3362484740539134,0.3331266666666667,0.11201333333333333,0.4243333333333333
simArray_Sun_JS_frag_2Gyr_Run113_step.mat,9.750285333333333e+23,5.5738666666666665e+23,1.4347929066666667e+24,4265164.839360148,3539828.627758874,5721.963250321053,5119.408830921583,1.1177,0.5008908858447215,2020405.800699721,0.8248571428571431,0.5716619028174765,0.16326666666666664,0.09333333333333332,0.24025333333333332
simArray_Sun_JS_frag_2Gyr_Run113_step.mat,2.5898573333333333e+24,7.246026666666667e+23,2.5898573333333333e+24,5906841.610992166,3863343.771591996,9167.387840774381,6729.3458421598625,1.3623,0.6664266083838125,1357889.1027520343,0.0,0.27978478093774023,0.43366666666666664,0.12133333333333332,0.43366666666666664
simArray_Sun_JS_frag_2Gyr_Run113_step.mat,2.618369652e+24,6.924534e+23,3.310823052e+24,5928439.126708505,3805340.84492911,6727.437236342812,6738.2183857600285,0.9984,0.8529251921898361,79707.47457106627,1.0000000000000004,0.26445975627279383,0.43844099999999997,0.11594999999999998,0.554391
simArray_Sun_JS_frag_2Gyr_Run113_step.mat,3.3108768000000003e+24,7.246026666666667e+23,4.0354794666666665e+24,6410782.639943577,3863343.771591996,7292.3175835029615,7240.907142789158,1.0071,0.7177567196805523,486329.1288025067,0.9999999999999994,0.21885521885521883,0.5544,0.12133333333333332,0.6757333333333333
simArray_Sun_JS_frag_2Gyr_Run113_step.mat,4.035419746666666e+24,5.7223704000000007e+23,4.0354794666666665e+24,6847934.803336093,3570990.5467728623,7995.217433151127,7683.276410869813,1.0406,0.8980132794309982,27401.39892475117,0.00010436234606640948,0.14180359811954601,0.6757233333333332,0.09582,0.6757333333333333
simArray_Sun_JS_frag_2Gyr_Run113_step.mat,2.3176933866666667e+24,1.0596915866666665e+24,2.3177332000000002e+24,5692224.7484062575,4385204.732176141,7716.602899677397,6688.5697318864495,1.1537,0.7397260923409629,692601.850861706,3.757067984168048e-05,0.457218194935926,0.3880933333333333,0.17744333333333331,0.3881
simArray_Sun_JS_frag_2Gyr_Run113_step.mat,2.3176933866666667e+24,1.0596915866666665e+24,2.3177332000000002e+24,5692224.7484062575,4385204.732176141,6984.2045140358305,6688.5697318864495,1.0442,0.8717877603230314,81699.6691035394,3.757067984168048e-05,0.457218194935926,0.3880933333333333,0.17744333333333331,0.3881
simArray_Sun_JS_frag_2Gyr_Run113_step.mat,2.3177332000000002e+24,1.0596915866666665e+24,3.3774247866666664e+24,5692257.341895539,4385204.732176141,6934.069897455369,6688.598338434812,1.0367,0.8436039032083504,141000.38112229147,0.9999999999999997,0.4572103409774112,0.3881,0.17744333333333331,0.5655433333333333
simArray_Sun_JS_frag_2Gyr_Run113_step.mat,4.149425226666666e+24,5.8525599999999994e+23,4.1493456e+24,6911824.351169713,3597868.9210030413,8810.179788531124,7754.757317605074,1.1361,0.9318410794254993,10308.80992485488,-0.00013605442176770118,0.14104507685517453,0.6948133333333332,0.09799999999999999,0.6948
simArray_Sun_JS_frag_2Gyr_Run113_step.mat,4.149425226666666e+24,5.7223704000000007e+23,4.6145644e+24,6911824.351169713,3570990.5467728623,8087.432504396823,7754.010071329649,1.043,0.22694762473956717,3062021.0497754538,0.8128435260558002,0.13790754351288598,0.6948133333333332,0.09582,0.7726999999999999
simArray_Sun_JS_frag_2Gyr_Run113_step.mat,4.7050461720000005e+24,1.0368009106666665e+24,5.741847082666667e+24,7207500.400738899,4353399.288910121,8211.523815821603,8142.314145584139,1.0085,0.8047956921245729,233073.66260688694,1.0000000000000004,0.22035934882780284,0.7878510000000001,0.1736103333333333,0.9614613333333334
simArray_Sun_JS_frag_2Gyr_Run113_step.mat,4.56625092e+24,8.158150133333333e+23,4.9221224e+24,7135919.950668933,4019085.7885431084,13581.096090043568,8025.229622433119,1.6923,0.28326165203563597,10012794.538756361,0.43621589966326646,0.17866188863167715,0.76461,0.13660666666666665,0.8241999999999999
simArray_Sun_JS_frag_2Gyr_Run113_step.mat,6.0729268e+24,1.6921662e+24,6.0729268e+24,7847465.12134799,5125596.140929105,10275.825273401184,8938.609319242505,1.1496,0.6436185508036891,1998267.4605611747,0.0,0.2786409676467696,1.0169,0.28335,1.0169
simArray_Sun_JS_frag_2Gyr_Run113_step.mat,6.0729268e+24,1.6921662e+24,6.0729268e+24,7847465.12134799,5125596.140929105,9453.473216030874,8938.609319242505,1.0576,0.9129825927894812,36158.84998544102,0.0,0.2786409676467696,1.0169,0.28335,1.0169
simArray_Sun_JS_frag_2Gyr_Run113_step.mat,6.0729268e+24,1.6921662e+24,6.0729268e+24,7847465.12134799,5125596.140929105,10179.288292753365,8938.609319242505,1.1388,0.9862970367344127,176.24165708179763,0.0,0.2786409676467696,1.0169,0.28335,1.0169
simArray_Sun_JS_frag_2Gyr_Run113_step.mat,6.0729268e+24,1.6921662e+24,7.220148000000001e+24,7847465.12134799,5125596.140929105,10498.396645450322,8938.609319242505,1.1745,0.22550845464249558,9286405.933763804,0.6779601199929424,0.2786409676467696,1.0169,0.28335,1.209
simArray_Sun_JS_frag_2Gyr_Run114_step.mat,7.246026666666667e+23,5.5738666666666665e+23,7.246026666666667e+23,3863343.771591996,3539828.627758874,5572.781813659134,4807.852483529578,1.1591,0.6070156458209514,1344941.501180974,0.0,0.7692307692307692,0.12133333333333332,0.09333333333333332,0.12133333333333332
simArray_Sun_JS_frag_2Gyr_Run114_step.mat,7.246026666666667e+23,6.131253333333334e+23,1.337728e+24,3863343.771591996,3654094.7045586845,4920.091170282076,4873.790163726672,1.0095,0.6059088240173134,1112494.7695771744,0.9999999999999998,0.8461538461538461,0.12133333333333332,0.10266666666666667,0.22399999999999998
simArray_Sun_JS_frag_2Gyr_Run114_step.mat,1.337728e+24,6.131253333333334e+23,1.337728e+24,4739355.842131882,3654094.7045586845,5949.938480131098,5570.060363350588,1.0682,0.9850871410022618,105.14802663159703,0.0,0.45833333333333337,0.22399999999999998,0.10266666666666667,0.22399999999999998
simArray_Sun_JS_frag_2Gyr_Run114_step.mat,1.337728e+24,5.5738666666666665e+23,1.337728e+24,4739355.842131882,3539828.627758874,5872.592801066624,5527.666416666626,1.0624,0.9144194153124556,17034.23512937683,0.0,0.4166666666666667,0.22399999999999998,0.09333333333333332,0.22399999999999998
simArray_Sun_JS_frag_2Gyr_Run114_step.mat,7.724383866666668e+23,7.246026666666667e+23,1.3711313866666667e+24,3946553.5014351876,3863343.771591996,5216.714529190695,5058.387015602341,1.0313,0.36065202082773795,3484833.0450540697,0.8262362637362637,0.9380717985722752,0.12934333333333334,0.12133333333333332,0.22959333333333334
simArray_Sun_JS_frag_2Gyr_Run114_step.mat,6.409946666666667e+23,6.2162548e+23,6.409946666666667e+23,3708641.4733209005,3670903.6114402562,6284.419603396148,4779.026314369695,1.315,0.9351579229194298,14950.552606365829,0.0,0.969782608695652,0.10733333333333334,0.10408999999999999,0.10733333333333334
simArray_Sun_JS_frag_2Gyr_Run114_step.mat,5.5738666666666665e+23,4.9762685333333334e+23,5.573866666666667e+23,3539828.627758874,3408510.5927704144,8555.167840887274,4502.0090727186625,1.9002999999999999,0.5375712165829799,4901172.014759856,1.3485780268985485e-16,0.8927857142857143,0.09333333333333332,0.08332666666666666,0.09333333333333334
simArray_Sun_JS_frag_2Gyr_Run114_step.mat,6.68864e+23,5.5738666666666665e+23,6.68864e+23,3761629.2247258904,3539828.627758874,9263.18527933345,4734.811531043472,1.9564,0.921209072574921,51934.887528149215,0.0,0.8333333333333334,0.11199999999999999,0.09333333333333332,0.11199999999999999
simArray_Sun_JS_frag_2Gyr_Run114_step.mat,8.476059600000001e+23,6.548298e+23,1.4071425466666668e+24,4070627.6595616643,3735134.0289171496,5509.316979648633,5068.835200707179,1.0869,0.5125204974835509,2101675.6013951716,0.8544763641890866,0.7725639399704078,0.14193,0.10965,0.23562333333333335
simArray_Sun_JS_frag_2Gyr_Run114_step.mat,1.589109386666667e+24,5.647919466666667e+23,1.589109386666667e+24,5019355.734433523,3555436.0956162284,7755.847552311605,5790.538713089149,1.3394,0.9828224923875487,232.83947551627978,0.0,0.355414140401864,0.26609333333333335,0.09457333333333333,0.26609333333333335
simArray_Sun_JS_frag_2Gyr_Run114_step.mat,1.589109386666667e+24,5.647919466666667e+23,1.589109386666667e+24,5019355.734433523,3555436.0956162284,6664.331004894301,5790.538713089149,1.1509,0.7568142944656711,370762.5471239253,0.0,0.355414140401864,0.26609333333333335,0.09457333333333333,0.26609333333333335
simArray_Sun_JS_frag_2Gyr_Run114_step.mat,1.589109386666667e+24,5.647919466666667e+23,2.0432202666666669e+24,5019355.734433523,3555436.0956162284,6834.572843059122,5790.538713089149,1.1803,0.5194500772749914,2020556.928874901,0.8040321443676862,0.355414140401864,0.26609333333333335,0.09457333333333333,0.34213333333333334
simArray_Sun_JS_frag_2Gyr_Run114_step.mat,1.562892306666667e+24,6.793946266666667e+23,1.562892306666667e+24,4991599.468292921,3781267.60982089,12936.225688667777,5841.073594016244,2.2147,0.6442578039337246,4124976.206809963,0.0,0.43470341735552975,0.26170333333333334,0.11376333333333333,0.26170333333333334
simArray_Sun_JS_frag_2Gyr_Run114_step.mat,1.562892306666667e+24,6.68864e+23,2.0581502666666665e+24,4991599.468292921,3761629.2247258904,6322.75354923419,5833.874837824497,1.0838,0.32305120749823674,3711368.112859584,0.740446428571428,0.4279655080179846,0.26170333333333334,0.11199999999999999,0.3446333333333333
simArray_Sun_JS_frag_2Gyr_Run114_step.mat,2.0582099866666667e+24,6.487383600000001e+23,2.0581502666666665e+24,5471334.567919535,3723516.1186290267,7895.573400380395,6268.815720826037,1.2595,0.7050668412714978,796703.9899011743,-9.20556015837099e-05,0.31519541941910967,0.3446433333333333,0.10863,0.3446333333333333
simArray_Sun_JS_frag_2Gyr_Run114_step.mat,2.0581502666666665e+24,6.941613920000001e+23,2.7523116586666666e+24,5471281.649564455,3808467.002439732,6545.086753307483,6292.142619984122,1.0402,0.7221933636213403,489779.8421347826,1.0,0.33727439791082314,0.3446333333333333,0.116236,0.4608693333333333
simArray_Sun_JS_frag_2Gyr_Run114_step.mat,2.38862084e+24,1.7330345866666665e+24,2.3886009333333334e+24,5749707.931520485,5166531.98110341,7891.611602618109,7099.326738591319,1.1116,0.8378924841039195,269997.9721910422,-1.1486595143460062e-05,0.7255377486644831,0.39997,0.2901933333333333,0.39996666666666664
simArray_Sun_JS_frag_2Gyr_Run114_step.mat,2.38862084e+24,3.3903044e+23,2.3886009333333334e+24,5749707.931520485,2999228.8830065117,9990.193447582888,6451.112906872587,1.5486,0.8124831698333717,237361.13605680643,-5.8716458223201575e-05,0.141935645173388,0.39997,0.056769999999999994,0.39996666666666664
simArray_Sun_JS_frag_2Gyr_Run114_step.mat,2.38862084e+24,1.7330345866666665e+24,2.3886009333333334e+24,5749707.931520485,5166531.98110341,8909.655056932104,7099.326738591319,1.255,0.6686074423695721,2231863.9063339727,-1.1486595143460062e-05,0.7255377486644831,0.39997,0.2901933333333333,0.39996666666666664
simArray_Sun_JS_frag_2Gyr_Run114_step.mat,2.38862084e+24,1.7330345866666665e+24,3.8871747999999997e+24,5749707.931520485,5166531.98110341,7398.208394286014,7099.326738591319,1.0421,0.5157557960991689,3614444.611975346,0.8646993958050954,0.7255377486644831,0.39997,0.2901933333333333,0.6508999999999999
simArray_Sun_JS_frag_2Gyr_Run114_step.mat,4.1631210133333335e+24,4.9782591999999995e+23,4.598639066666667e+24,6919420.4966292055,3408965.0366178304,9772.348412097634,7761.375913031239,1.2591,0.6246540323547352,1203316.5274259758,0.8748400511836218,0.11957997819558937,0.6971066666666667,0.08335999999999999,0.7700333333333333
simArray_Sun_JS_frag_2Gyr_Run114_step.mat,2.1455405333333334e+24,2.7869333333333334e+22,2.1734098666666668e+24,5547648.71579538,1304084.016445267,17350.570947060147,6507.114816629219,2.6664,0.4343074792089142,1091182.031208264,1.0000000000000009,0.012989422898496937,0.3592666666666667,0.004666666666666666,0.36393333333333333
simArray_Sun_JS_frag_2Gyr_Run114_step.mat,2.868355581333333e+24,8.341092399999999e+23,3.7024648213333337e+24,6111404.666830259,4048905.9548008405,7115.331796072625,6974.44794753247,1.0202,0.8360218169258826,128099.10957971083,1.0000000000000007,0.29079701464776925,0.4803006666666666,0.13967,0.6199706666666667
simArray_Sun_JS_frag_2Gyr_Run115_step.mat,6.688639999999997e+23,6.131253333333331e+23,1.2819893333333326e+24,3761629.22472589,3654094.704558684,4801.860467218199,4803.781980010203,0.9995999999999999,0.12184155564517185,4754425.185774281,0.9999999999999998,0.9166666666666667,0.11199999999999995,0.10266666666666663,0.21466666666666653
simArray_Sun_JS_frag_2Gyr_Run115_step.mat,6.68864e+23,5.573866666666664e+23,1.2262506666666662e+24,3761629.2247258904,3539828.6277588736,5031.210732886791,4734.8115310434705,1.0626,0.7099816693224644,557090.6321014825,0.9999999999999998,0.8333333333333329,0.11199999999999999,0.09333333333333328,0.20533333333333326
simArray_Sun_JS_frag_2Gyr_Run115_step.mat,8.071954266666667e+23,6.68864e+23,8.071954266666667e+23,4004880.939551112,3761629.2247258904,6246.669812392264,5036.824554420468,1.2402,0.8748176942070547,89215.69900898165,0.0,0.8286270931465632,0.13516333333333333,0.11199999999999999,0.13516333333333333
simArray_Sun_JS_frag_2Gyr_Run115_step.mat,8.071954266666667e+23,6.68864e+23,1.3738586e+24,4004880.939551112,3761629.2247258904,5302.768890893869,5036.824554420468,1.0528,0.46517715410797766,2433253.250873694,0.8472023809523808,0.8286270931465632,0.13516333333333333,0.11199999999999999,0.23004999999999998
simArray_Sun_JS_frag_2Gyr_Run115_step.mat,6.68864e+23,6.131253333333334e+23,6.68864e+23,3761629.2247258904,3654094.7045586845,9401.001334879971,4803.781980010205,1.9569999999999999,0.5877510846214015,4690199.590194001,0.0,0.9166666666666667,0.11199999999999999,0.10266666666666667,0.11199999999999999
simArray_Sun_JS_frag_2Gyr_Run115_step.mat,6.68864e+23,5.5738666666666665e+23,1.1490725200000001e+24,3761629.2247258904,3539828.627758874,4918.522218447959,4734.811531043472,1.0388,0.4897899811514889,1912236.0582054053,0.8615357142857145,0.8333333333333334,0.11199999999999999,0.09333333333333332,0.19241
simArray_Sun_JS_frag_2Gyr_Run115_step.mat,7.164210266666667e+23,5.5738666666666665e+23,7.164210266666667e+23,3848748.091627051,3539828.627758874,11523.39590580745,4797.217395532014,2.4021,0.9959186668624491,11.434478359810155,0.0,0.7780155047375586,0.11996333333333332,0.09333333333333332,0.11996333333333332
simArray_Sun_JS_frag_2Gyr_Run115_step.mat,1.4492053333333333e+24,7.164210266666667e+23,2.0356557333333334e+24,4867508.140809006,3848748.091627051,6287.640747600997,5758.967528485983,1.0918,0.4843352120390548,2403688.4606255465,0.8185834560560171,0.4943543956043956,0.24266666666666664,0.11996333333333332,0.34086666666666665
simArray_Sun_JS_frag_2Gyr_Run115_step.mat,2.03567564e+24,7.246026666666667e+23,2.440557333333334e+24,5451293.583113906,3863343.771591996,12178.85315751258,6289.430467626823,1.9364,0.5655169158788239,5156731.485498767,0.5587637362637368,0.355951926932066,0.34087,0.12133333333333332,0.40866666666666673
simArray_Sun_JS_frag_2Gyr_Run115_step.mat,5.5738666666666665e+23,5.541219733333333e+23,5.573866666666667e+23,3539828.627758874,3532903.9966048202,5742.604757386244,4580.160119146789,1.2538,0.7893220379359059,355227.42472673807,1.2110846930740738e-16,0.9941428571428571,0.09333333333333332,0.09278666666666666,0.09333333333333334
simArray_Sun_JS_frag_2Gyr_Run115_step.mat,2.44051752e+24,5.541219733333333e+23,2.440557333333334e+24,5791050.5410919245,3532903.9966048202,7271.242398418568,6547.719404249048,1.1105,0.9096540087354822,21082.74025608687,7.184940365087158e-05,0.22705101225142335,0.40865999999999997,0.09278666666666666,0.40866666666666673
simArray_Sun_JS_frag_2Gyr_Run115_step.mat,2.44051752e+24,5.541219733333333e+23,2.841676666666667e+24,5791050.5410919245,3532903.9966048202,7365.5295578397545,6547.719404249048,1.1249,0.112417981415487,4452039.053353799,0.7239545911768935,0.22705101225142335,0.40865999999999997,0.09278666666666666,0.47583333333333333
simArray_Sun_JS_frag_2Gyr_Run115_step.mat,1.3190157333333334e+24,6.099402666666666e+23,1.3190157333333334e+24,4717153.809724992,3647756.2795097483,5848.862255822657,5548.1523959615415,1.0542,0.877123717694075,51129.489313193364,0.0,0.462420766676728,0.22086666666666666,0.10213333333333333,0.22086666666666666
simArray_Sun_JS_frag_2Gyr_Run115_step.mat,3.2139910533333326e+24,1.45256956e+24,4.308001733333334e+24,6347629.938631365,4871271.754146386,7965.606513256101,7451.456046076802,1.069,0.334103603133879,5920441.97099914,0.7531554495744777,0.4519519612518815,0.5381766666666665,0.24322999999999997,0.7213666666666667
simArray_Sun_JS_frag_2Gyr_Run115_step.mat,5.003441133333333e+24,2.1621626e+24,5.003540666666667e+24,7356755.2895126315,5561938.241947547,10004.66677172471,8604.684589081198,1.1627,0.7325039723138717,1207399.8291276274,4.6034157345216304e-05,0.43213511309156744,0.8378166666666665,0.36205,0.8378333333333333
simArray_Sun_JS_frag_2Gyr_Run115_step.mat,5.003441133333333e+24,5.618258533333333e+23,5.003540666666667e+24,7356755.2895126315,3549201.191885613,11500.18396337158,8253.325651910134,1.3934,0.9304922739846352,16332.465767071531,0.0001771604719572926,0.11228789114563649,0.8378166666666665,0.09407666666666666,0.8378333333333333
simArray_Sun_JS_frag_2Gyr_Run115_step.mat,3.58278196e+24,5.464579066666667e+23,4.071510533333334e+24,6581681.138099203,3516540.4445543396,7427.217636096256,7388.0609132559985,1.0053,0.5758355803460832,1070694.1585454077,0.8943572183162732,0.15252334994638264,0.59993,0.09150333333333333,0.6817666666666667
simArray_Sun_JS_frag_2Gyr_Run115_step.mat,5.003441133333333e+24,6.099402666666666e+23,5.529076666666667e+24,7356755.2895126315,3647756.2795097483,11283.408857142467,8251.72506738516,1.3674,0.6376360414659016,1496972.8187254108,0.8617819843342052,0.12190415564264259,0.8378166666666665,0.10213333333333333,0.9258333333333333
simArray_Sun_JS_frag_2Gyr_Run116_step.mat,5.5738666666666665e+23,5.5738666666666665e+23,9.896002133333334e+23,3539828.627758874,3539828.627758874,6091.608217959095,4584.637779753966,1.3287,0.46214999999999995,3566353.4347603004,0.7754285714285717,1.0,0.09333333333333332,0.09333333333333332,0.16570666666666667
simArray_Sun_JS_frag_2Gyr_Run116_step.mat,7.803413333333333e+23,5.5738666666666665e+23,7.803413333333335e+23,3959967.142737017,3539828.627758874,5791.501586252466,4879.519408755974,1.1869,0.5667131298454827,1732491.901486587,4.815964788058559e-16,0.7142857142857143,0.13066666666666665,0.09333333333333332,0.13066666666666668
simArray_Sun_JS_frag_2Gyr_Run116_step.mat,5.5738666666666665e+23,5.5738666666666665e+23,5.573866666666667e+23,3539828.627758874,3539828.627758874,5550.162496170151,4584.637779753966,1.2106,0.86515,98181.61828484625,1.2039911970146398e-16,1.0,0.09333333333333332,0.09333333333333332,0.09333333333333334
simArray_Sun_JS_frag_2Gyr_Run116_step.mat,5.5738666666666665e+23,5.5738666666666665e+23,1.0255914666666667e+24,3539828.627758874,3539828.627758874,4672.662825125243,4584.637779753966,1.0192,0.3745,2772565.3568690885,0.8400000000000001,1.0,0.09333333333333332,0.09333333333333332,0.17173333333333332
simArray_Sun_JS_frag_2Gyr_Run116_step.mat,1.0255914666666667e+24,5.5738666666666665e+23,1.4624631733333335e+24,4337653.381064884,3539828.627758874,5366.673761863411,5179.187185739635,1.0362,0.35714483128077273,2810891.375062877,0.7837857142857145,0.5434782608695652,0.17173333333333332,0.09333333333333332,0.2448866666666667
simArray_Sun_JS_frag_2Gyr_Run116_step.mat,1.5739405066666667e+24,5.919844533333334e+23,1.5739405066666667e+24,5003333.855045126,3611604.1701424355,6674.847607590727,5793.132796034307,1.1522,0.9959696985550958,2.331696290618433,0.0,0.3761161561227329,0.2635533333333333,0.09912666666666667,0.2635533333333333
simArray_Sun_JS_frag_2Gyr_Run116_step.mat,8.918186666666668e+23,5.4721436e+23,1.2918232266666668e+24,4140208.6791202626,3518162.327476491,6475.652932383252,5008.238926823861,1.293,0.4467078480019121,3309866.6538473614,0.7309833024118738,0.6135937499999998,0.14933333333333335,0.09162999999999999,0.21631333333333333
simArray_Sun_JS_frag_2Gyr_Run116_step.mat,1.6018098399999998e+24,5.5738666666666665e+23,1.8607159466666668e+23,5032692.138470424,3539828.627758874,23512.01334255815,5798.420020853326,4.0549,0.2779201734613998,49815065.59306082,-2.5399571428571424,0.34797305694330527,0.26821999999999996,0.09333333333333332,0.031157333333333332
simArray_Sun_JS_frag_2Gyr_Run116_step.mat,1.6018098399999998e+24,6.967333333333333e+23,1.6018098399999998e+24,5032692.138470424,3813164.796205839,6692.763239667505,5889.443188725365,1.1364,0.6600181523344081,990153.8858429625,0.0,0.4349663211791316,0.26821999999999996,0.11666666666666665,0.26821999999999996
simArray_Sun_JS_frag_2Gyr_Run116_step.mat,1.6682184799999998e+24,7.1257904e+23,2.3807975199999998e+24,5101301.841498279,3841855.7987624193,6219.915429395106,5961.199376456877,1.0434,0.5729237676114038,1442515.7284804857,1.0,0.4271497100307869,0.27934,0.11931999999999998,0.39865999999999996
simArray_Sun_JS_frag_2Gyr_Run116_step.mat,2.4086668533333331e+24,6.198537866666666e+23,2.8558104000000005e+24,5765747.562203301,3667412.815021007,8059.964451057024,6546.429866030721,1.2312,0.4212536478723354,3330345.68632218,0.7213693878861853,0.25734309658010873,0.4033266666666666,0.10379333333333332,0.47820000000000007
simArray_Sun_JS_frag_2Gyr_Run116_step.mat,1.570636e+24,1.07113792e+24,1.570636e+24,4999829.882199262,4400937.254722268,8070.502609791131,6124.688935107483,1.3177,0.8074066332688971,435669.49778171023,0.0,0.681977186311787,0.263,0.17936,0.263
simArray_Sun_JS_frag_2Gyr_Run116_step.mat,1.570636e+24,1.07113792e+24,1.570636e+24,4999829.882199262,4400937.254722268,6852.301980598252,6124.688935107483,1.1188,0.811289163025081,297165.2540411296,0.0,0.681977186311787,0.263,0.17936,0.263
simArray_Sun_JS_frag_2Gyr_Run116_step.mat,1.570636e+24,1.07113792e+24,2.3770550666666665e+24,4999829.882199262,4400937.254722268,6778.805713376963,6124.688935107483,1.1068,0.31586772906817595,5640625.215918335,0.7528620279512338,0.681977186311787,0.263,0.17936,0.3980333333333333
simArray_Sun_JS_frag_2Gyr_Run116_step.mat,3.92664972e+24,7.9553012e+23,3.926590000000001e+24,6785847.558029831,3985494.869885636,7975.75721341295,7649.872638991895,1.0426,0.9258976049437978,13321.206841386806,-7.506943923056497e-05,0.20259767912275098,0.65751,0.13321,0.6575000000000001
simArray_Sun_JS_frag_2Gyr_Run116_step.mat,4.1680379599999996e+24,5.8525599999999994e+23,4.1680578666666673e+24,6922143.536699901,3597868.9210030413,9429.687443292216,7766.173153757385,1.2142,0.7035968934022923,701333.1403881947,3.401360544398928e-05,0.1404152278881836,0.6979299999999999,0.09799999999999999,0.6979333333333334
simArray_Sun_JS_frag_2Gyr_Run116_step.mat,4.2237766266666663e+24,7.9553012e+23,4.223796533333334e+24,6952863.332534154,3985494.869885636,10475.675412243289,7826.429146240784,1.3385,0.8866549150316153,75228.03196792358,2.5023146411762997e-05,0.18834568925294212,0.7072633333333332,0.13321,0.7072666666666667
simArray_Sun_JS_frag_2Gyr_Run116_step.mat,3.46889592e+24,5.8525599999999994e+23,3.4689357333333333e+24,6511191.499798035,3597868.9210030413,9148.011547004402,7316.6532408257235,1.2503,0.6587799843682897,1046399.7538571146,6.802721088430926e-05,0.16871535309713181,0.5808599999999999,0.09799999999999999,0.5808666666666666
simArray_Sun_JS_frag_2Gyr_Run116_step.mat,7.9553012e+23,5.8525599999999994e+23,7.9553012e+23,3985494.869885636,3597868.9210030413,7757.41218498528,4930.036342539104,1.5735,0.8641744475488204,160508.42952664505,0.0,0.7356805044666315,0.13321,0.09799999999999999,0.13321
simArray_Sun_JS_frag_2Gyr_Run116_step.mat,4.292713413333333e+24,7.9553012e+23,4.908187733333334e+24,6990485.573845723,3985494.869885636,8362.84909583349,7866.474551625896,1.0631,0.20208500588647155,4359592.7605495,0.7736656407176646,0.1853210413555801,0.7188066666666666,0.13321,0.8218666666666666
simArray_Sun_JS_frag_2Gyr_Run116_step.mat,4.908147919999999e+24,5.8525599999999994e+23,5.3891328e+24,7309751.161288564,3597868.9210030413,8704.313703963113,8199.24048979193,1.0616,0.24426999457152995,3048060.869085575,0.8218367346938795,0.11924172000097341,0.8218599999999998,0.09799999999999999,0.9024
simArray_Sun_JS_frag_2Gyr_Run116_step.mat,7.5414416e+23,5.5738666666666665e+23,1.0976934133333335e+24,3915147.869822687,3539828.627758874,6354.083421985809,4846.006270581001,1.3112,0.1999331311808995,6589348.522406018,0.616357142857143,0.7390983000739098,0.12628,0.09333333333333332,0.18380666666666667
simArray_Sun_JS_frag_2Gyr_Run116_step.mat,4.4224849733333335e+24,5.5897919999999995e+23,4.4224650666666674e+24,7060229.752063078,3543196.687476438,10137.179786472125,7919.0530321632095,1.2801,0.7503398031726622,489966.1757154383,-3.561253561155187e-05,0.12639482177339856,0.7405366666666666,0.09359999999999999,0.7405333333333334
simArray_Sun_JS_frag_2Gyr_Run116_step.mat,4.4224650666666674e+24,4.258832266666666e+23,4.848348293333334e+24,7060219.158784112,3236136.937827972,8280.181398469967,7928.170622816897,1.0444,0.7334940986196449,327906.6347960557,1.0000000000000002,0.09629996398991715,0.7405333333333334,0.07131333333333333,0.8118466666666667
simArray_Sun_JS_frag_2Gyr_Run117_step.mat,7.246026666666664e+23,6.131253333333331e+23,1.3377279999999994e+24,3863343.7715919954,3654094.704558684,4935.6872988059995,4873.790163726671,1.0127,0.9021823075168733,27880.73027664069,0.9999999999999998,0.8461538461538461,0.12133333333333328,0.10266666666666663,0.2239999999999999
simArray_Sun_JS_frag_2Gyr_Run117_step.mat,6.68864e+23,6.131253333333334e+23,6.68864e+23,3761629.2247258904,3654094.7045586845,5738.11757512219,4803.781980010205,1.1945,0.5880554348852943,1744524.1522058935,0.0,0.9166666666666667,0.11199999999999999,0.10266666666666667,0.11199999999999999
simArray_Sun_JS_frag_2Gyr_Run117_step.mat,6.379688533333332e+23,6.131253333333334e+23,6.379688533333334e+23,3702796.723423712,3654094.7045586845,4968.401815368277,4764.481986352395,1.0428,0.9959497469871283,2.3878332267399873,2.1890749036629812e-16,0.9610584123814281,0.10682666666666664,0.10266666666666667,0.10682666666666667
simArray_Sun_JS_frag_2Gyr_Run117_step.mat,7.246026666666667e+23,6.131253333333334e+23,1.1701536800000001e+24,3863343.771591996,3654094.7045586845,5476.1906279632885,4873.790163726672,1.1236,0.1635285731995836,5576069.898079022,0.7266883116883118,0.8461538461538461,0.12133333333333332,0.10266666666666667,0.19594
simArray_Sun_JS_frag_2Gyr_Run117_step.mat,7.246026666666667e+23,6.379688533333334e+23,1.36257152e+24,3863343.771591996,3702796.7234237124,5603.128006572086,4902.982154858318,1.1428,0.528174542881848,2176589.1786306635,1.0,0.8804395604395605,0.12133333333333332,0.10682666666666667,0.22816
simArray_Sun_JS_frag_2Gyr_Run117_step.mat,1.309679506666667e+24,6.68864e+23,1.309679506666667e+24,4705997.830501347,3761629.2247258904,6162.299195384499,5584.827982041417,1.1034,0.9779214092144437,389.44268631674817,0.0,0.5107081515708835,0.21930333333333338,0.11199999999999999,0.21930333333333338
simArray_Sun_JS_frag_2Gyr_Run117_step.mat,1.309679506666667e+24,6.68864e+23,1.309679506666667e+24,4705997.830501347,3761629.2247258904,6107.567881160493,5584.827982041417,1.0936,0.9530787819173957,3590.827719262137,0.0,0.5107081515708835,0.21930333333333338,0.11199999999999999,0.21930333333333338
simArray_Sun_JS_frag_2Gyr_Run117_step.mat,1.309679506666667e+24,7.246026666666667e+23,1.8499265333333335e+24,4705997.830501347,3863343.771591996,5926.463374507951,5629.23952745816,1.0528,0.2614033926213694,4352726.896862554,0.7455769230769229,0.5532671642017905,0.21930333333333338,0.12133333333333332,0.3097666666666667
simArray_Sun_JS_frag_2Gyr_Run117_step.mat,6.967333333333333e+23,5.5738666666666665e+23,6.967333333333333e+23,3813164.796205839,3539828.627758874,7084.252405312602,4771.504280536541,1.4847,0.7432903563586891,791994.5584561626,0.0,0.8,0.11666666666666665,0.09333333333333332,0.11666666666666665
simArray_Sun_JS_frag_2Gyr_Run117_step.mat,6.967333333333333e+23,5.5738666666666665e+23,6.967333333333333e+23,3813164.796205839,3539828.627758874,5039.185670674641,4771.504280536541,1.0561,0.846437256435256,100809.3122538105,0.0,0.8,0.11666666666666665,0.09333333333333332,0.11666666666666665
simArray_Sun_JS_frag_2Gyr_Run117_step.mat,2.0273546533333334e+24,5.573866666666667e+23,2.58474132e+24,5443855.907310387,3539828.6277588746,6397.423233299465,6197.251993896605,1.0323,0.6157881380867261,918239.0119831329,0.9999999999999999,0.27493298508488556,0.33947666666666665,0.09333333333333334,0.43281
simArray_Sun_JS_frag_2Gyr_Run117_step.mat,1.0451e+24,6.967333333333333e+23,1.0451e+24,4364984.051419797,3813164.796205839,6809.552270058304,5332.043121179473,1.2771,0.9252871881560738,20785.21555951083,0.0,0.6666666666666666,0.175,0.11666666666666665,0.175
simArray_Sun_JS_frag_2Gyr_Run117_step.mat,1.0451e+24,6.967333333333333e+23,1.0451e+24,4364984.051419797,3813164.796205839,6904.462637615299,5332.043121179473,1.2949,0.9409790682505526,10706.629723300608,0.0,0.6666666666666666,0.175,0.11666666666666665,0.175
simArray_Sun_JS_frag_2Gyr_Run117_step.mat,1.1027298e+24,6.967333333333333e+23,1.6990539066666667e+24,4443785.44689526,3813164.796205839,5550.024207427605,5393.609531027799,1.029,0.5019672596164948,1999951.9948704874,0.8558857142857144,0.6318259770737431,0.18465,0.11666666666666665,0.28450333333333333
simArray_Sun_JS_frag_2Gyr_Run117_step.mat,2.640479986666666e+24,6.131253333333334e+23,2.006592e+24,5945079.57504746,3654094.7045586845,23485.261619252135,6726.4103162686915,3.4915,0.4572531055699961,23434856.567453336,-1.0338636363636358,0.2322022270304502,0.4421433333333332,0.10266666666666667,0.33599999999999997
simArray_Sun_JS_frag_2Gyr_Run117_step.mat,2.2040143759999994e+24,8.086824546666668e+23,3.0126968306666663e+24,5597595.601444246,4007338.7156196027,7139.075805272858,6470.656943055251,1.1033,0.6307463975761027,1240504.470986286,1.0000000000000002,0.36691342101602836,0.3690579999999999,0.13541233333333336,0.5044703333333332
simArray_Sun_JS_frag_2Gyr_Run117_step.mat,1.6923254533333335e+24,5.8668928e+23,2.1266291999999999e+24,5125756.929442903,3600803.5625333306,6601.619996282382,5904.319824955175,1.1181,0.36716764406100505,3171565.6905081966,0.7402619435396303,0.34667639066966227,0.28337666666666667,0.09824,0.35609999999999997
simArray_Sun_JS_frag_2Gyr_Run117_step.mat,2.1266291999999999e+24,1.45038978e+24,3.57701898e+24,5531301.134188713,4868833.863648703,7087.460935104391,6775.7752725663395,1.046,0.7764463180027213,501163.72920623055,1.0000000000000002,0.6820134793597304,0.35609999999999997,0.242865,0.598965
simArray_Sun_JS_frag_2Gyr_Run117_step.mat,3.718007946666667e+24,5.5448029333333334e+23,4.2198152e+24,6663465.444392929,3533665.343657325,8507.635724897045,7478.582739888401,1.1376,0.6460152444103755,914981.1082823748,0.9050046671932215,0.14913370312466537,0.6225733333333333,0.09284666666666666,0.7066
simArray_Sun_JS_frag_2Gyr_Run118_step.mat,5.573866666666664e+23,5.573866666666664e+23,1.1147733333333328e+24,3539828.6277588736,3539828.6277588736,4666.702796011562,4584.637779753966,1.0179,0.6804,675737.6134743021,1.0,1.0,0.09333333333333328,0.09333333333333328,0.18666666666666656
simArray_Sun_JS_frag_2Gyr_Run118_step.mat,1.1705119999999995e+24,5.573866666666664e+23,1.7278986666666659e+24,4533030.788334286,3539828.6277588736,5541.894936558263,5345.191875538449,1.0368,0.943457322615585,4903.867636334417,1.0,0.47619047619047616,0.1959999999999999,0.09333333333333328,0.28933333333333316
simArray_Sun_JS_frag_2Gyr_Run118_step.mat,5.697487066666667e+23,5.5738666666666665e+23,5.6974870666666675e+23,3565806.9572354383,3539828.627758874,16869.753669130805,4601.553058872045,3.6661,0.8121584495237597,2232684.639717415,1.2039911970146398e-16,0.9783026449110792,0.09540333333333333,0.09333333333333332,0.09540333333333334
simArray_Sun_JS_frag_2Gyr_Run118_step.mat,6.409946666666667e+23,5.697487066666667e+23,6.409946666666667e+23,3708641.4733209005,3565806.9572354383,14745.725754968198,4713.503949292993,3.1284,0.9679395996087307,9690.405197965765,0.0,0.8888509316770186,0.10733333333333334,0.09540333333333333,0.10733333333333334
simArray_Sun_JS_frag_2Gyr_Run118_step.mat,1.7836373333333336e+24,5.5738666666666665e+23,2.1897333333333335e+24,5216336.065781067,3539828.627758874,6641.274599755554,5973.980929887159,1.1117,0.32872545707386913,3312914.737060765,0.7285714285714284,0.31249999999999994,0.2986666666666667,0.09333333333333332,0.3666666666666667
simArray_Sun_JS_frag_2Gyr_Run118_step.mat,6.409946666666667e+23,5.9166594666666664e+23,6.409946666666667e+23,3708641.4733209005,3610956.334227259,8430.951987018792,4741.28443764413,1.7782000000000002,0.963641091158766,4719.749469388236,0.0,0.9230434782608694,0.10733333333333334,0.09907333333333332,0.10733333333333334
simArray_Sun_JS_frag_2Gyr_Run118_step.mat,6.409946666666667e+23,5.697487066666667e+23,1.0356244266666666e+24,3708641.4733209005,3565806.9572354383,6419.792378937056,4713.503949292993,1.362,0.36808827078768747,5038757.318307019,0.6926382725970439,0.8888509316770186,0.10733333333333334,0.09540333333333333,0.1734133333333333
simArray_Sun_JS_frag_2Gyr_Run118_step.mat,8.3608e+23,5.9166594666666664e+23,8.3608e+23,4052092.2463936,3610956.334227259,7276.584812652073,4987.03640096777,1.4591,0.7246446575454032,927783.9161115342,0.0,0.7076666666666667,0.13999999999999999,0.09907333333333332,0.13999999999999999
simArray_Sun_JS_frag_2Gyr_Run118_step.mat,1.06349376e+24,5.9166594666666664e+23,1.52811536e+24,4390443.176732922,3610956.334227259,5433.446227573941,5254.783585661451,1.034,0.35545395352297404,2932324.4870329583,0.7852768992665365,0.5563417190775681,0.17808,0.09907333333333332,0.25588
simArray_Sun_JS_frag_2Gyr_Run118_step.mat,2.3060081733333332e+24,5.5738666666666665e+23,2.7801650666666667e+24,5682642.382497573,3539828.627758874,6519.520259877909,6437.760699000602,1.0127,0.5064330122567533,1532873.0582973259,0.8506785714285718,0.24171062059201837,0.38613666666666663,0.09333333333333332,0.4655333333333333
simArray_Sun_JS_frag_2Gyr_Run118_step.mat,2.8081339333333333e+24,8.287941599999999e+23,3.448431866666666e+24,6068331.786347695,4040287.5266077765,7336.200393299508,6930.096725202633,1.0586,0.37735651554404953,3436598.3616290726,0.772565691502137,0.29514053804983514,0.4702166666666666,0.13878,0.5774333333333332
simArray_Sun_JS_frag_2Gyr_Run118_step.mat,8.639493333333332e+23,6.341666800000001e+23,8.639493333333333e+23,4096624.2983540203,3695426.072748519,12050.48092677525,5065.994419966894,2.3787,0.9675268173599046,5927.952273859442,2.1164424469604738e-16,0.7340322580645163,0.14466666666666664,0.10619,0.14466666666666667
simArray_Sun_JS_frag_2Gyr_Run118_step.mat,8.639493333333332e+23,6.341666800000001e+23,1.36711024e+24,4096624.2983540203,3695426.072748519,5308.1489532413125,5065.994419966894,1.0478,0.3431531563825516,3351868.8400712977,0.7934205982986472,0.7340322580645163,0.14466666666666664,0.10619,0.22891999999999998
simArray_Sun_JS_frag_2Gyr_Run118_step.mat,2.1355672933333332e+24,1.6671435200000003e+24,2.1355872e+24,5539039.543816798,5100205.887187519,9337.30484339211,6907.312356407835,1.3518,0.6486446254478316,2939624.035766089,1.194058365572128e-05,0.7806560463837285,0.3575966666666666,0.27916,0.3576
simArray_Sun_JS_frag_2Gyr_Run118_step.mat,4.0514048e+24,6.549293333333334e+23,4.7063341333333336e+24,6856964.874601561,3735323.264606445,8384.41117453466,7701.30538673157,1.0887,0.7079468277592528,582553.508350094,1.0,0.16165487421383648,0.6784,0.10966666666666668,0.7880666666666667
simArray_Sun_JS_frag_2Gyr_Run119_step.mat,6.131253333333331e+23,6.131253333333331e+23,1.2262506666666662e+24,3654094.704558684,3654094.704558684,4747.774833943199,4732.630416610046,1.0032,0.93335,9439.892968470826,1.0,1.0,0.10266666666666663,0.10266666666666663,0.20533333333333326
simArray_Sun_JS_frag_2Gyr_Run119_step.mat,6.688639999999997e+23,5.573866666666664e+23,1.2262506666666662e+24,3761629.22472589,3539828.6277588736,4764.640843689045,4734.811531043471,1.0063,0.6247179248388508,925684.144146796,1.0000000000000002,0.8333333333333333,0.11199999999999995,0.09333333333333328,0.20533333333333326
simArray_Sun_JS_frag_2Gyr_Run119_step.mat,5.5738666666666665e+23,5.5738666666666665e+23,7.518548933333334e+23,3539828.627758874,3539828.627758874,10366.78294757967,4584.637779753966,2.2612,0.46175,10343560.973748349,0.3488928571428572,1.0,0.09333333333333332,0.09333333333333332,0.12589666666666666
simArray_Sun_JS_frag_2Gyr_Run119_step.mat,6.967333333333333e+23,6.473647999999999e+23,6.967333333333333e+23,3813164.796205839,3720886.3544818475,5752.045992712184,4879.9915098941065,1.1787,0.5985929633701786,1667582.7477061886,0.0,0.929142857142857,0.11666666666666665,0.10839999999999998,0.11666666666666665
simArray_Sun_JS_frag_2Gyr_Run119_step.mat,9.260581333333334e+23,6.318376e+23,9.260581333333334e+23,4192529.516056271,3690896.5057965578,7032.798323040122,5136.0536938874775,1.3693,0.9189243015298849,28560.76595831943,0.0,0.6822871883061049,0.15506666666666666,0.10579999999999999,0.15506666666666666
simArray_Sun_JS_frag_2Gyr_Run119_step.mat,7.52472e+23,5.9950917333333335e+23,1.3519811733333336e+24,3912252.0493358006,3626842.166210347,4982.179151889134,4892.643770881994,1.0183,0.5565509864912448,1431171.342218928,1.0000000000000004,0.7967195767195767,0.126,0.10038666666666667,0.2263866666666667
simArray_Sun_JS_frag_2Gyr_Run119_step.mat,1.40771984e+24,7.769173866666665e+23,1.40771984e+24,4820611.389079306,3954166.8623656034,6785.827403038491,5764.86908762084,1.1771,0.7352236190062699,627939.3754031404,0.0,0.551897731772159,0.23571999999999999,0.1300933333333333,0.23571999999999999
simArray_Sun_JS_frag_2Gyr_Run119_step.mat,1.2819893333333334e+24,7.581454000000001e+23,2.0401347333333334e+24,4672595.458750138,3922059.8208081075,6011.796981820891,5629.023391218063,1.068,0.6945837574542038,737528.2265398839,0.9999999999999998,0.5913819875776397,0.21466666666666667,0.12695,0.3416166666666667
simArray_Sun_JS_frag_2Gyr_Run119_step.mat,1.0096661333333335e+24,6.115328e+23,1.0096661333333335e+24,4315084.53679335,3650928.24309021,6770.5611672881805,5212.133308151025,1.299,0.9364140938352475,12046.077769912074,0.0,0.6056782334384857,0.16906666666666667,0.10239999999999999,0.16906666666666667
simArray_Sun_JS_frag_2Gyr_Run119_step.mat,1.7557480933333336e+24,7.467388799999999e+23,2.5024869733333335e+24,5189005.294437594,3902290.829782771,6417.469059446496,6061.650193110888,1.0587,0.7726463169939426,321117.3256112329,1.0,0.4253109445685324,0.2939966666666667,0.12503999999999998,0.41903666666666667
simArray_Sun_JS_frag_2Gyr_Run119_step.mat,2.143408529333333e+24,6.888303866666667e+23,2.8322389159999995e+24,5545810.557548013,3798692.5440802975,6339.070461459559,6360.6968306838835,0.9966,0.3503334459325227,2914266.32338894,0.9999999999999998,0.32137148716157926,0.35890966666666657,0.11534333333333334,0.47425299999999987
simArray_Sun_JS_frag_2Gyr_Run119_step.mat,1.1571148133333334e+24,5.4966288e+23,1.5030130533333333e+24,4515669.997965247,3523401.8795489618,8247.282504130357,5323.575073670512,1.5492,0.48161473304958147,4085570.644355701,0.6292916123424597,0.47502881621277543,0.19375666666666666,0.09204,0.25167666666666666
simArray_Sun_JS_frag_2Gyr_Run119_step.mat,2.88788004e+24,9.163038666666666e+23,3.6202264e+24,6125239.789240296,4177757.4121130724,8032.833479786634,7020.480230542416,1.1442,0.4940382070753228,2902315.756881268,0.7992396263306538,0.31729291174666197,0.48356999999999994,0.1534333333333333,0.6062
simArray_Sun_JS_frag_2Gyr_Run120_step.mat,6.68864e+23,6.131253333333334e+23,6.68864e+23,3761629.2247258904,3654094.7045586845,5568.54407122783,4803.781980010205,1.1592,0.9765585467447329,555.3386177184307,0.0,0.9166666666666667,0.11199999999999999,0.10266666666666667,0.11199999999999999
simArray_Sun_JS_frag_2Gyr_Run120_step.mat,6.688639999999997e+23,6.131253333333334e+23,1.2819893333333332e+24,3761629.22472589,3654094.7045586845,4972.394727508561,4803.781980010203,1.0351,0.6357877012725162,992720.108109121,1.0000000000000002,0.9166666666666672,0.11199999999999995,0.10266666666666667,0.21466666666666662
simArray_Sun_JS_frag_2Gyr_Run120_step.mat,1.5606826666666665e+24,6.68864e+23,1.560682666666667e+24,4989245.960026423,3761629.2247258904,7201.652955111717,5831.770147470821,1.2349,0.8639369484324357,98734.87648207301,8.026607980097599e-16,0.4285714285714286,0.2613333333333333,0.11199999999999999,0.26133333333333336
simArray_Sun_JS_frag_2Gyr_Run120_step.mat,1.5606826666666665e+24,6.68864e+23,1.560682666666667e+24,4989245.960026423,3761629.2247258904,6099.448397239732,5831.770147470821,1.0459,0.9178724300675629,16590.84233266125,8.026607980097599e-16,0.4285714285714286,0.2613333333333333,0.11199999999999999,0.26133333333333336
simArray_Sun_JS_frag_2Gyr_Run120_step.mat,7.246026666666667e+23,7.246026666666667e+23,1.4492053333333333e+24,3863343.771591996,3863343.771591996,5085.200393257604,5003.641044236549,1.0163,0.58745,1440167.0375436423,1.0,1.0,0.12133333333333332,0.12133333333333332,0.24266666666666664
simArray_Sun_JS_frag_2Gyr_Run120_step.mat,6.131253333333334e+23,5.5738666666666665e+23,6.131253333333334e+23,3654094.7045586845,3539828.627758874,7028.344364361683,4660.39676703248,1.5081,0.8085926262315352,389280.37777269224,0.0,0.9090909090909091,0.10266666666666667,0.09333333333333332,0.10266666666666667
simArray_Sun_JS_frag_2Gyr_Run120_step.mat,6.2341708e+23,6.131253333333334e+23,1.0994451999999999e+24,3674426.8918556077,3654094.7045586845,4977.449482540353,4745.851909363418,1.0488,0.14269479589631937,5116575.5331166675,0.7763961038961037,0.9834913944502985,0.10439,0.10266666666666667,0.18409999999999999
simArray_Sun_JS_frag_2Gyr_Run120_step.mat,1.0994451999999999e+24,6.131253333333334e+23,1.0994451999999999e+24,4439368.960436961,3654094.7045586845,5574.007661246213,5314.652613697762,1.0488,0.9395476902207803,6675.737964378901,0.0,0.5576679340937897,0.18409999999999999,0.10266666666666667,0.18409999999999999
simArray_Sun_JS_frag_2Gyr_Run120_step.mat,5.5738666666666665e+23,5.5738666666666665e+23,5.573866666666667e+23,3539828.627758874,3539828.627758874,8126.728928391881,4584.637779753966,1.7726,0.9082,70237.06319596905,1.2039911970146398e-16,1.0,0.09333333333333332,0.09333333333333332,0.09333333333333334
simArray_Sun_JS_frag_2Gyr_Run120_step.mat,2.0252644533333332e+24,5.5738666666666665e+23,2.0253042666666668e+24,5441984.3945435025,3539828.627758874,18332.162208623966,6195.391080981401,2.959,0.8538797888785493,595378.8270373855,7.142857142900631e-05,0.2752167331773772,0.33912666666666663,0.09333333333333332,0.33913333333333334
simArray_Sun_JS_frag_2Gyr_Run120_step.mat,8.902062266666667e+23,5.5738666666666665e+23,8.902062266666667e+23,4137711.958743122,3539828.627758874,6872.565474423494,5016.837341720925,1.3699,0.9508468404120226,5940.820411640756,0.0,0.6261320691428699,0.14906333333333333,0.09333333333333332,0.14906333333333333
simArray_Sun_JS_frag_2Gyr_Run120_step.mat,1.5684661733333332e+24,1.9665796000000002e+23,1.5684661733333332e+24,4997526.406858721,2501308.2867646855,6304.422222324967,5605.425644460715,1.1247,0.6852340212142022,339349.1654546722,0.0,0.12538234062266,0.26263666666666663,0.03293,0.26263666666666663
simArray_Sun_JS_frag_2Gyr_Run120_step.mat,2.3338177866666668e+24,5.8525599999999994e+23,2.7632444000000004e+24,5705394.692711203,3597868.9210030413,7036.749980931268,6471.764904746867,1.0873,0.2551808516032502,3683058.3191670943,0.7337414965986399,0.2507719340145686,0.3907933333333333,0.09799999999999999,0.46270000000000006
simArray_Sun_JS_frag_2Gyr_Run120_step.mat,1.1754886666666668e+24,8.902062266666667e+23,1.8142537866666668e+24,4539446.068318413,4137711.958743122,6288.84223272643,5637.183786954491,1.1156,0.16275163682043695,6960739.713580759,0.717547351237729,0.7573073666384419,0.19683333333333333,0.14906333333333333,0.30379333333333336
simArray_Sun_JS_frag_2Gyr_Run120_step.mat,3.0767345866666665e+24,5.6311978666666666e+23,3.0767744e+24,6255951.7408316955,3551923.8081664583,9815.01367855637,7038.3748143107705,1.3945,0.7936127571212783,346267.96220842254,7.070135746601711e-05,0.18302514266488956,0.5151933333333333,0.09429333333333333,0.5152
simArray_Sun_JS_frag_2Gyr_Run120_step.mat,5.1229806666666674e+23,2.786933333333334e+22,5.1229806666666674e+23,3441683.668084646,1304084.016445267,5255.515749816435,3897.883074847167,1.3483,0.7327533519115325,93752.03054774209,0.0,0.0544006217213911,0.08578333333333334,0.004666666666666667,0.08578333333333334
simArray_Sun_JS_frag_2Gyr_Run120_step.mat,3.2293789066666666e+24,5.423571333333333e+23,3.6580490666666664e+24,6357744.147219882,3507721.9804302747,7776.748078127869,7143.806796002084,1.0886,0.3934332905973136,2502629.4028795264,0.7903835566158927,0.1679447190955827,0.5407533333333333,0.09081666666666666,0.6125333333333333
simArray_Sun_JS_frag_2Gyr_Run120_step.mat,1.84218284e+24,1.6034819999999998e+24,1.8421828400000001e+24,5272795.84208743,5034442.770706895,7151.719118149495,6680.103790537545,1.0706,0.7909778008743834,496647.38971682405,1.6740783869104863e-16,0.8704250008104515,0.30846999999999997,0.26849999999999996,0.30847
simArray_Sun_JS_frag_2Gyr_Run120_step.mat,1.8421828400000001e+24,1.6034819999999998e+24,3.44566484e+24,5272795.84208743,5034442.770706895,7352.790242244676,6680.103790537545,1.1007,0.516473410789534,3919177.1611614455,1.0000000000000002,0.8704250008104514,0.30847,0.26849999999999996,0.57697
simArray_Sun_JS_frag_2Gyr_Run120_step.mat,4.0375059653333334e+24,2.7869333333333334e+22,4.0653752986666673e+24,6849114.6746691605,1304084.016445267,8969.327901363407,8158.384483685108,1.0994,0.4969750394958709,138622.55381794387,1.0000000000000202,0.006902611060546746,0.6760726666666667,0.004666666666666666,0.6807393333333334
simArray_Sun_JS_frag_2Gyr_Run120_step.mat,3.6488919999999993e+24,6.131253333333334e+23,3.648892e+24,6621916.7277789265,3654094.7045586845,8286.695787198176,7440.6894021713,1.1137,0.8216812598144548,157337.1489190245,8.756299614651925e-16,0.16803055100927444,0.6109999999999999,0.10266666666666667,0.611
simArray_Sun_JS_frag_2Gyr_Run120_step.mat,3.648892e+24,6.131253333333334e+23,4.262017333333334e+24,6621916.7277789265,3654094.7045586845,7798.5865624157395,7440.6894021713,1.0481,0.7652313512898323,293099.92312126816,1.0000000000000009,0.16803055100927444,0.611,0.10266666666666667,0.7136666666666667
simArray_Sun_JS_frag_2Gyr_Run120_step.mat,2.1466354000000002e+24,7.026257066666667e+23,2.1465358666666664e+24,5548592.208073405,3823884.1275923504,24705.122424162084,6370.254866732526,3.8782,0.7027741201264994,8139275.56435798,-0.00014165911151472403,0.32731487921361335,0.35945,0.11765333333333333,0.35943333333333327
simArray_Sun_JS_frag_2Gyr_Run120_step.mat,4.991644442666667e+24,2.7869333333333334e+22,5.019513776000001e+24,7350969.027705181,1304084.016445267,10900.591654649306,8798.604935547104,1.2389,0.8427021107881608,27708.483796843117,1.0000000000000009,0.0055831968108779806,0.8358413333333334,0.004666666666666666,0.840508
simArray_Sun_JS_frag_2Gyr_Run120_step.mat,4.547478933333334e+24,5.5738666666666665e+23,4.547478933333334e+24,7126127.8636286,3539828.627758874,9604.39541404847,7993.005504367901,1.2016,0.9569468005346704,2932.9844738019797,0.0,0.12257047802486427,0.7614666666666667,0.09333333333333332,0.7614666666666667
simArray_Sun_JS_frag_2Gyr_Run120_step.mat,4.547478933333334e+24,5.5738666666666665e+23,4.547478933333334e+24,7126127.8636286,3539828.627758874,8934.58155278244,7993.005504367901,1.1178,0.9886156397061733,48.554215063773256,0.0,0.12257047802486427,0.7614666666666667,0.09333333333333332,0.7614666666666667
simArray_Sun_JS_frag_2Gyr_Run120_step.mat,4.547478933333334e+24,5.5738666666666665e+23,5.016878133333333e+24,7126127.8636286,3539828.627758874,8669.213770037426,7993.005504367901,1.0846,0.48331726279884146,1878456.7021826357,0.8421428571428563,0.12257047802486427,0.7614666666666667,0.09333333333333332,0.8400666666666666
simArray_Sun_JS_frag_2Gyr_Run121_step.mat,6.131253333333334e+23,6.131253333333334e+23,1.2262506666666667e+24,3654094.7045586845,3654094.7045586845,4826.809761900588,4732.630416610047,1.0199,0.9579,2519.912612890777,1.0,1.0,0.10266666666666667,0.10266666666666667,0.20533333333333334
simArray_Sun_JS_frag_2Gyr_Run121_step.mat,1.3098586666666668e+24,5.978768266666667e+23,1.9077354933333333e+24,4706212.409239697,3623547.445924508,5507.062907667834,5529.179626172524,0.9960000000000001,0.15237720040452776,4020122.7868029694,0.9999999999999997,0.45644376899696043,0.21933333333333335,0.10011333333333333,0.31944666666666666
simArray_Sun_JS_frag_2Gyr_Run121_step.mat,1.00884996e+24,7.510785333333333e+23,1.00884996e+24,4313921.509988166,3909835.5866769454,6125.12352480157,5344.784925655821,1.146,0.8661145655712347,96823.63634502035,0.0,0.744489828133941,0.16893,0.12576666666666667,0.16893
simArray_Sun_JS_frag_2Gyr_Run121_step.mat,1.1203272933333334e+24,5.9449269333333334e+23,1.54818128e+24,4467298.962058958,3616697.7757888045,6330.696956086907,5321.2549013086555,1.1897,0.3691436059943128,3732991.3487117556,0.7196959549959816,0.5306419801346861,0.18759666666666666,0.09954666666666666,0.25923999999999997
simArray_Sun_JS_frag_2Gyr_Run121_step.mat,1.5815110119999998e+24,7.153659733333333e+23,2.296876985333333e+24,5011342.882438878,3846857.8486403553,5883.793150125795,5883.204829642831,1.0001,0.6816471225206644,666794.9664049435,1.0,0.4523306938145641,0.264821,0.11978666666666667,0.3846076666666666
simArray_Sun_JS_frag_2Gyr_Run121_step.mat,2.3673207066666664e+24,7.866119333333333e+23,2.3673008e+24,5732566.185711448,3970545.911992258,7084.99153486588,6587.013327320454,1.0756,0.8230979019425391,170104.4746675797,-2.5306845501350405e-05,0.3322794123830106,0.3964033333333333,0.13171666666666665,0.3964
simArray_Sun_JS_frag_2Gyr_Run121_step.mat,2.3673207066666664e+24,5.796025066666667e+23,2.3673008e+24,5732566.185711448,3586246.4416638906,8281.249968139324,6497.136331507393,1.2746000000000002,0.9650639187362957,1754.2665765760337,-3.434537711175509e-05,0.2448348062999807,0.3964033333333333,0.09705333333333332,0.3964
simArray_Sun_JS_frag_2Gyr_Run121_step.mat,2.3673008e+24,6.373119333333334e+23,3.0046127333333337e+24,5732550.117390871,3701525.3569674455,7373.720000146179,6520.222831502501,1.1309,0.632131034284242,1086919.9636487598,1.0000000000000004,0.2692145980491087,0.3964,0.10671666666666667,0.5031166666666667
simArray_Sun_JS_frag_2Gyr_Run121_step.mat,3.0338954399999994e+24,5.306321066666666e+23,3.0339750666666666e+24,6226780.858952531,3482260.206791512,9841.339572915565,7000.526086865532,1.4058,0.7919887896911688,345990.2358241874,0.00015006002401051746,0.1749012506069315,0.5080199999999999,0.08885333333333333,0.5080333333333333
simArray_Sun_JS_frag_2Gyr_Run121_step.mat,3.458365293333334e+24,4.405743466666667e+23,3.4583852000000004e+24,6504596.084503188,3272927.9680765886,8587.230727003773,7295.8629796123805,1.177,0.9271729237608158,11209.022031477329,4.518344478580092e-05,0.12739381450419907,0.5790966666666667,0.07377333333333333,0.5791000000000001
simArray_Sun_JS_frag_2Gyr_Run121_step.mat,3.458365293333334e+24,4.405743466666667e+23,3.815908933333333e+24,6504596.084503188,3272927.9680765886,8658.730184203974,7295.8629796123805,1.1868,0.48969791861974354,1882339.2419052813,0.8115398517982991,0.12739381450419907,0.5790966666666667,0.07377333333333333,0.6389666666666666
simArray_Sun_JS_frag_2Gyr_Run121_step.mat,2.5357311066666666e+24,6.68864e+23,2.5357112e+24,5865401.934706193,3761629.2247258904,7359.144438002133,6665.891701088888,1.104,0.8290253018175059,145007.05765910307,-2.9761904761885297e-05,0.26377560232687763,0.4246033333333333,0.11199999999999999,0.4246
simArray_Sun_JS_frag_2Gyr_Run121_step.mat,2.1753806266666663e+24,9.914515333333334e+23,2.7353750666666665e+24,5573249.223160106,4288978.556521137,9259.433349727984,6547.007954272774,1.4143,0.32889435534655825,8145529.041790008,0.5648228089549243,0.4557600270866316,0.3642633333333333,0.16601666666666667,0.4580333333333333
simArray_Sun_JS_frag_2Gyr_Run121_step.mat,2.7884064266666667e+24,5.5738666666666665e+23,3.2818130666666666e+24,6054088.1057708375,3539828.627758874,7924.123747191828,6822.906618901178,1.1614,0.6273740498207261,1076721.8859239954,0.8852142857142856,0.19989434156231706,0.4669133333333333,0.09333333333333332,0.5495333333333333
simArray_Sun_JS_frag_2Gyr_Run121_step.mat,3.281753346666667e+24,6.68864e+23,3.807349066666667e+24,6391930.206352274,3761629.2247258904,7809.9860581327375,7206.778682414632,1.0837,0.4062331628782456,2797958.231843793,0.7858035714285713,0.2038130015710585,0.5495233333333334,0.11199999999999999,0.6375333333333334
simArray_Sun_JS_frag_2Gyr_Run121_step.mat,4.206159226666667e+24,5.9887216e+23,4.2060796000000005e+24,6943183.048343096,3625557.1341115655,12216.753548677078,7790.303244915876,1.5682,0.7696880724670674,618619.2604563286,-0.00013296104241448557,0.14237981201548552,0.7043133333333333,0.10028,0.7043
simArray_Sun_JS_frag_2Gyr_Run121_step.mat,4.358305880000002e+24,2.9443950666666666e+23,4.6527453866666687e+24,7025910.5190755455,2861510.9081749297,8024.648392802395,7925.578659557922,1.0125,0.9526180016878196,1955.2144599328465,1.0000000000000007,0.06755824734969418,0.7297900000000003,0.04930333333333333,0.7790933333333336
simArray_Sun_JS_frag_2Gyr_Run122_step.mat,5.573866666666664e+23,5.573866666666664e+23,1.1147733333333328e+24,3539828.6277588736,3539828.6277588736,4577.760823084335,4584.637779753966,0.9984999999999999,0.517,1627610.989850195,1.0,1.0,0.09333333333333328,0.09333333333333328,0.18666666666666656
simArray_Sun_JS_frag_2Gyr_Run122_step.mat,6.68864e+23,5.5738666666666665e+23,1.1552833999999999e+24,3761629.2247258904,3539828.627758874,4876.855876974777,4734.811531043472,1.03,0.5114794291439974,1721345.1469750681,0.8726785714285714,0.8333333333333334,0.11199999999999999,0.09333333333333332,0.19344999999999998
simArray_Sun_JS_frag_2Gyr_Run122_step.mat,6.131253333333334e+23,6.131253333333334e+23,1.1446333333333334e+24,3654094.7045586845,3654094.7045586845,4882.6548008165855,4732.630416610047,1.0317,0.46865,2238054.66875107,0.8668831168831168,1.0,0.10266666666666667,0.10266666666666667,0.19166666666666665
simArray_Sun_JS_frag_2Gyr_Run122_step.mat,5.5738666666666665e+23,5.5738666666666665e+23,5.573866666666667e+23,3539828.627758874,3539828.627758874,4798.740364068476,4584.637779753966,1.0467,0.87845,54739.57686620419,1.2039911970146398e-16,1.0,0.09333333333333332,0.09333333333333332,0.09333333333333334
simArray_Sun_JS_frag_2Gyr_Run122_step.mat,1.1705119999999999e+24,5.5738666666666665e+23,1.1705120000000001e+24,4533030.788334287,3539828.627758874,6987.234819703861,5345.1918755384495,1.3072,0.9973627523091312,0.829509011060886,4.815964788058559e-16,0.4761904761904762,0.19599999999999998,0.09333333333333332,0.196
simArray_Sun_JS_frag_2Gyr_Run122_step.mat,6.131253333333334e+23,5.5738666666666665e+23,6.131253333333334e+23,3654094.7045586845,3539828.627758874,5082.1626744489195,4660.39676703248,1.0905,0.6829278132849418,744245.0782117104,0.0,0.9090909090909091,0.10266666666666667,0.09333333333333332,0.10266666666666667
simArray_Sun_JS_frag_2Gyr_Run122_step.mat,1.1446333333333334e+24,6.131253333333334e+23,1.7577586666666667e+24,4499374.835191797,3654094.7045586845,5649.852469009416,5364.463035519765,1.0532,0.724008320015419,475471.21504578914,1.0,0.5356521739130435,0.19166666666666665,0.10266666666666667,0.29433333333333334
simArray_Sun_JS_frag_2Gyr_Run122_step.mat,1.1705119999999999e+24,5.5738666666666665e+23,1.6276686e+24,4533030.788334287,3539828.627758874,5784.56664770771,5345.1918755384495,1.0822,0.4834643225639916,1998152.707032267,0.8201785714285718,0.4761904761904762,0.19599999999999998,0.09333333333333332,0.27255
simArray_Sun_JS_frag_2Gyr_Run122_step.mat,8.0544364e+23,3.8961328000000006e+23,8.0544364e+23,4001981.691894768,3141530.6107972446,8258.917785596244,4725.592370313123,1.7476999999999998,0.9948494224316772,8.701358047987279,0.0,0.483725068584563,0.13487,0.06524,0.13487
simArray_Sun_JS_frag_2Gyr_Run122_step.mat,1.1896224e+24,6.68864e+23,1.5768866933333333e+24,4557567.292206244,3761629.2247258904,7144.920438514791,5460.807427785686,1.3084,0.16818609295495873,7546514.736191571,0.5789880952380952,0.5622489959839357,0.1992,0.11199999999999999,0.26404666666666665
simArray_Sun_JS_frag_2Gyr_Run122_step.mat,6.309418e+23,5.5738666666666665e+23,6.309418e+23,3689151.400805542,3539828.627758874,12683.29527032378,4684.33124180964,2.7076,0.9407897906083439,43841.05453659497,0.0,0.883420097807225,0.10565000000000001,0.09333333333333332,0.10565000000000001
simArray_Sun_JS_frag_2Gyr_Run122_step.mat,1.5768866933333333e+24,6.131253333333334e+23,2.073080266666667e+24,5006453.745847741,3654094.7045586845,6435.6225900786885,5809.896713982747,1.1077,0.487144503120689,2165230.948539985,0.8092857142857147,0.38882015805286946,0.26404666666666665,0.10266666666666667,0.34713333333333335
simArray_Sun_JS_frag_2Gyr_Run122_step.mat,2.219740642666667e+24,8.890516399999997e+23,3.1087922826666667e+24,5610877.53777889,4135922.3307552673,6754.7137792593585,6525.032630660123,1.0352,0.9563498768046345,3045.4061193365187,1.0,0.40052050357196006,0.3716913333333334,0.14886999999999995,0.5205613333333333
simArray_Sun_JS_frag_2Gyr_Run122_step.mat,2.1011884799999996e+24,6.497934133333334e+23,2.5733348e+24,5509155.730690881,3725533.5628418545,7069.601501485199,6305.950853166711,1.1211,0.3354523545840293,3668549.761378861,0.7266098890999332,0.30925041685614685,0.35183999999999993,0.10880666666666668,0.4309
simArray_Sun_JS_frag_2Gyr_Run122_step.mat,1.6276686e+24,5.573866666666667e+23,2.1850552666666667e+24,5059629.396098618,3539828.6277588746,5879.2219459437265,5823.894943975954,1.0095,0.7765255506155161,225328.49788547689,0.9999999999999999,0.3424448113495995,0.27255,0.09333333333333334,0.36588333333333334
simArray_Sun_JS_frag_2Gyr_Run122_step.mat,3.892051933333333e+24,3.501184533333333e+23,3.8921514666666663e+24,6765858.656991288,3031575.433513718,8679.760450551043,7602.487913244323,1.1417,0.9740554054795697,450.13962817178873,0.0002842847395949926,0.08995729227936476,0.6517166666666666,0.05862666666666666,0.6517333333333333
simArray_Sun_JS_frag_2Gyr_Run122_step.mat,4.7060554399999994e+24,4.061358133333333e+23,5.080579466666666e+24,7208015.718348954,3185325.423000553,10195.957382934132,8102.962237093008,1.2583,0.6906790373063466,673526.024550645,0.9221644936770902,0.0863006861077976,0.7880199999999998,0.06800666666666666,0.8507333333333331
simArray_Sun_JS_frag_2Gyr_Run122_step.mat,2.1850552666666667e+24,7.557167866666666e+23,2.7584668e+24,5581499.035315063,3917867.4166583936,8872.443516484269,6428.375247416511,1.3802,0.5479047341467734,2936727.792815375,0.7587651133998897,0.3458570582608299,0.36588333333333334,0.1265433333333333,0.46190000000000003
simArray_Sun_JS_frag_2Gyr_Run122_step.mat,3.0805168533333334e+24,2.844622853333333e+24,3.080556666666667e+24,6258514.196559407,6094502.744006468,9483.579329707316,8001.670038565066,1.1852,0.8469982745226221,387506.7256623611,1.3995997144996162e-05,0.9234238891617338,0.5158266666666667,0.4763266666666666,0.5158333333333334
simArray_Sun_JS_frag_2Gyr_Run123_step.mat,6.131253333333334e+23,5.5738666666666665e+23,1.08320136e+24,3654094.7045586845,3539828.627758874,4672.513798626765,4660.39676703248,1.0026,0.39436605000701286,2501096.708278809,0.8433571428571427,0.9090909090909091,0.10266666666666667,0.09333333333333332,0.18137999999999999
simArray_Sun_JS_frag_2Gyr_Run123_step.mat,6.688639999999997e+23,6.131253333333331e+23,1.2819893333333326e+24,3761629.22472589,3654094.704558684,5251.014082349153,4803.781980010203,1.0931,0.5759321493735559,1556507.5237746602,0.9999999999999998,0.9166666666666667,0.11199999999999995,0.10266666666666663,0.21466666666666653
simArray_Sun_JS_frag_2Gyr_Run123_step.mat,7.246026666666667e+23,6.131253333333334e+23,1.2247576666666666e+24,3863343.771591996,3654094.7045586845,5984.039563023608,4873.790163726672,1.2278,0.5036906178281331,2698236.6682644826,0.8157467532467532,0.8461538461538461,0.12133333333333332,0.10266666666666667,0.2050833333333333
simArray_Sun_JS_frag_2Gyr_Run123_step.mat,7.246026666666667e+23,5.5738666666666665e+23,1.1180778400000001e+24,3863343.771591996,3539828.627758874,6235.7846711378625,4807.852483529578,1.297,0.3741662809952047,4350809.160643514,0.7059285714285716,0.7692307692307692,0.12133333333333332,0.09333333333333332,0.18722
simArray_Sun_JS_frag_2Gyr_Run123_step.mat,1.4202212266666666e+24,1.1180778400000001e+24,2.5382990666666665e+24,4834839.316607148,4464307.064440871,6427.406314287293,6036.256869165377,1.0648,0.5554856450470154,2378889.3297013016,0.9999999999999999,0.7872561112357032,0.2378133333333333,0.18722,0.42503333333333326
simArray_Sun_JS_frag_2Gyr_Run123_step.mat,1.6408468133333334e+24,6.131253333333334e+23,1.9952452e+24,5073247.592836529,3654094.7045586845,7810.893535322044,5871.527877412646,1.3303,0.26042463377070885,5963042.1557482835,0.5780194805194803,0.3736639693304379,0.27475666666666665,0.10266666666666667,0.33409999999999995
simArray_Sun_JS_frag_2Gyr_Run123_step.mat,1.31915508e+24,5.5738666666666665e+23,1.31915508e+24,4717319.917552442,3539828.627758874,7755.600403661641,5507.847740687197,1.4081,0.803649576074186,314692.3596362758,0.0,0.42253308584966875,0.22088999999999998,0.09333333333333332,0.22088999999999998
simArray_Sun_JS_frag_2Gyr_Run123_step.mat,8.712351733333334e+23,5.5738666666666665e+23,8.712351733333334e+23,4108107.9337320672,3539828.627758874,11810.108074338883,4993.492061366912,2.3651,0.9594617230718397,10060.089435725307,0.0,0.6397660284238906,0.14588666666666666,0.09333333333333332,0.14588666666666666
simArray_Sun_JS_frag_2Gyr_Run123_step.mat,8.712351733333334e+23,5.573866666666667e+23,1.42862184e+24,4108107.9337320672,3539828.6277588746,5422.932378644467,4993.492061366912,1.086,0.6073582859015391,1145337.6217644124,0.9999999999999999,0.6397660284238907,0.14588666666666666,0.09333333333333334,0.23922
simArray_Sun_JS_frag_2Gyr_Run123_step.mat,1.40276308e+24,5.5738666666666665e+23,1.40276308e+24,4814946.740631208,3539828.627758874,6990.243503700598,5596.224084301175,1.2491,0.5889895720647388,1600651.9123552993,0.0,0.3973491137695659,0.23489,0.09333333333333332,0.23489
simArray_Sun_JS_frag_2Gyr_Run123_step.mat,3.256710759999999e+24,5.8525599999999994e+23,3.723940133333333e+24,6375630.041740355,3597868.9210030413,9956.013866056697,7170.854124212545,1.3884,0.58274677400195,2061352.2908920215,0.7983333333333341,0.1797076999248162,0.5453299999999999,0.09799999999999999,0.6235666666666666
simArray_Sun_JS_frag_2Gyr_Run123_step.mat,3.723940133333333e+24,5.8525599999999994e+23,4.204686133333333e+24,6667007.477014982,3597868.9210030413,8152.801834398754,7485.815659166977,1.0891,0.4665987183647288,2100450.930147579,0.8214285714285718,0.15716042123269364,0.6235666666666666,0.09799999999999999,0.7040666666666666
simArray_Sun_JS_frag_2Gyr_Run123_step.mat,1.540541101333333e+24,1.48637108e+24,3.0269121813333326e+24,4967689.869583827,4908767.481343277,6627.668254342855,6396.12840604406,1.0362,0.6967823108848323,1175693.493885843,0.9999999999999997,0.9648370164960552,0.2579606666666666,0.24889,0.5068506666666666
simArray_Sun_JS_frag_2Gyr_Run123_step.mat,3.446114730666667e+24,5.640753066666667e+23,4.0101900373333334e+24,6496906.590566082,3553931.6795992684,7357.034775668353,7297.921610622312,1.0081,0.8091044508746015,147173.95187441207,0.9999999999999998,0.16368442456283042,0.5770453333333333,0.09445333333333333,0.6714986666666667
simArray_Sun_JS_frag_2Gyr_Run124_step.mat,7.80341333333333e+23,6.131253333333331e+23,1.393466666666666e+24,3959967.1427370165,3654094.704558684,5070.148113267511,4942.62830304885,1.0258,0.9972129399212484,0.7101098461249798,1.0,0.7857142857142858,0.1306666666666666,0.10266666666666663,0.23333333333333323
simArray_Sun_JS_frag_2Gyr_Run124_step.mat,6.131253333333334e+23,6.131253333333334e+23,1.1178787733333334e+24,3654094.7045586845,3654094.7045586845,5139.636632438512,4732.630416610047,1.086,0.38909999999999995,3216628.2612670083,0.8232467532467532,1.0,0.10266666666666667,0.10266666666666667,0.18718666666666667
simArray_Sun_JS_frag_2Gyr_Run124_step.mat,6.131253333333334e+23,5.5738666666666665e+23,6.131253333333334e+23,3654094.7045586845,3539828.627758874,6252.854342327478,4660.39676703248,1.3417,0.8874759950698775,70100.48152096623,0.0,0.9090909090909091,0.10266666666666667,0.09333333333333332,0.10266666666666667
simArray_Sun_JS_frag_2Gyr_Run124_step.mat,7.803413333333333e+23,6.131253333333334e+23,1.2059060533333333e+24,3959967.142737017,3654094.7045586845,5808.57678174301,4942.628303048851,1.1752,0.17755736814911555,5906187.04610144,0.6940909090909091,0.7857142857142858,0.13066666666666665,0.10266666666666667,0.20192666666666664
simArray_Sun_JS_frag_2Gyr_Run124_step.mat,1.6548212933333333e+24,5.988920666666667e+23,1.6548212933333333e+24,5087609.217666126,3625597.3051544605,7108.13841208646,5875.95140289862,1.2097,0.7734874541296455,353258.3307510575,0.0,0.36190739693729024,0.27709666666666666,0.10028333333333334,0.27709666666666666
simArray_Sun_JS_frag_2Gyr_Run124_step.mat,1.3697120413333334e+24,1.3031501200000002e+24,2.6728621613333333e+24,4776830.19297503,4698164.238468341,6183.692968950313,6136.442362757083,1.0077,0.5485165492772877,2517214.487876711,0.9999999999999998,0.9514044417186118,0.22935566666666665,0.21821000000000002,0.44756566666666664
simArray_Sun_JS_frag_2Gyr_Run124_step.mat,1.8499066266666663e+24,5.4580098666666664e+23,1.8499066266666669e+24,5280154.71436749,3515130.752534111,7338.383001092516,6029.895645926471,1.217,0.8787164992544931,58702.39437729445,9.836385882678508e-16,0.29504245176425015,0.3097633333333333,0.09139333333333333,0.30976333333333333
simArray_Sun_JS_frag_2Gyr_Run124_step.mat,3.1004036133333333e+24,5.814737333333333e+23,3.100463333333333e+24,6271952.926170042,3590101.653405267,7613.58089788826,7059.416687888975,1.0785,0.9142678590864516,17725.782101564568,0.00010270455323512626,0.18754775372880378,0.5191566666666666,0.09736666666666666,0.5191666666666667
simArray_Sun_JS_frag_2Gyr_Run124_step.mat,3.1561422799999995e+24,5.814737333333333e+23,3.6156478666666673e+24,6309315.374176566,3590101.653405267,7922.72506346795,7099.216006691711,1.116,0.43492225848675087,2460812.5113629084,0.7902430674426587,0.18423558944666255,0.5284899999999999,0.09736666666666666,0.6054333333333334
simArray_Sun_JS_frag_2Gyr_Run124_step.mat,6.68864e+23,5.5738666666666665e+23,6.68864e+23,3761629.2247258904,3539828.627758874,5740.958981390209,4734.811531043472,1.2125,0.9803012266067669,329.874627326818,0.0,0.8333333333333334,0.11199999999999999,0.09333333333333332,0.11199999999999999
simArray_Sun_JS_frag_2Gyr_Run124_step.mat,2.5536272e+24,5.573866666666667e+23,3.111013866666667e+24,5879168.090064184,3539828.6277588746,6707.039768364033,6639.976010656404,1.0101,0.755447459275604,283040.9358072795,1.0000000000000009,0.21827252884315562,0.4276,0.09333333333333334,0.5209333333333334
simArray_Sun_JS_frag_2Gyr_Run124_step.mat,1.40127008e+24,6.551682133333334e+23,1.40127008e+24,4813237.906716421,3735777.3520488725,10438.89267918607,5666.536032562192,1.8422,0.9314547409079862,30273.13398183327,0.0,0.467553131037618,0.23464,0.10970666666666667,0.23464
simArray_Sun_JS_frag_2Gyr_Run124_step.mat,1.40127008e+24,6.551682133333334e+23,1.9112191600000004e+24,4813237.906716421,3735777.3520488725,5851.2651072237195,5666.536032562192,1.0326,0.35492569431116683,3085875.976003901,0.7783483228001951,0.467553131037618,0.23464,0.10970666666666667,0.32003000000000004
simArray_Sun_JS_frag_2Gyr_Run124_step.mat,3.194641773333334e+24,5.706644133333333e+23,3.1946218666666673e+24,6334866.018731602,3567716.2700126357,9582.93078328843,7124.325911299108,1.3451,0.9183800135473911,23656.932373614894,-3.488331531026428e-05,0.17863173833662546,0.5349366666666667,0.09555666666666665,0.5349333333333334
simArray_Sun_JS_frag_2Gyr_Run124_step.mat,2.2375889599999995e+24,5.706644133333333e+23,2.2375093333333334e+24,5625875.912147557,3567716.2700126357,10215.48708870264,6385.477615141043,1.5997999999999999,0.8799617604712263,101084.65687185814,-0.00013953326124011633,0.25503540799259816,0.3746799999999999,0.09555666666666665,0.37466666666666665
simArray_Sun_JS_frag_2Gyr_Run124_step.mat,2.2375889599999995e+24,5.904914533333333e+23,2.7266161333333335e+24,5625875.912147557,3608565.4279459585,7122.043585801283,6393.790812282327,1.1139,0.5228999911918168,1800682.798029375,0.8281697737922676,0.2638963026226825,0.3746799999999999,0.09887666666666665,0.4565666666666667
simArray_Sun_JS_frag_2Gyr_Run125_step.mat,6.131253333333334e+23,5.5738666666666665e+23,1.0576212933333335e+24,3654094.7045586845,3539828.627758874,5896.3339896494945,4660.39676703248,1.2652,0.48147807676667626,2967176.6358911037,0.797464285714286,0.9090909090909091,0.10266666666666667,0.09333333333333332,0.17709666666666668
simArray_Sun_JS_frag_2Gyr_Run125_step.mat,5.5738666666666665e+23,5.5738666666666665e+23,9.5414644e+23,3539828.627758874,3539828.627758874,6085.648188845415,4584.637779753966,1.3274,0.33940000000000003,5169230.603150213,0.7118214285714287,1.0,0.09333333333333332,0.09333333333333332,0.15977
simArray_Sun_JS_frag_2Gyr_Run125_step.mat,1.0576212933333335e+24,6.688640000000001e+23,1.7264852933333334e+24,4382347.11494942,3761629.224725891,5609.0130043812605,5319.625383517888,1.0544,0.5984848503920219,1280776.306540995,0.9999999999999998,0.6324229705057501,0.17709666666666668,0.112,0.28909666666666667
simArray_Sun_JS_frag_2Gyr_Run125_step.mat,6.131253333333334e+23,5.5738666666666665e+23,6.131253333333334e+23,3654094.7045586845,3539828.627758874,5644.67256422974,4660.39676703248,1.2112,0.9571656164776082,3404.323391707258,0.0,0.9090909090909091,0.10266666666666667,0.09333333333333332,0.10266666666666667
simArray_Sun_JS_frag_2Gyr_Run125_step.mat,1.754354626666667e+24,5.5738666666666665e+23,1.7543546266666668e+24,5187632.1628193855,3539828.627758874,7429.25086331582,5946.254893001296,1.2494,0.7287979800149196,571895.4564227562,-4.815964788058559e-16,0.31771607529870977,0.2937633333333334,0.09333333333333332,0.2937633333333333
simArray_Sun_JS_frag_2Gyr_Run125_step.mat,1.78222396e+24,5.8455926666666666e+23,2.2315373333333333e+24,5214957.874823232,3596440.6283078915,6011.853547305144,5987.901939546957,1.004,0.2938496748194574,3030418.8685651813,0.768636131449004,0.3279942811826336,0.29843,0.09788333333333332,0.37366666666666665
simArray_Sun_JS_frag_2Gyr_Run125_step.mat,1.2328397733333334e+24,6.825199733333333e+23,1.2328397733333334e+24,4612102.221340608,3787056.928959712,6673.151813454511,5517.281367056231,1.2095,0.8872596215748207,58307.583967955885,0.0,0.5536161211671053,0.20643666666666666,0.11428666666666666,0.20643666666666666
simArray_Sun_JS_frag_2Gyr_Run125_step.mat,6.967333333333333e+23,6.097212933333333e+23,9.361508133333334e+23,3813164.796205839,3647319.7029018225,10270.153000750357,4834.833349378758,2.1242,0.4652167828941519,9382618.597220244,0.39266708021809404,0.8751142857142857,0.11666666666666665,0.10209666666666666,0.15675666666666666
simArray_Sun_JS_frag_2Gyr_Run125_step.mat,1.2328397733333334e+24,9.431380533333333e+23,1.9583183333333332e+24,4612102.221340608,4218147.881172744,6041.025575927758,5735.3323610820835,1.0533,0.25875093161877766,5408174.877865542,0.7692177804044069,0.7650126753968126,0.20643666666666666,0.15792666666666666,0.32791666666666663
simArray_Sun_JS_frag_2Gyr_Run125_step.mat,1.0514701333333332e+24,7.358101199999999e+23,1.0514701333333332e+24,4373834.632594529,3883160.108574924,6003.679158725766,5375.30589911878,1.1169,0.7890599755656429,313067.3873213245,0.0,0.6997917455509277,0.17606666666666665,0.12320999999999999,0.17606666666666665
simArray_Sun_JS_frag_2Gyr_Run125_step.mat,1.0514701333333332e+24,7.358101199999999e+23,1.0514701333333332e+24,4373834.632594529,3883160.108574924,5948.851038554754,5375.30589911878,1.1067,0.786676268604012,316742.21695437597,0.0,0.6997917455509277,0.17606666666666665,0.12320999999999999,0.17606666666666665
simArray_Sun_JS_frag_2Gyr_Run125_step.mat,1.504605586666667e+24,9.722615066666667e+23,2.2695590666666667e+24,4928759.2144358205,4261126.322816064,7516.227040433555,5998.106328651787,1.2531,0.5007123955945699,3732785.356915919,0.7867775025081384,0.6461902808832672,0.25194333333333335,0.16280333333333333,0.38003333333333333
simArray_Sun_JS_frag_2Gyr_Run125_step.mat,2.76031812e+24,5.8746564e+23,2.7602584e+24,6033691.356240891,3602391.1647845795,8254.38563564554,6809.987324185744,1.2121,0.6556479985859948,1005831.7881071301,-0.00010165700925072136,0.21282533913156357,0.46221,0.09836999999999999,0.4622
simArray_Sun_JS_frag_2Gyr_Run125_step.mat,2.7881874533333335e+24,2.7810011466666667e+24,2.7881277333333335e+24,6053929.625937625,6048723.994887055,9034.986089539743,7837.4272116063,1.1528,0.7189090864689792,1848961.2476094961,-2.147428096947816e-05,0.9974225884066455,0.46687666666666666,0.46567333333333333,0.46686666666666665
simArray_Sun_JS_frag_2Gyr_Run125_step.mat,1.1078259066666665e+24,5.941343733333333e+23,1.1078259066666669e+24,4450620.366579661,3615970.996123757,13211.198762205817,5306.981104766537,2.4894,0.6888410826617701,3518349.5853267033,6.7771400220619e-16,0.5363066252178758,0.1855033333333333,0.09948666666666665,0.18550333333333335
simArray_Sun_JS_frag_2Gyr_Run125_step.mat,2.9096579333333335e+24,2.7810011466666667e+24,2.909757466666667e+24,6140598.333524707,6048723.994887055,8637.858263805316,7894.2225039346695,1.0942,0.9085467424795549,76176.06039840993,3.57904682824636e-05,0.9557828481510621,0.4872166666666667,0.46567333333333333,0.4872333333333333
simArray_Sun_JS_frag_2Gyr_Run125_step.mat,2.9096579333333335e+24,2.7810011466666667e+24,2.909757466666667e+24,6140598.333524707,6048723.994887055,8330.773008402255,7894.2225039346695,1.0553,0.9298561559571736,32752.69198397429,3.57904682824636e-05,0.9557828481510621,0.4872166666666667,0.46567333333333333,0.4872333333333333
simArray_Sun_JS_frag_2Gyr_Run125_step.mat,7.636794533333334e+23,3.0437293333333324e+23,8.641284933333333e+23,3931579.6701747724,2893335.0085372757,7472.341602200527,4570.519054499068,1.6349,0.025865221105468888,7745648.452758741,0.33001962066710255,0.3985611135729738,0.12787666666666667,0.050966666666666646,0.14469666666666667
simArray_Sun_JS_frag_2Gyr_Run125_step.mat,1.1078259066666665e+24,8.641284933333333e+23,1.1078259066666669e+24,4450620.366579661,4096907.455576659,6032.197831562687,5549.40002903651,1.087,0.7841605680059743,359436.63516129163,4.65964479943006e-16,0.7800219223374244,0.1855033333333333,0.14469666666666667,0.18550333333333335
simArray_Sun_JS_frag_2Gyr_Run125_step.mat,1.1914339066666668e+24,8.641284933333333e+23,1.1914339066666668e+24,4559879.475863228,4096907.455576659,7437.168918101012,5629.953760863749,1.321,0.9213216467493412,30448.93183351758,0.0,0.7252844564000601,0.19950333333333334,0.14469666666666667,0.19950333333333334
simArray_Sun_JS_frag_2Gyr_Run125_step.mat,3.238635506666667e+24,3.2034007066666664e+24,3.2386156000000003e+24,6363812.904901717,6340650.291255813,9469.490321041983,8227.185335397031,1.151,0.880602581477107,201164.9874698429,-6.214229342344045e-06,0.9891204799282073,0.5423033333333334,0.5364033333333332,0.5423
simArray_Sun_JS_frag_2Gyr_Run125_step.mat,3.57012132e+24,3.2034007066666664e+24,3.5700616000000004e+24,6573919.325888166,6340650.291255813,12684.821662568778,8367.296611193125,1.516,0.6094121949294821,7485775.298084661,-1.8642688026864542e-05,0.8972806298545245,0.59781,0.5364033333333332,0.5978
simArray_Sun_JS_frag_2Gyr_Run125_step.mat,3.5700616000000004e+24,3.2033808e+24,6.7734424e+24,6573882.670116925,6340637.157143577,9204.826641395448,8367.26355912685,1.1001,0.5766804942491834,4710264.151648594,0.9999999999999998,0.8972900635664102,0.5978,0.5364,1.1341999999999999
simArray_Sun_JS_frag_2Gyr_Run125_step.mat,6.802944079999999e+24,8.641284933333333e+23,6.802904266666667e+24,8150088.894383991,4096907.455576659,14290.005597109506,9141.50818648254,1.5632,0.7208442003353013,1301697.2612228775,-4.607339491683183e-05,0.1270227247455683,1.1391399999999998,0.14469666666666667,1.1391333333333333
simArray_Sun_JS_frag_2Gyr_Run125_step.mat,7.057391093333332e+24,3.5521456e+23,7.057311466666667e+24,8250458.934584101,3046213.2182030915,10826.456252731501,9358.969789705654,1.1568,0.9639813035621073,1356.6617500618493,-0.00022416498542610652,0.050332276517245665,1.1817466666666665,0.05948,1.1817333333333333
simArray_Sun_JS_frag_2Gyr_Run125_step.mat,3.238635506666667e+24,1.1914339066666668e+24,4.061159066666667e+24,6363812.904901717,4559879.475863228,8217.745464631635,7357.637626136301,1.1169,0.15106034010502425,7704549.627723585,0.6903644049389316,0.36788144396432504,0.5423033333333334,0.19950333333333334,0.6800333333333334
simArray_Sun_JS_frag_2Gyr_Run125_step.mat,7.36873136e+24,3.5521456e+23,7.368651733333334e+24,8370041.6665431345,3046213.2182030915,10521.132605570558,9503.326353148368,1.1071,0.7553104772033492,279798.9201305908,-0.00022416498542610652,0.04820566019386002,1.2338799999999999,0.05948,1.2338666666666667
simArray_Sun_JS_frag_2Gyr_Run125_step.mat,7.368651733333334e+24,1.8446114533333334e+23,7.553112878666667e+24,8370011.517485544,2448490.061928549,10128.743488854843,9653.77762948422,1.0492,0.4930635080040748,634642.7089644738,1.0000000000000002,0.025033228874000432,1.2338666666666667,0.030887666666666667,1.2647543333333333
simArray_Sun_JS_frag_2Gyr_Run126_step.mat,5.5738666666666665e+23,5.5738666666666665e+23,1.04265148e+24,3539828.627758874,3539828.627758874,4610.770215098564,4584.637779753966,1.0057,0.4599,2059656.37172993,0.8706071428571429,1.0,0.09333333333333332,0.09333333333333332,0.17459
simArray_Sun_JS_frag_2Gyr_Run126_step.mat,7.803413333333333e+23,5.5738666666666665e+23,1.1037052266666668e+24,3959967.142737017,3539828.627758874,6494.152381113326,4879.519408755974,1.3309,0.11373335336692164,7733133.028330427,0.5801428571428575,0.7142857142857143,0.13066666666666665,0.09333333333333332,0.18481333333333333
simArray_Sun_JS_frag_2Gyr_Run126_step.mat,6.688639999999997e+23,5.573866666666664e+23,1.2262506666666662e+24,3761629.22472589,3539828.6277588736,4723.4479833689675,4734.811531043471,0.9976,0.751505885669167,331964.3057596659,1.0000000000000002,0.8333333333333333,0.11199999999999995,0.09333333333333328,0.20533333333333326
simArray_Sun_JS_frag_2Gyr_Run126_step.mat,1.2262506666666667e+24,5.5738666666666665e+23,1.2262506666666667e+24,4603870.836582874,3539828.627758874,7603.932349588797,5407.048531315364,1.4063,0.7014604307348131,951501.6785665011,0.0,0.45454545454545453,0.20533333333333334,0.09333333333333332,0.20533333333333334
simArray_Sun_JS_frag_2Gyr_Run126_step.mat,1.2262506666666667e+24,6.429793613333331e+23,1.869230028e+24,4603870.836582874,3712465.185460546,5485.7267796325095,5477.510513861716,1.0015,0.8121772480630377,159494.3970777831,1.0000000000000002,0.5243457792207791,0.20533333333333334,0.10766566666666663,0.31299899999999997
simArray_Sun_JS_frag_2Gyr_Run126_step.mat,9.216786666666666e+23,6.68864e+23,9.216786666666666e+23,4185910.0383212054,3761629.2247258904,8076.9946008583565,5168.614961834233,1.5627,0.9991885124269944,0.042298838387425104,0.0,0.7257019438444924,0.15433333333333332,0.11199999999999999,0.15433333333333332
simArray_Sun_JS_frag_2Gyr_Run126_step.mat,1.3001641199999998e+24,5.5738666666666665e+23,1.30016412e+24,4694573.082223282,3539828.627758874,5748.673889173541,5487.470302762066,1.0476,0.8542064252911443,76462.89504772385,4.815964788058559e-16,0.4287048520202717,0.21770999999999996,0.09333333333333332,0.21771
simArray_Sun_JS_frag_2Gyr_Run126_step.mat,9.216786666666666e+23,5.5738666666666665e+23,9.216786666666666e+23,4185910.0383212054,3539828.627758874,6721.443284788555,5055.237127548552,1.3296,0.7002398563231768,891868.9214702734,0.0,0.6047516198704104,0.15433333333333332,0.09333333333333332,0.15433333333333332
simArray_Sun_JS_frag_2Gyr_Run126_step.mat,9.216786666666666e+23,5.5738666666666665e+23,9.216786666666666e+23,4185910.0383212054,3539828.627758874,10185.797288297577,5055.237127548552,2.0149,0.9672997643870068,3814.823716825724,0.0,0.6047516198704104,0.15433333333333332,0.09333333333333332,0.15433333333333332
simArray_Sun_JS_frag_2Gyr_Run126_step.mat,1.4116414533333332e+24,9.216786666666666e+23,1.4116414533333332e+24,4825083.644080872,4185910.0383212054,6538.265029309358,5879.206033009044,1.1121,0.6526263531724181,1265285.73543318,0.0,0.6529127240421362,0.23637666666666662,0.15433333333333332,0.23637666666666662
simArray_Sun_JS_frag_2Gyr_Run126_step.mat,1.4395107866666668e+24,7.332023466666667e+23,2.1727131333333334e+24,4856630.018042845,3878567.26246973,6384.434796605529,5762.1252676945205,1.108,0.5803361103409053,1619364.2319986227,0.9999999999999998,0.5093413355828136,0.24104333333333336,0.12277333333333333,0.3638166666666667
simArray_Sun_JS_frag_2Gyr_Run126_step.mat,2.353405946666667e+24,4.9259046666666655e+23,2.7584668e+24,5721312.382830113,3396972.617914832,6564.466035219254,6454.735531189041,1.017,0.4384027217351524,1822694.867351263,0.8223075368761368,0.20930960396542092,0.39407333333333333,0.08248333333333331,0.46190000000000003
simArray_Sun_JS_frag_2Gyr_Run126_step.mat,1.9528440000000002e+24,5.8525599999999994e+23,2.3772541333333333e+24,5376329.727255907,3597868.9210030413,8005.44483146425,6144.327908100583,1.3029,0.47567543028138404,2992257.572941624,0.7251700680272105,0.2996941896024464,0.327,0.09799999999999999,0.3980666666666666
simArray_Sun_JS_frag_2Gyr_Run126_step.mat,6.097212933333333e+23,5.5738666666666665e+23,6.097212933333334e+23,3647319.7029018225,3539828.627758874,6765.354744216384,4655.808095944108,1.4531,0.5878625220266009,2423961.357292824,2.4079823940292795e-16,0.914166312971367,0.10209666666666666,0.09333333333333332,0.10209666666666668
simArray_Sun_JS_frag_2Gyr_Run126_step.mat,2.43293308e+24,1.07949872e+24,2.4329928e+24,5785045.33213441,4412358.141100328,7839.890074954769,6780.738691363752,1.1562,0.5743970427530868,2325418.2213230412,5.532197388799214e-05,0.4437025945654041,0.40739,0.18075999999999998,0.4074
simArray_Sun_JS_frag_2Gyr_Run126_step.mat,2.43293308e+24,1.07949872e+24,2.4329928e+24,5785045.33213441,4412358.141100328,7242.506996245624,6780.738691363752,1.0681,0.7925260925689503,328449.35646778165,5.532197388799214e-05,0.4437025945654041,0.40739,0.18075999999999998,0.4074
simArray_Sun_JS_frag_2Gyr_Run126_step.mat,6.3948176e+23,5.5979537333333335e+23,6.3948176e+23,3705721.4029911407,3544920.339154753,8357.332876988183,4698.826536032938,1.7786,0.9319703301675523,28436.542973888267,0.0,0.8753891171709626,0.10708,0.09373666666666666,0.10708
simArray_Sun_JS_frag_2Gyr_Run126_step.mat,2.43293308e+24,5.5979537333333335e+23,2.918715466666667e+24,5785045.33213441,3544920.339154753,7820.816165727436,6543.520888326168,1.1952,0.61422154249154,1241569.90695925,0.8677856406244445,0.23009074024071938,0.40739,0.09373666666666666,0.48873333333333335
simArray_Sun_JS_frag_2Gyr_Run126_step.mat,2.9465051733333336e+24,1.07949872e+24,3.744444e+24,6166410.71998497,4412358.141100328,7486.016091541753,7127.502705457253,1.0503,0.2699430190718876,5307775.091872065,0.7391753337759092,0.3663657982920765,0.4933866666666667,0.18075999999999998,0.627
simArray_Sun_JS_frag_2Gyr_Run126_step.mat,6.097212933333333e+23,4.220810533333333e+23,6.097212933333334e+23,3647319.7029018225,3226477.67587289,11620.884089174366,4476.285231375666,2.5961,0.7802119549969662,1299954.6320427996,3.179904118889772e-16,0.6922524404975676,0.10209666666666666,0.07067666666666665,0.10209666666666668
simArray_Sun_JS_frag_2Gyr_Run126_step.mat,3.856558346666666e+24,6.097212933333333e+23,4.319945733333334e+24,6745228.724009225,3647319.7029018225,8645.05289996807,7574.078237224522,1.1414,0.32465217087780746,3430629.38924037,0.7599986940481266,0.1580998492763199,0.6457733333333332,0.10209666666666666,0.7233666666666667
simArray_Sun_JS_frag_2Gyr_Run126_step.mat,4.8773324e+24,3.4074241333333334e+23,4.8773324e+24,7294421.084835929,3004268.7268697834,10113.02764768243,8223.979545972537,1.2297,0.7706155137599044,273710.59836918965,0.0,0.06986245459369006,0.8167,0.057056666666666665,0.8167
simArray_Sun_JS_frag_2Gyr_Run126_step.mat,4.6118770000000003e+24,1.5011617333333333e+23,4.611777466666667e+24,7159608.648887267,2285980.599666137,9016.436404206905,8203.472299342102,1.0991,0.9959914111317795,1.0845258024994415,-0.0006630420368647036,0.032549908276680695,0.77225,0.025136666666666665,0.7722333333333333
simArray_Sun_JS_frag_2Gyr_Run126_step.mat,4.611777466666667e+24,1.5010821066666666e+23,4.761885677333333e+24,7159557.142393575,2285940.18025192,8441.318794999626,8203.419625849978,1.029,0.3754305921114103,700980.5729144289,0.9999999999999956,0.0325488841887167,0.7722333333333333,0.02513533333333333,0.7973686666666666
simArray_Sun_JS_frag_2Gyr_Run127_step.mat,6.688639999999997e+23,5.573866666666664e+23,1.2262506666666662e+24,3761629.22472589,3539828.6277588736,4868.8066973720015,4734.811531043471,1.0283,0.9447016813269017,5083.81021180592,1.0000000000000002,0.8333333333333333,0.11199999999999995,0.09333333333333328,0.20533333333333326
simArray_Sun_JS_frag_2Gyr_Run127_step.mat,8.001484666666666e+23,7.246026666666667e+23,8.001484666666668e+23,3993192.4174170354,3863343.771591996,6254.361606651488,5089.812505412995,1.2288,0.9694622456696097,1527.2473037576306,1.852294149253292e-16,0.9055852717999752,0.13398333333333332,0.12133333333333332,0.13398333333333334
simArray_Sun_JS_frag_2Gyr_Run127_step.mat,8.001484666666666e+23,6.68864e+23,8.001484666666668e+23,3993192.4174170354,3761629.2247258904,5563.1094690340715,5028.572239929559,1.1063,0.9948967785104939,5.456658514178298,2.0066519950243998e-16,0.8359248662769001,0.13398333333333332,0.11199999999999999,0.13398333333333334
simArray_Sun_JS_frag_2Gyr_Run127_step.mat,8.001484666666666e+23,6.843712933333333e+23,1.2766742533333334e+24,3993192.4174170354,3790477.9397892146,6972.103441012623,5045.667564779725,1.3818,0.3986692248216638,5335491.333248718,0.6962971581488702,0.85530538624207,0.13398333333333332,0.11459666666666667,0.21377666666666667
simArray_Sun_JS_frag_2Gyr_Run127_step.mat,1.3684838e+24,6.68864e+23,1.8970456133333336e+24,4775401.947551172,3761629.2247258904,7093.542668625189,5644.130067333856,1.2568,0.526204077437284,2546926.54271948,0.7902380952380957,0.4887628191141174,0.22914999999999996,0.11199999999999999,0.3176566666666667
simArray_Sun_JS_frag_2Gyr_Run127_step.mat,1.8970456133333333e+24,6.68864e+23,1.8970456133333336e+24,5324628.386317869,3761629.2247258904,6970.997125531923,6139.683922434317,1.1354,0.7996092279290035,240353.12860023335,4.0133039900487996e-16,0.35258192807748406,0.31765666666666664,0.11199999999999999,0.3176566666666667
simArray_Sun_JS_frag_2Gyr_Run127_step.mat,1.9527842799999997e+24,6.68864e+23,1.95278428e+24,5376274.922112861,3761629.2247258904,7565.378163276661,6188.448395318333,1.2225,0.8779929114319475,69546.7047593813,4.0133039900487996e-16,0.342518119820178,0.32698999999999995,0.11199999999999999,0.32699
simArray_Sun_JS_frag_2Gyr_Run127_step.mat,1.1436778133333333e+24,7.524719999999999e+23,1.1436778133333333e+24,4498122.486693402,3912252.0493358,6676.867803574922,5485.882674862313,1.2171,0.993286689730601,15.294351684184297,0.0,0.6579405416695675,0.19150666666666666,0.12599999999999997,0.19150666666666666
simArray_Sun_JS_frag_2Gyr_Run127_step.mat,1.1436778133333333e+24,7.524719999999999e+23,1.1436778133333333e+24,4498122.486693402,3912252.0493358,5927.49623018873,5485.882674862313,1.0805,0.9620526047207651,2121.506023324812,0.0,0.6579405416695675,0.19150666666666666,0.12599999999999997,0.19150666666666666
simArray_Sun_JS_frag_2Gyr_Run127_step.mat,1.1436778133333333e+24,7.52472e+23,1.8961498133333333e+24,4498122.486693402,3912252.0493358006,5688.3117455647325,5485.882674862313,1.0369,0.9575600308494874,2721.8686480697047,1.0,0.6579405416695677,0.19150666666666666,0.126,0.31750666666666666
simArray_Sun_JS_frag_2Gyr_Run127_step.mat,2.2890357493333335e+24,7.52472e+23,3.0415077493333334e+24,5668666.454767129,3912252.0493358006,6520.733094005549,6509.666660682388,1.0017,0.9417485799705853,5886.17803447401,0.9999999999999998,0.3287288109061436,0.3832946666666667,0.126,0.5092946666666667
simArray_Sun_JS_frag_2Gyr_Run127_step.mat,3.09725836e+24,1.389983e+24,3.0972782666666665e+24,6269831.314726374,4800279.68034498,8160.555983921376,7355.828361205495,1.1094,0.8130309494003131,316419.9172227714,1.4321518080907209e-05,0.4487785126197868,0.5186299999999999,0.23275,0.5186333333333333
simArray_Sun_JS_frag_2Gyr_Run127_step.mat,3.152997026666667e+24,1.389983e+24,3.153016933333334e+24,6307218.828343141,4800279.68034498,7990.362947986481,7388.905999617608,1.0814,0.8640734800533696,123351.76029895632,1.4321518080907209e-05,0.4408450081760728,0.5279633333333333,0.23275,0.5279666666666667
simArray_Sun_JS_frag_2Gyr_Run127_step.mat,2.4593631613333334e+24,1.8669746026666666e+24,4.326337764e+24,5805918.472969013,5296343.963933148,8210.454779047659,7212.27580731523,1.1384,0.5606537613613549,3710786.450273902,1.0,0.759129286808742,0.41181566666666664,0.3126213333333333,0.724437
simArray_Sun_JS_frag_2Gyr_Run127_step.mat,3.893724093333333e+24,6.969124933333333e+23,3.893744e+24,6766827.467150614,3813491.61089157,8493.156533933008,7610.355317144272,1.116,0.8102040186270665,203695.21046443676,2.856408352213189e-05,0.17898353263564742,0.6519966666666666,0.11669666666666666,0.652
simArray_Sun_JS_frag_2Gyr_Run127_step.mat,6.969124933333333e+23,4.5938614666666665e+23,1.0758558e+24,3813491.61089157,3318863.1375978463,5543.746186827098,4651.9645773492475,1.1917,0.5276172672741511,1828888.9630779384,0.8248905836980545,0.6591733554228912,0.11669666666666666,0.07692333333333333,0.18015
simArray_Sun_JS_frag_2Gyr_Run127_step.mat,4.0609600000000004e+24,1.1468230666666667e+24,5.207783066666668e+24,6862351.337833589,4502242.1740819495,7932.150673884695,7821.091179140894,1.0142,0.7316681505004767,590258.8960957223,1.0000000000000004,0.28240196078431373,0.68,0.19203333333333333,0.8720333333333334
simArray_Sun_JS_frag_2Gyr_Run128_step.mat,6.68864e+23,6.131253333333331e+23,1.2819893333333332e+24,3761629.2247258904,3654094.704558684,5214.024961103074,4803.781980010203,1.0854,0.5238375292038674,1961483.2539434116,1.0000000000000002,0.9166666666666664,0.11199999999999999,0.10266666666666663,0.21466666666666662
simArray_Sun_JS_frag_2Gyr_Run128_step.mat,1.2819893333333334e+24,5.5738666666666665e+23,1.6702290533333335e+24,4672595.458750138,3539828.627758874,6219.144638573124,5467.860593083457,1.1374,0.27367296086802617,4052437.036878066,0.6965357142857144,0.4347826086956521,0.21466666666666667,0.09333333333333332,0.2796766666666667
simArray_Sun_JS_frag_2Gyr_Run128_step.mat,1.8102127333333332e+24,5.5738666666666665e+23,1.8102127333333332e+24,5242115.478878148,3539828.627758874,7117.17712051711,5998.96925195306,1.1864,0.6802496949638639,781576.5152754302,0.0,0.3079122450101721,0.30311666666666665,0.09333333333333332,0.30311666666666665
simArray_Sun_JS_frag_2Gyr_Run128_step.mat,5.573866666666664e+23,5.573866666666667e+23,1.1147733333333332e+24,3539828.6277588736,3539828.6277588746,4750.143203603085,4584.637779753966,1.0361,0.6484999999999999,876098.4815929204,1.0000000000000002,0.9999999999999994,0.09333333333333328,0.09333333333333334,0.18666666666666662
simArray_Sun_JS_frag_2Gyr_Run128_step.mat,6.68864e+23,5.5738666666666665e+23,6.68864e+23,3761629.2247258904,3539828.627758874,6647.201908431931,4734.811531043472,1.4039,0.9386739725023803,12846.632328492264,0.0,0.8333333333333334,0.11199999999999999,0.09333333333333332,0.11199999999999999
simArray_Sun_JS_frag_2Gyr_Run128_step.mat,1.1170028800000001e+24,6.68864e+23,1.1170028800000001e+24,4462875.890887645,3761629.2247258904,6990.841692290042,5383.782589364684,1.2985,0.6386230614671886,1510640.3961397735,0.0,0.5988023952095808,0.18704,0.11199999999999999,0.18704
simArray_Sun_JS_frag_2Gyr_Run128_step.mat,1.1170028800000001e+24,6.68864e+23,1.59297128e+24,4462875.890887645,3761629.2247258904,5961.462461203514,5383.782589364684,1.1073,0.21623866938114933,5027621.218225951,0.7116071428571427,0.5988023952095808,0.18704,0.11199999999999999,0.26674
simArray_Sun_JS_frag_2Gyr_Run128_step.mat,1.9495594e+24,1.1147733333333333e+24,1.9495594e+24,5373313.783586665,4459904.601133889,6926.308320257425,6449.677176885581,1.0739,0.9309238342496536,15489.201142699692,0.0,0.5718078317251238,0.32644999999999996,0.18666666666666665,0.32644999999999996
simArray_Sun_JS_frag_2Gyr_Run128_step.mat,1.1147733333333333e+24,5.5738666666666665e+23,1.53558036e+24,4459904.601133889,3539828.627758874,7084.026629458794,5282.250860829762,1.3411,0.5178121913580982,2671116.2752761017,0.7549642857142856,0.5,0.18666666666666665,0.09333333333333332,0.25712999999999997
simArray_Sun_JS_frag_2Gyr_Run128_step.mat,6.6653492e+23,5.5738666666666665e+23,6.6653492e+23,3757257.9702366707,3539828.627758874,14168.690736663122,4731.729473905664,2.9944,0.5957888999912765,9701223.014987161,0.0,0.8362452587880417,0.11160999999999999,0.09333333333333332,0.11160999999999999
simArray_Sun_JS_frag_2Gyr_Run128_step.mat,1.9774287333333333e+24,1.5697202933333332e+24,1.9774287333333333e+24,5398796.928613915,4998858.032239512,7516.853398668638,6748.230001498015,1.1139,0.6589575445520984,1792562.9329718284,0.0,0.7938188956561131,0.33111666666666667,0.2628466666666666,0.33111666666666667
simArray_Sun_JS_frag_2Gyr_Run128_step.mat,1.6251205466666668e+24,6.948820133333333e+23,2.155892e+24,5056987.798002547,3809784.4258594867,6697.0860859688155,5909.88888631205,1.1332,0.42141696996435923,3147153.4673296674,0.7638296043773455,0.4275879809400149,0.27212333333333333,0.11635666666666665,0.361
simArray_Sun_JS_frag_2Gyr_Run128_step.mat,1.6811976266666663e+24,7.246026666666667e+23,1.681197626666667e+24,5114497.469560551,3863343.771591996,6596.260864069146,5980.833134526381,1.1029,0.8210799238783698,178657.08271540276,7.409176597013168e-16,0.4310038600895163,0.2815133333333333,0.12133333333333332,0.28151333333333334
simArray_Sun_JS_frag_2Gyr_Run128_step.mat,7.246026666666667e+23,1.3245497866666668e+23,8.570576453333333e+23,3863343.771591996,2192566.6685635624,4900.170426349935,4346.434651720716,1.1274,0.48451997821301157,788042.9663215242,0.9999999999999997,0.1827967032967033,0.12133333333333332,0.022179333333333336,0.14351266666666665
simArray_Sun_JS_frag_2Gyr_Run128_step.mat,2.75291284e+24,5.5738666666666665e+23,3.146447733333333e+24,6028290.868811781,3539828.627758874,8069.968273219535,6795.762756395398,1.1875,0.19506015300635154,4410688.350214965,0.7060357142857139,0.2024715997425718,0.46097,0.09333333333333332,0.5268666666666666
simArray_Sun_JS_frag_2Gyr_Run128_step.mat,2.1167754e+24,8.892108933333333e+23,2.8165942666666665e+24,5522744.755393285,4136169.268077362,6549.130717876459,6445.36041519187,1.0161,0.36628033769718854,3518516.993141634,0.7870111262844475,0.4200780552028965,0.35445,0.14889666666666665,0.4716333333333333
simArray_Sun_JS_frag_2Gyr_Run128_step.mat,3.703215302666667e+24,6.131253333333334e+23,4.3163406360000005e+24,6654616.504429714,3654094.7045586845,7565.785789840601,7476.072914862254,1.012,0.9859875830068358,76.73554809618562,1.0,0.16556567286050713,0.6200963333333334,0.10266666666666667,0.722763
simArray_Sun_JS_frag_2Gyr_Run128_step.mat,4.31638244e+24,1.84690072e+24,5.8035896e+24,7003310.004663361,5277293.262444497,8883.086118325426,8184.913036326754,1.0853,0.46306257112122245,4789298.356191183,0.8052447778568196,0.42788162209278197,0.7227699999999999,0.30926,0.9717999999999999
simArray_Sun_JS_frag_2Gyr_Run129_step.mat,6.688639999999997e+23,6.131253333333334e+23,1.2819893333333332e+24,3761629.22472589,3654094.7045586845,4806.664249198209,4803.781980010203,1.0006,0.9924354855111518,14.075381658536353,1.0000000000000002,0.9166666666666672,0.11199999999999995,0.10266666666666667,0.21466666666666662
simArray_Sun_JS_frag_2Gyr_Run129_step.mat,7.489087066666667e+23,5.5738666666666665e+23,7.489087066666667e+23,3906066.8514954983,3539828.627758874,17627.050415363738,4839.27259172649,3.6424999999999996,0.9770025545609319,4582.971063762925,0.0,0.7442651710480848,0.12540333333333334,0.09333333333333332,0.12540333333333334
simArray_Sun_JS_frag_2Gyr_Run129_step.mat,1.1420852800000001e+24,5.9642563066666674e+23,1.738510910666667e+24,4496033.688191698,3620613.3199105617,5501.095647102788,5347.0991904187285,1.0288,0.8244656364659554,132867.17664873073,1.0000000000000004,0.5222251272397685,0.19124,0.09987033333333334,0.29111033333333336
simArray_Sun_JS_frag_2Gyr_Run129_step.mat,8.255493733333332e+23,7.489087066666667e+23,1.2660241866666668e+24,4035007.9619406345,3906066.8514954983,7704.928211946558,5144.507052110942,1.4977,0.29608071887757914,8802367.90102923,0.5881555514207493,0.9071640423428422,0.13823666666666665,0.12540333333333334,0.21199333333333334
simArray_Sun_JS_frag_2Gyr_Run129_step.mat,1.3090026800000002e+24,5.5738666666666665e+23,1.3090026800000002e+24,4705187.023061338,3539828.627758874,10548.682372283722,5496.968406609547,1.9190000000000003,0.7624728257352508,975178.2600730886,0.0,0.42581017990480097,0.21919000000000002,0.09333333333333332,0.21919000000000002
simArray_Sun_JS_frag_2Gyr_Run129_step.mat,1.3090026800000002e+24,5.637368933333333e+23,1.3090026800000002e+24,4705187.023061338,3553220.8179766866,10620.212359285166,5501.845495148508,1.9303000000000001,0.6488256677317059,2680326.103757133,0.0,0.43066137445443065,0.21919000000000002,0.09439666666666666,0.21919000000000002
simArray_Sun_JS_frag_2Gyr_Run129_step.mat,1.3217628533333335e+24,3.874434533333333e+23,1.6511783733333333e+24,4720426.351347875,3135687.8338771174,5858.961620459843,5389.03754641266,1.0872,0.548044589672813,1157307.1195319467,0.8502286389559673,0.29312629898490916,0.22132666666666667,0.06487666666666667,0.27648666666666666
simArray_Sun_JS_frag_2Gyr_Run129_step.mat,6.759905866666667e+23,6.131253333333334e+23,6.759905866666667e+23,3774941.8098609173,3654094.7045586845,5977.013354133522,4812.7976118314855,1.2419,0.6692117280534374,1137875.194410389,0.0,0.9070027681253313,0.11319333333333333,0.10266666666666667,0.11319333333333333
simArray_Sun_JS_frag_2Gyr_Run129_step.mat,1.7069170400000003e+24,6.131253333333334e+23,2.2211858666666667e+24,5140446.576362326,3654094.7045586845,6290.802587421765,5934.159595719049,1.0601,0.5136038665767161,1767439.3959586152,0.8387662337662333,0.3592004291745387,0.28582,0.10266666666666667,0.37193333333333334
simArray_Sun_JS_frag_2Gyr_Run129_step.mat,6.759905866666667e+23,4.710315466666667e+23,1.0414769866666667e+24,3774941.8098609173,3346673.7460774346,6284.662749194727,4636.758705322951,1.3554,0.5259866568901622,2440484.0044926796,0.7759276477051813,0.6968019317981036,0.11319333333333333,0.07887333333333334,0.17439333333333332
simArray_Sun_JS_frag_2Gyr_Run129_step.mat,1.3647413466666666e+24,6.409946666666667e+23,1.3647413466666666e+24,4771044.80542034,3708641.4733209005,5957.343651167045,5619.075317078896,1.0602,0.844922530007004,103368.2023447116,0.0,0.4696821622883149,0.2285233333333333,0.10733333333333334,0.2285233333333333
simArray_Sun_JS_frag_2Gyr_Run129_step.mat,6.409946666666667e+23,4.772424266666667e+23,7.3288384e+23,3708641.4733209005,3361318.9746956774,9199.45459681695,4594.9026506253185,2.0021,0.29386033608394757,11450610.864281163,0.19254192041378135,0.7445341614906833,0.10733333333333334,0.07991333333333334,0.12271999999999998
simArray_Sun_JS_frag_2Gyr_Run129_step.mat,1.3647413466666666e+24,5.6023331999999986e+23,1.3647413466666666e+24,4771044.80542034,3545844.5348174274,7219.251758128593,5558.401415251457,1.2988,0.8195842741980224,212440.8698988515,0.0,0.4105051271204982,0.2285233333333333,0.09380999999999998,0.2285233333333333
simArray_Sun_JS_frag_2Gyr_Run129_step.mat,1.39261068e+24,5.6023331999999986e+23,1.7297101733333332e+24,4803302.657083735,3545844.5348174274,7599.2281793570955,5587.6677789390405,1.36,0.34305412380289224,4911626.7794347545,0.6017126816615144,0.40228997812942224,0.23318999999999998,0.09380999999999998,0.28963666666666665
simArray_Sun_JS_frag_2Gyr_Run129_step.mat,1.8359520533333333e+24,7.697310799999999e+23,1.8359520533333335e+24,5266844.428503153,3941937.3672852153,9881.197815381769,6145.787918510866,1.6078,0.7932196353302422,585048.4593970103,3.487392713829355e-16,0.4192544563473131,0.3074266666666666,0.12888999999999998,0.3074266666666667
simArray_Sun_JS_frag_2Gyr_Run129_step.mat,3.0451228e+24,7.871892266666667e+23,3.0451228e+24,6234452.431788646,3971517.000393078,11469.280483408706,7079.802767536237,1.62,0.8704802394650786,159522.43146637542,0.0,0.25850820422305026,0.5099,0.13181333333333334,0.5099
simArray_Sun_JS_frag_2Gyr_Run129_step.mat,2.467351706666667e+24,1.8359520533333333e+24,2.4674313333333334e+24,5812197.973251815,5266844.428503153,9764.712587168948,7200.584460710085,1.3561,0.693484528917818,2250161.197908964,4.33707767705836e-05,0.7440982363287237,0.4131533333333333,0.3074266666666666,0.4131666666666666
simArray_Sun_JS_frag_2Gyr_Run129_step.mat,1.8808614933333331e+24,1.0972156533333332e+24,1.8808614933333334e+24,5309443.256692259,4436366.088827913,9212.822372911447,6386.7052845140015,1.4425,0.9092585829716341,61466.388667850144,2.446515005363759e-16,0.5833580288726133,0.3149466666666666,0.18372666666666665,0.31494666666666665
simArray_Sun_JS_frag_2Gyr_Run129_step.mat,3.420323653333333e+24,8.986864666666668e+23,3.420363466666667e+24,6480658.1486891825,4150809.281954721,8498.784261617944,7363.992948286928,1.1541000000000001,0.807318811642554,268127.1649370507,4.4301694540384564e-05,0.26274895528989983,0.5727266666666666,0.15048333333333333,0.5727333333333333
simArray_Sun_JS_frag_2Gyr_Run129_step.mat,3.420323653333333e+24,8.986864666666668e+23,3.420363466666667e+24,6480658.1486891825,4150809.281954721,7655.607069039092,7363.992948286928,1.0396,0.9542869220978695,3466.615679664488,4.4301694540384564e-05,0.26274895528989983,0.5727266666666666,0.15048333333333333,0.5727333333333333
simArray_Sun_JS_frag_2Gyr_Run129_step.mat,3.420323653333333e+24,8.986864666666668e+23,4.141582e+24,6480658.1486891825,4150809.281954721,8144.576200805343,7363.992948286928,1.106,0.47443086008864377,2865501.296577862,0.8025694982833095,0.26274895528989983,0.5727266666666666,0.15048333333333333,0.6934999999999999
simArray_Sun_JS_frag_2Gyr_Run129_step.mat,2.66428836e+24,1.0972156533333332e+24,2.664308266666667e+24,5962894.439244195,4436366.088827913,8428.653413974178,6948.601330564037,1.213,0.7316533020724447,839037.977286104,1.8142893428632135e-05,0.4118231606631848,0.44612999999999997,0.18372666666666665,0.4461333333333333
simArray_Sun_JS_frag_2Gyr_Run129_step.mat,4.943661413333333e+24,8.220258933333334e+23,4.9436216e+24,7327339.003541456,4029259.2467823727,20670.390809400804,8232.263654227889,2.5109,0.8687046082736005,413493.10857378936,-4.843318641930285e-05,0.1662787607412359,0.8278066666666666,0.13764666666666667,0.8277999999999999
simArray_Sun_JS_frag_2Gyr_Run129_step.mat,5.03152944e+24,4.998564000000001e+23,5.447658400000001e+24,7370496.054349378,3413593.4590117317,9020.8876115982,8274.525418820584,1.0902,0.2653875984948002,2699293.714818171,0.8324970131421754,0.09934482267483266,0.8425199999999999,0.08370000000000001,0.9122000000000001
simArray_Sun_JS_frag_2Gyr_Run129_step.mat,1.0972156533333332e+24,7.697310799999999e+23,1.0972156533333332e+24,4436366.088827913,3941937.3672852153,6111.075383293318,5453.882537521926,1.1205,0.8270361929997342,189555.07269960493,0.0,0.7015312602053775,0.18372666666666665,0.12888999999999998,0.18372666666666665
simArray_Sun_JS_frag_2Gyr_Run129_step.mat,2.7183389413333336e+24,1.126504332e+24,3.8448432733333333e+24,6002947.993505477,4475494.221310221,7041.253303581938,6998.5620749248965,1.0061,0.7921861203455016,298945.1783451886,0.9999999999999998,0.41440907712834896,0.4551806666666667,0.188631,0.6438116666666667
simArray_Sun_JS_frag_2Gyr_Run129_step.mat,5.8200126e+24,7.697310799999999e+23,6.231383866666666e+24,7736977.851580599,3941937.3672852153,15007.944305950472,8678.623897502152,1.7293,0.4217309577142843,7225618.140412316,0.5344350479737237,0.13225591298548045,0.9745499999999999,0.12888999999999998,1.0434333333333332
simArray_Sun_JS_frag_2Gyr_Run130_step.mat,7.803413333333333e+23,5.5738666666666665e+23,7.803413333333335e+23,3959967.142737017,3539828.627758874,5618.278647241628,4879.519408755974,1.1514,0.839007885329798,132929.65061768674,4.815964788058559e-16,0.7142857142857143,0.13066666666666665,0.09333333333333332,0.13066666666666668
simArray_Sun_JS_frag_2Gyr_Run130_step.mat,6.4969388e+23,6.131253333333334e+23,6.4969388e+23,3725343.331248564,3654094.7045586845,9248.689892693545,4779.437699702105,1.9351,0.8684547660201127,244831.7609309218,0.0,0.9437141894169195,0.10879,0.10266666666666667,0.10879
simArray_Sun_JS_frag_2Gyr_Run130_step.mat,7.246026666666667e+23,5.5738666666666665e+23,7.246026666666667e+23,3863343.771591996,3539828.627758874,5788.1736049212595,4807.852483529578,1.2039,0.9271182912358168,15327.931880691634,0.0,0.7692307692307692,0.12133333333333332,0.09333333333333332,0.12133333333333332
simArray_Sun_JS_frag_2Gyr_Run130_step.mat,7.246026666666667e+23,5.573866666666667e+23,1.2819893333333334e+24,3863343.771591996,3539828.6277588746,5230.943502080182,4807.852483529578,1.088,0.5676159886171326,1465386.3231638826,1.0000000000000002,0.7692307692307693,0.12133333333333332,0.09333333333333334,0.21466666666666667
simArray_Sun_JS_frag_2Gyr_Run130_step.mat,1.337728e+24,6.131253333333334e+23,1.337728e+24,4739355.842131882,3654094.7045586845,19799.893573602334,5570.060363350588,3.5547,0.8455623029066188,1111549.9377569102,0.0,0.45833333333333337,0.22399999999999998,0.10266666666666667,0.22399999999999998
simArray_Sun_JS_frag_2Gyr_Run130_step.mat,7.899363466666666e+23,6.68864e+23,7.899363466666666e+23,3976131.548166451,3761629.2247258904,6938.939797636678,5016.584584757576,1.3832,0.806093357326323,375762.2490721747,0.0,0.8467315155486115,0.13227333333333333,0.11199999999999999,0.13227333333333333
simArray_Sun_JS_frag_2Gyr_Run130_step.mat,1.3574156933333335e+24,6.948621066666667e+23,1.3574156933333335e+24,4762492.820049747,3809748.0451831487,16993.865402906322,5653.127109180108,3.0060999999999996,0.6415739822359773,7985696.700612719,0.0,0.5119007464547067,0.22729666666666667,0.11635333333333332,0.22729666666666667
simArray_Sun_JS_frag_2Gyr_Run130_step.mat,9.860090506666665e+23,9.427200133333335e+23,1.928729064e+24,4281116.1669076625,4217524.566579469,6007.069910376273,5504.00394940102,1.0914,0.6056985158587382,1775293.0297377345,1.0,0.9560967140169108,0.1651053333333333,0.15785666666666667,0.32296199999999997
simArray_Sun_JS_frag_2Gyr_Run130_step.mat,5.5738666666666665e+23,1.2443657333333332e+23,5.573866666666667e+23,3539828.627758874,2147398.900481066,7806.381268675258,4000.4003631624773,1.9514,0.9709709400377746,851.5605085763198,5.393017679796819e-16,0.22324999999999998,0.09333333333333332,0.020836666666666663,0.09333333333333334
simArray_Sun_JS_frag_2Gyr_Run130_step.mat,7.332023466666665e+23,4.7455502666666667e+23,7.332023466666667e+23,3878567.26246973,3354997.7865633056,9221.948576320847,4720.972958083776,1.9533999999999998,0.6439109061613454,2656143.1564402613,2.8282858774621346e-16,0.6472360990443095,0.1227733333333333,0.07946333333333333,0.12277333333333333
simArray_Sun_JS_frag_2Gyr_Run130_step.mat,4.5022907999999994e+23,3.915442266666667e+23,4.5022908e+23,3296663.0425679684,3146711.9316175333,6621.856388489643,4175.983091687988,1.5857,0.5529762633219804,2695702.4959160793,1.7139536080334492e-16,0.8696555688199143,0.07538999999999998,0.06556333333333333,0.07539
simArray_Sun_JS_frag_2Gyr_Run130_step.mat,2.3203409733333332e+24,7.9176776e+23,2.3203210666666665e+24,5694391.403047124,3979201.972781587,10768.821591627833,6553.168375602649,1.6433000000000002,0.8461889314402772,270690.266943639,-2.514205259715759e-05,0.3412290560307479,0.38853666666666664,0.13257999999999998,0.3885333333333333
simArray_Sun_JS_frag_2Gyr_Run130_step.mat,1.1941611200000001e+24,7.656840546666666e+23,1.9598451746666665e+24,4563356.039557316,3935016.698610588,5742.502643574191,5548.311732921924,1.035,0.927236713649531,13342.63100637953,0.9999999999999997,0.6411899046475961,0.19996,0.12821233333333332,0.3281723333333333
simArray_Sun_JS_frag_2Gyr_Run130_step.mat,2.3482103066666666e+24,9.01772e+23,2.3481903999999996e+24,5717098.946021846,4155554.292640546,7169.817393949872,6628.899217779098,1.0816,0.7862228168428528,319198.672453335,-2.2075055187921207e-05,0.3840252286772747,0.3932033333333333,0.151,0.39319999999999994
simArray_Sun_JS_frag_2Gyr_Run130_step.mat,2.3781061386666662e+24,9.01772e+23,3.279878138666666e+24,5741258.789664189,4155554.292640546,6925.878972659428,6651.185030883922,1.0413,0.6270429252466849,1219338.800130088,1.0,0.37919754099184017,0.39820933333333325,0.151,0.5492093333333332
simArray_Sun_JS_frag_2Gyr_Run130_step.mat,1.38562344e+24,5.5738666666666665e+23,1.38562344e+24,4795255.872100399,3539828.627758874,6701.746768099491,5578.280978940812,1.2014,0.903466524145449,30769.316894104337,0.0,0.4022641726287964,0.23201999999999998,0.09333333333333332,0.23201999999999998
simArray_Sun_JS_frag_2Gyr_Run130_step.mat,1.9883773999999998e+24,6.347439733333333e+23,1.9883773999999998e+24,5408742.650583611,3696547.070266124,6866.038672863937,6201.263252225377,1.1072,0.7957519065132644,231016.47464172024,0.0,0.31922711117785457,0.33294999999999997,0.10628666666666665,0.33294999999999997
simArray_Sun_JS_frag_2Gyr_Run130_step.mat,1.9883773999999998e+24,6.347439733333333e+23,2.543673866666667e+24,5408742.650583611,3696547.070266124,6708.526586257413,6201.263252225377,1.0818,0.5876065884763519,1302483.41215055,0.874835350937716,0.31922711117785457,0.33294999999999997,0.10628666666666665,0.42593333333333333
simArray_Sun_JS_frag_2Gyr_Run130_step.mat,7.640377733333332e+23,5.5738666666666665e+23,7.640377733333334e+23,3932194.4758357373,3539828.627758874,7098.558079293297,4858.698206224022,1.461,0.9494704680302528,7592.114054054031,4.815964788058559e-16,0.729527630859019,0.12793666666666664,0.09333333333333332,0.12793666666666667
simArray_Sun_JS_frag_2Gyr_Run130_step.mat,2.664805933333333e+24,1.2443657333333332e+23,2.664905466666667e+24,5963280.538007848,2147398.900481066,7528.1025455185045,6775.3600445671,1.1111,0.9403695295758128,2770.1519431363313,0.0007998720204805152,0.0466962985096926,0.4462166666666666,0.020836666666666663,0.44623333333333337
simArray_Sun_JS_frag_2Gyr_Run130_step.mat,2.664805933333333e+24,5.1387069333333325e+23,2.664905466666667e+24,5963280.538007848,3445201.772725748,8117.078941500145,6715.5447517995735,1.2087,0.8735935610103042,62515.77906638678,0.00019369334469759432,0.19283606618608298,0.4462166666666666,0.08604666666666665,0.44623333333333337
simArray_Sun_JS_frag_2Gyr_Run130_step.mat,2.664905466666667e+24,5.138706933333333e+23,3.17877616e+24,5963354.782038459,3445201.7727257484,6935.8958426221325,6715.623395257681,1.0328,0.7453752531387087,312034.8927033898,1.0,0.19282886382311196,0.44623333333333337,0.08604666666666666,0.53228
simArray_Sun_JS_frag_2Gyr_Run130_step.mat,3.712872026666666e+24,3.047909733333333e+23,3.962621066666667e+24,6660395.808162519,2894659.016374533,9046.386947515812,7491.831840592804,1.2075,0.11173786730210421,2755647.6349045103,0.8194108810659035,0.08209035246683896,0.6217133333333332,0.05103666666666666,0.6635333333333333
simArray_Sun_JS_frag_2Gyr_Run130_step.mat,4.0210471333333335e+24,1.4413621066666667e+24,5.044150266666667e+24,6839795.228854797,4858711.124271216,9525.945446523683,7894.866108506286,1.2066,0.38968423680973285,6323591.43690555,0.7098168660055798,0.35845441718854426,0.6733166666666667,0.24135333333333334,0.8446333333333333
simArray_Sun_JS_frag_2Gyr_Run130_step.mat,3.262284626666666e+24,7.640377733333332e+23,3.910863733333333e+24,6379265.269613957,3932194.4758357373,7738.670025252865,7219.582074123393,1.0719,0.5344584959322997,1872222.036074615,0.848883562179204,0.23420328413036448,0.5462633333333332,0.12793666666666664,0.6548666666666666
simArray_Sun_JS_frag_2Gyr_Run130_step.mat,4.135791150666666e+24,7.2971868e+23,4.865509830666667e+24,6904245.812352605,3872414.758318598,8418.397795147383,7763.184982614701,1.0844,0.6934574600622324,699886.3601784363,1.0000000000000007,0.17643992489378327,0.6925303333333332,0.12219,0.8147203333333333
simArray_Sun_JS_frag_2Gyr_Run130_step.mat,5.049326e+24,1.6145302e+23,5.210779020000001e+24,7379175.6636565635,2342135.9648649786,12471.597239905954,8458.761014586242,1.4744,0.664415739893414,634297.8003938613,1.0000000000000044,0.031975162625665285,0.8455,0.027035,0.8725350000000002
simArray_Sun_JS_frag_2Gyr_Run131_step.mat,6.68864e+23,6.131253333333334e+23,1.1925287733333333e+24,3761629.2247258904,3654094.7045586845,5031.000867664688,4803.781980010205,1.0473,0.4615471751937629,2335470.0063554486,0.8540909090909091,0.9166666666666667,0.11199999999999999,0.10266666666666667,0.19968666666666665
simArray_Sun_JS_frag_2Gyr_Run131_step.mat,5.5738666666666665e+23,5.5738666666666665e+23,5.573866666666667e+23,3539828.627758874,3539828.627758874,5717.501775131172,4584.637779753966,1.2471,0.7158000000000001,762079.9087635005,1.2039911970146398e-16,1.0,0.09333333333333332,0.09333333333333332,0.09333333333333334
simArray_Sun_JS_frag_2Gyr_Run131_step.mat,6.131253333333334e+23,6.131253333333334e+23,3.3224226666666666e+23,3654094.7045586845,3654094.7045586845,13426.945754964365,4732.630416610047,2.8371,0.26465,29984844.111899506,-0.45811688311688314,1.0,0.10266666666666667,0.10266666666666667,0.05563333333333333
simArray_Sun_JS_frag_2Gyr_Run131_step.mat,6.131253333333334e+23,3.3224226666666666e+23,8.336712933333334e+23,3654094.7045586845,2979076.614424472,6873.1956355088105,4361.718260888952,1.5758,0.5150746731031395,2663776.343810919,0.6638106650689036,0.5418831168831169,0.10266666666666667,0.05563333333333333,0.13959666666666667
simArray_Sun_JS_frag_2Gyr_Run131_step.mat,9.3121396e+23,6.750350666666667e+23,9.3121396e+23,4200295.754023727,3773162.3308111434,13724.269853961014,5185.62300837339,2.6466,0.9532169211952831,22510.590844397488,0.0,0.7248979242822635,0.15592999999999999,0.11303333333333333,0.15592999999999999
simArray_Sun_JS_frag_2Gyr_Run131_step.mat,9.3121396e+23,5.840217866666667e+23,9.3121396e+23,4200295.754023727,3595338.026874341,6175.58603757198,5093.686933002294,1.2124,0.9577727664231594,3064.5277735102404,0.0,0.6271617606190812,0.15592999999999999,0.09779333333333333,0.15592999999999999
simArray_Sun_JS_frag_2Gyr_Run131_step.mat,8.779039066666667e+23,4.8337368e+23,1.3612775866666667e+24,4118562.926724769,3375652.3371150177,5005.36217997934,4924.114294126257,1.0165,0.9090914196528425,17579.745819663658,1.0000000000000002,0.5505997596426385,0.14700333333333332,0.08094,0.22794333333333333
simArray_Sun_JS_frag_2Gyr_Run131_step.mat,1.98515252e+24,7.234281733333333e+23,2.5601964000000006e+24,5405816.984606929,3861255.3050492387,7411.143390307629,6246.222832117681,1.1865,0.5089023361385758,2524906.753996764,0.7948873173550542,0.3644194418539354,0.33241,0.12113666666666666,0.4287000000000001
simArray_Sun_JS_frag_2Gyr_Run131_step.mat,9.3121396e+23,6.750350666666667e+23,9.3121396e+23,4200295.754023727,3773162.3308111434,5922.500037863248,5185.62300837339,1.1421,0.9736561676956296,762.2817379823557,0.0,0.7248979242822635,0.15592999999999999,0.11303333333333333,0.15592999999999999
simArray_Sun_JS_frag_2Gyr_Run131_step.mat,9.3121396e+23,6.750350666666667e+23,9.3121396e+23,4200295.754023727,3773162.3308111434,5443.348471889548,5185.62300837339,1.0497,0.8536019337412748,96645.77697604055,0.0,0.7248979242822635,0.15592999999999999,0.11303333333333333,0.15592999999999999
simArray_Sun_JS_frag_2Gyr_Run131_step.mat,9.3121396e+23,5.840217866666667e+23,9.3121396e+23,4200295.754023727,3595338.026874341,5592.358883743219,5093.686933002294,1.0979,0.780130056539206,283454.6598853217,0.0,0.6271617606190812,0.15592999999999999,0.09779333333333333,0.15592999999999999
simArray_Sun_JS_frag_2Gyr_Run131_step.mat,5.979365466666667e+23,5.840217866666667e+23,1.0493600266666667e+24,3623668.090087937,3595338.026874341,5256.085835087877,4674.985177521904,1.1243,0.2827051030670557,4370171.790776898,0.7729565750903266,0.9767287012684356,0.10012333333333333,0.09779333333333333,0.17571333333333333
simArray_Sun_JS_frag_2Gyr_Run131_step.mat,1.5024158533333332e+24,6.048839733333334e+23,1.5024158533333334e+24,4926367.024218105,3637648.5531526483,8163.459943466205,5731.15693868731,1.4244,0.5890460832566685,2199380.1312486934,4.4378007656697045e-16,0.402607555019676,0.2515766666666666,0.10128666666666666,0.25157666666666667
simArray_Sun_JS_frag_2Gyr_Run131_step.mat,1.0493600266666666e+24,6.048839733333334e+23,1.4505589866666666e+24,4370906.846687035,3637648.5531526483,7809.260827167007,5250.982266787928,1.4872,0.47308183131057124,4222594.799948068,0.6632659777529124,0.5764313085707783,0.1757133333333333,0.10128666666666666,0.2428933333333333
simArray_Sun_JS_frag_2Gyr_Run131_step.mat,3.01024632e+24,1.1698749866666666e+24,3.9341545333333334e+24,6210559.44989444,4532208.320605387,8302.458004632863,7206.994795688249,1.1520000000000001,0.4811654445646314,3688849.6269518454,0.7897495235502316,0.3886309830840244,0.50406,0.1958933333333333,0.6587666666666666
simArray_Sun_JS_frag_2Gyr_Run131_step.mat,1.4505589866666666e+24,9.3121396e+23,1.4505589866666666e+24,4869023.193699817,4200295.754023727,7277.260471239157,5920.8042236100855,1.2291,0.7269723718608267,856297.8773205637,0.0,0.6419690399077785,0.2428933333333333,0.15592999999999999,0.2428933333333333
simArray_Sun_JS_frag_2Gyr_Run131_step.mat,1.5302851866666668e+24,9.3121396e+23,2.4614991466666663e+24,4956641.439197283,4200295.754023727,6133.383630106531,5990.217433447145,1.0239,0.7668042397369538,391115.91846308805,0.9999999999999994,0.6085231485697189,0.2562433333333333,0.15592999999999999,0.4121733333333332
simArray_Sun_JS_frag_2Gyr_Run131_step.mat,1.6096530666666664e+24,6.212273466666666e+23,2.2308804133333335e+24,5040892.923483023,3670119.7411584863,5840.999520112581,5846.846366479061,0.9989999999999999,0.899037981853918,25926.639514005077,1.0000000000000007,0.38593865941132827,0.2695333333333333,0.10402333333333333,0.37355666666666665
simArray_Sun_JS_frag_2Gyr_Run131_step.mat,7.029044e+23,5.5738666666666665e+23,1.0894520533333333e+24,3824389.63625517,3539828.627758874,5496.041921034549,4779.582503726019,1.1499,0.04647918627255193,6364632.921577282,0.6935000000000001,0.7929764939110734,0.11769999999999999,0.09333333333333332,0.18242666666666665
simArray_Sun_JS_frag_2Gyr_Run131_step.mat,3.1806872000000006e+24,2.5211793333333336e+24,5.701866533333334e+24,6325628.740985002,5854160.496775762,8106.6637834563035,7905.084137938862,1.0255,0.7176440924933484,1313079.539309974,1.0,0.7926523970459382,0.5326000000000001,0.4221666666666667,0.9547666666666668
simArray_Sun_JS_frag_2Gyr_Run132_step.mat,6.131253333333334e+23,5.5738666666666665e+23,6.131253333333334e+23,3654094.7045586845,3539828.627758874,6041.272329104204,4660.39676703248,1.2963,0.8445041148140902,162828.12219739248,0.0,0.9090909090909091,0.10266666666666667,0.09333333333333332,0.10266666666666667
simArray_Sun_JS_frag_2Gyr_Run132_step.mat,6.131253333333334e+23,6.131253333333334e+23,1.0822060266666667e+24,3654094.7045586845,3654094.7045586845,5272.150284103593,4732.630416610047,1.114,0.22285,5031482.229805814,0.7650649350649351,1.0,0.10266666666666667,0.10266666666666667,0.18121333333333334
simArray_Sun_JS_frag_2Gyr_Run132_step.mat,5.5738666666666665e+23,5.5738666666666665e+23,5.573866666666667e+23,3539828.627758874,3539828.627758874,5837.160821182751,4584.637779753966,1.2732,0.82505,223478.68197778353,1.2039911970146398e-16,1.0,0.09333333333333332,0.09333333333333332,0.09333333333333334
simArray_Sun_JS_frag_2Gyr_Run132_step.mat,6.131253333333334e+23,5.5738666666666665e+23,1.0621998266666667e+24,3654094.7045586845,3539828.627758874,5014.120881650246,4660.39676703248,1.0759,0.3543402324637972,3226391.1909078234,0.8056785714285714,0.9090909090909091,0.10266666666666667,0.09333333333333332,0.17786333333333332
simArray_Sun_JS_frag_2Gyr_Run132_step.mat,6.131253333333334e+23,5.9582644e+23,6.131253333333334e+23,3654094.7045586845,3619400.4474799326,5324.550126864823,4710.323891423233,1.1304,0.8478751279782182,124236.99284312653,0.0,0.9717857142857143,0.10266666666666667,0.09977,0.10266666666666667
simArray_Sun_JS_frag_2Gyr_Run132_step.mat,1.2573249733333332e+24,7.550797733333333e+23,1.2573249733333332e+24,4642435.6497740615,3916766.2830966786,6599.395865291467,5602.2036207907195,1.178,0.9400723959190084,9563.429803731899,0.0,0.6005446398885388,0.21053666666666662,0.12643666666666664,0.21053666666666662
simArray_Sun_JS_frag_2Gyr_Run132_step.mat,6.131253333333334e+23,5.5738666666666665e+23,6.131253333333334e+23,3654094.7045586845,3539828.627758874,5452.664217428001,4660.39676703248,1.17,0.6973533617396033,765090.2473654976,0.0,0.9090909090909091,0.10266666666666667,0.09333333333333332,0.10266666666666667
simArray_Sun_JS_frag_2Gyr_Run132_step.mat,1.2573249733333332e+24,7.829491066666666e+23,1.2573249733333332e+24,4642435.6497740615,3964373.425904978,6165.825208021671,5625.239675231886,1.0961,0.7900999871142762,303052.02550777583,0.0,0.6227102167476766,0.21053666666666662,0.13110333333333332,0.21053666666666662
simArray_Sun_JS_frag_2Gyr_Run132_step.mat,6.621554533333332e+23,5.5738666666666665e+23,6.621554533333332e+23,3749010.8620008947,3539828.627758874,7398.4397343821165,4725.927648918631,1.5655,0.6778611906562676,1567264.243913908,0.0,0.8417761476715871,0.11087666666666665,0.09333333333333332,0.11087666666666665
simArray_Sun_JS_frag_2Gyr_Run132_step.mat,5.9582644e+23,5.5836209333333335e+23,5.9582644e+23,3619400.4474799326,3541892.324436416,6338.72541522177,4638.3180266513755,1.3666,0.5130938576748568,3069169.2855960308,0.0,0.9371220473756307,0.09977,0.09349666666666666,0.09977
simArray_Sun_JS_frag_2Gyr_Run132_step.mat,1.2573249733333332e+24,5.9582644e+23,1.7371751733333332e+24,4642435.6497740615,3619400.4474799326,6235.732338505406,5471.860598899093,1.1396,0.49156176164910614,2241762.8419963126,0.8053523103137215,0.47388420069346593,0.21053666666666662,0.09977,0.2908866666666666
simArray_Sun_JS_frag_2Gyr_Run132_step.mat,1.1921107333333334e+24,6.1559376e+23,1.1921107333333334e+24,4560742.767225541,3658991.901886507,7425.6028690580315,5418.170645062409,1.3705,0.6700957222714463,1254911.960412572,0.0,0.5163897470151123,0.19961666666666666,0.10308,0.19961666666666666
simArray_Sun_JS_frag_2Gyr_Run132_step.mat,1.1091397466666667e+24,6.68864e+23,1.1091397466666667e+24,4452379.094477491,3761629.2247258904,6435.904762812952,5375.3485031428645,1.1973,0.5809118386690767,1807566.4680409045,0.0,0.6030475438376078,0.18572333333333332,0.11199999999999999,0.18572333333333332
simArray_Sun_JS_frag_2Gyr_Run132_step.mat,6.1410076e+23,4.9967724e+23,6.141007599999999e+23,3656031.455351527,3413185.5735425586,6270.401262636491,4585.973277727267,1.3673,0.6936885614092064,976451.7639169197,-2.686088483838087e-16,0.8136730526111057,0.10283,0.08367,0.10282999999999998
simArray_Sun_JS_frag_2Gyr_Run132_step.mat,1.1374669333333335e+24,7.3557124e+23,1.6837854933333332e+24,4489965.170567097,3882739.8417777815,6691.40117417402,5464.598753919167,1.2245,0.4134581525806942,4065039.773425787,0.7427133230494435,0.646674833741687,0.19046666666666667,0.12316999999999999,0.2819466666666666
simArray_Sun_JS_frag_2Gyr_Run132_step.mat,1.2794014666666666e+24,4.996772400000001e+23,1.779078706666667e+24,4669449.2548173815,3413185.5735425586,5714.286005661315,5420.495167578558,1.0542,0.7692836259158942,251244.8725709357,1.0000000000000007,0.39055546911467254,0.2142333333333333,0.08367000000000001,0.29790333333333335
simArray_Sun_JS_frag_2Gyr_Run132_step.mat,2.3573474666666668e+24,9.643187466666666e+23,2.8562085333333336e+24,5724504.648280673,4249491.01399993,10740.632280301932,6667.473015272166,1.6109,0.41834702755201514,7965743.730558532,0.5173196812683211,0.4090694139503462,0.3947333333333333,0.16147333333333333,0.4782666666666667
simArray_Sun_JS_frag_2Gyr_Run132_step.mat,1.8372459866666668e+24,1.7432068933333332e+24,1.8372459866666668e+24,5268081.451583421,5176620.845758342,7305.035809445581,6764.548392856358,1.0799,0.7241863992723405,1119240.6110000014,0.0,0.9488151864171713,0.3076433333333333,0.29189666666666664,0.3076433333333333
simArray_Sun_JS_frag_2Gyr_Run132_step.mat,1.8280292e+24,6.1559376e+23,1.8280292e+24,5259257.337645877,3658991.901886507,7232.526296210111,6047.768455732177,1.1959,0.9305169580017877,12328.600038355034,0.0,0.33675269519764783,0.3061,0.10308,0.3061
simArray_Sun_JS_frag_2Gyr_Run132_step.mat,1.9299115200000002e+24,6.1559376e+23,1.9299115200000002e+24,5355201.847355786,3658991.901886507,6555.885094464684,6139.61893094651,1.0678,0.8855438540290437,41643.69984623882,0.0,0.31897512068325284,0.32316,0.10308,0.32316
simArray_Sun_JS_frag_2Gyr_Run132_step.mat,1.985650186666667e+24,6.1559376e+23,1.985650186666667e+24,5406268.682920545,3658991.901886507,6487.89541539007,6188.968248965058,1.0483,0.8686756315356019,59312.13351903183,0.0,0.3100212535589686,0.33249333333333336,0.10308,0.33249333333333336
simArray_Sun_JS_frag_2Gyr_Run132_step.mat,6.68864e+23,6.1559376e+23,6.68864e+23,3761629.2247258904,3658991.901886507,5994.101563821626,4806.817613329291,1.247,0.9160473302731952,27920.197007944185,0.0,0.920357142857143,0.11199999999999999,0.10308,0.11199999999999999
simArray_Sun_JS_frag_2Gyr_Run132_step.mat,1.8280292e+24,6.1410076e+23,1.8280292e+24,5259257.337645877,3656031.455351527,7264.170257153732,6046.924379550263,1.2013,0.9909382276788031,29.174572235899785,0.0,0.33593596863770014,0.3061,0.10283,0.3061
simArray_Sun_JS_frag_2Gyr_Run132_step.mat,2.0971275200000004e+24,6.1559376e+23,2.5412850666666667e+24,5505604.266075314,3658991.901886507,8072.284242703514,6285.846630356264,1.2842,0.4605927760959612,3177451.55903216,0.7215108006726162,0.29354140562706454,0.35116,0.10308,0.4255333333333333
simArray_Sun_JS_frag_2Gyr_Run132_step.mat,3.7613646666666665e+24,6.68864e+23,4.303025066666667e+24,6689266.915199696,3761629.2247258904,9972.39383437492,7522.360891887244,1.3257,0.5746515663401329,2143962.484889283,0.8098214285714296,0.1778248213813178,0.6298333333333332,0.11199999999999999,0.7205333333333334
simArray_Sun_JS_frag_2Gyr_Run132_step.mat,2.5691544e+24,6.141007599999999e+23,3.18325516e+24,5891060.013734425,3656031.455351527,6777.4918515425,6671.416331865833,1.0159,0.9775351272141514,311.69771593621357,1.0,0.23902835890283586,0.43019999999999997,0.10282999999999998,0.53303
simArray_Sun_JS_frag_2Gyr_Run133_step.mat,8.918186666666668e+23,5.5738666666666665e+23,1.3618349733333333e+24,4140208.6791202626,3539828.627758874,5465.991030365911,5018.814645455799,1.0891,0.5119709742866216,1848845.2054954397,0.8432499999999997,0.6249999999999999,0.14933333333333335,0.09333333333333332,0.22803666666666664
simArray_Sun_JS_frag_2Gyr_Run133_step.mat,6.131253333333331e+23,5.573866666666664e+23,1.1705119999999995e+24,3654094.704558684,3539828.6277588736,4786.227479742356,4660.396767032479,1.027,0.5259229883787494,1630857.9997054795,1.0,0.909090909090909,0.10266666666666663,0.09333333333333328,0.1959999999999999
simArray_Sun_JS_frag_2Gyr_Run133_step.mat,1.1705119999999999e+24,6.131253333333334e+23,1.67239888e+24,4533030.788334287,3654094.7045586845,5416.956574885569,5392.689472260397,1.0045,0.41703022541149887,2346662.8457652517,0.8185714285714288,0.5238095238095238,0.19599999999999998,0.10266666666666667,0.28004
simArray_Sun_JS_frag_2Gyr_Run133_step.mat,8.082106666666666e+23,6.152752533333334e+23,8.082106666666667e+23,4006559.2658327725,3658360.741944384,5960.838319860741,4978.982893301654,1.1972,0.5324885217278978,2237125.678405447,2.1814257484411742e-16,0.7612807881773401,0.1353333333333333,0.10302666666666668,0.13533333333333333
simArray_Sun_JS_frag_2Gyr_Run133_step.mat,1.41757364e+24,5.3534998666666656e+23,1.41757364e+24,4831833.066952401,3492550.0947794835,7451.189853428574,5596.087009709781,1.3315,0.9907587987895038,34.967450947991814,0.0,0.377652328994116,0.23737,0.08964333333333331,0.23737
simArray_Sun_JS_frag_2Gyr_Run133_step.mat,6.131253333333334e+23,6.131253333333334e+23,6.131253333333334e+23,3654094.7045586845,3654094.7045586845,5348.818896852676,4732.630416610047,1.1302,0.979,391.11586264458583,0.0,1.0,0.10266666666666667,0.10266666666666667,0.10266666666666667
simArray_Sun_JS_frag_2Gyr_Run133_step.mat,1.16680936e+24,6.338282666666667e+23,1.8006376266666666e+24,4528246.013269747,3694768.6199515406,5507.592435746221,5406.491053054109,1.0187,0.9008566789095035,27117.106933809977,0.9999999999999998,0.5432149315863105,0.19538,0.10613333333333333,0.3015133333333333
simArray_Sun_JS_frag_2Gyr_Run133_step.mat,1.8006177199999997e+24,1.5581744266666668e+24,1.8006177200000002e+24,5232837.14049864,4986571.716548196,8379.563426687428,6623.63720392651,1.2651000000000001,0.7452871848594115,1139130.9183841278,3.4455122790617484e-16,0.8653554884857332,0.30150999999999994,0.26091333333333333,0.30151
simArray_Sun_JS_frag_2Gyr_Run133_step.mat,1.8006177200000002e+24,1.5581744266666668e+24,3.358792146666667e+24,5232837.140498641,4986571.716548196,6793.2023163470285,6623.63720392651,1.0256,0.8163595732197593,315115.46991441475,0.9999999999999998,0.8653554884857328,0.30151,0.26091333333333333,0.5624233333333333
simArray_Sun_JS_frag_2Gyr_Run133_step.mat,6.409946666666667e+23,6.131253333333334e+23,6.409946666666667e+23,3708641.4733209005,3654094.7045586845,5362.005397107023,4768.346284666094,1.1245,0.874682422788702,72385.88045333844,0.0,0.9565217391304347,0.10733333333333334,0.10266666666666667,0.10733333333333334
simArray_Sun_JS_frag_2Gyr_Run133_step.mat,6.333106933333333e+23,6.257660666666668e+23,1.25907676e+24,3693762.651106724,3679036.091781057,4881.4474105085665,4774.4986409512585,1.0224,0.5467398910137485,1613074.3772631374,1.0,0.988087005720752,0.10604666666666666,0.10478333333333334,0.21083
simArray_Sun_JS_frag_2Gyr_Run133_step.mat,1.3447550533333335e+24,6.967333333333333e+23,1.89336288e+24,4747639.928116905,3813164.796205839,5718.7435691016635,5642.012203138973,1.0136,0.3471108063667991,3192370.6763737677,0.7873999999999998,0.5181117048835728,0.22517666666666666,0.11666666666666665,0.31704
simArray_Sun_JS_frag_2Gyr_Run133_step.mat,7.728564266666666e+23,7.119619333333333e+23,7.728564266666666e+23,3947265.3250659304,3840746.438996565,7767.9342340682,5044.768303720093,1.5398,0.7833698087840928,667336.1659133654,0.0,0.9212085308056872,0.12941333333333332,0.11921666666666665,0.12941333333333332
simArray_Sun_JS_frag_2Gyr_Run133_step.mat,8.568824666666667e+23,7.728564266666666e+23,8.568824666666667e+23,4085423.952687331,3947265.3250659304,7808.765671005765,5204.109077644629,1.5005,0.5792442828084857,3354475.5322501026,0.0,0.9019398304100359,0.14348333333333332,0.12941333333333332,0.14348333333333332
simArray_Sun_JS_frag_2Gyr_Run133_step.mat,8.075537466666668e+23,7.119619333333333e+23,1.1251048933333335e+24,4005473.45060987,3840746.438996565,8293.682925406161,5084.40591307391,1.6312,0.19082386128654252,12456759.855701458,0.44602264784006723,0.8816279241748217,0.13522333333333333,0.11921666666666665,0.18839666666666668
simArray_Sun_JS_frag_2Gyr_Run133_step.mat,1.1532927333333333e+24,6.222824e+23,1.1532927333333333e+24,4510692.592145993,3672196.2659976324,9497.942926791306,5381.880624881746,1.7648,0.8316478485465474,360212.70111807506,0.0,0.5395702079917148,0.19311666666666666,0.10419999999999999,0.19311666666666666
simArray_Sun_JS_frag_2Gyr_Run133_step.mat,1.1532927333333333e+24,8.568824666666667e+23,1.1532927333333333e+24,4510692.592145993,4085423.952687331,6227.900545995953,5587.064273792009,1.1147,0.939802338695504,9905.148759290614,0.0,0.7429878311901269,0.19311666666666666,0.14348333333333332,0.19311666666666666
simArray_Sun_JS_frag_2Gyr_Run133_step.mat,2.239758786666667e+24,1.1532927333333333e+24,2.2396990666666667e+24,5627693.825995506,4510692.592145993,7449.184646150836,6683.880346478991,1.1145,0.7371009866192627,712216.8165924716,-5.1782169673108185e-05,0.514918276110316,0.37504333333333334,0.19311666666666666,0.37503333333333333
simArray_Sun_JS_frag_2Gyr_Run133_step.mat,5.12319964e+24,6.222824e+23,5.461394e+24,7414988.33076374,3672196.2659976324,14055.019811796892,8317.071904726252,1.6899,0.17221319610114524,8850265.584693315,0.5434740882917467,0.12146362502477064,0.85787,0.10419999999999999,0.9145
simArray_Sun_JS_frag_2Gyr_Run133_step.mat,5.660281506666667e+24,1.47185912e+24,5.660261600000001e+24,7665539.436150807,4892739.869422878,11610.629308702393,8706.883621074161,1.3335,0.8136595643205629,453684.1323836995,-1.3524845139784781e-05,0.2600328478833513,0.9478033333333333,0.24645999999999998,0.9478000000000002
simArray_Sun_JS_frag_2Gyr_Run133_step.mat,5.660261600000001e+24,1.4718591200000002e+24,7.132120720000001e+24,7665530.449818173,4892739.869422879,9057.7616310612,8706.874585274632,1.0403,0.7186203807656476,827053.201618619,0.9999999999999994,0.26003376239713016,0.9478000000000002,0.24646,1.19426
simArray_Sun_JS_frag_2Gyr_Run133_step.mat,2.239758786666667e+24,8.568824666666667e+23,2.2396990666666667e+24,5627693.825995506,4085423.952687331,22972.680498749105,6523.549765369617,3.5215,0.9689736466750823,12441.522515258188,-6.96945057500644e-05,0.3825780132073627,0.37504333333333334,0.14348333333333332,0.37503333333333333
simArray_Sun_JS_frag_2Gyr_Run133_step.mat,2.239758786666667e+24,1.1532927333333333e+24,2.2396990666666667e+24,5627693.825995506,4510692.592145993,14806.800131554908,6683.880346478991,2.2153,0.9626331282439381,10810.54822643238,-5.1782169673108185e-05,0.514918276110316,0.37504333333333334,0.19311666666666666,0.37503333333333333
simArray_Sun_JS_frag_2Gyr_Run133_step.mat,7.132120720000001e+24,2.239758786666667e+24,7.132160533333333e+24,8279477.695326412,5627693.825995506,13225.106450699614,9484.442377151185,1.3944,0.7818583412595046,1013481.0939755561,1.777572369365987e-05,0.314038260791899,1.19426,0.37504333333333334,1.1942666666666666
simArray_Sun_JS_frag_2Gyr_Run133_step.mat,7.132120720000001e+24,2.239758786666667e+24,7.132160533333333e+24,8279477.695326412,5627693.825995506,18583.81639379003,9484.442377151185,1.9594,0.8688968621550652,488147.7322569038,1.777572369365987e-05,0.314038260791899,1.19426,0.37504333333333334,1.1942666666666666
simArray_Sun_JS_frag_2Gyr_Run133_step.mat,7.132120720000001e+24,2.1756792266666664e+24,7.132160533333333e+24,8279477.695326412,5573504.212418869,10314.246452350255,9470.431046139249,1.0891,0.8084648888631154,425614.35102737264,1.8299266198919917e-05,0.3050536175818777,1.19426,0.36431333333333327,1.1942666666666666
simArray_Sun_JS_frag_2Gyr_Run133_step.mat,7.132120720000001e+24,2.1756792266666664e+24,7.132160533333333e+24,8279477.695326412,5573504.212418869,9878.60662422785,9470.431046139249,1.0431,0.8957841172677145,70292.64368531882,1.8299266198919917e-05,0.3050536175818777,1.19426,0.36431333333333327,1.1942666666666666
simArray_Sun_JS_frag_2Gyr_Run133_step.mat,7.132120720000001e+24,2.1756792266666664e+24,8.776849333333332e+24,8279477.695326412,5573504.212418869,10676.016918312775,9470.431046139249,1.1273,0.40701159851835705,6815785.939610965,0.755960985964462,0.3050536175818777,1.19426,0.36431333333333327,1.4696666666666665
simArray_Sun_JS_frag_2Gyr_Run134_step.mat,5.573866666666664e+23,5.573866666666664e+23,1.1147733333333328e+24,3539828.6277588736,3539828.6277588736,4576.843895528385,4584.637779753966,0.9983,0.57365,1252874.162627654,1.0,1.0,0.09333333333333328,0.09333333333333328,0.18666666666666656
simArray_Sun_JS_frag_2Gyr_Run134_step.mat,6.688639999999997e+23,5.573866666666664e+23,1.2262506666666662e+24,3761629.22472589,3539828.6277588736,4838.030422420219,4734.811531043471,1.0218,0.9883896905849706,48.268074644999736,1.0000000000000002,0.8333333333333333,0.11199999999999995,0.09333333333333328,0.20533333333333326
simArray_Sun_JS_frag_2Gyr_Run134_step.mat,5.573866666666664e+23,5.573866666666664e+23,1.1147733333333328e+24,3539828.6277588736,3539828.6277588736,4610.770215098564,4584.637779753966,1.0057,0.86315,70620.06274297116,1.0,1.0,0.09333333333333328,0.09333333333333328,0.18666666666666656
simArray_Sun_JS_frag_2Gyr_Run134_step.mat,5.573866666666664e+23,5.573866666666664e+23,1.1147733333333328e+24,3539828.6277588736,3539828.6277588736,4750.60166738106,4584.637779753966,1.0362,0.9589,2273.226363354552,1.0,1.0,0.09333333333333328,0.09333333333333328,0.18666666666666656
simArray_Sun_JS_frag_2Gyr_Run134_step.mat,1.3934666666666666e+24,5.879633066666667e+23,1.9814299733333334e+24,4804286.593457831,3603408.1229803804,5730.495161534449,5608.784537079817,1.0217,0.9930057552860215,9.619000913397466,1.0000000000000002,0.4219428571428572,0.2333333333333333,0.09845333333333334,0.3317866666666667
simArray_Sun_JS_frag_2Gyr_Run134_step.mat,7.286437199999999e+23,6.321362e+23,7.2864372e+23,3870512.318927019,3691477.840899225,6207.735947183556,4901.102121572364,1.2666,0.8790814014904644,82269.20331488413,2.123240656048491e-16,0.8675518400131137,0.12200999999999998,0.10584999999999999,0.12201000000000001
simArray_Sun_JS_frag_2Gyr_Run134_step.mat,1.9814299733333334e+24,1.1147733333333333e+24,1.9814299733333334e+24,5402435.884608133,4459904.601133889,7346.833451550784,6473.551371531222,1.1349,0.991654029390395,32.14872080587057,0.0,0.5626105127792959,0.3317866666666667,0.18666666666666665,0.3317866666666667
simArray_Sun_JS_frag_2Gyr_Run134_step.mat,7.847008933333334e+23,6.967333333333333e+23,1.3391214666666667e+24,3967327.880818169,3813164.796205839,6158.635792705578,5041.450386956105,1.2216,0.4563157974595218,3509384.4739974937,0.7957428571428572,0.8878966995611253,0.13139666666666666,0.11666666666666665,0.22423333333333334
simArray_Sun_JS_frag_2Gyr_Run134_step.mat,7.843823866666666e+23,6.321362e+23,1.4165185866666666e+24,3966791.034488486,3691477.840899225,5433.535148256184,4968.9393216791805,1.0935,0.5661983602762762,1633335.6237674311,1.0,0.8059031038245819,0.1313433333333333,0.10584999999999999,0.2371933333333333
simArray_Sun_JS_frag_2Gyr_Run134_step.mat,2.0650379733333332e+24,1.1147733333333333e+24,2.0651176e+24,5477378.163163884,4459904.601133889,8283.858623510481,6535.588657601957,1.2675000000000003,0.6530555486487825,1811319.0786506068,7.14285714287655e-05,0.5398318809285109,0.34578666666666663,0.18666666666666665,0.3458
simArray_Sun_JS_frag_2Gyr_Run134_step.mat,1.8594817333333332e+24,8.748382800000001e+23,1.8594817333333332e+24,5289249.058997505,4113763.349994826,10116.762687534772,6230.300953032869,1.6238,0.8281210452524117,397254.34868540417,0.0,0.47047425329193887,0.3113666666666666,0.14649,0.3113666666666666
simArray_Sun_JS_frag_2Gyr_Run134_step.mat,4.626906533333334e+23,4.250471466666667e+23,5.701866533333334e+23,3326802.0021006586,3234017.857842712,8325.176035863149,4249.923955211164,1.9589,0.24131512624907966,11635865.522608135,0.2529037092544024,0.918642171836682,0.07747666666666667,0.07117333333333334,0.09547666666666667
simArray_Sun_JS_frag_2Gyr_Run134_step.mat,1.47914496e+24,1.1147733333333333e+24,1.47914496e+24,4900799.7579329815,4459904.601133889,17514.755072704866,6081.934534587424,2.8798,0.8945904309293724,403739.53109764436,0.0,0.7536606373815676,0.24767999999999998,0.18666666666666665,0.24767999999999998
simArray_Sun_JS_frag_2Gyr_Run134_step.mat,1.8973442133333334e+24,9.529122266666667e+23,2.4964950666666665e+24,5324907.741861094,4232669.3672064785,8209.750840317938,6309.368921240346,1.3012,0.31344691875191344,7036774.518273035,0.6287576510894313,0.5022347658217223,0.31770666666666664,0.15956333333333333,0.41803333333333326
simArray_Sun_JS_frag_2Gyr_Run134_step.mat,1.5070142933333334e+24,1.1715073333333334e+24,2.4499134666666663e+24,4931387.94444866,4534315.296985734,7807.8143968921495,6145.949619719891,1.2704,0.5172753640331849,4150067.169988576,0.8048598130841118,0.7773697558913664,0.25234666666666666,0.19616666666666666,0.4102333333333333
simArray_Sun_JS_frag_2Gyr_Run134_step.mat,2.281921106666667e+24,1.1487739200000001e+24,2.2819012e+24,5662787.357298992,4504793.639590724,7001.793579378372,6711.1986766782065,1.0433,0.9033654215637612,38782.38918471153,-1.732861994892962e-05,0.5034240301489126,0.38210333333333335,0.19236,0.3821
simArray_Sun_JS_frag_2Gyr_Run134_step.mat,2.345132736e+24,1.1487739200000001e+24,3.4939066560000005e+24,5714600.239077091,4504793.639590724,6770.41574784588,6755.553530079705,1.0022,0.8834110481384886,61150.74910971609,1.0000000000000004,0.4898545410096566,0.392688,0.19236,0.585048
simArray_Sun_JS_frag_2Gyr_Run134_step.mat,4.163638586666667e+24,5.8549488e+23,4.5701725333333335e+24,6919707.233360016,3598358.360394334,10292.061340950153,7763.491997397717,1.3257,0.09210429465715195,5924356.508073729,0.6943424452604376,0.14062096596831103,0.6971933333333333,0.09803999999999999,0.7652666666666667
simArray_Sun_JS_frag_2Gyr_Run134_step.mat,3.4939066560000005e+24,6.2592532e+23,4.119831976e+24,6526802.602347072,3679348.162109383,7337.58034022968,7340.516546848418,0.9996,0.5557868262591685,1282411.945960487,0.9999999999999996,0.17914769386443502,0.585048,0.10480999999999999,0.689858
simArray_Sun_JS_frag_2Gyr_Run135_step.mat,5.573866666666664e+23,5.573866666666664e+23,1.1147733333333328e+24,3539828.6277588736,3539828.6277588736,4577.760823084335,4584.637779753966,0.9984999999999999,0.37265,2674963.5989103974,1.0,1.0,0.09333333333333328,0.09333333333333328,0.18666666666666656
simArray_Sun_JS_frag_2Gyr_Run135_step.mat,6.68864e+23,6.131253333333334e+23,6.68864e+23,3761629.2247258904,3654094.7045586845,5825.066028960375,4803.781980010205,1.2126,0.5190186500255614,2499411.3474700567,0.0,0.9166666666666667,0.11199999999999999,0.10266666666666667,0.11199999999999999
simArray_Sun_JS_frag_2Gyr_Run135_step.mat,7.246026666666667e+23,5.774924e+23,7.246026666666667e+23,3863343.771591996,3581889.108072636,5893.225873555371,4831.701134340716,1.2197,0.7774184813490815,377184.72926943115,0.0,0.7969780219780219,0.12133333333333332,0.0967,0.12133333333333332
simArray_Sun_JS_frag_2Gyr_Run135_step.mat,7.803413333333333e+23,5.774924e+23,1.3578337333333335e+24,3959967.142737017,3581889.108072636,4880.263772587502,4902.324231629836,0.9955000000000002,0.9693755881565925,821.1849503858906,1.0000000000000004,0.7400510204081633,0.13066666666666665,0.0967,0.2273666666666667
simArray_Sun_JS_frag_2Gyr_Run135_step.mat,1.3857030666666666e+24,6.68864e+23,1.3857030666666666e+24,4795347.725561687,3761629.2247258904,7204.598091060873,5661.321775153916,1.2726,0.8987168239625591,45794.19380275611,0.0,0.48268926878322077,0.2320333333333333,0.11199999999999999,0.2320333333333333
simArray_Sun_JS_frag_2Gyr_Run135_step.mat,1.3857030666666666e+24,6.68864e+23,1.3857030666666666e+24,4795347.725561687,3761629.2247258904,5913.81672632578,5661.321775153916,1.0446,0.9435489907749336,5605.278490626507,0.0,0.48268926878322077,0.2320333333333333,0.11199999999999999,0.2320333333333333
simArray_Sun_JS_frag_2Gyr_Run135_step.mat,1.4414417333333333e+24,6.68864e+23,1.4414417333333333e+24,4858800.594235131,3761629.2247258904,6221.207945644841,5716.445783005459,1.0883,0.8982696535618697,33733.191553002696,0.0,0.464024306035078,0.24136666666666665,0.11199999999999999,0.24136666666666665
simArray_Sun_JS_frag_2Gyr_Run135_step.mat,1.4693110666666667e+24,6.68864e+23,2.1381750666666668e+24,4889914.833820637,3761629.2247258904,5975.183906519343,5743.712300797215,1.0403,0.7936074036847757,223944.35960772028,1.0000000000000002,0.45522286952987395,0.24603333333333333,0.11199999999999999,0.3580333333333333
simArray_Sun_JS_frag_2Gyr_Run135_step.mat,1.0203560133333333e+24,6.9520052e+23,1.2776098666666667e+24,4330259.815080295,3810366.4222099837,8632.55094907579,5303.852880975542,1.6275999999999997,0.14266416962918016,12781129.442674197,0.37004266529221436,0.6813313303548784,0.17085666666666666,0.11641,0.21393333333333334
simArray_Sun_JS_frag_2Gyr_Run135_step.mat,1.1147733333333334e+24,5.573866666666664e+23,1.67216e+24,4459904.6011338895,3539828.6277588736,5725.959933139463,5282.250860829762,1.084,0.658025117850951,798776.4787529857,1.0000000000000002,0.4999999999999997,0.18666666666666668,0.09333333333333328,0.27999999999999997
simArray_Sun_JS_frag_2Gyr_Run135_step.mat,1.2776098666666667e+24,8.572208800000001e+23,2.1348307466666665e+24,4667268.627513268,4085961.708262141,6087.502056182018,5705.785037193757,1.0669,0.5636513009350866,1877562.9513813704,0.9999999999999997,0.6709566843253351,0.21393333333333334,0.14354,0.3574733333333333
simArray_Sun_JS_frag_2Gyr_Run135_step.mat,1.67216e+24,6.967333333333333e+23,2.1483274666666666e+24,5105316.317347099,3813164.796205839,6813.136773499046,5954.498141495408,1.1442,0.2430017790159869,5029991.162845059,0.6834285714285714,0.4166666666666667,0.27999999999999997,0.11666666666666665,0.3597333333333333
simArray_Sun_JS_frag_2Gyr_Run135_step.mat,2.1774509200000002e+24,6.003253466666667e+23,2.1773912e+24,5575016.669005744,3628487.2839703243,7357.170069635232,6347.312630174473,1.1591,0.8488971591540714,105481.38233944797,-9.947939118650802e-05,0.275700977299946,0.36461,0.10052333333333333,0.3646
simArray_Sun_JS_frag_2Gyr_Run135_step.mat,2.1774509200000002e+24,6.003253466666667e+23,2.1773912e+24,5575016.669005744,3628487.2839703243,6782.738276604442,6347.312630174473,1.0686,0.9605367669977244,1813.1580512466085,-9.947939118650802e-05,0.275700977299946,0.36461,0.10052333333333333,0.3646
simArray_Sun_JS_frag_2Gyr_Run135_step.mat,1.1098961999999999e+24,5.9582644e+23,1.1098961999999999e+24,4453391.065429027,3619400.4474799326,10591.334578838669,5310.8030781921825,1.9942999999999997,0.7305007740397003,1574120.505154445,0.0,0.5368307775087436,0.18585,0.09977,0.18585
simArray_Sun_JS_frag_2Gyr_Run135_step.mat,1.2840596266666668e+24,5.605120133333333e+23,1.4996687333333333e+24,4675109.374765635,3546432.408583128,11686.06311285004,5472.540560480491,2.1354,0.5262776545281043,6471602.622214853,0.3846645594345987,0.4365155649262061,0.21501333333333333,0.09385666666666666,0.25111666666666665
simArray_Sun_JS_frag_2Gyr_Run135_step.mat,3.6883529853333336e+24,6.146581466666666e+23,4.3030111320000004e+24,6645702.122295932,3657137.2494319165,7650.326697461575,7466.6471769096,1.0246,0.6891564442851462,577795.3167967491,1.0000000000000002,0.16664840624279814,0.6176076666666667,0.10292333333333333,0.720531
simArray_Sun_JS_frag_2Gyr_Run135_step.mat,2.3478121733333332e+24,5.5738666666666665e+23,2.3477922666666668e+24,5716775.821029507,3539828.627758874,32102.8878794794,6472.617419952296,4.9598,0.8607953578910766,1455961.6374988444,-3.571428571378076e-05,0.23740683901272672,0.39313666666666663,0.09333333333333332,0.39313333333333333
simArray_Sun_JS_frag_2Gyr_Run135_step.mat,2.60964456e+24,3.353078933333333e+22,2.6431753493333335e+24,5921846.762587967,1387004.8223027696,7478.071548483688,6947.943462309475,1.0763,0.6830234220628637,104301.00468870791,1.0000000000000089,0.012848795520771355,0.43698,0.005614666666666666,0.4425946666666667
simArray_Sun_JS_frag_2Gyr_Run135_step.mat,5.098594999999999e+24,2.6933919066666665e+24,5.098495466666667e+24,7403098.887984426,5984527.894162923,10633.628826025253,8814.347501678758,1.2064,0.843074336347064,366467.115168294,-3.6954641872142784e-05,0.5282615910200098,0.8537499999999998,0.4510033333333333,0.8537333333333333
simArray_Sun_JS_frag_2Gyr_Run135_step.mat,5.098594999999999e+24,2.6933919066666665e+24,7.081398533333334e+24,7403098.887984426,5984527.894162923,9320.291048275118,8814.347501678758,1.0574,0.24281381417420686,10881480.98377912,0.7361734207433801,0.5282615910200098,0.8537499999999998,0.4510033333333333,1.1857666666666666
simArray_Sun_JS_frag_2Gyr_Run136_step.mat,6.68864e+23,6.131253333333334e+23,6.68864e+23,3761629.2247258904,3654094.7045586845,5218.348364885086,4803.781980010205,1.0863,0.8824635901578078,55586.21852266265,0.0,0.9166666666666667,0.11199999999999999,0.10266666666666667,0.11199999999999999
simArray_Sun_JS_frag_2Gyr_Run136_step.mat,6.131253333333334e+23,5.5738666666666665e+23,6.131253333333334e+23,3654094.7045586845,3539828.627758874,5063.987127057493,4660.39676703248,1.0866,0.8052402100413671,211769.11750659856,0.0,0.9090909090909091,0.10266666666666667,0.09333333333333332,0.10266666666666667
simArray_Sun_JS_frag_2Gyr_Run136_step.mat,6.131253333333334e+23,5.5738666666666665e+23,6.131253333333334e+23,3654094.7045586845,3539828.627758874,5294.210727348897,4660.39676703248,1.136,0.8864601113758873,51559.94006794065,0.0,0.9090909090909091,0.10266666666666667,0.09333333333333332,0.10266666666666667
simArray_Sun_JS_frag_2Gyr_Run136_step.mat,7.803413333333333e+23,5.5738666666666665e+23,1.2258923466666667e+24,3959967.142737017,3539828.627758874,5019.073663846395,4879.519408755974,1.0286,0.3446321250816609,2943748.9172321428,0.7993571428571431,0.7142857142857143,0.13066666666666665,0.09333333333333332,0.20527333333333334
simArray_Sun_JS_frag_2Gyr_Run136_step.mat,6.68864e+23,6.131253333333334e+23,6.68864e+23,3761629.2247258904,3654094.7045586845,5118.429699700873,4803.781980010205,1.0655,0.8239268894023839,165445.4433534732,0.0,0.9166666666666667,0.11199999999999999,0.10266666666666667,0.11199999999999999
simArray_Sun_JS_frag_2Gyr_Run136_step.mat,6.68864e+23,6.131253333333334e+23,1.1785144800000001e+24,3761629.2247258904,3654094.7045586845,5155.418820946952,4803.781980010205,1.0732,0.42162656557979533,2809278.46079456,0.8312337662337665,0.9166666666666667,0.11199999999999999,0.10266666666666667,0.19734000000000002
simArray_Sun_JS_frag_2Gyr_Run136_step.mat,6.68864e+23,5.5738666666666665e+23,6.68864e+23,3761629.2247258904,3539828.627758874,5861.696675431818,4734.811531043472,1.238,0.7459933656330662,540923.5424134077,0.0,0.8333333333333334,0.11199999999999999,0.09333333333333332,0.11199999999999999
simArray_Sun_JS_frag_2Gyr_Run136_step.mat,7.246026666666667e+23,6.131253333333334e+23,7.246026666666667e+23,3863343.771591996,3654094.7045586845,17984.773083167795,4873.790163726672,3.6901,0.9610258701546871,24914.622128248866,0.0,0.8461538461538461,0.12133333333333332,0.10266666666666667,0.12133333333333332
simArray_Sun_JS_frag_2Gyr_Run136_step.mat,6.131253333333334e+23,6.131253333333334e+23,6.131253333333334e+23,3654094.7045586845,3654094.7045586845,6051.141250677606,4732.630416610047,1.2786,0.8286,227084.15819702487,0.0,1.0,0.10266666666666667,0.10266666666666667,0.10266666666666667
simArray_Sun_JS_frag_2Gyr_Run136_step.mat,6.131253333333334e+23,6.131253333333334e+23,6.131253333333334e+23,3654094.7045586845,3654094.7045586845,6143.900806843163,4732.630416610047,1.2982,0.8244000000000001,250099.812057481,0.0,1.0,0.10266666666666667,0.10266666666666667,0.10266666666666667
simArray_Sun_JS_frag_2Gyr_Run136_step.mat,7.246026666666667e+23,6.131253333333334e+23,7.246026666666667e+23,3863343.771591996,3654094.7045586845,6126.354235804427,4873.790163726672,1.257,0.810859153973297,273747.41014763544,0.0,0.8461538461538461,0.12133333333333332,0.10266666666666667,0.12133333333333332
simArray_Sun_JS_frag_2Gyr_Run136_step.mat,7.246026666666667e+23,6.131253333333334e+23,7.246026666666667e+23,3863343.771591996,3654094.7045586845,9947.893103182512,4873.790163726672,2.0411,0.7993474002345455,846417.2228699771,0.0,0.8461538461538461,0.12133333333333332,0.10266666666666667,0.12133333333333332
simArray_Sun_JS_frag_2Gyr_Run136_step.mat,6.68864e+23,5.480703466666667e+23,1.03429068e+24,3761629.2247258904,3519995.814417055,6116.084952453977,4723.2102497907,1.2949,0.2724506195328536,5569794.9489856465,0.6667514165334884,0.819404761904762,0.11199999999999999,0.09177333333333333,0.17318999999999998
simArray_Sun_JS_frag_2Gyr_Run136_step.mat,7.246026666666667e+23,6.131253333333334e+23,7.246026666666667e+23,3863343.771591996,3654094.7045586845,10335.359421198782,4873.790163726672,2.1206,0.9175484430877959,74533.92501686224,0.0,0.8461538461538461,0.12133333333333332,0.10266666666666667,0.12133333333333332
simArray_Sun_JS_frag_2Gyr_Run136_step.mat,1.0829027599999999e+24,6.131253333333334e+23,1.0829027600000001e+24,4416991.181513086,3654094.7045586845,5984.231760751163,5296.249013851813,1.1299,0.8300308805487696,151331.39373422624,4.3781498073259624e-16,0.5661868784352655,0.18132999999999996,0.10266666666666667,0.18133000000000002
simArray_Sun_JS_frag_2Gyr_Run136_step.mat,1.1107720933333334e+24,6.943445333333333e+23,1.6115043866666668e+24,4454562.246990764,3808801.903613133,6787.773230071369,5399.978703318512,1.257,0.40538341874867573,4213987.344040776,0.7211582568807342,0.6251008082582125,0.18599666666666667,0.11626666666666664,0.2698433333333333
simArray_Sun_JS_frag_2Gyr_Run136_step.mat,7.803413333333333e+23,6.131253333333334e+23,7.803413333333335e+23,3959967.142737017,3654094.7045586845,6913.748470304733,4942.628303048851,1.3988,0.8819618772913596,89341.61308956254,4.3781498073259624e-16,0.7857142857142858,0.13066666666666665,0.10266666666666667,0.13066666666666668
simArray_Sun_JS_frag_2Gyr_Run136_step.mat,1.9111395333333335e+24,6.131253333333334e+23,1.9111395333333335e+24,5337782.138480275,3654094.7045586845,6635.128870152469,6121.532309394288,1.0839,0.7933173657051759,223460.03157197934,0.0,0.3208166241341597,0.32001666666666667,0.10266666666666667,0.32001666666666667
simArray_Sun_JS_frag_2Gyr_Run136_step.mat,1.8392366533333333e+24,1.4894367066666667e+24,1.8392366533333335e+24,5269983.430401054,4912139.926436712,7252.655645929501,6605.934644256763,1.0979,0.7140425317769145,1098838.4958423853,1.8022615851918534e-16,0.8098124316777245,0.3079766666666666,0.2494033333333333,0.3079766666666667
simArray_Sun_JS_frag_2Gyr_Run136_step.mat,1.8392366533333333e+24,1.4894367066666667e+24,1.8392366533333335e+24,5269983.430401054,4912139.926436712,7183.293332164803,6605.934644256763,1.0874,0.8317901948526235,265684.673148328,1.8022615851918534e-16,0.8098124316777245,0.3079766666666666,0.2494033333333333,0.3079766666666667
simArray_Sun_JS_frag_2Gyr_Run136_step.mat,1.9668782e+24,6.311408666666666e+23,2.3362464000000002e+24,5389178.075154488,3689539.344591019,8119.3820507644205,6180.545064142818,1.3137,0.22557015202441574,6167091.923006007,0.5852389213057883,0.3208845706188958,0.32935,0.10568333333333331,0.3912
simArray_Sun_JS_frag_2Gyr_Run136_step.mat,1.9623593866666663e+24,1.5569999333333334e+24,1.9623593866666669e+24,5385047.779861341,4985318.504825453,8080.063631105938,6730.58195010907,1.2005,0.6590608715810116,2069160.2531944474,3.4481113358215083e-16,0.7934326117389278,0.32859333333333324,0.26071666666666665,0.32859333333333335
simArray_Sun_JS_frag_2Gyr_Run136_step.mat,2.0156097199999997e+24,1.6033426533333332e+24,3.3351629333333333e+24,5433323.036772717,5034296.931185722,7479.501248050616,6793.37079750283,1.101,0.44981741389925206,5009406.812733322,0.8230013781458354,0.7954628504834425,0.3375099999999999,0.26847666666666664,0.5584666666666667
simArray_Sun_JS_frag_2Gyr_Run136_step.mat,2.7337825333333336e+24,1.0345932613333334e+24,3.7683757946666663e+24,6014294.636839451,4350307.210705333,7135.8518251406795,6966.564312350561,1.0243,0.9112020902632346,26368.794202494275,0.9999999999999993,0.37844753513434787,0.4577666666666667,0.17324066666666665,0.6310073333333333
simArray_Sun_JS_frag_2Gyr_Run136_step.mat,3.798570226666667e+24,6.558848533333333e+23,3.798590133333333e+24,6711250.231624938,3737138.952467838,8200.116550059964,7543.805473836213,1.087,0.8594293964073718,80697.24332176326,3.035085589329782e-05,0.17266624392749147,0.6360633333333333,0.10982666666666666,0.6360666666666666
simArray_Sun_JS_frag_2Gyr_Run136_step.mat,1.493053748e+24,6.558848533333335e+23,2.1489386013333335e+24,4916113.028022226,3737138.9524678383,5873.3101566500045,5757.5827435055435,1.0201,0.9235410405673101,12683.266768036896,1.0000000000000002,0.43929085219598774,0.250009,0.10982666666666668,0.35983566666666666
simArray_Sun_JS_frag_2Gyr_Run136_step.mat,8.082106666666666e+23,8.067375733333333e+23,8.082106666666667e+23,4006559.2658327725,4004123.58685916,13938.431262180015,5187.551178748749,2.6869,0.8729653477961067,522685.4168621491,1.6637098907570405e-16,0.9981773399014778,0.1353333333333333,0.13508666666666666,0.13533333333333333
simArray_Sun_JS_frag_2Gyr_Run136_step.mat,4.0272082466666666e+24,8.082106666666667e+23,4.8354189133333335e+24,6843286.794407507,4006559.2658327725,8552.941614403235,7712.996315631018,1.1089,0.6804909564148003,866965.1995469846,1.0000000000000002,0.20068757738952916,0.6743483333333333,0.13533333333333333,0.8096816666666666
simArray_Sun_JS_frag_2Gyr_Run136_step.mat,4.662917693333333e+24,8.067375733333333e+23,5.1072544e+24,7185924.146416174,4004123.58685916,13010.576072689573,8077.5911545846975,1.6107,0.4122095651002571,6798994.9301375,0.5507822138873815,0.17301132603878944,0.7807966666666666,0.13508666666666666,0.8552
simArray_Sun_JS_frag_2Gyr_Run137_step.mat,5.573866666666664e+23,5.573866666666664e+23,1.1147733333333328e+24,3539828.6277588736,3539828.6277588736,4645.154998446719,4584.637779753966,1.0132,0.5248,1621080.4464387705,1.0,1.0,0.09333333333333328,0.09333333333333328,0.18666666666666656
simArray_Sun_JS_frag_2Gyr_Run137_step.mat,6.409946666666667e+23,6.131253333333334e+23,1.1331670933333335e+24,3708641.4733209005,3654094.7045586845,4790.280677575558,4768.346284666094,1.0046,0.21533356506891455,4129028.9987908187,0.8027272727272728,0.9565217391304347,0.10733333333333334,0.10266666666666667,0.18974666666666667
simArray_Sun_JS_frag_2Gyr_Run137_step.mat,7.246026666666667e+23,6.131253333333334e+23,1.337728e+24,3863343.771591996,3654094.7045586845,5205.2078948600865,4873.790163726672,1.068,0.606936659172559,1237871.0602141505,0.9999999999999998,0.8461538461538461,0.12133333333333332,0.10266666666666667,0.22399999999999998
simArray_Sun_JS_frag_2Gyr_Run137_step.mat,6.131253333333334e+23,6.131253333333334e+23,1.2262506666666667e+24,3654094.7045586845,3654094.7045586845,5196.901460479493,4732.630416610047,1.0981,0.53925,1903691.9667401835,1.0,1.0,0.10266666666666667,0.10266666666666667,0.20533333333333334
simArray_Sun_JS_frag_2Gyr_Run137_step.mat,1.4585216533333334e+24,5.5738666666666665e+23,1.4585216533333334e+24,4877916.244077562,3539828.627758874,7611.407171219281,5653.994333100045,1.3462,0.9311087399675378,14398.990919869224,0.0,0.38215865043402303,0.24422666666666668,0.09333333333333332,0.24422666666666668
simArray_Sun_JS_frag_2Gyr_Run137_step.mat,8.695032933333333e+23,6.131253333333334e+23,8.695032933333333e+23,4105384.0348590855,3654094.7045586845,5982.593638346343,5050.306971421866,1.1846,0.9374766289923028,9874.80527860902,0.0,0.7051443485427781,0.14559666666666665,0.10266666666666667,0.14559666666666665
simArray_Sun_JS_frag_2Gyr_Run137_step.mat,6.131253333333334e+23,5.836634666666667e+23,6.131253333333334e+23,3654094.7045586845,3594602.5833736234,5775.270876384004,4694.578829770772,1.2302,0.6732304142514629,1060837.3241173667,0.0,0.951948051948052,0.10266666666666667,0.09773333333333334,0.10266666666666667
simArray_Sun_JS_frag_2Gyr_Run137_step.mat,7.508794666666665e+23,6.3954148e+23,7.508794666666667e+23,3909490.133804792,3705836.7561866385,6322.083577796964,4936.813663748996,1.2806,0.7023945890099191,949881.0788441894,2.0986555555395722e-16,0.8517232237539767,0.1257333333333333,0.10708999999999998,0.12573333333333334
simArray_Sun_JS_frag_2Gyr_Run137_step.mat,8.695032933333333e+23,6.3954148e+23,8.695032933333333e+23,4105384.0348590855,3705836.7561866385,7976.830396074637,5078.196075932415,1.5708,0.790885581257383,556957.8307384942,0.0,0.735525080702397,0.14559666666666665,0.10708999999999998,0.14559666666666665
simArray_Sun_JS_frag_2Gyr_Run137_step.mat,7.508794666666665e+23,6.515452e+23,7.508794666666667e+23,3909490.133804792,3728878.4638726893,7065.48797579155,4950.594153441389,1.4272,0.7656355171098697,654137.7740277696,2.0599910489709692e-16,0.8677094379639451,0.1257333333333333,0.10909999999999999,0.12573333333333334
simArray_Sun_JS_frag_2Gyr_Run137_step.mat,2.1386130133333331e+24,8.344874666666666e+23,2.8319224e+24,5541671.529834187,4049517.8541845004,7111.237229215111,6432.598126834113,1.1055,0.5220889916637282,2285909.593797044,0.8308206106870232,0.3902003127559759,0.35810666666666663,0.13973333333333332,0.47419999999999995
simArray_Sun_JS_frag_2Gyr_Run137_step.mat,2.9564186933333335e+24,1.0199180666666667e+24,2.956339066666667e+24,6173318.610521171,4329640.196629235,8150.3764177675985,7108.919684053727,1.1465,0.9088679430933417,35022.95486065875,-7.807163072113563e-05,0.3449843112433844,0.4950466666666667,0.17078333333333331,0.4950333333333333
simArray_Sun_JS_frag_2Gyr_Run137_step.mat,2.9564186933333335e+24,1.0199180666666667e+24,3.716574666666667e+24,6173318.610521171,4329640.196629235,7239.01291427191,7108.919684053727,1.0183,0.056073208155665,6339922.601549723,0.7453108226798087,0.3449843112433844,0.4950466666666667,0.17078333333333331,0.6223333333333333
simArray_Sun_JS_frag_2Gyr_Run137_step.mat,7.478536533333333e+23,6.799122e+23,1.24737164e+24,3904231.716546469,3782227.5754705546,6782.537168767157,4979.470794190703,1.3621,0.4339299837195132,4651665.450929865,0.7346801346801347,0.909151405451448,0.12522666666666665,0.11384999999999999,0.20886999999999997
simArray_Sun_JS_frag_2Gyr_Run137_step.mat,1.24737164e+24,6.477231200000001e+23,1.8950947600000002e+24,4630152.911794492,3721572.7382558538,5477.712310278344,5503.579132199683,0.9953,0.6164869697179813,981102.8313408782,1.0000000000000002,0.5192703595537895,0.20886999999999997,0.10846000000000001,0.31733
simArray_Sun_JS_frag_2Gyr_Run137_step.mat,1.8950947600000002e+24,1.2446444266666668e+24,3.1397391866666667e+24,5322802.5416583745,4626776.043647523,6860.857133018341,6490.2631094677345,1.0571,0.5478171518447883,2546486.987748835,0.9999999999999998,0.6567716047437473,0.31733,0.20841333333333334,0.5257433333333333
simArray_Sun_JS_frag_2Gyr_Run137_step.mat,3.3681084666666666e+24,4.2711743999999995e+23,3.3680089333333333e+24,6447510.652614644,3239260.040602778,8244.98959101898,7231.812640135937,1.1401,0.877326826489441,46293.10792574668,-0.0002330350484711377,0.12681225804545052,0.5639833333333333,0.07151999999999999,0.5639666666666666
simArray_Sun_JS_frag_2Gyr_Run137_step.mat,4.794361413333333e+24,4.2711743999999995e+23,5.141294799999999e+24,7252821.154636228,3239260.040602778,9761.028646355886,8150.491521673252,1.1976,0.24671290870911947,2933663.0624509845,0.812266964951528,0.0890874515242358,0.8028066666666666,0.07151999999999999,0.8608999999999998
simArray_Sun_JS_frag_2Gyr_Run138_step.mat,6.688639999999997e+23,6.131253333333331e+23,1.2819893333333326e+24,3761629.22472589,3654094.704558684,4817.232569554231,4803.781980010203,1.0028,0.5371782157711781,1578371.7879460598,0.9999999999999998,0.9166666666666667,0.11199999999999995,0.10266666666666663,0.21466666666666653
simArray_Sun_JS_frag_2Gyr_Run138_step.mat,5.573866666666664e+23,5.573866666666664e+23,1.1147733333333328e+24,3539828.6277588736,3539828.6277588736,5003.215209045503,4584.637779753966,1.0913,0.6697,840053.7274039546,1.0,1.0,0.09333333333333328,0.09333333333333328,0.18666666666666656
simArray_Sun_JS_frag_2Gyr_Run138_step.mat,1.2819893333333334e+24,5.5738666666666665e+23,1.7599085866666667e+24,4672595.458750138,3539828.627758874,5556.43993469141,5467.860593083457,1.0162,0.5199786256492498,1501389.4026131595,0.8574285714285712,0.4347826086956521,0.21466666666666667,0.09333333333333332,0.2946933333333333
simArray_Sun_JS_frag_2Gyr_Run138_step.mat,6.131253333333334e+23,5.5738666666666665e+23,6.131253333333334e+23,3654094.7045586845,3539828.627758874,5018.7812784172775,4660.39676703248,1.0769,0.8401358149299321,121337.64741825635,0.0,0.9090909090909091,0.10266666666666667,0.09333333333333332,0.10266666666666667
simArray_Sun_JS_frag_2Gyr_Run138_step.mat,1.9271245866666668e+24,5.5738666666666665e+23,1.9271245866666668e+24,5352622.837866477,3539828.627758874,7093.275142749827,6106.995387645137,1.1615,0.6352154861497756,1029999.1350823985,0.0,0.28923229485166513,0.32269333333333333,0.09333333333333332,0.32269333333333333
simArray_Sun_JS_frag_2Gyr_Run138_step.mat,1.9271245866666668e+24,6.131253333333334e+23,2.1849557333333334e+24,5352622.837866477,3654094.7045586845,11932.334664747257,6135.822833726156,1.9447,0.4944511893625772,6404153.8059831895,0.4205194805194804,0.31815552433683164,0.32269333333333333,0.10266666666666667,0.3658666666666667
simArray_Sun_JS_frag_2Gyr_Run138_step.mat,6.131253333333334e+23,5.5738666666666665e+23,6.131253333333334e+23,3654094.7045586845,3539828.627758874,4997.809492965632,4660.39676703248,1.0724,0.9570640281082092,2687.5595990449283,0.0,0.9090909090909091,0.10266666666666667,0.09333333333333332,0.10266666666666667
simArray_Sun_JS_frag_2Gyr_Run138_step.mat,8.184426933333333e+23,7.448477466666667e+23,8.184426933333334e+23,4023396.2236386193,3898993.831309573,6581.624403649951,5132.271057119426,1.2824,0.9710117182115121,1453.3397557344879,1.8019485002223542e-16,0.9100792917254464,0.13704666666666665,0.12472333333333334,0.13704666666666668
simArray_Sun_JS_frag_2Gyr_Run138_step.mat,8.184426933333333e+23,7.448477466666667e+23,1.4402871466666666e+24,4023396.2236386193,3898993.831309573,5183.080540584908,5132.271057119426,1.0099,0.3743372058021473,3264040.878135826,0.8348611593660634,0.9100792917254464,0.13704666666666665,0.12472333333333334,0.2411733333333333
simArray_Sun_JS_frag_2Gyr_Run138_step.mat,1.5575175066666667e+24,5.9222333333333335e+23,1.5575175066666667e+24,4985870.845260301,3612089.8946012734,6264.1571172224485,5777.1438875057165,1.0843,0.8700668498689835,60842.95486029071,0.0,0.38023542643882363,0.26080333333333333,0.09916666666666667,0.26080333333333333
simArray_Sun_JS_frag_2Gyr_Run138_step.mat,7.047358133333333e+23,6.68864e+23,7.047358133333333e+23,3827708.230726884,3761629.2247258904,8047.255219685752,4915.254837335544,1.6372,0.8419171485070286,310907.4546842766,0.0,0.9490989209649172,0.11800666666666666,0.11199999999999999,0.11800666666666666
simArray_Sun_JS_frag_2Gyr_Run138_step.mat,1.5575175066666667e+24,5.8149364000000005e+23,1.8550624533333334e+24,4985870.845260301,3590142.6218029084,8827.641770639979,5770.077632943316,1.5299,0.3643470559747899,5983670.249202481,0.5116908014104276,0.3733464551833438,0.26080333333333333,0.09737,0.31062666666666666
simArray_Sun_JS_frag_2Gyr_Run138_step.mat,1.855062453333333e+24,1.4127562266666666e+24,1.8550624533333334e+24,5285055.558156972,4826353.432828457,6897.838317707065,6568.118756148414,1.0502,0.9267159021028877,21978.086385717506,1.900083333084018e-16,0.7615680130488904,0.3106266666666666,0.23656333333333332,0.31062666666666666
simArray_Sun_JS_frag_2Gyr_Run138_step.mat,1.44062556e+24,6.68864e+23,1.8508223333333335e+24,4857883.370853206,3761629.2247258904,7168.561112302941,5715.644324910653,1.2542,0.21213581168463969,6297329.003309472,0.6132738095238098,0.46428719479335073,0.24122999999999997,0.11199999999999999,0.3099166666666667
simArray_Sun_JS_frag_2Gyr_Run138_step.mat,2.18503536e+24,5.5738666666666665e+23,2.6185229333333333e+24,5581482.0854191175,3539828.627758874,6438.405184966242,6335.142364426097,1.0163,0.3236427272138872,2743601.6630350826,0.7777142857142857,0.2550927444335119,0.36588,0.09333333333333332,0.4384666666666666
simArray_Sun_JS_frag_2Gyr_Run138_step.mat,2.6185826533333333e+24,1.8508223333333332e+24,3.9455013333333335e+24,5928599.879564473,5281025.798928024,7984.049914393572,7295.367246339156,1.0944,0.13105763673936044,11345371.226035636,0.7169346598547999,0.7068030986065392,0.4384766666666666,0.3099166666666666,0.6606666666666666
simArray_Sun_JS_frag_2Gyr_Run138_step.mat,1.855062453333333e+24,6.68864e+23,2.2908592e+24,5285055.558156972,3761629.2247258904,7242.508539017969,6102.55185289684,1.1868,0.15230043016624942,5888344.014544088,0.6515476190476196,0.3605614456797013,0.3106266666666666,0.11199999999999999,0.3836
simArray_Sun_JS_frag_2Gyr_Run138_step.mat,1.2396677600000001e+24,4.913164400000001e+23,1.2396677600000001e+24,4620601.139550112,3394041.467525787,6419.603977824231,5369.357626149407,1.1956,0.967688690932718,1120.2164460441052,0.0,0.39632912612005017,0.20758000000000001,0.08227000000000001,0.20758000000000001
simArray_Sun_JS_frag_2Gyr_Run138_step.mat,1.2396677600000001e+24,4.913164400000001e+23,1.7309842000000004e+24,4620601.139550112,3394041.467525787,5821.457538271187,5369.357626149407,1.0842,0.6979926709039272,528451.3679349743,1.0000000000000002,0.39632912612005017,0.20758000000000001,0.08227000000000001,0.28985000000000005
simArray_Sun_JS_frag_2Gyr_Run138_step.mat,7.258766933333333e+23,6.3745128e+23,7.258766933333333e+23,3865606.676646896,3701795.1137407613,8646.12642000948,4903.934218143883,1.7630999999999997,0.983437404279728,461.5229202267396,0.0,0.8781812198332601,0.12154666666666665,0.10673999999999999,0.12154666666666665
simArray_Sun_JS_frag_2Gyr_Run138_step.mat,4.2350039866666665e+24,7.152664400000001e+23,4.799895466666667e+24,6959018.427201113,3846679.4279167135,8207.074106428625,7819.984856053954,1.0495,0.3093842246240524,3350964.0629698425,0.7897637137847546,0.16889392365436232,0.7091433333333332,0.11977,0.8037333333333333
simArray_Sun_JS_frag_2Gyr_Run138_step.mat,4.916130493333334e+24,6.3745128e+23,4.9161504e+24,7313711.855527976,3701795.1137407613,9873.80121328907,8203.55700672073,1.2036,0.9967835015979352,1.3915835767692895,3.1228530385339645e-05,0.1296652480776161,0.8231966666666667,0.10673999999999999,0.8232
simArray_Sun_JS_frag_2Gyr_Run138_step.mat,5.139602733333334e+24,6.3745128e+23,5.5432104e+24,7422893.492719474,3701795.1137407613,12650.254536371884,8325.822388029408,1.5194,0.3799293359366514,5405965.608015615,0.6331584535631756,0.12402734473342757,0.8606166666666667,0.10673999999999999,0.9282
simArray_Sun_JS_frag_2Gyr_Run139_step.mat,6.4234832e+23,5.5738666666666665e+23,1.0388294e+24,3711250.2756479294,3539828.627758874,6528.188971519164,4699.581723071891,1.3891,0.42394085683923494,4351615.543622924,0.7113214285714285,0.8677327383165985,0.10755999999999999,0.09333333333333332,0.17395
simArray_Sun_JS_frag_2Gyr_Run139_step.mat,1.0388293999999998e+24,6.131253333333334e+23,1.3552657733333333e+24,4356236.564947136,3654094.7045586845,7344.947672751079,5246.7659638196155,1.3999,0.13579366865989878,8602616.13780682,0.5161038961038963,0.5902079141515763,0.17394999999999997,0.10266666666666667,0.22693666666666665
simArray_Sun_JS_frag_2Gyr_Run139_step.mat,5.628410933333333e+23,5.5738666666666665e+23,5.628410933333333e+23,3551337.751192776,3539828.627758874,11596.91204784227,4592.108991780419,2.5254,0.7365434896834802,2578776.516450196,0.0,0.9903091179175214,0.09424666666666666,0.09333333333333332,0.09424666666666666
simArray_Sun_JS_frag_2Gyr_Run139_step.mat,6.131253333333334e+23,6.131253333333334e+23,5.975981333333334e+23,3654094.7045586845,3654094.7045586845,10837.250390995347,4732.630416610047,2.2899,0.1855,22767794.23207567,-0.025324675324675288,1.0,0.10266666666666667,0.10266666666666667,0.10006666666666666
simArray_Sun_JS_frag_2Gyr_Run139_step.mat,5.5738666666666665e+23,5.5738666666666665e+23,5.573866666666667e+23,3539828.627758874,3539828.627758874,12909.423060231218,4584.637779753966,2.8158,0.9242999999999999,101251.25047721571,1.2039911970146398e-16,1.0,0.09333333333333332,0.09333333333333332,0.09333333333333334
simArray_Sun_JS_frag_2Gyr_Run139_step.mat,6.131253333333334e+23,5.573866666666667e+23,1.1705120000000001e+24,3654094.7045586845,3539828.6277588746,5184.225363646931,4660.39676703248,1.1124,0.5183038606738226,1977255.3721963523,1.0000000000000002,0.9090909090909092,0.10266666666666667,0.09333333333333334,0.196
simArray_Sun_JS_frag_2Gyr_Run139_step.mat,1.3861012000000002e+24,5.628410933333333e+23,1.3861012000000002e+24,4795806.940094114,3551337.751192776,6793.093307358401,5582.752553713347,1.2168,0.5956878452915607,1474778.2994000637,0.0,0.40606060606060596,0.23210000000000003,0.09424666666666666,0.23210000000000003
simArray_Sun_JS_frag_2Gyr_Run139_step.mat,1.4362859066666665e+24,7.491276800000001e+23,2.0213229333333336e+24,4853000.599995904,3906447.5125479857,6465.18032812019,5770.936649219128,1.1203,0.4302046107791174,3192611.2833840204,0.7809576955782318,0.5215728125736304,0.2405033333333333,0.12544,0.3384666666666667
simArray_Sun_JS_frag_2Gyr_Run139_step.mat,2.0770616e+24,8.380706666666667e+23,2.9151322666666665e+24,5487988.225247186,4055305.6436533798,6614.145583847487,6385.543139454998,1.0358,0.8847908069646491,49947.93388984305,0.9999999999999997,0.4034885949779567,0.3478,0.14033333333333334,0.48813333333333325
simArray_Sun_JS_frag_2Gyr_Run139_step.mat,1.38508596e+24,6.289909466666667e+23,1.38508596e+24,4794635.769174553,3685345.226339884,8264.666406666005,5630.648866784306,1.4678000000000002,0.7997108525959719,394399.356208724,0.0,0.45411690308857555,0.23193,0.10532333333333332,0.23193
simArray_Sun_JS_frag_2Gyr_Run139_step.mat,8.038710133333333e+23,6.617971333333333e+23,8.038710133333334e+23,3999375.375177395,3748334.491141823,6228.673137449883,5025.149768011201,1.2395,0.8109001092281372,277955.45912431134,2.0280796219828492e-16,0.8232628398791542,0.13460666666666665,0.11081666666666666,0.13460666666666668
simArray_Sun_JS_frag_2Gyr_Run139_step.mat,5.852560000000001e+23,5.573866666666667e+23,1.1426426666666669e+24,3597868.921003042,3539828.6277588746,4750.730166250987,4622.681878224177,1.0277,0.8991020914729415,30520.301535498722,1.0000000000000002,0.9523809523809523,0.098,0.09333333333333334,0.19133333333333336
simArray_Sun_JS_frag_2Gyr_Run139_step.mat,1.4704457466666667e+24,8.317403466666667e+23,2.0262996e+24,4891173.260535672,4045069.3187869065,7566.022623972254,5864.224634918814,1.2902,0.3575779711376395,5704960.404198373,0.668302139677373,0.5656382417046855,0.24622333333333332,0.13927333333333333,0.3393
simArray_Sun_JS_frag_2Gyr_Run139_step.mat,6.9263256e+23,6.617971333333333e+23,6.9263256e+23,3805669.0047138454,3748334.491141823,5958.744860759681,4892.237159901216,1.218,0.5477762766585336,2350751.9842927745,0.0,0.9554808300281659,0.11597999999999999,0.11081666666666666,0.11597999999999999
simArray_Sun_JS_frag_2Gyr_Run139_step.mat,3.9409825199999994e+24,6.896664666666667e+23,4.479e+24,6794093.951655737,3800228.8326499276,8121.906845971717,7638.396356599002,1.0633,0.2996774940925875,3433144.1454725205,0.780112570356474,0.1749986109216914,0.6599099999999999,0.11548333333333333,0.75
simArray_Sun_JS_frag_2Gyr_Run140_step.mat,6.68864e+23,6.68864e+23,6.68864e+23,3761629.2247258904,3761629.2247258904,5594.408078882446,4871.904623253893,1.1483,0.8281,195650.26634131526,0.0,1.0,0.11199999999999999,0.11199999999999999,0.11199999999999999
simArray_Sun_JS_frag_2Gyr_Run140_step.mat,5.5738666666666665e+23,5.5738666666666665e+23,7.646946933333334e+23,3539828.627758874,3539828.627758874,7988.27286744331,4584.637779753966,1.7424,0.08735,14392019.982090393,0.3719285714285716,1.0,0.09333333333333332,0.09333333333333332,0.12804666666666667
simArray_Sun_JS_frag_2Gyr_Run140_step.mat,6.68864e+23,5.5738666666666665e+23,6.68864e+23,3761629.2247258904,3539828.627758874,4923.257029979003,4734.811531043472,1.0398,0.9509354656667912,3653.02891870242,0.0,0.8333333333333334,0.11199999999999999,0.09333333333333332,0.11199999999999999
simArray_Sun_JS_frag_2Gyr_Run140_step.mat,5.5738666666666665e+23,5.5738666666666665e+23,5.573866666666667e+23,3539828.627758874,3539828.627758874,5162.302140002966,4584.637779753966,1.126,0.8286500000000001,165140.07408521356,1.2039911970146398e-16,1.0,0.09333333333333332,0.09333333333333332,0.09333333333333334
simArray_Sun_JS_frag_2Gyr_Run140_step.mat,6.131253333333334e+23,5.5738666666666665e+23,6.131253333333334e+23,3654094.7045586845,3539828.627758874,14395.96561336333,4660.39676703248,3.089,0.7647064506511565,2823309.663471567,0.0,0.9090909090909091,0.10266666666666667,0.09333333333333332,0.10266666666666667
simArray_Sun_JS_frag_2Gyr_Run140_step.mat,6.131253333333334e+23,5.5738666666666665e+23,6.131253333333334e+23,3654094.7045586845,3539828.627758874,8371.00467294374,4660.39676703248,1.7961999999999998,0.837951664987853,350459.4838990608,0.0,0.9090909090909091,0.10266666666666667,0.09333333333333332,0.10266666666666667
simArray_Sun_JS_frag_2Gyr_Run140_step.mat,6.864814000000001e+23,6.68864e+23,6.864814000000001e+23,3794369.6413460323,3761629.2247258904,6673.896082285114,4893.244433085354,1.3639,0.8510718148765859,184296.56729635305,0.0,0.9743366681165722,0.11495000000000001,0.11199999999999999,0.11495000000000001
simArray_Sun_JS_frag_2Gyr_Run140_step.mat,7.393535066666667e+23,7.246026666666667e+23,1.4639561733333334e+24,3889383.4123638556,3863343.771591996,5040.671081548944,5020.588726642374,1.004,0.5954934310122614,1340742.9061731296,1.0,0.9800490024501225,0.12380333333333333,0.12133333333333332,0.24513666666666667
simArray_Sun_JS_frag_2Gyr_Run140_step.mat,9.161844266666666e+23,5.3371763999999996e+23,9.161844266666666e+23,4177575.8809834393,3488996.7453309456,7440.6743948740295,5024.42730425689,1.4809,0.9571307013724888,4436.694545553391,0.0,0.5825438901442725,0.15341333333333332,0.08936999999999999,0.15341333333333332
simArray_Sun_JS_frag_2Gyr_Run140_step.mat,8.3608e+23,5.615869733333333e+23,1.1254234000000001e+24,4052092.2463936,3548698.0980496258,7948.33051315162,4954.391643178719,1.6043,0.36113182489157236,6838413.8389144605,0.5152245577966045,0.6716904761904762,0.13999999999999999,0.09403666666666666,0.18845
simArray_Sun_JS_frag_2Gyr_Run140_step.mat,5.8525599999999994e+23,5.5738666666666665e+23,5.852560000000001e+23,3597868.9210030413,3539828.627758874,6363.583873563403,4622.681878224178,1.3766,0.5711569097090261,2390200.9311674866,2.4079823940292795e-16,0.9523809523809524,0.09799999999999999,0.09333333333333332,0.098
simArray_Sun_JS_frag_2Gyr_Run140_step.mat,1.75672352e+24,5.991906666666666e+23,1.75672352e+24,5189966.054340399,3626199.7640065523,7136.565883683144,5972.521452576068,1.1949,0.6456723802261557,1074863.2088099162,0.0,0.34108421720605564,0.29416,0.10033333333333332,0.29416
simArray_Sun_JS_frag_2Gyr_Run140_step.mat,5.8525599999999994e+23,5.5738666666666665e+23,5.852560000000001e+23,3597868.9210030413,3539828.627758874,9909.64314234917,4622.681878224178,2.1437,0.8762679126627578,237809.9005208808,2.4079823940292795e-16,0.9523809523809524,0.09799999999999999,0.09333333333333332,0.098
simArray_Sun_JS_frag_2Gyr_Run140_step.mat,1.8682008533333334e+24,5.945524133333333e+23,1.8682008533333334e+24,5297503.276956913,3616818.877338394,6633.852951265848,6072.732470950062,1.0924,0.993973947505219,6.942036855434259,0.0,0.31824865740346087,0.31282666666666664,0.09955666666666665,0.31282666666666664
simArray_Sun_JS_frag_2Gyr_Run140_step.mat,1.8682008533333334e+24,5.989716933333333e+23,1.8682008533333334e+24,5297503.276956913,3625757.9804249555,6839.385158382754,6075.133379270523,1.1258,0.8909257432256107,39598.675979007225,0.0,0.32061418463899066,0.31282666666666664,0.10029666666666666,0.31282666666666664
simArray_Sun_JS_frag_2Gyr_Run140_step.mat,1.2955855866666667e+24,5.989716933333333e+23,1.2955855866666667e+24,4689055.94809209,3625757.9804249555,8277.462462589463,5514.999308807691,1.5009,0.7836509874407841,492566.61260522954,0.0,0.4623173486163821,0.21694333333333332,0.10029666666666666,0.21694333333333332
simArray_Sun_JS_frag_2Gyr_Run140_step.mat,1.0484841333333333e+24,7.646946933333334e+23,1.0484841333333333e+24,4369690.386572508,3933321.1204909026,9424.107086701877,5399.087417188128,1.7455,0.8579380219009133,267295.4302969957,0.0,0.7293335864818683,0.17556666666666665,0.12804666666666667,0.17556666666666665
simArray_Sun_JS_frag_2Gyr_Run140_step.mat,1.2955855866666667e+24,6.268410266666666e+23,1.2955855866666667e+24,4689055.94809209,3681141.5400405824,7003.757245887248,5537.00470067772,1.2649,0.8451865943326476,144853.50108675385,0.0,0.4838283422706389,0.21694333333333332,0.10496333333333331,0.21694333333333332
simArray_Sun_JS_frag_2Gyr_Run140_step.mat,1.2955855866666667e+24,5.8304636e+23,1.2955855866666667e+24,4689055.94809209,3593335.2803300307,9686.068360170137,5502.510004073247,1.7603,0.9077610680077949,60437.81413002943,0.0,0.45002535224252105,0.21694333333333332,0.09763,0.21694333333333332
simArray_Sun_JS_frag_2Gyr_Run140_step.mat,1.2955855866666667e+24,5.830463600000001e+23,1.8786319466666666e+24,4689055.94809209,3593335.280330031,5609.258698152268,5502.510004073247,1.0194,0.672187050047184,649366.8608353662,0.9999999999999996,0.45002535224252116,0.21694333333333332,0.09763000000000001,0.3145733333333333
simArray_Sun_JS_frag_2Gyr_Run140_step.mat,6.239346533333333e+23,6.199334133333333e+23,8.302473466666667e+23,3675443.4714874597,3667569.847405323,8602.61396154532,4755.189852161472,1.8091,0.12773682045629628,15712040.175071293,0.3327981504078095,0.9935870848355296,0.10447666666666665,0.10380666666666666,0.13902333333333333
simArray_Sun_JS_frag_2Gyr_Run140_step.mat,1.0484841333333333e+24,8.893303333333334e+23,1.679525466666667e+24,4369690.386572508,4136354.45172105,6399.635922107919,5514.550557611305,1.1605,0.16772823778132617,7571747.858556623,0.709569110240627,0.848205809758876,0.17556666666666665,0.14891666666666667,0.28123333333333334
simArray_Sun_JS_frag_2Gyr_Run140_step.mat,1.9421143066666664e+24,7.646946933333334e+23,2.566367466666667e+24,5366465.081394568,3933321.1204909026,7215.537721971306,6233.187389401613,1.1576,0.5248292687135979,2337178.394556027,0.8163429999479362,0.3937434015641497,0.3252033333333333,0.12804666666666667,0.42973333333333336
simArray_Sun_JS_frag_2Gyr_Run140_step.mat,1.7082308800000002e+24,8.088675866666669e+23,2.517098466666667e+24,5141765.131413626,4007644.492842191,6143.005057668772,6059.983286641779,1.0137,0.9710976458555292,822.8914678760699,0.9999999999999999,0.47351186314268406,0.28604,0.13544333333333336,0.4214833333333334
simArray_Sun_JS_frag_2Gyr_Run140_step.mat,2.6962584666666663e+24,2.6220862266666665e+24,2.696358e+24,5986650.239824885,5931242.788638605,8235.13604834032,7718.028161518577,1.067,0.7821695551527482,787044.334085514,3.795959580640378e-05,0.9724906788733435,0.45148333333333324,0.43906333333333325,0.4515
simArray_Sun_JS_frag_2Gyr_Run140_step.mat,2.6499555600000004e+24,6.68864e+23,2.649975466666667e+24,5952182.549581234,3761629.2247258904,7979.677149574095,6753.281270797304,1.1816,0.9360438799926053,9880.900539306436,2.9761904761885297e-05,0.25240574223063567,0.44373,0.11199999999999999,0.44373333333333337
simArray_Sun_JS_frag_2Gyr_Run140_step.mat,3.1657372933333335e+24,7.060894666666667e+23,3.785451733333333e+24,6315702.572625405,3830157.411436273,7639.720784474759,7137.257833029484,1.0704,0.5846431811130857,1376794.2761616386,0.8776712714970389,0.22304108055763414,0.5300966666666667,0.11823333333333333,0.6338666666666666
simArray_Sun_JS_frag_2Gyr_Run140_step.mat,2.8729102266666667e+24,5.387938399999999e+23,3.3132656e+24,6114637.710965316,3500023.1691454495,7163.14651645364,6882.3467683067265,1.0408,0.4363391476626862,2027293.2816991566,0.8172984556269856,0.18754287377268408,0.4810633333333333,0.09021999999999998,0.5548
simArray_Sun_JS_frag_2Gyr_Run141_step.mat,6.131253333333334e+23,6.131253333333334e+23,6.131253333333334e+23,3654094.7045586845,3654094.7045586845,7273.10642424632,4732.630416610047,1.5368,0.5732,3171036.5701177977,0.0,1.0,0.10266666666666667,0.10266666666666667,0.10266666666666667
simArray_Sun_JS_frag_2Gyr_Run141_step.mat,6.131253333333331e+23,5.573866666666667e+23,1.1705119999999997e+24,3654094.704558684,3539828.6277588746,4646.415576731381,4660.396767032479,0.9969999999999999,0.5647805396738763,1283308.286227733,0.9999999999999999,0.9090909090909095,0.10266666666666663,0.09333333333333334,0.19599999999999995
simArray_Sun_JS_frag_2Gyr_Run141_step.mat,6.68864e+23,6.68864e+23,1.1748914666666666e+24,3761629.2247258904,3761629.2247258904,6601.430764509025,4871.904623253893,1.355,0.44555,4438630.187286681,0.7565476190476191,1.0,0.11199999999999999,0.11199999999999999,0.19673333333333332
simArray_Sun_JS_frag_2Gyr_Run141_step.mat,1.1412492e+24,6.131253333333334e+23,9.2709328e+22,4494936.291592532,3654094.7045586845,21219.480068737997,5360.755897415052,3.9583,0.054883354993334924,74313913.05201665,-1.710155844155844,0.5372405372405373,0.1911,0.10266666666666667,0.015524
simArray_Sun_JS_frag_2Gyr_Run141_step.mat,1.1184560666666668e+24,7.167793466666666e+23,1.1184560666666668e+24,4464810.40733769,3849389.6387579716,8943.454431698552,5428.170934509925,1.6476,0.7809739649505293,727271.8990530805,0.0,0.6408649995550412,0.18728333333333333,0.1200233333333333,0.18728333333333333
simArray_Sun_JS_frag_2Gyr_Run141_step.mat,1.1184560666666668e+24,7.167793466666666e+23,1.7133668e+24,4464810.40733769,3849389.6387579716,5528.592096798358,5428.170934509925,1.0185,0.434226465006531,2578871.6720021376,0.8299775043741496,0.6408649995550412,0.18728333333333333,0.1200233333333333,0.2869
simArray_Sun_JS_frag_2Gyr_Run141_step.mat,7.203824533333333e+23,5.691316e+23,7.203824533333333e+23,3855828.8988760957,3564519.0922749466,8019.236115099279,4816.358027086654,1.665,0.9683808285695835,2544.7248231320314,0.0,0.7900408975350945,0.12062666666666665,0.0953,0.12062666666666665
simArray_Sun_JS_frag_2Gyr_Run141_step.mat,5.573866666666664e+23,5.573866666666667e+23,1.1147733333333332e+24,3539828.6277588736,3539828.6277588746,4718.509202922782,4584.637779753966,1.0292,0.8559499999999999,85378.1291103549,1.0000000000000002,0.9999999999999994,0.09333333333333328,0.09333333333333334,0.18666666666666662
simArray_Sun_JS_frag_2Gyr_Run141_step.mat,1.1147733333333333e+24,6.131253333333334e+23,1.62928104e+24,4459904.601133889,3654094.7045586845,5614.200034098653,5331.623964006319,1.053,0.49298604622145153,1966097.289589021,0.8391558441558443,0.55,0.18666666666666665,0.10266666666666667,0.27282
simArray_Sun_JS_frag_2Gyr_Run141_step.mat,1.3195134e+24,9.270534666666667e+22,1.3195134e+24,4717746.998258914,1946696.7601063435,11688.40631817496,5318.4721837261495,2.1977,0.7366387510174502,523011.91469130956,0.0,0.07025722259938146,0.22094999999999998,0.015523333333333332,0.22094999999999998
simArray_Sun_JS_frag_2Gyr_Run141_step.mat,1.4404065866666668e+24,8.1774596e+23,1.4404065866666668e+24,4857637.227593216,4022254.2051368956,6060.486937077212,5826.270848949444,1.0402,0.921540058861691,17127.70650196549,0.0,0.5677188424223997,0.24119333333333334,0.13693,0.24119333333333334
simArray_Sun_JS_frag_2Gyr_Run141_step.mat,1.4404065866666668e+24,8.1774596e+23,2.1550957333333334e+24,4857637.227593216,4022254.2051368956,5885.698811608729,5826.270848949444,1.0102,0.5381211895418767,1808070.1784451636,0.873974536867986,0.5677188424223997,0.24119333333333334,0.13693,0.36086666666666667
simArray_Sun_JS_frag_2Gyr_Run141_step.mat,2.0546466933333336e+24,6.806089333333334e+23,2.3543614666666663e+24,5468175.312740792,3783519.067913771,10515.011312996985,6282.119317120913,1.6738,0.38855352356996725,7360791.617234428,0.4403626791459482,0.3312535121204488,0.34404666666666667,0.11396666666666667,0.39423333333333327
simArray_Sun_JS_frag_2Gyr_Run141_step.mat,1.7753959733333334e+24,4.807260933333333e+23,2.1622621333333338e+24,5208289.5709578,3369477.8873861753,6100.119924513972,5925.322898993659,1.0295,0.42235771057585664,1964861.869249707,0.8047538200339567,0.2707711972731146,0.29728666666666664,0.08049666666666666,0.3620666666666667
simArray_Sun_JS_frag_2Gyr_Run141_step.mat,3.2267512266666667e+24,1.2886381599999998e+24,3.2266716e+24,6356019.290230783,4680659.41639763,11766.407452667116,7390.031059331186,1.5922,0.873927703189589,203139.80860832595,-6.179133067626571e-05,0.3993608646834552,0.5403133333333333,0.21577999999999994,0.5403
simArray_Sun_JS_frag_2Gyr_Run141_step.mat,3.2267512266666667e+24,1.2886381599999998e+24,4.346023466666667e+24,6356019.290230783,4680659.41639763,7655.333174361176,7390.031059331186,1.0359,0.5542458132122968,2309571.6191495364,0.8685698396514973,0.3993608646834552,0.5403133333333333,0.21577999999999994,0.7277333333333333
simArray_Sun_JS_frag_2Gyr_Run142_step.mat,5.573866666666664e+23,5.573866666666667e+23,1.1147733333333332e+24,3539828.6277588736,3539828.6277588746,4683.207492018677,4584.637779753966,1.0215,0.6945499999999999,610168.0952939214,1.0000000000000002,0.9999999999999994,0.09333333333333328,0.09333333333333334,0.18666666666666662
simArray_Sun_JS_frag_2Gyr_Run142_step.mat,6.131253333333331e+23,5.573866666666664e+23,1.1705119999999995e+24,3654094.704558684,3539828.6277588736,4710.72905211643,4660.396767032479,1.0108,0.8687837351004567,61556.56331495423,1.0,0.909090909090909,0.10266666666666663,0.09333333333333328,0.1959999999999999
simArray_Sun_JS_frag_2Gyr_Run142_step.mat,1.1705119999999999e+24,5.5738666666666665e+23,1.1705120000000001e+24,4533030.788334287,3539828.627758874,5787.773762833033,5345.1918755384495,1.0828,0.7616388003783952,317356.24944546696,4.815964788058559e-16,0.4761904761904762,0.19599999999999998,0.09333333333333332,0.196
simArray_Sun_JS_frag_2Gyr_Run142_step.mat,7.246026666666667e+23,5.5738666666666665e+23,1.15689584e+24,3863343.771591996,3539828.627758874,5096.804417789706,4807.852483529578,1.0601,0.290409393826822,3601482.0930836876,0.7755714285714287,0.7692307692307692,0.12133333333333332,0.09333333333333332,0.19372
simArray_Sun_JS_frag_2Gyr_Run142_step.mat,1.2126345066666668e+24,5.573866666666664e+23,1.7700211733333332e+24,4586767.072210284,3539828.6277588736,5503.650895362168,5392.03575522893,1.0207,0.6563574250769708,710184.1928334779,1.0,0.45964935320769557,0.20305333333333334,0.09333333333333328,0.29638666666666663
simArray_Sun_JS_frag_2Gyr_Run142_step.mat,6.131253333333334e+23,5.5738666666666665e+23,6.131253333333334e+23,3654094.7045586845,3539828.627758874,13335.259309186738,4660.39676703248,2.8614,0.7696334865670091,2292592.2164576324,0.0,0.9090909090909091,0.10266666666666667,0.09333333333333332,0.10266666666666667
simArray_Sun_JS_frag_2Gyr_Run142_step.mat,1.2762562133333334e+24,6.256466266666667e+23,1.2762562133333334e+24,4665619.6900414005,3678802.004286913,6177.221097037977,5515.868467754244,1.1199,0.984460863697654,133.67933109900036,0.0,0.4902202395807337,0.21370666666666668,0.10476333333333333,0.21370666666666668
simArray_Sun_JS_frag_2Gyr_Run142_step.mat,1.2762562133333334e+24,6.5351596e+23,1.929772173333333e+24,4665619.6900414005,3732634.318723969,5837.366849821059,5538.298718995312,1.054,0.7544875511543071,364803.33510057087,0.9999999999999993,0.5120570252058897,0.21370666666666668,0.10943,0.3231366666666666
simArray_Sun_JS_frag_2Gyr_Run142_step.mat,1.8257598400000001e+24,5.5738666666666665e+23,2.2229774666666669e+24,5257080.11303296,3539828.627758874,8464.018244583414,6013.51207430438,1.4075,0.5111318933919461,2929994.377438412,0.7126428571428572,0.30529024379606606,0.30572,0.09333333333333332,0.37223333333333336
simArray_Sun_JS_frag_2Gyr_Run142_step.mat,6.4479684e+23,4.801488e+22,6.4479684e+23,3715959.843401612,1563346.796051043,6575.264287499157,4185.400564926262,1.571,0.7488501705604382,151969.63780488024,0.0,0.07446512920255627,0.10797,0.00804,0.10797
simArray_Sun_JS_frag_2Gyr_Run142_step.mat,2.8482657733333334e+24,4.996573333333333e+23,2.848245866666667e+24,6097103.242838297,3413140.246916786,10176.987360425363,6855.036616209998,1.4846,0.6547646806960056,1364848.3968375502,-3.984063745017315e-05,0.1754251088544251,0.4769366666666667,0.08366666666666665,0.4769333333333333
simArray_Sun_JS_frag_2Gyr_Run142_step.mat,2.906771466666667e+24,3.950079866666667e+23,2.906771466666667e+24,6138567.110019922,3155963.73585983,8387.363044765718,6886.176555636878,1.218,0.863405471023477,67610.32678390156,0.0,0.13589234351458704,0.4867333333333334,0.06614333333333333,0.4867333333333334
simArray_Sun_JS_frag_2Gyr_Run142_step.mat,2.906771466666667e+24,3.950079866666667e+23,3.3017794533333337e+24,6138567.110019922,3155963.73585983,7385.4243559205515,6886.176555636878,1.0725,0.7488835489891537,275886.434305817,0.9999999999999997,0.13589234351458704,0.4867333333333334,0.06614333333333333,0.5528766666666667
simArray_Sun_JS_frag_2Gyr_Run142_step.mat,1.1118808946666667e+24,4.801288933333333e+22,1.159893784e+24,4456043.97368407,1563325.1906281344,10952.790969620715,5071.675759224261,2.1596,0.386798502084556,1521597.5470983144,0.9999999999999991,0.043181683904845954,0.18618233333333334,0.008039666666666665,0.194222
simArray_Sun_JS_frag_2Gyr_Run142_step.mat,2.5058512e+24,6.4479684e+23,3.15064804e+24,5842272.43309214,3715959.843401612,6936.431837459878,6633.2904632876325,1.0457,0.7771781626342352,261326.9626270644,0.9999999999999996,0.2573164918970448,0.4196,0.10797,0.52757
simArray_Sun_JS_frag_2Gyr_Run142_step.mat,3.3917177733333334e+24,5.8716703999999996e+23,3.391697866666667e+24,6462540.548783801,3601780.7141586468,7677.133662049509,7264.509521242912,1.0568,0.8440717788546299,94753.46884693827,-3.3902902087482256e-05,0.1731178946009238,0.5679366666666666,0.09831999999999999,0.5679333333333334
simArray_Sun_JS_frag_2Gyr_Run142_step.mat,3.469333866666667e+24,5.8716703999999996e+23,4.056500906666666e+24,6511465.500006844,3601780.7141586468,7405.7966499749655,7317.257830229192,1.0121,0.8536231371304976,72881.04726497707,0.9999999999999989,0.16924489327518932,0.5809333333333333,0.09831999999999999,0.6792533333333333
simArray_Sun_JS_frag_2Gyr_Run143_step.mat,6.131253333333334e+23,5.5738666666666665e+23,6.131253333333334e+23,3654094.7045586845,3539828.627758874,6840.530374650274,4660.39676703248,1.4678,0.631981246031331,1915331.262364673,0.0,0.9090909090909091,0.10266666666666667,0.09333333333333332,0.10266666666666667
simArray_Sun_JS_frag_2Gyr_Run143_step.mat,5.5738666666666665e+23,5.5738666666666665e+23,5.573866666666667e+23,3539828.627758874,3539828.627758874,5040.35077506151,4584.637779753966,1.0994,0.74655,444144.28465046926,1.2039911970146398e-16,1.0,0.09333333333333332,0.09333333333333332,0.09333333333333334
simArray_Sun_JS_frag_2Gyr_Run143_step.mat,7.026854266666666e+23,5.460597733333333e+23,7.026854266666666e+23,3823992.462128703,3515686.2207114315,6718.522221868305,4765.585346764296,1.4098,0.904043897153018,46232.44490799403,0.0,0.7771041672568627,0.11766333333333333,0.09143666666666665,0.11766333333333333
simArray_Sun_JS_frag_2Gyr_Run143_step.mat,7.231295733333334e+23,6.252425213333333e+23,1.3483720946666667e+24,3860723.9786300133,3678009.7872792524,5181.842484751698,4886.225822490993,1.0605,0.5221046688254506,1893467.4052949492,1.0,0.8646341463414634,0.12108666666666666,0.10469566666666666,0.22578233333333333
simArray_Sun_JS_frag_2Gyr_Run143_step.mat,8.058616799999999e+23,7.7032828e+23,8.0586168e+23,4002673.9394089025,3942956.5615202747,6864.577067578441,5145.859870748456,1.334,0.9011724632011566,60178.13024462764,1.742344549521147e-16,0.9559063287386989,0.13493999999999998,0.12899,0.13494
simArray_Sun_JS_frag_2Gyr_Run143_step.mat,1.3483780666666666e+24,6.6940148e+23,1.3483780666666666e+24,4751899.771691257,3762636.5342156338,9027.683219333234,5624.374318941645,1.6051,0.7902591327312616,563294.4662954072,0.0,0.49644939839078767,0.2257833333333333,0.11209,0.2257833333333333
simArray_Sun_JS_frag_2Gyr_Run143_step.mat,8.759530533333333e+23,8.058616799999999e+23,1.2670991466666666e+24,4115509.9460150436,4002673.9394089025,8067.354916926911,5258.689079542996,1.5341,0.02605720863319991,15173278.865024053,0.4853762165900895,0.9199827284503329,0.14667666666666665,0.13493999999999998,0.2121733333333333
simArray_Sun_JS_frag_2Gyr_Run143_step.mat,1.3483780666666666e+24,8.260669466666666e+23,1.9654847333333334e+24,4751899.771691257,4035851.0272984677,7094.867716203667,5747.158943866883,1.2345,0.43448563277339125,4141266.5312967165,0.7470419548401092,0.6126374843138702,0.2257833333333333,0.13832333333333333,0.32911666666666667
simArray_Sun_JS_frag_2Gyr_Run143_step.mat,1.9654847333333334e+24,6.6940148e+23,2.4252292e+24,5387905.091033634,3762636.5342156338,7276.046946803263,6199.767337085262,1.1736,0.3049432657567203,4442881.18208591,0.686799298183008,0.34057831569352304,0.32911666666666667,0.11209,0.4061
simArray_Sun_JS_frag_2Gyr_Run143_step.mat,2.743885166666667e+24,9.507224933333332e+22,2.8389574160000005e+24,6021694.094063717,1963125.0660584453,10731.207099604615,6889.135969445088,1.5577,0.6989395720131586,390792.3054501464,1.0000000000000033,0.034648771197968616,0.45945833333333336,0.015919666666666665,0.475378
simArray_Sun_JS_frag_2Gyr_Run143_step.mat,2.8134092000000003e+24,6.131253333333334e+23,3.4265345333333337e+24,6072129.331199859,3654094.7045586845,7105.1778856384935,6857.617880164553,1.0361,0.8006710351964944,183480.53251290927,1.0,0.21792966815255074,0.4711,0.10266666666666667,0.5737666666666666
simArray_Sun_JS_frag_2Gyr_Run143_step.mat,3.4265544400000003e+24,7.226319066666667e+23,3.4265345333333337e+24,6484591.022445001,3859838.109467586,9237.257520627803,7317.219202018223,1.2623999999999997,0.6977667085384142,907451.1296483888,-2.7547450483439735e-05,0.21089170457384201,0.57377,0.12100333333333334,0.5737666666666666
simArray_Sun_JS_frag_2Gyr_Run143_step.mat,3.4265345333333337e+24,7.226319066666667e+23,4.14916644e+24,6484578.46494794,3859838.109467586,7565.2593767645985,7317.206090303316,1.0339,0.8685249089258571,64055.10111090673,0.9999999999999997,0.2108929297623889,0.5737666666666666,0.12100333333333334,0.69477
simArray_Sun_JS_frag_2Gyr_Run143_step.mat,4.149186346666666e+24,5.521910266666667e+23,4.579130533333333e+24,6911691.712053366,3528795.5217416026,8929.910515155498,7753.004441010156,1.1518,0.3580142185107397,2985157.1087426916,0.7786149464652657,0.1330841713364551,0.6947733333333332,0.09246333333333333,0.7667666666666666
simArray_Sun_JS_frag_2Gyr_Run143_step.mat,4.5790310000000003e+24,6.131253333333334e+23,4.579130533333333e+24,7142571.116640049,3654094.7045586845,8809.315087555746,8012.110129655067,1.0995,0.73921978302441,429060.4355361115,0.0001623376623366805,0.13389848929464188,0.76675,0.10266666666666667,0.7667666666666666
simArray_Sun_JS_frag_2Gyr_Run143_step.mat,5.578642276000001e+24,7.2422444e+23,6.302866716000001e+24,7628507.014084505,3862671.4610879486,8898.078126223782,8556.667108591,1.0399,0.7407987784202563,422895.6599275398,0.9999999999999998,0.12982091415248148,0.9341330000000001,0.12126999999999999,1.055403
simArray_Sun_JS_frag_2Gyr_Run143_step.mat,6.452248333333333e+24,6.5936852e+23,6.951208933333333e+24,8007563.72230738,3743743.752327679,11701.366091719483,8987.914656824243,1.3019,0.13982717066710934,5456593.364306936,0.7567249343356581,0.10219205553413035,1.0804166666666666,0.11041,1.1639666666666666
simArray_Sun_JS_frag_2Gyr_Run143_step.mat,7.047457666666667e+24,7.524719999999999e+23,7.0475572e+24,8246586.218775093,3912252.0493358,18301.116079415293,9253.737209594627,1.9777,0.9649292107307699,5376.2759994838025,0.0001322751322750458,0.10677212061295105,1.1800833333333334,0.12599999999999997,1.1801
simArray_Sun_JS_frag_2Gyr_Run143_step.mat,7.047457666666667e+24,7.524719999999999e+23,7.678996666666666e+24,8246586.218775093,3912252.0493358,9654.424030770073,9253.737209594627,1.0433,0.3472578589260941,2932950.5142322993,0.8392857142857134,0.10677212061295105,1.1800833333333334,0.12599999999999997,1.2858333333333332
simArray_Sun_JS_frag_2Gyr_Run144_step.mat,5.5738666666666665e+23,5.5738666666666665e+23,1.0069588266666667e+24,3539828.627758874,3539828.627758874,4770.315609834001,4584.637779753966,1.0405,0.27635,3690159.548596123,0.8065714285714286,1.0,0.09333333333333332,0.09333333333333332,0.16861333333333334
simArray_Sun_JS_frag_2Gyr_Run144_step.mat,5.5738666666666665e+23,5.5738666666666665e+23,1.0333152533333334e+24,3539828.627758874,3539828.627758874,4694.669086468061,4584.637779753966,1.024,0.424,2411081.5993112107,0.8538571428571431,1.0,0.09333333333333332,0.09333333333333332,0.17302666666666666
simArray_Sun_JS_frag_2Gyr_Run144_step.mat,1.0333152533333334e+24,5.573866666666664e+23,1.5907019199999998e+24,4348515.196244677,3539828.6277588736,5258.791452215034,5188.2315037638455,1.0136,0.992540612519201,11.457964459906243,1.0,0.5394158896509206,0.17302666666666666,0.09333333333333328,0.26635999999999993
simArray_Sun_JS_frag_2Gyr_Run144_step.mat,6.131253333333334e+23,5.5738666666666665e+23,6.131253333333334e+23,3654094.7045586845,3539828.627758874,5093.813666366501,4660.39676703248,1.093,0.9654958627683282,1459.976209607541,0.0,0.9090909090909091,0.10266666666666667,0.09333333333333332,0.10266666666666667
simArray_Sun_JS_frag_2Gyr_Run144_step.mat,1.0069588266666665e+24,6.131253333333334e+23,1.0069588266666667e+24,4311224.279135022,3654094.7045586845,7169.741458068629,5210.567920108016,1.376,0.8071652598767146,321379.2038878129,2.1890749036629812e-16,0.6088881859876641,0.1686133333333333,0.10266666666666667,0.16861333333333334
simArray_Sun_JS_frag_2Gyr_Run144_step.mat,1.0069588266666665e+24,6.131253333333334e+23,1.0069588266666667e+24,4311224.279135022,3654094.7045586845,5692.545452718007,5210.567920108016,1.0925,0.8418593476914381,117356.45244328129,2.1890749036629812e-16,0.6088881859876641,0.1686133333333333,0.10266666666666667,0.16861333333333334
simArray_Sun_JS_frag_2Gyr_Run144_step.mat,7.471370133333334e+23,6.463296533333333e+23,7.471370133333334e+23,3902984.2252324875,3718902.0441983067,5398.531081334879,4940.090667400145,1.0928,0.7010318988585887,706928.903511276,0.0,0.8650751358840455,0.12510666666666667,0.10822666666666665,0.12510666666666667
simArray_Sun_JS_frag_2Gyr_Run144_step.mat,1.0080477213333334e+24,5.908895866666667e+23,1.5989373080000002e+24,4312777.728281056,3609376.2595583554,5907.3453523832595,5190.532776015517,1.1381,0.5782014881607427,1520178.0908741117,1.0000000000000002,0.5861722358591354,0.16879566666666668,0.09894333333333333,0.267739
simArray_Sun_JS_frag_2Gyr_Run144_step.mat,1.7300485866666666e+24,6.547302666666667e+23,1.7300485866666669e+24,5163562.982207404,3734944.774051153,6670.755549810018,5981.131130467155,1.1153,0.745998851915026,432754.43760956853,4.0999396189005665e-16,0.37844617296451427,0.2896933333333333,0.10963333333333333,0.28969333333333336
simArray_Sun_JS_frag_2Gyr_Run144_step.mat,1.7300485866666666e+24,6.547302666666667e+23,2.2596057333333332e+24,5163562.982207404,3734944.774051153,6218.582036346702,5981.131130467155,1.0397,0.44181979297456503,2355915.9392544674,0.8088172696868348,0.37844617296451427,0.2896933333333333,0.10963333333333333,0.37836666666666663
simArray_Sun_JS_frag_2Gyr_Run144_step.mat,9.099337333333333e+23,6.131253333333334e+23,9.099337333333333e+23,4168053.6508746995,3654094.7045586845,5989.3148836240025,5098.1570340687795,1.1748,0.8666317934348392,85897.02049273669,0.0,0.6738131699846861,0.15236666666666665,0.10266666666666667,0.15236666666666665
simArray_Sun_JS_frag_2Gyr_Run144_step.mat,2.86733636e+24,6.200329466666666e+23,3.315256266666666e+24,6110680.719867515,3667766.1189776277,7856.028857285628,6899.726732202378,1.1386,0.18609915750091288,4462517.29381125,0.7224130734902232,0.21624004609862604,0.48012999999999995,0.10382333333333332,0.5551333333333333
simArray_Sun_JS_frag_2Gyr_Run144_step.mat,7.169186933333334e+23,6.129660800000001e+23,7.169186933333334e+23,3849639.0715674907,3653778.3053273377,5122.299014575984,4864.01957513625,1.0531,0.8554619669295259,91796.50797050989,0.0,0.8550008330093853,0.12004666666666668,0.10264000000000002,0.12004666666666668
simArray_Sun_JS_frag_2Gyr_Run144_step.mat,3.6209032266666666e+24,5.8487777333333325e+23,4.044039333333333e+24,6604942.146913269,3597093.7028538366,9051.671514848556,7418.186784829173,1.2202,0.3279152560013735,3805295.0153445094,0.7234607399339706,0.1615281427644672,0.6063133333333333,0.09793666666666664,0.6771666666666666
simArray_Sun_JS_frag_2Gyr_Run144_step.mat,2.7465427066666667e+24,9.981998933333334e+23,2.7465228000000006e+24,6023637.534148648,4298687.603973619,7863.5476261613785,6958.891704567593,1.13,0.8560158472638483,124658.67284459095,-1.9942565411063665e-05,0.3634386936385183,0.45990333333333333,0.16714666666666667,0.4599000000000001
simArray_Sun_JS_frag_2Gyr_Run144_step.mat,2.53314324e+24,9.981998933333334e+23,2.533123333333334e+24,5863405.923286713,4298687.603973619,7604.22489778791,6810.770172671661,1.1165,0.8702132872305022,91381.64498745058,-1.9942565411063665e-05,0.39405584239023667,0.42417,0.16714666666666667,0.42416666666666675
simArray_Sun_JS_frag_2Gyr_Run144_step.mat,2.53314324e+24,9.981998933333334e+23,2.533123333333334e+24,5863405.923286713,4298687.603973619,13799.982523867318,6810.770172671661,2.0262,0.6881158774374068,3207732.6742585893,-1.9942565411063665e-05,0.39405584239023667,0.42417,0.16714666666666667,0.42416666666666675
simArray_Sun_JS_frag_2Gyr_Run144_step.mat,2.6211904266666665e+24,6.459713333333334e+23,3.1735208e+24,5930567.268968747,3718214.673956996,7190.311764789391,6723.05915361327,1.0695,0.5454966732944718,1584742.0650476438,0.8550385208012328,0.24644197032064039,0.43891333333333327,0.10816666666666666,0.5314
simArray_Sun_JS_frag_2Gyr_Run145_step.mat,6.68864e+23,6.688639999999997e+23,1.3377279999999996e+24,3761629.2247258904,3761629.22472589,4886.520337123653,4871.904623253892,1.003,0.78405,275578.3360459776,1.0,0.9999999999999996,0.11199999999999999,0.11199999999999995,0.22399999999999992
simArray_Sun_JS_frag_2Gyr_Run145_step.mat,6.68864e+23,6.68864e+23,6.68864e+23,3761629.2247258904,3761629.2247258904,5646.537458351262,4871.904623253893,1.159,0.68585,949287.0964601851,0.0,1.0,0.11199999999999999,0.11199999999999999,0.11199999999999999
simArray_Sun_JS_frag_2Gyr_Run145_step.mat,1.4492053333333333e+24,6.131253333333334e+23,1.4492053333333333e+24,4867508.140809006,3654094.7045586845,6391.965817463129,5683.768288692094,1.1246,0.7496380434427656,409608.27700086945,0.0,0.4230769230769231,0.24266666666666664,0.10266666666666667,0.24266666666666664
simArray_Sun_JS_frag_2Gyr_Run145_step.mat,7.246026666666667e+23,6.131253333333334e+23,7.246026666666667e+23,3863343.771591996,3654094.7045586845,6931.0169918357005,4873.790163726672,1.4221,0.7160413609018853,1012251.5984511116,0.0,0.8461538461538461,0.12133333333333332,0.10266666666666667,0.12133333333333332
simArray_Sun_JS_frag_2Gyr_Run145_step.mat,1.4492053333333333e+24,6.131253333333334e+23,1.9055855733333336e+24,4867508.140809006,3654094.7045586845,6078.221807927324,5683.768288692094,1.0694,0.31530036572722236,3470173.3720355467,0.7443506493506498,0.4230769230769231,0.24266666666666664,0.10266666666666667,0.3190866666666667
simArray_Sun_JS_frag_2Gyr_Run145_step.mat,7.526949546666667e+23,5.271285333333333e+23,1.279823488e+24,3912638.406443718,3474579.2389441333,5144.640639693733,4808.974237889075,1.0698,0.5608461815349327,1392510.4758980037,1.0000000000000002,0.7003215978334462,0.12603733333333333,0.08826666666666666,0.214304
simArray_Sun_JS_frag_2Gyr_Run145_step.mat,1.2798195066666666e+24,7.2416472e+23,1.2798195066666666e+24,4669957.774895203,3862565.285401774,6622.178311525733,5599.203780777655,1.1827,0.7188951607839374,707521.74654555,0.0,0.5658334759142026,0.21430333333333332,0.12125999999999999,0.21430333333333332
simArray_Sun_JS_frag_2Gyr_Run145_step.mat,2.0170629066666668e+24,7.246026666666667e+23,2.017142533333333e+24,5434628.470686679,3863343.771591996,7174.722743074486,6273.804427312422,1.1436,0.8308027499919612,161794.02212138745,0.00010989010988966756,0.35923652369579373,0.33775333333333335,0.12133333333333332,0.3377666666666666
simArray_Sun_JS_frag_2Gyr_Run145_step.mat,6.68864e+23,6.68864e+23,1.337728e+24,3761629.2247258904,3761629.2247258904,4941.085668904098,4871.904623253893,1.0142,0.86355,80437.12757086592,1.0,1.0,0.11199999999999999,0.11199999999999999,0.22399999999999998
simArray_Sun_JS_frag_2Gyr_Run145_step.mat,1.0055255466666667e+24,8.654821466666666e+23,1.0055255466666667e+24,4309177.811606428,4099045.6017645616,8542.468132721406,5450.088128570503,1.5674,0.9253621215943858,38527.0942628679,0.0,0.8607261640798225,0.16837333333333332,0.14492333333333332,0.16837333333333332
simArray_Sun_JS_frag_2Gyr_Run145_step.mat,1.0055255466666667e+24,8.654821466666666e+23,1.6809786533333334e+24,4309177.811606428,4099045.6017645616,5949.861209960417,5450.088128570503,1.0917,0.31246858968547686,4924255.782290914,0.7804356326333465,0.8607261640798225,0.16837333333333332,0.14492333333333332,0.28147666666666665
simArray_Sun_JS_frag_2Gyr_Run145_step.mat,1.5077309333333332e+24,1.337728e+24,1.5077309333333334e+24,4932169.505232698,4739355.842131882,7246.9391802366745,6266.810083220922,1.1564,0.9515494970316574,7948.258933679804,2.0066519950243998e-16,0.8872458410351202,0.2524666666666666,0.22399999999999998,0.2524666666666667
simArray_Sun_JS_frag_2Gyr_Run145_step.mat,1.555938908e+24,1.3664135066666666e+24,2.9223524146666667e+24,4984185.824148973,4772992.596765274,6320.454038974684,6322.983232267591,0.9996,0.9854275958258906,168.23806606000178,1.0,0.8781922604037526,0.260539,0.2288033333333333,0.4893423333333333
simArray_Sun_JS_frag_2Gyr_Run145_step.mat,1.975219093333333e+24,6.432043066666668e+23,1.9752190933333337e+24,5396785.251592707,3712898.0683810166,9581.828555991811,6194.213301436299,1.5469000000000002,0.8736460896586602,119483.90604906232,1.2520226616227256e-15,0.32563694267515936,0.3307466666666666,0.10770333333333335,0.3307466666666667
simArray_Sun_JS_frag_2Gyr_Run145_step.mat,2.1660842133333332e+24,7.7092548e+23,2.1660443999999998e+24,5565298.858371997,3943975.2291351627,7282.600890267169,6420.914204079676,1.1342,0.8827319720556076,58929.022632817534,-5.164355617524445e-05,0.35590743667977803,0.3627066666666666,0.12909,0.36269999999999997
simArray_Sun_JS_frag_2Gyr_Run145_step.mat,2.3350918133333332e+24,8.824028133333332e+23,2.3350520000000002e+24,5706432.691870873,4125586.2727427226,8061.362389930567,6609.299327646607,1.2197,0.8215459616600392,244200.75880289148,-4.511922755849048e-05,0.3778878450495302,0.3910066666666666,0.14775666666666665,0.391
simArray_Sun_JS_frag_2Gyr_Run145_step.mat,2.3350918133333332e+24,8.824028133333332e+23,3.093097866666667e+24,5706432.691870873,4125586.2727427226,6921.258255911526,6609.299327646607,1.0472,0.5429574335096905,1929726.8616767812,0.8590249734924545,0.3778878450495302,0.3910066666666666,0.14775666666666665,0.5179333333333334
simArray_Sun_JS_frag_2Gyr_Run145_step.mat,3.2325042533333333e+24,8.918186666666668e+23,3.2324445333333334e+24,6359794.463857571,4140208.6791202626,7769.609610736822,7241.015480649415,1.073,0.7854040964548997,309246.0987643923,-6.69642857142419e-05,0.2758909491757143,0.5412766666666666,0.14933333333333335,0.5412666666666667
simArray_Sun_JS_frag_2Gyr_Run145_step.mat,3.2325042533333333e+24,8.918186666666668e+23,3.2324445333333334e+24,6359794.463857571,4140208.6791202626,7712.405588439691,7241.015480649415,1.0651,0.8820123739165765,57531.760737755954,-6.69642857142419e-05,0.2758909491757143,0.5412766666666666,0.14933333333333335,0.5412666666666667
simArray_Sun_JS_frag_2Gyr_Run145_step.mat,3.2325042533333333e+24,8.918186666666668e+23,3.9996474666666674e+24,6359794.463857571,4140208.6791202626,7664.614886267405,7241.015480649415,1.0585,0.55136373024053,1877613.255581188,0.8602008928571435,0.2758909491757143,0.5412766666666666,0.14933333333333335,0.6697333333333334
simArray_Sun_JS_frag_2Gyr_Run145_step.mat,2.3874065333333336e+24,6.277965466666666e+23,3.0152030800000004e+24,5748733.437225936,3683011.029796664,6625.272366518124,6532.510714374013,1.0142,0.981065737405404,189.37496224681655,1.0000000000000002,0.26296172767447673,0.3997666666666667,0.10512333333333332,0.5048900000000001
simArray_Sun_JS_frag_2Gyr_Run145_step.mat,4.94374104e+24,6.545112933333333e+23,5.496429733333333e+24,7327378.343374771,3734528.3458200227,8506.041282131495,8219.191498822587,1.0349,0.4598362821971182,2070945.2179462775,0.8444295751087326,0.13239190484243757,0.8278199999999999,0.10959666666666665,0.9203666666666667
simArray_Sun_JS_frag_2Gyr_Run146_step.mat,7.246026666666664e+23,5.573866666666664e+23,1.2819893333333326e+24,3863343.7715919954,3539828.6277588736,4977.088890949818,4807.8524835295775,1.0352,0.6874326944978842,625391.8229968116,0.9999999999999998,0.7692307692307692,0.12133333333333328,0.09333333333333328,0.21466666666666653
simArray_Sun_JS_frag_2Gyr_Run146_step.mat,6.131253333333334e+23,5.5738666666666665e+23,1.0744026133333334e+24,3654094.7045586845,3539828.627758874,4765.25569429071,4660.39676703248,1.0225,0.3644482752190002,2834897.207220469,0.8275714285714286,0.9090909090909091,0.10266666666666667,0.09333333333333332,0.17990666666666666
simArray_Sun_JS_frag_2Gyr_Run146_step.mat,6.131253333333334e+23,5.5738666666666665e+23,6.131253333333334e+23,3654094.7045586845,3539828.627758874,7350.377780963628,4660.39676703248,1.5772,0.8591328400075496,182984.37807214228,0.0,0.9090909090909091,0.10266666666666667,0.09333333333333332,0.10266666666666667
simArray_Sun_JS_frag_2Gyr_Run146_step.mat,1.1022719466666668e+24,5.5738666666666665e+23,1.4051120666666665e+24,4443170.341958005,3539828.627758874,7559.026027752378,5267.981063316173,1.4349,0.3042261333274829,6121374.286429676,0.5433214285714282,0.5056707361121143,0.18457333333333334,0.09333333333333332,0.2352833333333333
simArray_Sun_JS_frag_2Gyr_Run146_step.mat,6.68864e+23,5.5738666666666665e+23,1.0633942266666668e+24,3761629.2247258904,3539828.627758874,5752.322529064715,4734.811531043472,1.2149,0.26928917970746113,5001784.963136572,0.7078214285714289,0.8333333333333334,0.11199999999999999,0.09333333333333332,0.17806333333333335
simArray_Sun_JS_frag_2Gyr_Run146_step.mat,1.4371617999999998e+24,5.286613466666666e+23,1.4371618e+24,4853986.904805112,3477943.837313875,6416.19359963657,5611.994751715709,1.1433,0.9518134572316082,3491.8290039638628,5.077644841873693e-16,0.36785095920770133,0.24064999999999995,0.08852333333333331,0.24065
simArray_Sun_JS_frag_2Gyr_Run146_step.mat,1.0633942266666665e+24,6.68864e+23,1.0633942266666668e+24,4390306.203956881,3761629.2247258904,5723.222717347594,5325.909843055643,1.0746,0.9948280001599038,4.997839622902543,4.0133039900487996e-16,0.6289896853179581,0.1780633333333333,0.11199999999999999,0.17806333333333335
simArray_Sun_JS_frag_2Gyr_Run146_step.mat,1.4371617999999998e+24,5.286613466666666e+23,1.4371618e+24,4853986.904805112,3477943.837313875,17402.795725070413,5611.994751715709,3.101,0.6194535739223705,7927248.232322921,5.077644841873693e-16,0.36785095920770133,0.24064999999999995,0.08852333333333331,0.24065
simArray_Sun_JS_frag_2Gyr_Run146_step.mat,1.6880057066666667e+24,6.68864e+23,1.6880057066666667e+24,5121391.961772692,3761629.2247258904,6397.551080253292,5951.210307212365,1.075,0.9014735306045372,29465.16375011285,0.0,0.3962451059012217,0.2826533333333333,0.11199999999999999,0.2826533333333333
simArray_Sun_JS_frag_2Gyr_Run146_step.mat,1.6880057066666667e+24,6.68864e+23,1.6880057066666667e+24,5121391.961772692,3761629.2247258904,6190.4489615623015,5951.210307212365,1.0402,0.9662763093458713,1182.6309816426137,0.0,0.3962451059012217,0.2826533333333333,0.11199999999999999,0.2826533333333333
simArray_Sun_JS_frag_2Gyr_Run146_step.mat,1.7437443733333334e+24,7.246026666666667e+23,2.2671702666666667e+24,5177152.823971362,3863343.771591996,6663.092902416992,6037.050740615196,1.1037,0.3017931049906988,4255807.698517316,0.7223626373626373,0.41554408877117677,0.29198666666666667,0.12133333333333332,0.3796333333333333
simArray_Sun_JS_frag_2Gyr_Run146_step.mat,6.986443733333333e+23,6.420895333333333e+23,1.2315060266666668e+24,3816647.935659007,3710751.8175871214,5230.520955416714,4876.033332168094,1.0727,0.41693409415900623,2939019.887737042,0.829886839249729,0.9190506040574425,0.11698666666666666,0.10751666666666666,0.20621333333333333
simArray_Sun_JS_frag_2Gyr_Run146_step.mat,1.2315060266666665e+24,7.343967466666667e+23,1.81351724e+24,4610438.421572971,3880672.205497977,5889.475186479589,5559.2554148382005,1.0594,0.38979986108000814,3244002.2476783334,0.792502439553291,0.5963403594982544,0.2062133333333333,0.12297333333333334,0.30367
simArray_Sun_JS_frag_2Gyr_Run146_step.mat,2.025145013333333e+24,6.225411866666667e+23,2.0251052000000002e+24,5441877.412071301,3672705.2437685677,7993.670873923634,6227.055288559347,1.2837,0.694669696685254,877737.5946435118,-6.395293064214249e-05,0.307405732709472,0.3391066666666666,0.10424333333333334,0.3391
simArray_Sun_JS_frag_2Gyr_Run146_step.mat,1.2595744266666667e+24,1.839376e+23,1.4089938666666667e+24,4645202.56127335,2446171.3979523536,5370.125241345085,5212.70165147067,1.0302,0.332896270202746,1221473.1518104041,0.8123376623376622,0.14603154534247872,0.2109133333333333,0.030799999999999998,0.23593333333333333
simArray_Sun_JS_frag_2Gyr_Run146_step.mat,2.1384736666666666e+24,6.237156800000001e+23,2.1383741333333333e+24,5541551.16674168,3675013.448741227,7307.896867210757,6324.992961061759,1.1554,0.9044152146462314,29165.237784902973,-0.00015958125877686485,0.2916639515941355,0.3580833333333333,0.10444,0.35806666666666664
simArray_Sun_JS_frag_2Gyr_Run146_step.mat,3.74850496e+24,6.237156800000001e+23,4.2490780000000003e+24,6681634.912989482,3675013.448741227,8585.614814056573,7506.876640776929,1.1437,0.4716722161715147,2380046.0491290633,0.8025660666411337,0.1663905174611267,0.62768,0.10444,0.7115
simArray_Sun_JS_frag_2Gyr_Run147_step.mat,5.573866666666664e+23,5.573866666666664e+23,1.1147733333333328e+24,3539828.6277588736,3539828.6277588736,4802.866538070255,4584.637779753966,1.0476,0.81735,170099.67813688563,1.0,1.0,0.09333333333333328,0.09333333333333328,0.18666666666666656
simArray_Sun_JS_frag_2Gyr_Run147_step.mat,6.131253333333331e+23,5.573866666666664e+23,1.1705119999999995e+24,3654094.704558684,3539828.6277588736,5300.269243146038,4660.396767032479,1.1373,0.5197768920301085,2053803.9125471208,1.0,0.909090909090909,0.10266666666666663,0.09333333333333328,0.1959999999999999
simArray_Sun_JS_frag_2Gyr_Run147_step.mat,1.1705119999999999e+24,5.5738666666666665e+23,1.57039712e+24,4533030.788334287,3539828.627758874,7235.2517227288445,5345.1918755384495,1.3536,0.4819482323538606,3144772.04317246,0.7174285714285715,0.4761904761904762,0.19599999999999998,0.09333333333333332,0.26295999999999997
simArray_Sun_JS_frag_2Gyr_Run147_step.mat,1.57039712e+24,6.131253333333334e+23,1.57039712e+24,4999576.39254753,3654094.7045586845,6559.794372872484,5803.58698829734,1.1303,0.9569693883310396,2709.9664909027483,0.0,0.39042693438799314,0.26295999999999997,0.10266666666666667,0.26295999999999997
simArray_Sun_JS_frag_2Gyr_Run147_step.mat,1.1623502666666668e+24,8.918186666666668e+23,1.1623502666666668e+24,4522470.248782003,4140208.6791202626,6158.925447795542,5626.130855755497,1.0947,0.9075555432580767,34595.49553541848,0.0,0.7672546668950163,0.19463333333333335,0.14933333333333335,0.19463333333333335
simArray_Sun_JS_frag_2Gyr_Run147_step.mat,8.918186666666668e+23,6.980471733333334e+23,8.918186666666667e+23,4140208.6791202626,3815560.137636326,5887.403138853381,5164.841774588456,1.1399,0.5799895244769917,1758500.860384939,-1.922760138961382e-16,0.7827232142857142,0.14933333333333335,0.11688666666666667,0.14933333333333332
simArray_Sun_JS_frag_2Gyr_Run147_step.mat,1.57039712e+24,6.399993333333334e+23,2.2103964533333334e+24,4999576.39254753,3706720.892204089,5900.107899758806,5821.517414660883,1.0135,0.9674935314828714,980.1347558217756,1.0000000000000002,0.40753980326538897,0.26295999999999997,0.10716666666666667,0.37012666666666666
simArray_Sun_JS_frag_2Gyr_Run147_step.mat,9.027872400000001e+23,7.465398133333333e+23,1.3750131866666666e+24,4157113.1873070365,3901944.039632021,7232.733403040615,5226.718747680745,1.3838,0.29665452505147666,7409197.9429863095,0.6325529305103725,0.8269277413948976,0.15117,0.12500666666666665,0.2302433333333333
simArray_Sun_JS_frag_2Gyr_Run147_step.mat,1.7908634533333332e+24,1.6772561066666665e+24,1.7908634533333335e+24,5223370.956484069,5110497.410657665,8518.428287463159,6693.194222882973,1.2727,0.9723559805482268,2154.3950991006236,1.6004440522412609e-16,0.9365628091548748,0.2998766666666666,0.2808533333333333,0.2998766666666667
simArray_Sun_JS_frag_2Gyr_Run147_step.mat,2.0062934e+24,7.837453733333334e+23,2.0063929333333332e+24,5424939.012120732,3965716.905687541,8363.841455815282,6297.599168598209,1.3281,0.8477102745602367,172648.17742200263,0.0001269970282694554,0.3906434489259315,0.33594999999999997,0.13123666666666667,0.33596666666666664
simArray_Sun_JS_frag_2Gyr_Run147_step.mat,2.0062934e+24,7.837453733333334e+23,2.0063929333333332e+24,5424939.012120732,3965716.905687541,7610.018835334075,6297.599168598209,1.2084,0.9782116722862538,482.89519384336313,0.0001269970282694554,0.3906434489259315,0.33594999999999997,0.13123666666666667,0.33596666666666664
simArray_Sun_JS_frag_2Gyr_Run147_step.mat,2.0062934e+24,7.837453733333334e+23,2.0063929333333332e+24,5424939.012120732,3965716.905687541,6865.642613605768,6297.599168598209,1.0902,0.9564903241034374,3068.4348600892595,0.0001269970282694554,0.3906434489259315,0.33594999999999997,0.13123666666666667,0.33596666666666664
simArray_Sun_JS_frag_2Gyr_Run147_step.mat,2.54861072e+24,2.13313868e+24,2.5486505333333334e+24,5875315.783744427,5536939.042164268,8178.564581301786,7400.076530312873,1.1052,0.985375333939884,275.84537323053394,1.8664202991859534e-05,0.8369809729121754,0.42676,0.35718999999999995,0.4267666666666666
simArray_Sun_JS_frag_2Gyr_Run147_step.mat,2.5486505333333334e+24,2.1331984e+24,4.681848933333334e+24,5875346.377495742,5536990.712959192,7645.072774577088,7400.128520546984,1.0331,0.8248512019415319,343406.18810410827,1.0000000000000002,0.8369913301569945,0.4267666666666666,0.3572,0.7839666666666667
simArray_Sun_JS_frag_2Gyr_Run148_step.mat,6.131253333333334e+23,5.5738666666666665e+23,6.131253333333334e+23,3654094.7045586845,3539828.627758874,5076.57019832848,4660.39676703248,1.0893,0.8222054677310043,166249.30958622764,0.0,0.9090909090909091,0.10266666666666667,0.09333333333333332,0.10266666666666667
simArray_Sun_JS_frag_2Gyr_Run148_step.mat,8.136451866666667e+23,7.604545733333332e+23,8.136451866666667e+23,4015519.4316553953,3926037.7457284415,6331.975202721253,5143.76539619923,1.231,0.6030188245486914,1977913.9004238213,0.0,0.9346267707288428,0.13624333333333333,0.12733666666666665,0.13624333333333333
simArray_Sun_JS_frag_2Gyr_Run148_step.mat,5.778109066666667e+23,5.425562e+23,5.778109066666667e+23,3582547.4981999244,3508151.0858208705,6690.421124798116,4592.546076879541,1.4568,0.5935125427019715,2333071.115645872,0.0,0.938985736925515,0.09675333333333333,0.09085,0.09675333333333333
simArray_Sun_JS_frag_2Gyr_Run148_step.mat,9.0422052e+23,8.1619324e+23,9.0422052e+23,4159311.9913863423,4019706.7996535683,6500.1304970925485,5298.875435797301,1.2267,0.7775998721260086,494523.63138041866,0.0,0.902648438015983,0.15141,0.13666999999999999,0.15141
simArray_Sun_JS_frag_2Gyr_Run148_step.mat,9.0422052e+23,8.1619324e+23,9.0422052e+23,4159311.9913863423,4019706.7996535683,6114.372365366506,5298.875435797301,1.1539,0.9387544071313924,11413.805205575562,0.0,0.902648438015983,0.15141,0.13666999999999999,0.15141
simArray_Sun_JS_frag_2Gyr_Run148_step.mat,6.309019866666667e+23,5.197630666666666e+23,1.1506650533333333e+24,3689073.8022568654,3458320.0618878175,5147.518510078912,4635.733528529279,1.1104,0.5321429268375683,1742786.1051281153,0.9999999999999999,0.8238412267693179,0.10564333333333334,0.08703333333333332,0.19267666666666666
simArray_Sun_JS_frag_2Gyr_Run148_step.mat,7.246026666666667e+23,6.687644666666667e+23,7.246026666666667e+23,3863343.771591996,3761442.6267185044,5903.06253932775,4938.974681499121,1.1952,0.7196914387510173,748569.6056235958,0.0,0.9229395604395605,0.12133333333333332,0.11198333333333332,0.12133333333333332
simArray_Sun_JS_frag_2Gyr_Run148_step.mat,9.187722933333333e+23,5.275863866666667e+23,1.3586897200000001e+24,4181505.528779671,3475584.931240654,5523.529260971164,5021.390237246513,1.1,0.5068861928794541,1840589.434988219,0.8338301324378375,0.5742297525674914,0.15384666666666666,0.08834333333333333,0.22751000000000002
simArray_Sun_JS_frag_2Gyr_Run148_step.mat,1.241614632e+24,5.732741773333334e+23,1.8148888093333336e+24,4623018.72652538,3573146.630178593,5743.901934621924,5436.7268666558675,1.0565,0.757458101156165,321064.04847000557,1.0000000000000002,0.4617166732401502,0.207906,0.09599366666666667,0.3038996666666667
simArray_Sun_JS_frag_2Gyr_Run148_step.mat,1.8148908e+24,7.469379466666668e+23,1.8148908e+24,5246627.263765503,3902637.5583071364,6700.548606964758,6113.639239931348,1.096,0.787458741080649,286435.80665552063,0.0,0.411560820445322,0.3039,0.12507333333333334,0.3039
simArray_Sun_JS_frag_2Gyr_Run148_step.mat,1.8148908e+24,7.469379466666668e+23,2.5618287466666667e+24,5246627.263765503,3902637.5583071364,6441.330303191669,6113.639239931348,1.0536,0.5810748196453698,1449177.8933136724,0.9999999999999998,0.411560820445322,0.3039,0.12507333333333334,0.4289733333333333
simArray_Sun_JS_frag_2Gyr_Run148_step.mat,7.524719999999999e+23,6.687644666666667e+23,7.52472e+23,3912252.0493358,3761442.6267185044,8245.40275151828,4972.20210548048,1.6583,0.5484202469773556,4320344.300178469,2.0069506483946963e-16,0.8887566137566139,0.12599999999999997,0.11198333333333332,0.126
simArray_Sun_JS_frag_2Gyr_Run148_step.mat,7.524719999999999e+23,6.687644666666667e+23,7.52472e+23,3912252.0493358,3761442.6267185044,6083.986496265916,4972.20210548048,1.2236,0.7485271047802857,590584.7600043446,2.0069506483946963e-16,0.8887566137566139,0.12599999999999997,0.11198333333333332,0.126
simArray_Sun_JS_frag_2Gyr_Run148_step.mat,2.67330608e+24,9.994540133333333e+23,2.673266266666667e+24,5969614.32746155,4300487.114593125,8380.149559751258,6909.184235923207,1.2129,0.9272864333747163,20165.52334942671,-3.9835082757358374e-05,0.37386441485717686,0.44764,0.16735666666666665,0.4476333333333333
simArray_Sun_JS_frag_2Gyr_Run148_step.mat,1.0634539466666668e+24,9.994540133333333e+23,1.0634539466666668e+24,4390388.388648101,4300487.114593125,6355.627397986483,5628.9322451390335,1.1291,0.8132766674943812,304017.0968789515,0.0,0.9398188012429335,0.17807333333333333,0.16735666666666665,0.17807333333333333
simArray_Sun_JS_frag_2Gyr_Run148_step.mat,1.0830620133333332e+24,1.0634539466666668e+24,1.9285976800000003e+24,4417207.694055648,4390388.388648101,5721.945926251263,5703.694105114894,1.0032,0.14168010906191023,6767292.8416332,0.7950844221481789,0.9818957119488303,0.18135666666666664,0.17807333333333333,0.32294
simArray_Sun_JS_frag_2Gyr_Run148_step.mat,2.91750116e+24,7.877864266666667e+23,2.9175210666666665e+24,6146110.882352982,3972521.07511867,7406.753461872705,6991.460696500571,1.0594,0.950042661052605,4286.780666854356,2.5269116086302773e-05,0.2700209471953275,0.48852999999999996,0.13191333333333333,0.48853333333333326
simArray_Sun_JS_frag_2Gyr_Run148_step.mat,2.0913943999999998e+24,6.5614364e+23,2.0913943999999998e+24,5500582.619904108,3737630.397756913,9617.541920288231,6300.800524297846,1.5263999999999998,0.7329574661416858,913788.0387361692,0.0,0.3137350085665334,0.35019999999999996,0.10986999999999998,0.35019999999999996
simArray_Sun_JS_frag_2Gyr_Run148_step.mat,2.687300466666667e+24,6.8815356e+23,2.6874e+24,5980012.904577787,3797447.971150952,8361.339474103834,6788.454553952937,1.2317000000000002,0.9420048817064923,8211.000798919396,0.00014463825971236456,0.25607615096855435,0.44998333333333335,0.11522999999999999,0.44999999999999996
simArray_Sun_JS_frag_2Gyr_Run148_step.mat,2.6874e+24,6.881535600000001e+23,3.3755535600000004e+24,5980086.733720546,3797447.971150952,7121.166931742729,6788.5290102409235,1.049,0.8169952958514088,160897.14999046506,1.0000000000000004,0.2560666666666667,0.44999999999999996,0.11523000000000001,0.56523
simArray_Sun_JS_frag_2Gyr_Run148_step.mat,8.1565576e+23,5.499216666666667e+23,8.1565576e+23,4018824.2527575977,3523954.7434964557,5720.728894661435,4915.98255105391,1.1637,0.9928806078943928,13.599535700755686,0.0,0.6742080343632547,0.13658,0.09208333333333334,0.13658
simArray_Sun_JS_frag_2Gyr_Run148_step.mat,3.1158511866666667e+24,5.580834e+23,3.558515733333333e+24,6282352.215904231,3541302.94222661,7258.456911875783,7065.566934562233,1.0273,0.30613472860600394,2765033.5045643034,0.7931870875691098,0.17911105716092843,0.5217433333333333,0.09344999999999999,0.5958666666666667
simArray_Sun_JS_frag_2Gyr_Run148_step.mat,3.6151701066666666e+24,5.499216666666667e+23,4.0567796000000004e+24,6601454.349665733,3523954.7434964557,7720.579436989344,7410.096397916636,1.0419,0.16775166203566502,3272827.1588413743,0.8030407239819014,0.15211501822627008,0.6053533333333333,0.09208333333333334,0.6793
simArray_Sun_JS_frag_2Gyr_Run148_step.mat,8.451375333333333e+23,5.5738666666666665e+23,8.451375333333334e+23,4066672.277683164,3539828.627758874,11808.480905086722,4961.129697120714,2.3802,0.7997547276743172,1014910.4013428993,2.4079823940292795e-16,0.6595218466611706,0.14151666666666665,0.09333333333333332,0.14151666666666668
simArray_Sun_JS_frag_2Gyr_Run148_step.mat,4.176776986666667e+24,8.451375333333333e+23,4.1768168000000003e+24,6926977.9910863675,4066672.277683164,8183.570758726163,7808.750723975346,1.048,0.8632849248032045,81668.01237878395,4.7108703332909956e-05,0.20234202975912455,0.6993933333333333,0.14151666666666665,0.6994
simArray_Sun_JS_frag_2Gyr_Run148_step.mat,2.539991133333333e+24,8.451375333333333e+23,3.190441466666667e+24,5868684.720887902,4066672.277683164,9943.939845188384,6743.940213759502,1.4745,0.5895054754739553,2903700.444891917,0.7696384407019201,0.3327324738430189,0.4253166666666666,0.14151666666666665,0.5342333333333333
simArray_Sun_JS_frag_2Gyr_Run148_step.mat,3.1904016533333335e+24,5.311695866666666e+23,3.190441466666667e+24,6332062.106593416,3483435.54315907,14626.043236825,7114.180279597744,2.0559,0.7083937714992543,1798057.8462701943,7.495409061944655e-05,0.166489879451918,0.5342266666666666,0.08894333333333332,0.5342333333333333
simArray_Sun_JS_frag_2Gyr_Run148_step.mat,3.249174096e+24,6.130855200000001e+22,3.310482648e+24,6370708.092455375,1696043.805270145,8299.935537592131,7401.404973775755,1.1214,0.7876955101602404,69297.54032195287,1.0000000000000009,0.018868964908798167,0.544068,0.010266,0.554334
simArray_Sun_JS_frag_2Gyr_Run149_step.mat,6.68864e+23,6.131253333333334e+23,1.2020441599999999e+24,3761629.2247258904,3654094.7045586845,5053.098264772735,4803.781980010205,1.0519,0.5041562121387856,2001152.1026258362,0.8696103896103895,0.9166666666666667,0.11199999999999999,0.10266666666666667,0.20128
simArray_Sun_JS_frag_2Gyr_Run149_step.mat,5.5738666666666665e+23,5.5738666666666665e+23,5.573866666666667e+23,3539828.627758874,3539828.627758874,4996.338252375873,4584.637779753966,1.0898,0.9763,489.47826122700616,1.2039911970146398e-16,1.0,0.09333333333333332,0.09333333333333332,0.09333333333333334
simArray_Sun_JS_frag_2Gyr_Run149_step.mat,8.508507466666668e+23,6.670325866666667e+23,8.508507466666668e+23,4075815.4080096297,3758192.853421698,8063.780181019599,5085.633312953834,1.5856,0.6633988698147655,1985097.2241266456,0.0,0.7839595713817791,0.14247333333333334,0.11169333333333334,0.14247333333333334
simArray_Sun_JS_frag_2Gyr_Run149_step.mat,7.720800666666668e+23,7.119619333333333e+23,7.720800666666668e+23,3945943.162455725,3840746.438996565,9114.790902301966,5043.877429197038,1.8070999999999997,0.786432939701733,885387.2045744436,0.0,0.9221348459455974,0.12928333333333333,0.11921666666666665,0.12928333333333333
simArray_Sun_JS_frag_2Gyr_Run149_step.mat,7.720800666666668e+23,7.119619333333333e+23,7.720800666666668e+23,3945943.162455725,3840746.438996565,5276.400178683021,5043.877429197038,1.0461,0.8694393934185599,76849.70221178776,0.0,0.9221348459455974,0.12928333333333333,0.11921666666666665,0.12928333333333333
simArray_Sun_JS_frag_2Gyr_Run149_step.mat,8.508507466666668e+23,7.119619333333333e+23,8.508507466666668e+23,4075815.4080096297,3840746.438996565,6341.771870362987,5133.37532002832,1.2354,0.816289375904147,269133.8676128044,0.0,0.8367647746946796,0.14247333333333334,0.11921666666666665,0.14247333333333334
simArray_Sun_JS_frag_2Gyr_Run149_step.mat,8.508507466666668e+23,7.119619333333333e+23,1.3776010533333335e+24,4075815.4080096297,3840746.438996565,5774.020559967855,5133.37532002832,1.1248,0.23276217398061486,5445061.420309909,0.7398574024884664,0.8367647746946796,0.14247333333333334,0.11921666666666665,0.23067666666666667
simArray_Sun_JS_frag_2Gyr_Run149_step.mat,1.53647616e+24,5.8525599999999994e+23,1.8913921200000002e+24,4963316.69728508,3597868.9210030413,7656.087108834774,5751.699428168263,1.3311,0.32384634917632243,5056965.57814669,0.6064285714285716,0.3809079601990049,0.25728,0.09799999999999999,0.31671
simArray_Sun_JS_frag_2Gyr_Run149_step.mat,1.4720581866666668e+24,8.138840666666665e+23,2.0816401333333334e+24,4892960.437976149,4015912.368461647,6649.57506446462,5852.468812237827,1.1362,0.3741309055328273,4154223.30515033,0.7489788430964902,0.5528885162546653,0.24649333333333334,0.1362833333333333,0.34856666666666664
simArray_Sun_JS_frag_2Gyr_Run149_step.mat,2.0586081199999998e+24,9.2255456e+23,2.4534966666666667e+24,5471687.330796467,4187235.608723652,10334.731476063316,6418.689196983613,1.6101,0.3205769297349378,10253740.77210408,0.42803814949076496,0.4481448173827276,0.34470999999999996,0.15448,0.41083333333333333
simArray_Sun_JS_frag_2Gyr_Run149_step.mat,6.730045866666666e+23,5.623434266666666e+23,1.1338439200000001e+24,3769375.3546202346,3550290.739518716,5297.962786053313,4746.427867813396,1.1162,0.44462119437183856,2624194.495340287,0.8194980353286846,0.8355714623757691,0.11269333333333331,0.09416333333333332,0.18986
simArray_Sun_JS_frag_2Gyr_Run149_step.mat,2.51206208e+24,5.038377333333334e+23,2.5120222666666665e+24,5847095.2408213755,3422632.541216675,7686.048137969407,6590.112439311848,1.1663,0.9289395938727784,10881.336882526626,-7.902015013823358e-05,0.20056738937492077,0.42063999999999996,0.08436666666666667,0.4206333333333333
simArray_Sun_JS_frag_2Gyr_Run149_step.mat,1.6497849066666665e+24,5.9883234666666665e+23,1.6497849066666665e+24,5082442.656628817,3625476.7893551043,6795.1947101488095,5871.08580451772,1.1574,0.695427933496345,697336.9807475122,0.0,0.36297601235580873,0.2762533333333333,0.10027333333333333,0.2762533333333333
simArray_Sun_JS_frag_2Gyr_Run149_step.mat,1.6776542399999998e+24,5.988323466666667e+23,2.2764865866666665e+24,5110901.741356273,3625476.789355105,6259.257959856306,5897.727277731374,1.0613,0.7759037632963993,263953.72282000637,0.9999999999999999,0.3569462243105986,0.28091999999999995,0.10027333333333334,0.3811933333333333
simArray_Sun_JS_frag_2Gyr_Run149_step.mat,2.9617138666666666e+24,5.668423333333334e+23,3.5285562e+24,6177002.0418190025,3559733.3799575404,7513.008281648171,6955.201149461369,1.0802,0.7081826793671299,517704.09910591174,1.0000000000000004,0.19138997177039926,0.4959333333333333,0.09491666666666666,0.59085
simArray_Sun_JS_frag_2Gyr_Run149_step.mat,3.671784666666666e+24,6.409946666666667e+23,4.169451333333333e+24,6635736.211173886,3708641.4733209005,7994.236626730241,7460.093903257037,1.0716,0.2650605271853975,3488289.0145049817,0.7763975155279509,0.17457305502846304,0.6148333333333332,0.10733333333333334,0.6981666666666666
simArray_Sun_JS_frag_2Gyr_Run149_step.mat,4.4243761066666667e+24,5.8525599999999994e+23,4.8916652e+24,7061235.9686431745,3597868.9210030413,9602.986896621214,7920.642441950853,1.2124,0.48472234880387766,2421293.9428856648,0.7984353741496606,0.13227989345619465,0.7408533333333333,0.09799999999999999,0.8191
simArray_Sun_JS_frag_2Gyr_Run150_step.mat,6.68864e+23,6.131253333333334e+23,1.1895825866666667e+24,3761629.2247258904,3654094.7045586845,4862.38812016633,4803.781980010205,1.0122,0.41980046399643717,2513688.105279601,0.8492857142857143,0.9166666666666667,0.11199999999999999,0.10266666666666667,0.19919333333333333
simArray_Sun_JS_frag_2Gyr_Run150_step.mat,6.131253333333334e+23,5.573866666666664e+23,1.1705119999999997e+24,3654094.7045586845,3539828.6277588736,4799.742630366751,4660.396767032479,1.0299,0.6700768845559651,730176.9379608094,1.0,0.9090909090909086,0.10266666666666667,0.09333333333333328,0.19599999999999995
simArray_Sun_JS_frag_2Gyr_Run150_step.mat,1.1705119999999997e+24,6.131253333333334e+23,1.7836373333333334e+24,4533030.788334286,3654094.7045586845,5408.328271729952,5392.689472260397,1.0029,0.6913776453416604,569669.0537567339,1.0000000000000004,0.523809523809524,0.19599999999999995,0.10266666666666667,0.29866666666666664
simArray_Sun_JS_frag_2Gyr_Run150_step.mat,1.7836373333333336e+24,6.131253333333334e+23,1.7836373333333334e+24,5216336.065781067,3654094.7045586845,6371.965325215742,6005.622361183547,1.061,0.9180776082631534,15674.77985083927,-4.3781498073259624e-16,0.34374999999999994,0.2986666666666667,0.10266666666666667,0.29866666666666664
simArray_Sun_JS_frag_2Gyr_Run150_step.mat,1.3567985866666667e+24,5.5738666666666665e+23,1.7974127466666666e+24,4761771.004429598,3539828.627758874,6234.179911223179,5547.904165901201,1.1237,0.4633514970372279,2300658.3305640784,0.7904999999999998,0.41081017635493994,0.22719333333333333,0.09333333333333332,0.3009733333333333
simArray_Sun_JS_frag_2Gyr_Run150_step.mat,1.9659425866666664e+24,6.468671333333332e+23,2.5118232e+24,5388323.42359366,3719932.623380839,7188.044202789367,6188.054582291122,1.1616,0.5700529743780696,1673394.8564382459,0.8438836744114485,0.3290366350067842,0.3291933333333333,0.10831666666666663,0.4206
simArray_Sun_JS_frag_2Gyr_Run150_step.mat,2.898609733333333e+24,6.967333333333333e+23,2.898609733333333e+24,6132816.364016582,3813164.796205839,7466.066773712564,6946.4707608043955,1.0748,0.8546865940346589,89556.79991913364,0.0,0.24036810658608612,0.4853666666666666,0.11666666666666665,0.4853666666666666
simArray_Sun_JS_frag_2Gyr_Run150_step.mat,6.131253333333334e+23,5.433126533333333e+23,6.131253333333334e+23,3654094.7045586845,3509780.729726773,5887.447043065145,4641.998772423832,1.2683,0.5378712822833253,2308825.0212998106,0.0,0.8861363636363636,0.10266666666666667,0.09097666666666666,0.10266666666666667
simArray_Sun_JS_frag_2Gyr_Run150_step.mat,1.839376e+24,5.433126533333333e+23,1.839376e+24,5270116.517512339,3509780.729726773,7886.376966059839,6018.7567473554445,1.3103,0.7686776988703978,406119.5721320478,0.0,0.29537878787878785,0.308,0.09097666666666666,0.308
simArray_Sun_JS_frag_2Gyr_Run150_step.mat,3.38648232e+24,5.5738666666666665e+23,3.386522133333333e+24,6459213.645274761,3539828.627758874,12376.633953953802,7256.043825968108,1.7057,0.9803441530100635,561.7323499306607,7.142857142756153e-05,0.16459163639356209,0.56706,0.09333333333333332,0.5670666666666666
simArray_Sun_JS_frag_2Gyr_Run150_step.mat,7.724383866666668e+23,5.433126533333333e+23,7.724383866666668e+23,3946553.5014351876,3509780.729726773,8348.740848681877,4853.354754494754,1.7202000000000002,0.6947443563264949,1574968.8434895375,0.0,0.703373450506404,0.12934333333333334,0.09097666666666666,0.12934333333333334
simArray_Sun_JS_frag_2Gyr_Run150_step.mat,1.9242978399999999e+24,5.5738666666666665e+23,2.1672388000000001e+24,5350004.444151876,3539828.627758874,9431.93792433722,6104.4190824783,1.5451,0.20299104431041498,7957730.842695716,0.4358571428571434,0.28965717004944863,0.32221999999999995,0.09333333333333332,0.3629
simArray_Sun_JS_frag_2Gyr_Run150_step.mat,8.394641333333332e+23,5.296765866666667e+23,8.394641333333334e+23,4057551.995264584,3480168.758716762,7816.919058708395,4924.0435015485955,1.5875,0.784840802967003,524733.4322929526,2.5339562174090433e-16,0.630969883803652,0.14056666666666665,0.08869333333333333,0.14056666666666667
simArray_Sun_JS_frag_2Gyr_Run150_step.mat,2.1145657600000002e+24,5.296765866666667e+23,2.1144861333333333e+24,5520822.40904192,3480168.758716762,12597.562909898297,6262.147889793855,2.0117,0.6424916284982246,2835159.332937972,-0.00015033072760113004,0.2504895315559572,0.35408,0.08869333333333333,0.35406666666666664
simArray_Sun_JS_frag_2Gyr_Run150_step.mat,2.1145657600000002e+24,1.2905492e+23,2.1144861333333333e+24,5520822.40904192,2173643.085407714,6624.39269582934,6238.832827113712,1.0618,0.8289342688932738,49586.93746691786,-0.0006169983032563426,0.06103140533212833,0.35408,0.021609999999999997,0.35406666666666664
simArray_Sun_JS_frag_2Gyr_Run150_step.mat,2.5054749639999996e+24,8.751965999999999e+22,2.592994624e+24,5841980.026367065,1909700.4595329566,11403.207544108438,6682.219480872217,1.7065,0.1606007814542007,1840827.9897131918,1.0000000000000024,0.03493136481406884,0.41953699999999994,0.014654999999999996,0.43419199999999997
simArray_Sun_JS_frag_2Gyr_Run150_step.mat,4.0205892799999994e+24,9.502646400000002e+23,4.020549466666666e+24,6839535.616386663,4228745.692195747,8386.134461778394,7742.714857149288,1.0831,0.8473195589921758,128498.00977712656,-4.1897100720602725e-05,0.23634959301289296,0.6732399999999998,0.15912,0.6732333333333332
simArray_Sun_JS_frag_2Gyr_Run150_step.mat,4.0205892799999994e+24,9.502646400000002e+23,4.861208000000001e+24,6839535.616386663,4228745.692195747,8032.292392806672,7742.714857149288,1.0374,0.5844478113293465,1579597.3990607557,0.8846153846153861,0.23634959301289296,0.6732399999999998,0.15912,0.8140000000000002
simArray_Sun_JS_frag_2Gyr_Run150_step.mat,2.9338246266666666e+24,6.131253333333334e+23,2.7377638666666665e+24,6157552.101148456,3654094.7045586845,31507.15459467646,6946.63431402162,4.5356,0.6747695010081096,12602671.629321914,-0.3197727272727274,0.20898499786265345,0.4912633333333333,0.10266666666666667,0.4584333333333333
simArray_Sun_JS_frag_2Gyr_Run150_step.mat,2.4481815866666664e+24,5.5738666666666665e+23,2.883480666666667e+24,5797106.17186598,3539828.627758874,6642.277823110532,6555.0950588281175,1.0133,0.3051619985165377,2794900.054970999,0.7809642857142864,0.22767374352552794,0.40994333333333327,0.09333333333333332,0.48283333333333334
