time_yr,target,projectile,Mt_Mearth,Mp_Mearth,Rt_km,Rp_km,vimp/vesc,vimp_km/s,b,m_frag_Mearth,Regime
10314.829,M2,P514,0.05,0.0024355585714285716,2875.083,1050.009,2.5799,8.4245,0.7759244887447432,0.0,Hit+Run
38440.383,M1,P243,0.05,0.0024355585714285716,2875.083,1050.009,1.9776,6.4577,0.7026024446369845,0.0,Merge
53747.45,M0,P142,0.05,0.0024355585714285716,2875.083,1050.009,9.5312,31.123,0.2087590666404718,0.018573426573426574,Fragment
101852.768,M0,FRAG0003,0.033862131998002,0.006191142191142191,2524.828,1433.015,1.4511,4.1242,0.7419130161874604,0.0,Hit+Run
166567.35,E0,P760,0.4524555555544456,0.0024355585714285716,5991.273,1050.009,1.8698,13.427,0.27713098431948624,0.0,Merge
181339.994,E0,P797,0.4548911141258742,0.0024355585714285716,6002.004,1050.009,1.6039,11.539,0.546239176004895,0.0,Merge
284234.514,M0,P787,0.033862131998002,0.0024355585714285716,2524.828,1050.009,9.1715,26.110,0.6905983348862483,0.009606060606060606,Fragment
292380.571,M0,FRAG0004,0.02669162996336996,0.009606060606060606,2332.306,1658.984,1.1931,3.2145,0.9104739871303467,0.0,Hit+Run
293543.952,M0,P591,0.02669162996336996,0.0024355585714285716,2332.306,1050.009,10.728,28.127,0.9397308809126906,0.0,Hit+Run
303550.594,M0,FRAG0003,0.02669162996336996,0.006191142191142191,2332.306,1433.015,1.237,3.2659,0.40677151355999114,0.0,Merge
386795.81,M0,P91,0.03288277215451215,0.0024355585714285716,2500.249,1050.009,4.5298,12.764,0.9231936838575882,0.0,Hit+Run
404904.337,M0,P91,0.03288277215451215,0.0024355585714285716,2500.249,1050.009,1.1179,3.1501,0.5960018419777839,0.0,Merge
493736.56,E5,E13,0.0735,0.02222,3269.060,2194.026,1.1182,4.1817,0.8881314939608694,0.0,Hit+Run
604553.043,E18,P9,0.0728,0.0024355585714285716,3258.649,1050.009,1.4263,5.3248,0.82837803761634,0.0,Hit+Run
625666.923,M0,FRAG0001,0.03531833072594072,0.006191142191142191,2560.514,1433.015,1.8931,5.4528,0.29673151826137323,0.0,Merge
627066.859,E0,E6,0.45732667269730276,0.08018000000000002,6012.697,3365.238,1.1081,7.4950,0.8306786053683388,0.0,Hit+Run
725557.091,M1,P448,0.05243555857142857,0.0024355585714285716,2921.028,1050.009,6.9981,23.241,0.5082878932269994,0.00944888444888445,Fragment
814725.633,E9,P213,0.07894000000000001,0.0024355585714285716,3347.800,1050.009,2.8422,10.922,0.6995058014124974,0.0,Merge
850936.385,E5,P440,0.0735,0.0024355585714285716,3269.060,1050.009,3.6864,13.809,0.1588711792428819,0.0,Merge
884802.389,M0,P73,0.04150947291708291,0.0024355585714285716,2702.150,1050.009,10.117,30.934,0.3417872775218772,0.02416783216783217,Fragment
887200.773,M1,P260,0.04542223269397269,0.0024355585714285716,2784.517,1050.009,11.115,35.084,0.8182480240271369,0.0,Graze+Frag
904844.853,M0,FRAG0007,0.01977719932067931,0.006041958041958042,2110.484,1421.411,0.9998,2.4151,0.9491484576679937,0.0,Perfect
948760.69,M2,P211,0.05,0.0024355585714285716,2875.083,1050.009,13.295,43.416,0.5687036468058327,0.031163836163836167,Fragment
949629.258,P18,P163,0.0024355585714285716,0.0024355585714285716,1050.009,1050.009,1.7277,2.3508,0.30605,0.0,Merge
949737.952,P18,P124,0.004871117142857143,0.0024355585714285716,1322.929,1050.009,0.9805,1.5371,0.7218596311051523,0.0,Perfect
950061.65,P18,P504,0.007306675714285714,0.0024355585714285716,1514.376,1050.009,1.0621,1.8495,0.6396154302131091,0.0,Graze+Merge
951487.483,P18,P17,0.009742234285714286,0.0024355585714285716,1666.786,1050.009,1.734,3.2799,0.747134658392584,0.0,Hit+Run
951554.561,P18,P17,0.009742234285714286,0.0024355585714285716,1666.786,1050.009,1.1934,2.2573,0.6990966852014694,0.0,Hit+Run
953217.175,P17,P747,0.0024355585714285716,0.0024355585714285716,1050.009,1050.009,2.2178,3.0177,0.89615,0.0,Hit+Run
953294.877,P18,P855,0.009742234285714286,0.0024355585714285716,1666.786,1050.009,1.2411,2.3475,0.6782372843266559,0.0,Hit+Run
954095.245,P18,P829,0.009742234285714286,0.0024355585714285716,1666.786,1050.009,1.1864,2.2441,0.4035680557485973,0.0,Merge
954248.13,P18,P27,0.012177792857142858,0.0024355585714285716,1795.491,1050.009,1.3564,2.7462,0.40124847079369175,0.0,Merge
954564.551,P18,P855,0.01461335142857143,0.0024355585714285716,1907.994,1050.009,1.1474,2.4610,0.20847292696580055,0.0,Merge
955468.391,P17,P254,0.0024355585714285716,0.0024355585714285716,1050.009,1050.009,3.2787,4.4613,0.26655,0.0,Merge
956022.884,P18,P278,0.01704891,0.0024355585714285716,2008.596,1050.009,1.8518,4.1757,0.3486437204353333,0.0,Merge
956129.294,P18,P442,0.019484468571428572,0.0024355585714285716,2100.019,1050.009,1.0415,2.4545,0.9972666666666665,0.0,Hit+Run
956242.348,P18,P39,0.019484468571428572,0.0024355585714285716,2100.019,1050.009,1.2752,3.0053,0.6453333333333333,0.0,Merge
956252.011,P17,P410,0.004871117142857143,0.0024355585714285716,1322.929,1050.009,2.581,4.0463,0.16056191980096066,0.0,Merge
956555.48,P18,P442,0.021920027142857144,0.0024355585714285716,2184.108,1050.009,1.1031,2.7045,0.5243964714568696,0.0,Merge
957409.894,P18,P89,0.024355585714285716,0.0024355585714285716,2262.177,1050.009,1.4538,3.6940,0.9095324388175747,0.0,Hit+Run
957905.979,P18,P807,0.024355585714285716,0.0024355585714285716,2262.177,1050.009,1.8303,4.6506,0.8313305433121213,0.0,Hit+Run
957909.369,P18,P807,0.024355585714285716,0.0024355585714285716,2262.177,1050.009,1.0489,2.6651,0.8563278304343885,0.0,Hit+Run
959302.216,P18,P339,0.024355585714285716,0.0024355585714285716,2262.177,1050.009,1.4386,3.6554,0.5620291686588437,0.0,Merge
960146.226,P18,P807,0.02679114428571429,0.0024355585714285716,2335.201,1050.009,1.0112,2.6545,0.7835715215076237,0.0,Graze+Merge
960532.207,P18,P344,0.02922670285714286,0.0024355585714285716,2403.922,1050.009,1.2914,3.4932,0.3246124517642838,0.0,Merge
960887.516,P18,P82,0.03166226142857143,0.0024355585714285716,2468.924,1050.009,0.9839,2.7363,0.5082473123397102,0.0,Perfect
962973.087,P18,P23,0.03409782,0.0024355585714285716,2530.673,1050.009,1.2739,3.6354,0.9346862674489161,0.0,Hit+Run
963216.902,P18,P23,0.03409782,0.0024355585714285716,2530.673,1050.009,1.0168,2.9017,0.2772608111305934,0.0,Merge
966821.372,P18,P726,0.03653337857142857,0.0024355585714285716,2589.547,1050.009,1.4184,4.1465,0.23337220661451993,0.0,Merge
967982.863,P6,P206,0.0024355585714285716,0.0024355585714285716,1050.009,1050.009,31.365,42.678,0.7506500000000002,0.0,Graze+Frag
967995.91,P18,P747,0.03896893714285714,0.0024355585714285716,2645.859,1050.009,1.8271,5.4636,0.34556316649578295,0.0,Merge
972842.118,P18,P712,0.041404495714285706,0.0024355585714285716,2699.871,1050.009,1.2464,3.8075,0.6181821056939538,0.0,Merge
979076.252,P18,P17,0.043840054285714275,0.007306675714285714,2751.804,1514.376,0.9853,3.0480,0.1978299712265193,0.0,Perfect
982619.671,M1,P396,0.04785880785880786,0.0024355585714285716,2833.442,1050.009,14.272,45.890,0.7177996791510607,0.017349650349650348,Fragment
1008447.053,M1,FRAG0015,0.03294471608058608,0.005783216783216783,2501.818,1400.824,1.0182,2.8656,0.674071959452579,0.0,Graze+Merge
1020333.408,M1,P858,0.03872793286380286,0.0024355585714285716,2640.393,1050.009,7.1926,21.461,0.6576651434574223,0.006964701964701964,Fragment
1032812.097,M1,FRAG0016,0.03419878947052947,0.005783216783216783,2533.168,1400.824,1.0054,2.8635,0.3258224747753705,0.0,Merge
1044171.545,M0,FRAG0006,0.02581915736263735,0.006041958041958042,2306.611,1421.411,1.3481,3.5210,0.9861199675393509,0.0,Hit+Run
1057433.203,M1,FRAG0004,0.039982006253746254,0.009606060606060606,2668.591,1658.984,18.944,57.294,0.762732018633309,0.04824502830502831,Graze+Frag
1057832.587,P18,P6,0.05114672999999999,0.004871128871128871,2896.897,1322.930,37.032,120.54,0.9319877498544971,0.0061841491841491845,Graze+Frag
1058179.263,M1,FRAG0023,0.0055297918015317915,0.006294039294039295,1380.056,1440.910,1.3478,2.4652,0.4737547736280427,0.0,Merge
1059022.033,P18,FRAG0026,0.04983370968697968,0.0061841491841491845,2871.893,1432.475,1.2817,4.1309,0.4974675094218119,0.0,Merge
1061099.784,M1,FRAG0021,0.011823831095571086,0.006294039294039295,1777.924,1440.910,1.3479,2.8570,0.9647349935129674,0.0,Hit+Run
1065623.241,M1,FRAG0018,0.011823831095571086,0.006964701964701964,1777.924,1490.372,7.8387,16.791,0.6930991221046497,0.01762098568098568,Graze+Frag
1074896.434,E0,E4,0.45732667269730276,0.0574,6012.697,3010.448,1.3385,9.0320,0.5150992106706176,0.012758727938727938,Fragment
1085501.2,P18,P429,0.05601785887112886,0.0024355585714285716,2986.088,1050.009,32.856,111.71,0.9904309423307308,0.0,Hit+Run
1085650.875,P18,P429,0.05601785887112886,0.0024355585714285716,2986.088,1050.009,1.0716,3.6434,0.9331669138430947,0.0,Hit+Run
1086435.593,P18,P429,0.05601785887112886,0.0024355585714285716,2986.088,1050.009,1.0229,3.4778,0.4643269286671896,0.0,Merge
1097231.194,M0,FRAG0002,0.02581915736263735,0.006191142191142191,2306.611,1433.015,14.485,37.863,0.9915719647366232,0.0,Hit+Run
1109179.407,E0,FRAG0030,0.501968097938728,0.00637928737928738,6202.297,1447.386,1.0748,7.8278,0.5033392401662599,0.0,Merge
1161340.076,M0,P152,0.02581915736263735,0.0024355585714285716,2306.611,1050.009,30.579,79.264,0.8646130911845828,0.014555444555444556,Graze+Frag
1161371.848,M0,FRAG0032,0.013699271378621366,0.007277722277722278,1867.352,1512.373,1.136,2.5285,0.4531183634877749,0.0,Merge
1189765.157,M0,P690,0.020976993656343645,0.0024355585714285716,2152.327,1050.009,9.9279,23.983,0.7261491265488449,0.009571428571428573,Graze+Frag
1191045.913,M0,FRAG0033,0.013841123656343645,0.009571428571428573,1873.775,1656.988,1.0163,2.3381,0.8588314962257421,0.0,Graze+Merge
1294710.067,E12,P660,0.09854,0.0024355585714285716,3604.663,1050.009,2.4169,10.057,0.7891320774829782,0.0,Hit+Run
1302849.142,M4,P647,0.05,0.0024355585714285716,2875.083,1050.009,7.5524,24.662,0.94381072760087,0.0,Hit+Run
1346809.332,M0,P594,0.023412552227772217,0.0024355585714285716,2232.595,1050.009,28.382,71.157,0.9238194261621671,0.0,Graze+Frag
1406408.363,E0,P374,0.5083473853180154,0.0024355585714285716,6228.460,1050.009,1.6487,12.339,0.17722324971311662,0.0,Merge
1450015.613,M0,P92,0.02584815184815185,0.0024355585714285716,2307.475,1050.009,26.944,69.869,0.64320941466824,0.022755910755910755,Fragment
1459822.105,M0,FRAG0036,0.005527799663669668,0.005688977688977689,1379.890,1393.173,1.2629,2.2692,0.6099143975679044,0.0,Hit+Run
1461182.4,P18,P647,0.05845341744255743,0.0024355585714285716,3028.752,1050.009,19.118,65.995,0.9774403717753289,0.0,Hit+Run
1462702.643,P18,P647,0.05845341744255743,0.0024355585714285716,3028.752,1050.009,1.1377,3.9272,0.8616742440234686,0.0,Hit+Run
1463884.746,P18,P647,0.05845341744255743,0.0024355585714285716,3028.752,1050.009,1.0658,3.6790,0.894124402989192,0.0,Hit+Run
1465696.519,P18,P647,0.05845341744255743,0.0024355585714285716,3028.752,1050.009,1.238,4.2734,0.510811541247625,0.0,Merge
1501121.935,P18,P450,0.060888976013986,0.0024355585714285716,3070.247,1050.009,22.945,80.368,0.30350332840319144,0.05779553779553781,Fragment
1503301.711,P18,FRAG0045,0.005528996789876756,0.00577955377955378,1379.990,1400.528,3.9806,7.1721,0.3101420731756032,0.010691328671328671,Fragment
1503354.991,P18,FRAG0042,0.005528996789876755,0.00577955377955378,1379.990,1400.528,1.4786,2.6640,0.9107228424983707,0.0,Hit+Run
1503516.686,P18,FRAG0043,0.005528996789876755,0.00577955377955378,1379.990,1400.528,1.4994,2.7015,0.685995156894413,0.0,Hit+Run
1505420.779,P18,FRAG0044,0.005528996789876755,0.00577955377955378,1379.990,1400.528,1.446,2.6053,0.506778798079066,0.0,Hit+Run
1505966.818,P89,FRAG0031,0.0024355585714285716,0.007277722277722278,1050.009,1512.373,57.009,99.165,0.9626109669087647,0.0,Hit+Run
1506044.298,P89,FRAG0031,0.0024355585714285716,0.007277722277722278,1050.009,1512.373,0.9989,1.7375,0.4521087564558512,0.0,Perfect
1513408.291,P18,FRAG0044,0.005528996789876755,0.00577955377955378,1379.990,1400.528,1.5857,2.8570,0.7218285025229592,0.0,Hit+Run
1515349.981,P18,FRAG0044,0.005528996789876755,0.00577955377955378,1379.990,1400.528,1.0526,1.8965,0.7148305776841434,0.0,Graze+Merge
1526686.223,P89,P810,0.00971328084915085,0.0024355585714285716,1665.133,1050.009,56.048,105.92,0.6338212794287885,0.006621045621045621,Graze+Frag
1530027.765,P89,FRAG0049,0.005527793799533801,0.006621045621045621,1379.889,1465.444,1.0662,1.9683,0.3313771469619195,0.0,Merge
1536944.096,P18,FRAG0048,0.011308550569430535,0.00577955377955378,1751.712,1400.528,2.4176,5.0289,0.6872945376181369,0.0,Hit+Run
1550096.798,P18,FRAG0043,0.011308550569430535,0.00577955377955378,1751.712,1400.528,1.8798,3.9102,0.6537300242997867,0.0,Hit+Run
1550698.42,P18,FRAG0046,0.011308550569430535,0.00577955377955378,1751.712,1400.528,1.5413,3.2061,0.3759892336290681,0.0,Merge
1554515.11,P86,FRAG0005,0.0024355585714285716,0.00944888444888445,1050.009,1649.886,17.465,32.737,0.8173279810924492,0.006356643356643357,Graze+Frag
1554792.436,P18,FRAG0043,0.017088104348984313,0.00577955377955378,2010.134,1400.528,1.0021,2.3182,0.67435450286743,0.0,Graze+Merge
1557012.212,M0,P525,0.005527799663669668,0.0024355585714285716,1379.890,1050.009,53.434,86.423,0.8076949466668991,0.0,Graze+Frag
1563304.073,P18,FRAG0047,0.022867658128538092,0.00577955377955378,2215.139,1400.528,1.6823,4.2306,0.4469282745211125,0.0,Merge
1564655.198,P18,FRAG0042,0.02864721190809187,0.00577955377955378,2387.928,1400.528,1.0581,2.8497,0.619286352265774,0.0,Merge
1580671.912,P18,FRAG0048,0.034426765687645654,0.00577955377955378,2538.785,1400.528,11.639,33.221,0.7200707629566453,0.03467732267732268,Graze+Frag
1581142.151,P18,FRAG0038,0.005528996789876756,0.00577955377955378,1379.990,1400.528,2.8741,5.1784,0.7914107055301918,0.0,Hit+Run
1583821.621,P18,FRAG0052,0.005528996789876756,0.00577955377955378,1379.990,1400.528,3.0688,5.5292,0.8130993094632593,0.0,Hit+Run
1585332.177,P18,FRAG0039,0.005528996789876756,0.00577955377955378,1379.990,1400.528,1.2879,2.3204,0.9633313554710287,0.0,Hit+Run
1585568.368,P18,FRAG0053,0.005528996789876756,0.00577955377955378,1379.990,1400.528,1.4226,2.5631,0.5815225910383329,0.0,Hit+Run
1585768.776,P18,FRAG0056,0.005528996789876756,0.00577955377955378,1379.990,1400.528,1.7775,3.2026,0.9715700471252373,0.0,Hit+Run
1586178.698,P18,FRAG0053,0.005528996789876756,0.00577955377955378,1379.990,1400.528,1.858,3.3476,0.5753683876339843,0.0,Hit+Run
1591937.505,P18,FRAG0051,0.005528996789876756,0.00577955377955378,1379.990,1400.528,1.3921,2.5082,0.85861063625187,0.0,Hit+Run
1592019.28,P18,FRAG0051,0.005528996789876756,0.00577955377955378,1379.990,1400.528,1.0632,1.9156,0.5889671919306904,0.0,Graze+Merge
1593439.213,P18,FRAG0052,0.011308550569430535,0.00577955377955378,1751.712,1400.528,1.3653,2.8400,0.6914067462034977,0.0,Hit+Run
1593760.598,P18,FRAG0038,0.011308550569430535,0.00577955377955378,1751.712,1400.528,1.6765,3.4873,0.43783907356834584,0.0,Merge
1597701.517,P18,FRAG0055,0.017088104348984313,0.00577955377955378,2010.134,1400.528,1.8392,4.2547,0.8406740630048086,0.0,Hit+Run
1597706.551,P18,FRAG0055,0.017088104348984313,0.00577955377955378,2010.134,1400.528,1.0547,2.4399,0.9218889297196592,0.0,Hit+Run
1599365.991,P18,FRAG0052,0.017088104348984313,0.00577955377955378,2010.134,1400.528,1.6866,3.9017,0.8316567374551919,0.0,Hit+Run
1599366.132,P18,FRAG0053,0.017088104348984313,0.00577955377955378,2010.134,1400.528,2.3771,5.4991,0.8252915664789917,0.0,Hit+Run
1599857.777,P18,FRAG0055,0.017088104348984313,0.00577955377955378,2010.134,1400.528,1.0247,2.3705,0.5531805072464341,0.0,Merge
1601465.993,P18,FRAG0056,0.022867658128538092,0.00577955377955378,2215.139,1400.528,1.9424,4.8847,0.3381828753059001,0.0,Merge
1611806.584,P18,FRAG0053,0.02864721190809187,0.00577955377955378,2387.928,1400.528,1.1712,3.1543,0.1974782841372692,0.0,Merge
1617132.619,P18,FRAG0052,0.034426765687645654,0.00577955377955378,2538.785,1400.528,1.8396,5.2507,0.4554497522433198,0.0,Merge
1619934.23,P18,FRAG0041,0.040206319467199436,0.00577955377955378,2673.572,1400.528,1.2772,3.8336,0.47682120819838053,0.0,Merge
1623455.364,E3,P341,0.40336,0.0024355585714285716,5766.223,1050.009,2.5807,17.790,0.7568755165451285,0.0,Merge
1635652.93,P18,M0,0.04598587324675322,0.007963369963369965,2795.988,1558.449,18.572,58.406,0.8031397016125186,0.048420912420912426,Graze+Frag
1635696.833,P18,FRAG0063,0.005528330789210757,0.006052614052614053,1379.934,1422.246,1.4289,2.5952,0.295470127812872,0.0,Merge
1635745.259,P18,FRAG0062,0.01158094484182481,0.006052614052614053,1765.665,1422.246,0.997,2.0949,0.951591589506825,0.0,Perfect
1636272.437,P18,FRAG0064,0.017633558894438864,0.006052614052614053,2031.298,1422.246,1.294,3.0276,0.7566320099265544,0.0,Hit+Run
1636354.193,P18,FRAG0064,0.017633558894438864,0.006052614052614053,2031.298,1422.246,1.0894,2.5489,0.4904815244696468,0.0,Merge
1637202.693,P18,FRAG0061,0.023686172947052917,0.006052614052614053,2241.259,1422.246,1.2169,3.0976,0.41851867361967493,0.0,Merge
1639195.481,P18,FRAG0060,0.02973878699966697,0.006052614052614053,2417.881,1422.246,1.3955,3.8063,0.6148391891569512,0.0,Merge
1643426.001,P18,FRAG0058,0.03579140105228103,0.006052614052614053,2571.896,1422.246,1.3959,4.0366,0.7694163738701943,0.0,Hit+Run
1644006.068,P89,FRAG0057,0.012148839420579422,0.006052614052614053,1794.067,1422.246,25.841,54.921,0.25168042731176005,0.018197535797535795,Fragment
1644168.843,P18,FRAG0058,0.03579140105228103,0.006052614052614053,2571.896,1422.246,1.0375,3.0002,0.5295573067795195,0.0,Merge
1645010.663,P89,FRAG0066,0.005527460799200802,0.006336996336996337,1379.862,1444.181,1.1056,2.0246,0.46574521934148344,0.0,Merge
1645470.114,P18,FRAG0059,0.04184401510489508,0.006052614052614053,2709.390,1422.246,1.329,4.0427,0.64697958539338,0.0,Merge
1647002.399,P18,FRAG0065,0.04789662915750913,0.006336996336996337,2834.189,1444.181,10.154,32.301,0.4252240679923881,0.04870596070596071,Fragment
1650337.215,P89,FRAG0072,0.011864457136197139,0.006088245088245088,1779.958,1425.031,12.538,26.512,0.6107969227064416,0.01781114219114219,Graze+Frag
1652843.55,P18,FRAG0071,0.005527664788544752,0.006088245088245088,1379.879,1425.031,1.3416,2.4392,0.5117275959996158,0.0,Hit+Run
1654103.913,P89,FRAG0075,0.005527793799533802,0.006212454212454212,1379.889,1434.657,2.323,4.2387,0.9529390142482362,0.0,Hit+Run
1658028.216,P172,P183,0.0024355585714285716,0.0024355585714285716,1050.009,1050.009,43.095,58.639,0.87515,0.0,Graze+Frag
1674983.654,P89,FRAG0039,0.005527793799533802,0.00577955377955378,1379.889,1400.528,6.6398,11.962,0.44487309534269914,0.011114205794205795,Fragment
1675111.299,P89,FRAG0077,0.0055277937995338025,0.00577955377955378,1379.889,1400.528,1.041,1.8755,0.8264197661363932,0.0,Graze+Merge
1685835.393,P89,P18,0.011307347579087582,0.005527664788544752,1751.650,1379.879,4.8729,10.094,0.9949884170265269,0.0,Hit+Run
1694870.886,P89,FRAG0069,0.011307347579087582,0.006088245088245088,1751.650,1425.031,5.1842,10.838,0.8039539712196834,0.0,Hit+Run
1695169.857,E0,E1,0.5107829438894439,0.23462666666666668,6238.391,4813.411,1.1541,8.4680,0.6372846372824441,0.02525764901764902,Hit+Run
1698866.302,P89,FRAG0073,0.011307347579087582,0.006088245088245088,1751.650,1425.031,1.4086,2.9449,0.8848456362251208,0.0,Hit+Run
1699061.131,P18,FRAG0073,0.005527664788544752,0.006088245088245088,1379.879,1425.031,1.7051,3.1000,0.4434939701919377,0.0,Merge
1699992.252,P89,FRAG0067,0.011307347579087582,0.006088245088245088,1751.650,1425.031,1.642,3.4329,0.2866222731412836,0.0,Merge
1700755.815,P89,FRAG0069,0.01739559266733267,0.006088245088245088,2022.120,1425.031,3.9044,9.1047,0.3729054468970943,0.017956043956043957,Fragment
1702003.807,P18,FRAG0074,0.01161590987678984,0.006088245088245088,1767.441,1425.031,2.0961,4.4100,0.6223327657243874,0.0,Hit+Run
1702019.077,P18,FRAG0080,0.01161590987678984,0.005985347985347986,1767.441,1416.958,2.172,4.5622,0.3431203253058602,0.005888771228771229,Fragment
1705690.77,P18,FRAG0071,0.011712812973692937,0.006088245088245088,1772.342,1425.031,1.1158,2.3521,0.7970449693632802,0.0,Hit+Run
1706268.768,P18,FRAG0071,0.011712812973692937,0.006088245088245088,1772.342,1425.031,1.362,2.8711,0.6587996008681121,0.0,Hit+Run
1706272.338,P18,FRAG0071,0.011712812973692937,0.006088245088245088,1772.342,1425.031,1.0449,2.2027,0.9472634732213016,0.0,Hit+Run
1706750.327,P172,P458,0.004871128871128871,0.0024355585714285716,1322.930,1050.009,44.452,69.689,0.5253944685999343,0.007306100566100567,Fragment
1707561.417,P18,FRAG0081,0.011712812973692937,0.0058884448884448885,1772.342,1409.269,2.3525,4.9435,0.29730184793058184,0.007302783882783883,Fragment
1709553.089,P18,FRAG0070,0.010298560559440523,0.006088245088245088,1697.928,1425.031,1.3169,2.6950,0.5795756355732505,0.0,Hit+Run
1709593.657,P18,FRAG0070,0.010298560559440523,0.006088245088245088,1697.928,1425.031,1.0165,2.0803,0.6474283929086556,0.0,Graze+Merge
1709680.385,P18,FRAG0074,0.01638680564768561,0.006088245088245088,1982.250,1425.031,2.1669,4.9721,0.4842062002637097,0.0,Merge
1710251.423,P18,FRAG0079,0.022475050735930698,0.005985347985347986,2202.389,1416.958,1.1329,2.8382,0.9386182522480753,0.0,Hit+Run
1710874.239,P18,FRAG0079,0.022475050735930698,0.005985347985347986,2202.389,1416.958,1.0181,2.5506,0.8707699960888141,0.0,Graze+Merge
1713233.829,P18,FRAG0054,0.028460398721278684,0.00577955377955378,2382.726,1400.528,5.3611,14.409,0.690018280018167,0.00955078255078255,Graze+Frag
1713288.864,P18,FRAG0083,0.02468916995004991,0.00955078255078255,2272.458,1655.796,1.0475,2.7629,0.9788062235169145,0.0,Hit+Run
1713794.887,P18,FRAG0083,0.02468916995004991,0.00955078255078255,2272.458,1655.796,1.0079,2.6585,0.37833290199767267,0.0,Merge
1716626.36,E0,FRAG0050,0.5107829438894439,0.006356643356643357,6238.391,1445.672,1.8758,13.748,0.6875650805980337,0.0,Merge
1725499.861,P18,FRAG0076,0.03423995250083246,0.006212454212454212,2534.184,1434.657,4.3911,12.524,0.3070642048340805,0.023609723609723614,Fragment
1725900.844,P18,FRAG0084,0.01684268310356306,0.005902430902430904,2000.464,1410.384,1.2268,2.8303,0.7479054784108986,0.0,Hit+Run
1725934.173,P18,FRAG0084,0.01684268310356306,0.005902430902430904,2000.464,1410.384,0.9974,2.3011,0.8762317948132706,0.0,Perfect
1726956.225,P89,FRAG0086,0.0055277937995338,0.005902430902430904,1379.889,1410.384,2.4638,4.4551,0.22728855839326045,0.005902430902430904,Fragment
1727174.464,P18,FRAG0082,0.022745114005993966,0.0073026973026973025,2211.175,1514.101,1.7749,4.5035,0.4408370488724234,0.0,Merge
1728488.514,P89,FRAG0078,0.005527793799533801,0.005985347985347986,1379.889,1416.958,2.2779,4.1290,0.9900027569333966,0.0,Hit+Run
1729038.555,P89,FRAG0087,0.005527793799533801,0.005902430902430904,1379.889,1410.384,1.4617,2.6431,0.5351864183924858,0.0,Hit+Run
1729083.014,P89,FRAG0087,0.005527793799533801,0.005902430902430904,1379.889,1410.384,1.0767,1.9469,0.5131301309591972,0.0,Graze+Merge
1733828.258,P18,P89,0.030047811308691268,0.011430224701964704,2426.227,1757.972,1.0279,2.8914,0.9281151512177235,0.0,Graze+Merge
1735022.673,P18,FRAG0078,0.04147803601065597,0.005985347985347986,2701.468,1416.958,1.9304,5.8548,0.6074066935826024,0.0,Merge
1745738.931,P18,FRAG0040,0.04746338399600396,0.00577955377955378,2825.617,1400.528,4.13,13.096,0.9444698337131563,0.0,Hit+Run
1746736.032,P18,FRAG0040,0.04746338399600396,0.00577955377955378,2825.617,1400.528,1.0761,3.4124,0.4630750437701628,0.0,Merge
1748601.309,P18,FRAG0075,0.05324293777555774,0.006212454212454212,2935.944,1434.657,3.5086,11.561,0.7185691625462584,0.0,Hit+Run
1757069.745,P18,FRAG0088,0.05324293777555774,0.005902430902430904,2935.944,1410.384,2.2562,7.4359,0.8341747717666176,0.0,Hit+Run
1757196.202,P18,FRAG0088,0.05324293777555774,0.005902430902430904,2935.944,1410.384,1.0639,3.5063,0.9215844530902877,0.0,Hit+Run
1772690.313,P18,P672,0.05324293777555774,0.0024355585714285716,2935.944,1050.009,30.128,100.60,0.41623714180453447,0.054836936396936396,Fragment
1772731.878,P18,FRAG0095,0.005526648195138144,0.005572427572427573,1379.794,1383.593,1.3524,2.4215,0.70602796161978,0.0,Hit+Run
1775153.162,P18,FRAG0089,0.005526648195138144,0.005572427572427573,1379.794,1383.593,1.9193,3.4365,0.7222556198606872,0.0,Hit+Run
1775479.068,P18,FRAG0090,0.005526648195138144,0.005572427572427573,1379.794,1383.593,1.6383,2.9334,0.5950307792519743,0.0,Hit+Run
1775691.241,P18,FRAG0090,0.005526648195138144,0.005572427572427573,1379.794,1383.593,1.4918,2.6711,0.4918728040959302,0.0,Merge
1775879.987,P18,FRAG0094,0.011099075767565716,0.005572427572427573,1740.829,1383.593,1.4527,2.9980,0.6050289114147762,0.0,Hit+Run
1776596.739,P18,FRAG0095,0.011099075767565716,0.005572427572427573,1740.829,1383.593,1.1744,2.4236,0.5349928729537418,0.0,Merge
1777043.846,P18,FRAG0096,0.016671503339993288,0.005572427572427573,1993.664,1383.593,1.14,2.6138,0.8439810686752524,0.0,Hit+Run
1777404.157,P18,FRAG0097,0.016671503339993288,0.005572427572427573,1993.664,1383.593,1.1112,2.5478,0.7848309651001942,0.0,Hit+Run
1777449.059,P18,FRAG0075,0.016671503339993288,0.006212454212454212,1993.664,1434.657,1.2611,2.9109,0.13014591981144163,0.0,Merge
1779268.383,P18,FRAG0093,0.0228839575524475,0.005572427572427573,2215.665,1383.593,1.0805,2.7143,0.30225433887663106,0.0,Merge
1779606.785,P18,FRAG0096,0.028456385124875073,0.005572427572427573,2382.614,1383.593,1.2626,3.3907,0.817483797689778,0.0,Hit+Run
1779793.642,P18,FRAG0096,0.028456385124875073,0.005572427572427573,2382.614,1383.593,1.1546,3.1007,0.47599041122255764,0.0,Merge
1783667.903,P18,FRAG0097,0.034028812697302645,0.005572427572427573,2528.964,1383.593,1.0633,3.0222,0.6444965928580526,0.0,Merge
1783779.656,P18,FRAG0092,0.03960124026973022,0.005572427572427573,2660.092,1383.593,1.7375,5.1884,0.6665877376731986,0.0,Hit+Run
1784909.826,P18,FRAG0092,0.03960124026973022,0.005572427572427573,2660.092,1383.593,1.0501,3.1357,0.769605244551342,0.0,Graze+Merge
1785205.071,P18,FRAG0089,0.045173667842157796,0.005572427572427573,2779.429,1383.593,1.4145,4.4122,0.9724943785806085,0.0,Hit+Run
1785564.008,P18,FRAG0089,0.045173667842157796,0.005572427572427573,2779.429,1383.593,1.021,3.1847,0.9397796837086809,0.0,Graze+Merge
1785579.301,P18,FRAG0085,0.05074609541458537,0.005902430902430904,2889.313,1410.384,1.7777,5.7648,0.7563141851182916,0.0,Hit+Run
1785580.693,P18,FRAG0085,0.05074609541458537,0.005902430902430904,2889.313,1410.384,1.0486,3.4004,0.5588190816031731,0.0,Merge
1786418.585,P18,FRAG0094,0.05664852631701627,0.005572427572427573,2997.252,1383.593,1.1812,3.9771,0.8584990640338435,0.0,Hit+Run
1786513.135,P18,FRAG0094,0.05664852631701627,0.005572427572427573,2997.252,1383.593,1.0553,3.5532,0.821280105567601,0.0,Hit+Run
1786892.639,M4,FRAG0017,0.05,0.005783216783216783,2875.083,1400.824,12.770,41.209,0.6594142399171967,0.05159819513819514,Fragment
1787018.948,P18,FRAG0094,0.05664852631701627,0.005572427572427573,2997.252,1383.593,0.9908,3.3360,0.7591572851864462,0.0,Perfect
1789835.375,P18,FRAG0091,0.06222095388944385,0.005572427572427573,3092.474,1383.593,1.071,3.7238,0.3585723079331367,0.0,Merge
1840216.622,P18,FRAG0068,0.06779338146187142,0.006088245088245088,3182.166,1425.031,7.979,28.546,0.6517393463110009,0.024592740592740595,Fragment
1840678.027,P18,FRAG0110,0.049288885957375905,0.006148185148185149,2861.388,1429.693,1.0203,3.2764,0.4634414388578063,0.0,Merge
1841139.008,P18,FRAG0109,0.05543707110556105,0.006148185148185149,2975.732,1429.693,1.3016,4.3478,0.787935694811939,0.0,Hit+Run
1841168.977,P18,FRAG0107,0.05543707110556105,0.006148185148185149,2975.732,1429.693,1.3192,4.4066,0.3717111126060952,0.0,Merge
1845657.466,P221,P250,0.0024355585714285716,0.0024355585714285716,1050.009,1050.009,111.93,152.31,0.61665,0.0,Graze+Frag
1845907.326,P18,FRAG0108,0.061585256253746196,0.006148185148185149,3081.906,1429.693,1.6381,5.6706,0.9340808630659859,0.0,Hit+Run
1845909.072,P18,FRAG0108,0.061585256253746196,0.006148185148185149,3081.906,1429.693,1.0481,3.6282,0.7889205709777002,0.0,Graze+Merge
1866038.089,P18,FRAG0109,0.06773344140193134,0.006148185148185149,3181.228,1429.693,2.037,7.2848,0.7456799576716123,0.0,Hit+Run
1874260.532,P18,FRAG0088,0.06773344140193134,0.005902430902430904,3181.228,1410.384,2.3867,8.5392,0.6346365545826572,0.0,Merge
1885173.092,P221,FRAG0071,0.004871128871128871,0.006088245088245088,1322.930,1425.031,30.207,53.897,0.5897905521813486,0.0,Graze+Frag
1920753.709,P18,FRAG0109,0.07363587230436225,0.006148185148185149,3271.073,1429.693,2.5398,9.3482,0.9456036032660997,0.0,Hit+Run
1920814.408,P18,FRAG0109,0.07363587230436225,0.006148185148185149,3271.073,1429.693,1.0791,3.9718,0.7790148162899392,0.0,Hit+Run
1935987.103,P18,FRAG0109,0.07363587230436225,0.006148185148185149,3271.073,1429.693,1.6384,6.0304,0.49329486669757744,0.0,Merge
1947256.313,E3,P108,0.40579555857142857,0.0024355585714285716,5777.805,1050.009,3.0557,21.109,0.7382387052792675,0.0,Merge
1977694.152,P18,P221,0.0797840574525474,0.01095937395937396,3359.690,1733.494,11.034,41.611,0.25455673636422915,0.08521478521478523,Fragment
1977702.412,P18,FRAG0123,0.005528646197136125,0.0056809856809856805,1379.960,1392.520,1.1993,2.1545,0.5959379566393169,0.0,Hit+Run
1977727.653,E0,E1,0.5171395872460872,0.23462666666666668,6264.163,4813.411,1.083,7.9708,0.15658182864091982,0.06935064935064934,Fragment
1977786.586,P18,FRAG0122,0.005528646197136125,0.0056809856809856805,1379.960,1392.520,2.0476,3.6784,0.2408539022949682,0.0,Merge
1977796.188,P18,FRAG0115,0.011209631878121806,0.0056809856809856805,1746.590,1392.520,1.367,2.8329,0.16402565357270904,0.0,Merge
1978561.843,P18,FRAG0124,0.016890617559107486,0.0056809856809856805,2002.360,1392.520,1.5302,3.5251,0.33961694377924356,0.0,Merge
1978707.065,P18,FRAG0112,0.022571603240093167,0.0056809856809856805,2205.538,1392.520,1.6856,4.2199,0.7267490932763576,0.0,Hit+Run
1978774.616,P18,FRAG0114,0.022571603240093167,0.0056809856809856805,2205.538,1392.520,1.0887,2.7255,0.7539041074735089,0.0,Hit+Run
1979289.727,P18,FRAG0121,0.022571603240093167,0.0056809856809856805,2205.538,1392.520,1.6174,4.0492,0.7698415875892186,0.0,Hit+Run
1980123.112,P18,FRAG0118,0.022571603240093167,0.0056809856809856805,2205.538,1392.520,1.2353,3.0926,0.9073330025874363,0.0,Hit+Run
1980181.576,P18,FRAG0118,0.022571603240093167,0.0056809856809856805,2205.538,1392.520,1.0406,2.6051,0.9738413330703014,0.0,Hit+Run
1980217.178,P18,FRAG0118,0.022571603240093167,0.0056809856809856805,2205.538,1392.520,1.0215,2.5573,0.34780485452513943,0.0,Merge
1980686.431,P18,FRAG0123,0.028252588921078847,0.0056809856809856805,2376.912,1392.520,1.0994,2.9470,0.7369536620042609,0.0,Hit+Run
1980703.385,P18,FRAG0111,0.028252588921078847,0.0056809856809856805,2376.912,1392.520,1.3927,3.7332,0.6927503149464199,0.0,Hit+Run
1981663.238,P18,FRAG0112,0.028252588921078847,0.0056809856809856805,2376.912,1392.520,1.3906,3.7276,0.48062469511392797,0.0,Merge
1981725.188,P18,FRAG0123,0.03393357460206453,0.0056809856809856805,2526.603,1392.520,1.3061,3.7099,0.6469420760814989,0.0,Hit+Run
1982013.213,P18,FRAG0121,0.03393357460206453,0.0056809856809856805,2526.603,1392.520,1.0086,2.8648,0.8555623609045909,0.0,Graze+Merge
1982817.371,P18,FRAG0113,0.039614560283050215,0.0056809856809856805,2660.390,1392.520,1.3905,4.1531,0.3072677189819493,0.0,Merge
1982831.596,P18,FRAG0117,0.0452955459640359,0.0056809856809856805,2781.926,1392.520,1.193,3.7246,0.5753852234144502,0.0,Merge
1982842.03,P18,FRAG0120,0.05097653164502158,0.0056809856809856805,2893.680,1392.520,1.3334,4.3312,0.21731964300771656,0.0,Merge
1984975.947,P18,FRAG0116,0.05665751732600727,0.0056809856809856805,2997.411,1392.520,1.4511,4.8854,0.8242666968011838,0.0,Hit+Run
1985052.418,P18,FRAG0116,0.05665751732600727,0.0056809856809856805,2997.411,1392.520,1.0614,3.5734,0.5364698009250249,0.0,Merge
1985458.824,P18,FRAG0111,0.06233850300699295,0.0056809856809856805,3094.420,1392.520,3.2697,11.373,0.45565193971359835,0.00761904761904762,Fragment
1987009.721,P18,FRAG0114,0.06040044106893101,0.0056809856809856805,3062.014,1392.520,2.826,9.7245,0.7557880949663273,0.0,Hit+Run
1987026.145,P18,FRAG0114,0.06040044106893101,0.0056809856809856805,3062.014,1392.520,1.0423,3.5866,0.9297671462041422,0.0,Hit+Run
1987779.762,E0,FRAG0129,0.6824156045621045,0.005779220779220779,6870.845,1400.501,1.0815,8.8135,0.6272467272228556,0.0,Merge
1988012.549,P18,FRAG0114,0.06040044106893101,0.0056809856809856805,3062.014,1392.520,1.1264,3.8760,0.5441399326742562,0.0,Merge
1992443.262,P18,FRAG0138,0.0660814267499167,0.00761904761904762,3155.152,1535.656,1.8431,6.5270,0.7484963932881787,0.0,Hit+Run
1992455.047,P18,FRAG0123,0.0660814267499167,0.0056809856809856805,3155.152,1392.520,2.447,8.6845,0.9366924211313873,0.0,Hit+Run
1994070.367,P18,FRAG0119,0.0660814267499167,0.0056809856809856805,3155.152,1392.520,2.2104,7.8448,0.8816744898702074,0.0,Hit+Run
1994072.544,P18,FRAG0119,0.0660814267499167,0.0056809856809856805,3155.152,1392.520,1.0483,3.7204,0.43625819895371926,0.0,Merge
1995400.28,P18,FRAG0138,0.07176241243090238,0.00761904761904762,3243.093,1535.656,2.1736,7.9147,0.40081006664532187,0.0,Merge
1996793.956,E0,FRAG0134,0.6881948253413253,0.005779220779220779,6890.186,1400.501,1.0431,8.5262,0.9745189550005932,0.0,Hit+Run
2007849.116,E0,FRAG0130,0.6881948253413253,0.005779220779220779,6890.186,1400.501,1.0325,8.4396,0.9107754756823725,0.0,Hit+Run
2013736.523,P18,FRAG0123,0.07938146004995,0.0056809856809856805,3354.029,1392.520,1.0971,4.1493,0.4968277802302881,0.0,Merge
2032210.149,P304,FRAG0099,0.0024355585714285716,0.005584082584082584,1050.009,1384.557,53.677,87.038,0.6151087982186086,0.0,Graze+Frag
2034218.395,P172,P547,0.0073066933066933066,0.0024355585714285716,1514.377,1050.009,34.221,59.592,0.9657717831369421,0.0,Hit+Run
2047056.63,P172,P547,0.0073066933066933066,0.0024355585714285716,1514.377,1050.009,1.145,1.9938,0.6198915499320339,0.0,Hit+Run
2054436.89,P304,FRAG0021,0.00801931401931402,0.006294039294039295,1562.090,1440.910,11.067,21.586,0.8092906369373998,0.012546460206460205,Graze+Frag
2054456.739,P304,FRAG0139,0.0055274725274725295,0.008785880785880787,1379.863,1610.357,1.05,2.0524,0.41111352438038595,0.0,Merge
2125893.652,P336,FRAG0006,0.0024355585714285716,0.006041958041958042,1050.009,1421.411,27.958,46.262,0.8177719929386966,0.0,Graze+Frag
2164787.265,P172,P662,0.0073066933066933066,0.0024355585714285716,1514.377,1050.009,26.613,46.344,0.4029265547476676,0.009738334998335,Fragment
2218707.168,E14,P841,0.044980000000000006,0.0024355585714285716,2775.451,1050.009,3.1585,9.9347,0.14597477227159963,0.0,Merge
2226117.524,P104,FRAG0034,0.0024355585714285716,0.005688977688977689,1050.009,1393.173,56.103,91.404,0.50932181894099,0.0,Graze+Frag
2234185.696,E14,P353,0.047415558571428575,0.0024355585714285716,2824.668,1050.009,6.7053,21.487,0.6598244300118308,0.005587505827505827,Fragment
2243218.98,E0,FRAG0104,0.6881948253413253,0.005584082584082584,6890.186,1384.557,2.4279,19.861,0.3858623628060569,0.0,Merge
2272319.635,P104,P343,0.008124542124542125,0.0024355585714285716,1568.893,1050.009,30.368,54.482,0.9262744130104197,0.0,Graze+Frag
2377568.659,E6,P790,0.08018000000000002,0.0024355585714285716,3365.238,1050.009,2.9468,11.388,0.7299451091934221,0.0,Merge
2428933.503,E3,P818,0.40823111714285715,0.0024355585714285716,5789.342,1050.009,1.2537,8.6793,0.23675912549516806,0.0,Merge
2463751.781,P336,FRAG0100,0.008477522477522478,0.005584082584082584,1591.293,1384.557,24.386,47.361,0.7773449455414406,0.008533466533466535,Graze+Frag
2537492.511,P104,FRAG0035,0.01056010656010656,0.005688977688977689,1712.182,1393.173,27.962,57.146,0.4537727610879588,0.016244562104562103,Fragment
2541048.318,P104,FRAG0142,0.005527805527805529,0.010721278721278722,1379.890,1720.848,1.0642,2.1765,0.7019299200931489,0.0,Graze+Merge
2561802.746,E3,FRAG0133,0.4106666757142857,0.005779220779220779,5800.832,1400.501,1.2035,8.1766,0.3486298902328456,0.0,Merge
2621278.042,P86,FRAG0012,0.005527799663669665,0.006232767232767234,1379.890,1436.219,11.569,21.122,0.8163869787970235,0.006232767232767234,Graze+Frag
2623952.336,P172,P530,0.009742257742257742,0.0024355585714285716,1666.788,1050.009,28.764,54.408,0.4843063575941389,0.01217001665001665,Fragment
2625169.545,P172,FRAG0144,0.005527799663669664,0.00665001665001665,1379.890,1467.578,1.1068,2.0449,0.8902630888092272,0.0,Hit+Run
2638406.697,M1,FRAG0037,0.0055297918015317915,0.005688977688977689,1380.056,1393.173,53.019,95.274,0.04070654172932468,0.011216470196470197,Fragment
2656388.273,P18,M1,0.08506244573093569,0.0055297918015317915,3432.204,1380.056,16.313,63.238,0.3416327655477262,0.08709942057942058,Fragment
2656906.048,P18,FRAG0157,0.005527302467532386,0.005670995670995671,1379.849,1391.704,1.5563,2.7948,0.8304326133235168,0.0,Hit+Run
2657110.791,P18,FRAG0158,0.005527302467532386,0.005670995670995671,1379.849,1391.704,1.2235,2.1972,0.22767196287340782,0.0,Merge
2657569.288,P18,FRAG0151,0.011198298138528056,0.005670995670995671,1746.001,1391.704,1.3366,2.7688,0.54627477952368,0.0,Merge
2657660.696,P18,FRAG0155,0.016869293809523726,0.005670995670995671,2001.517,1391.704,2.0183,4.6474,0.5006121535507875,0.0,Merge
2657774.627,P18,FRAG0148,0.022540289480519397,0.005670995670995671,2204.518,1391.704,1.212,3.0328,0.6058371935441006,0.0,Merge
2657904.416,P18,FRAG0149,0.028211285151515067,0.005670995670995671,2375.754,1391.704,1.1981,3.2100,0.13166899362944628,0.0,Merge
2658110.033,P18,FRAG0152,0.03388228082251074,0.005670995670995671,2525.329,1391.704,1.1326,3.2154,0.03694157125551694,0.0,Merge
2658633.568,P18,FRAG0153,0.039553276493506415,0.005670995670995671,2659.018,1391.704,1.1014,3.2879,0.6674586561414323,0.0,Graze+Merge
2658890.748,P18,FRAG0160,0.04522427216450209,0.005670995670995671,2780.466,1391.704,1.1776,3.6746,0.9805875141429427,0.0,Hit+Run
2659539.817,P18,FRAG0159,0.04522427216450209,0.005670995670995671,2780.466,1391.704,7.3472,22.926,0.8890864500598749,0.0,Hit+Run
2659933.778,P18,FRAG0156,0.04522427216450209,0.005670995670995671,2780.466,1391.704,7.3599,22.966,0.6223805079910929,0.02481266067266067,Fragment
2659935.545,P18,FRAG0162,0.02608274702297695,0.006203130203130203,2314.434,1433.939,1.14,2.9891,0.3334849081410989,0.0,Merge
2660104.614,P18,FRAG0157,0.03228587722610715,0.005670995670995671,2485.028,1391.704,1.662,4.6462,0.7099838329634816,0.0,Hit+Run
2660592.462,P18,FRAG0157,0.03228587722610715,0.005670995670995671,2485.028,1391.704,1.1854,3.3138,0.6847920989119606,0.0,Hit+Run
2661075.531,P18,FRAG0146,0.03228587722610715,0.005670995670995671,2485.028,1391.704,1.8383,5.1390,0.8497242406792986,0.0,Hit+Run
2661537.766,P18,FRAG0146,0.03228587722610715,0.005670995670995671,2485.028,1391.704,1.0965,3.0653,0.9617088701653227,0.0,Hit+Run
2661556.176,P18,FRAG0160,0.03228587722610715,0.005670995670995671,2485.028,1391.704,1.8434,5.1533,0.6831254701960838,0.0,Hit+Run
2661918.168,P18,FRAG0160,0.03228587722610715,0.005670995670995671,2485.028,1391.704,1.2902,3.6068,0.5291546172908579,0.0,Merge
2664969.545,P18,FRAG0157,0.037956872897102825,0.005670995670995671,2622.752,1391.704,4.6515,13.699,0.842334354555047,0.0,Hit+Run
2664980.324,P18,FRAG0157,0.037956872897102825,0.005670995670995671,2622.752,1391.704,1.0541,3.1046,0.7460339715088871,0.0,Graze+Merge
2669410.09,P18,FRAG0159,0.0436278685680985,0.005670995670995671,2747.357,1391.704,1.5074,4.6478,0.7457381282686835,0.0,Hit+Run
2669636.535,P18,FRAG0159,0.0436278685680985,0.005670995670995671,2747.357,1391.704,1.0397,3.2057,0.05356570267136871,0.0,Merge
2669852.731,P18,FRAG0150,0.04929886423909417,0.005670995670995671,2861.581,1391.704,6.8769,22.087,0.49167724338803287,0.03448151848151849,Fragment
2669855.839,P18,FRAG0166,0.02048834142857136,0.005746919746919748,2135.483,1397.887,1.1763,2.8636,0.9960714592655157,0.0,Hit+Run
2669858.277,P18,FRAG0167,0.02048834142857136,0.005746919746919748,2135.483,1397.887,1.1227,2.7331,0.6443852860074588,0.0,Graze+Merge
2670162.238,P18,FRAG0169,0.026235261175491107,0.005746919746919748,2318.937,1397.887,1.3868,3.6344,0.9749104466018698,0.0,Hit+Run
2670289.853,P18,FRAG0170,0.026235261175491107,0.005746919746919748,2318.937,1397.887,1.0653,2.7918,0.09158892458796525,0.0,Merge
2670368.58,P18,FRAG0168,0.031982180922410855,0.005746919746919748,2477.212,1397.887,1.2347,3.4420,0.12804460243742652,0.0,Merge
2671534.072,P104,P571,0.01624908424908425,0.0024355585714285716,1976.682,1050.009,29.948,66.480,0.5797420757173205,0.013156843156843158,Fragment
2671784.695,P104,FRAG0171,0.005527799663669664,0.006578421578421579,1379.890,1462.293,1.1131,2.0524,0.9326525078793457,0.0,Hit+Run
2671951.538,P104,FRAG0171,0.005527799663669664,0.006578421578421579,1379.890,1462.293,1.0094,1.8612,0.35975820319552065,0.0,Merge
2672788.374,P18,FRAG0161,0.037729100669330606,0.006203130203130203,2617.495,1433.939,5.2721,15.510,0.4910103934280466,0.024654012654012656,Fragment
2672878.182,P18,FRAG0174,0.01927821821844815,0.006163503163503164,2092.583,1430.879,1.0527,2.5272,0.6269798902219964,0.0,Graze+Merge
2673726.488,P172,FRAG0144,0.005527799663669664,0.00665001665001665,1379.890,1467.578,1.3005,2.4028,0.4734080950725241,0.0,Merge
2673752.086,P18,FRAG0146,0.025441721381951315,0.005670995670995671,2295.317,1391.704,2.5203,6.5409,0.8308414505304937,0.0,Hit+Run
2675198.739,P18,FRAG0147,0.025441721381951315,0.005670995670995671,2295.317,1391.704,3.7199,9.6542,0.48439812127811865,0.012095391275391274,Fragment
2676181.183,E0,FRAG0126,0.6937789079254079,0.005779220779220779,6908.772,1400.501,1.3067,10.711,0.8331160971040089,0.0,Hit+Run
2676589.478,P18,FRAG0176,0.01901747895770889,0.006163503163503164,2083.106,1430.879,2.6383,6.3098,0.3100960102656315,0.009668997668997668,Fragment
2676629.876,P18,FRAG0163,0.015511984452214383,0.006203130203130203,1946.329,1433.939,4.6817,10.601,0.7454769673221622,0.0,Hit+Run
2676684.932,P18,FRAG0179,0.015511984452214383,0.009668997668997668,1946.329,1662.599,1.8072,4.2649,0.6893992031227355,0.0,Hit+Run
2677240.148,P18,FRAG0166,0.015511984452214383,0.005746919746919748,1946.329,1397.887,4.2566,9.5883,0.32504617821141896,0.019655218115218115,Fragment
2677576.125,P18,FRAG0179,0.005529966470196403,0.009668997668997668,1380.070,1662.599,4.3519,8.6899,0.9871545844443529,0.0,Hit+Run
2677999.816,P18,FRAG0165,0.005529966470196403,0.005746919746919748,1380.070,1397.887,3.8152,6.8676,0.9265689763114114,0.0,Hit+Run
2680364.765,P18,FRAG0177,0.005529966470196403,0.006047619047619047,1380.070,1421.855,2.067,3.7538,0.5985390371259007,0.0,Hit+Run
2680422.526,P18,FRAG0165,0.005529966470196403,0.005746919746919748,1380.070,1397.887,1.4246,2.5643,0.9220481582939144,0.0,Hit+Run
2680430.979,P18,FRAG0177,0.005529966470196403,0.006047619047619047,1380.070,1421.855,1.1411,2.0723,0.5337695478384946,0.0,Graze+Merge
2680632.928,P18,FRAG0163,0.011577585517815452,0.006203130203130203,1765.495,1433.939,1.9235,4.0512,0.4171167500597647,0.0,Merge
2680915.507,P18,FRAG0173,0.017780715720945653,0.006163503163503164,2036.933,1430.879,1.0314,2.4213,0.15565643818712635,0.0,Merge
2681392.902,P18,FRAG0179,0.023944218884448816,0.009668997668997668,2249.369,1662.599,2.1648,5.6693,0.6756211375703101,0.0,Hit+Run
2683861.238,P18,FRAG0179,0.023944218884448816,0.009668997668997668,2249.369,1662.599,1.1495,3.0103,0.1812389638826908,0.0,Merge
2687995.835,P18,FRAG0146,0.033613216553446484,0.005670995670995671,2518.627,1391.704,1.4007,3.9664,0.7010336188769732,0.0,Hit+Run
2688003.798,P18,FRAG0146,0.033613216553446484,0.005670995670995671,2518.627,1391.704,1.062,3.0073,0.4601418755289505,0.0,Merge
2688622.744,P18,FRAG0169,0.03928421222444216,0.005746919746919748,2652.975,1397.887,3.6986,11.017,0.3302086983280114,0.01393140193140193,Fragment
2691601.321,P18,FRAG0165,0.03109973003995998,0.005746919746919748,2454.215,1397.887,1.9834,5.4804,0.5560063962048766,0.0,Merge
2694806.303,P57,FRAG0027,0.0024355585714285716,0.006629370629370629,1050.009,1466.058,18.186,30.840,0.6384604425995676,0.0,Graze+Frag
2697741.091,P104,FRAG0172,0.012106221242091243,0.006578421578421579,1791.967,1462.293,1.0192,2.1818,0.29316749696996003,0.0,Merge
2709241.686,P18,FRAG0183,0.03684664978687972,0.006965700965700965,2596.927,1490.443,2.2203,6.4944,0.3201549017896459,0.006827172827172828,Fragment
2709709.003,P18,FRAG0164,0.03698517792540786,0.006203130203130203,2600.178,1433.939,2.4056,7.0321,0.45247194378198446,0.005686453546453546,Fragment
2709804.354,P18,FRAG0185,0.03750199444222438,0.005686313686313687,2612.233,1392.956,1.0685,3.1347,0.4383517993192947,0.0,Merge
2709929.914,P104,P756,0.018684642820512822,0.0024355585714285716,2070.882,1050.009,16.165,37.571,0.13237914317840246,0.015592407592407594,Fragment
2710504.956,P104,FRAG0187,0.0055277937995338,0.007796203796203797,1379.889,1547.467,1.0532,2.0074,0.25732487678194577,0.0,Merge
2711793.389,P18,FRAG0182,0.043188308128538064,0.006965700965700965,2738.099,1490.443,1.508,4.6399,0.9157987451574215,0.0,Hit+Run
2712968.669,P18,FRAG0182,0.043188308128538064,0.006965700965700965,2738.099,1490.443,1.5046,4.6295,0.7618813572454376,0.0,Hit+Run
2717342.052,P172,FRAG0186,0.012177816313686314,0.007796203796203797,1795.492,1547.467,11.823,25.820,0.7144459324225897,0.019536923076923077,Graze+Frag
2717454.307,P18,FRAG0184,0.043188308128538064,0.006827172827172828,2738.099,1480.496,4.851,14.923,0.6665791209656158,0.010498408258408259,Graze+Frag
2717510.431,P18,FRAG0190,0.03951731245754239,0.010498168498168498,2658.212,1708.828,1.0189,3.0806,0.45049799059025714,0.0,Merge
2717622.468,P18,FRAG0182,0.050015480955710886,0.006965700965700965,2875.380,1490.443,1.43,4.6155,0.5026520802967643,0.0,Merge
2719528.135,P18,FRAG0175,0.056981181921411855,0.006163503163503164,3003.108,1430.879,1.5086,5.0863,0.8623292824570123,0.0,Hit+Run
2719562.494,P18,FRAG0175,0.056981181921411855,0.006163503163503164,3003.108,1430.879,1.0503,3.5411,0.34115241876657015,0.0,Merge
2724010.887,P172,FRAG0188,0.005527799663669668,0.007223110223110223,1379.890,1508.580,1.5586,2.9256,0.6071864934715037,0.0,Hit+Run
2726360.724,P18,FRAG0180,0.06314468508491503,0.007864468864468864,3107.702,1551.971,2.853,9.9503,0.45931858875276066,0.00911037629037629,Fragment
2726972.998,P18,FRAG0191,0.06189893083916079,0.00911022311022311,3087.129,1629.934,1.0978,3.8054,0.5393404570108487,0.0,Merge
2729258.365,E5,P528,0.07593555857142857,0.0024355585714285716,3304.777,1050.009,1.4763,5.5953,0.8472937531981509,0.0,Hit+Run
2743233.758,P172,FRAG0188,0.005527799663669668,0.007223110223110223,1379.890,1508.580,1.192,2.2375,0.7687047888630972,0.0,Hit+Run
2743416.62,P172,FRAG0188,0.005527799663669668,0.007223110223110223,1379.890,1508.580,1.1209,2.1040,0.5436015034785397,0.0,Graze+Merge
2759483.659,P421,FRAG0036,0.0024355585714285716,0.005688977688977689,1050.009,1393.173,26.747,43.578,0.48134371547878574,0.0,Graze+Frag
2763088.685,P18,FRAG0154,0.0710091539493839,0.005670995670995671,3231.706,1391.704,2.4531,8.9255,0.7784624482783983,0.0,Hit+Run
2764199.268,P18,FRAG0154,0.0710091539493839,0.005670995670995671,3231.706,1391.704,1.0228,3.7214,0.979561169989537,0.0,Graze+Merge
2781880.145,P172,FRAG0189,0.01275090988677989,0.007223110223110223,1823.227,1508.580,1.4789,3.2351,0.8588596274137547,0.0,Hit+Run
2818318.194,P18,FRAG0178,0.07668014962037957,0.006047619047619047,3315.544,1421.855,3.2787,12.240,0.714003198982367,0.0,Hit+Run
2820615.066,P336,FRAG0141,0.005528138528138528,0.008533466533466535,1379.918,1594.785,18.046,35.055,0.3133074538868548,0.014051681651681651,Fragment
2822090.3,P18,FRAG0181,0.07668014962037957,0.007864468864468864,3315.544,1551.971,2.3145,8.6179,0.8382323257119766,0.0,Hit+Run
2822342.11,P18,FRAG0181,0.07668014962037957,0.007864468864468864,3315.544,1551.971,1.0273,3.8251,0.9141813784641994,0.0,Graze+Merge
2823831.993,P18,FRAG0178,0.08454461848484843,0.006047619047619047,3425.225,1421.855,1.4392,5.5588,0.9666367053058149,0.0,Hit+Run
2823858.915,P18,FRAG0178,0.08454461848484843,0.006047619047619047,3425.225,1421.855,1.0511,4.0598,0.3198331550708472,0.0,Merge
2838720.804,E0,FRAG0127,0.6937789079254079,0.005779220779220779,6908.772,1400.501,1.0578,8.6714,0.9859371935588161,0.0,Hit+Run
2844842.227,E3,P117,0.4164458964935065,0.0024355585714285716,5827.917,1050.009,2.6428,18.426,0.86724869536407,0.0,Hit+Run
2863070.034,P195,P746,0.0024355585714285716,0.0024355585714285716,1050.009,1050.009,41.133,55.969,0.9765,0.0,Hit+Run
2865271.161,P336,FRAG0192,0.005528138528138528,0.008533466533466535,1379.918,1594.785,1.6077,3.1228,0.9365823947254365,0.0,Hit+Run
2872642.959,P336,FRAG0192,0.005528138528138528,0.008533466533466535,1379.918,1594.785,1.0517,2.0428,0.3195698918902195,0.0,Merge
2874302.819,P421,FRAG0102,0.008124542124542125,0.005584082584082584,1568.893,1384.557,26.328,50.677,0.9450169295728674,0.0,Hit+Run
2875020.819,P421,FRAG0102,0.008124542124542125,0.005584082584082584,1568.893,1384.557,1.0547,2.0301,0.7104891193387914,0.0,Graze+Merge
2875042.688,P172,FRAG0189,0.01275090988677989,0.007223110223110223,1823.227,1508.580,1.3961,3.0539,0.8354386703871164,0.0,Hit+Run
2900561.473,P172,FRAG0189,0.01275090988677989,0.007223110223110223,1823.227,1508.580,1.0301,2.2533,0.996266223427513,0.0,Graze+Merge
2920617.551,P337,FRAG0019,0.0024355585714285716,0.006294039294039295,1050.009,1440.910,19.684,32.923,0.94107666603011,0.0,Hit+Run
2921864.657,P337,FRAG0019,0.0024355585714285716,0.006294039294039295,1050.009,1440.910,1.0261,1.7161,0.44235872489675143,0.0,Graze+Merge
2935236.476,E9,P733,0.08137555857142859,0.0024355585714285716,3381.882,1050.009,1.8689,7.2610,0.7650626673264957,0.0,Hit+Run
2947118.8,E0,P131,0.6937789079254079,0.0024355585714285716,6908.772,1050.009,4.4055,36.812,0.2839453795453727,0.0,Merge
2954947.206,E3,P189,0.4164458964935065,0.0024355585714285716,5827.917,1050.009,2.2475,15.670,0.2931783572017276,0.0,Merge
2967707.623,P336,P421,0.014061605061605063,0.01370862470862471,1883.672,1867.777,5.3978,13.120,0.5703062595207021,0.02224175824175824,Graze+Frag
3110569.597,E0,FRAG0135,0.6962144664968364,0.005779220779220779,6916.847,1400.501,1.8434,15.130,0.45115212979489955,0.0,Merge
3150441.563,P336,FRAG0193,0.005528471528471534,0.00556043956043956,1379.946,1382.601,1.4831,2.6547,0.7561726468575214,0.0,Hit+Run
3164194.575,E0,FRAG0029,0.7019936872760572,0.00637928737928738,6935.933,1447.386,1.9056,15.649,0.7478409687302483,0.0,Merge
3167640.573,P336,FRAG0194,0.005528471528471534,0.00556043956043956,1379.946,1382.601,1.3235,2.3690,0.7394886949450883,0.0,Hit+Run
3196325.649,P336,FRAG0196,0.005528471528471534,0.00556043956043956,1379.946,1382.601,1.8012,3.2241,0.732745181447548,0.0,Hit+Run
3196373.499,P336,FRAG0196,0.005528471528471534,0.00556043956043956,1379.946,1382.601,1.051,1.8812,0.539980599321562,0.0,Graze+Merge
3208752.08,P57,P547,0.009064935064935066,0.0024355585714285716,1627.229,1050.009,37.485,69.412,0.30590636618501216,0.0059726939726939725,Fragment
3209381.507,P249,FRAG0193,0.0024355585714285716,0.00556043956043956,1050.009,1382.601,30.284,49.054,0.40146747410874395,0.007994312354312354,Fragment
3209665.802,P57,FRAG0197,0.005527799663669665,0.0059726939726939725,1379.890,1415.958,1.0366,1.8783,0.9061571975855789,0.0,Graze+Merge
3211500.873,P561,FRAG0024,0.0024355585714285716,0.006294039294039295,1050.009,1440.910,13.250,22.162,0.18926917045801542,0.0,Fragment
3218832.788,P249,FRAG0194,0.007996003996003996,0.00556043956043956,1560.575,1382.601,8.4847,16.268,0.8293937881868809,0.0,Hit+Run
3223621.098,P249,FRAG0194,0.007996003996003996,0.00556043956043956,1560.575,1382.601,1.0992,2.1076,0.966724686499374,0.0,Hit+Run
3226489.485,P249,FRAG0194,0.007996003996003996,0.00556043956043956,1560.575,1382.601,0.9964,1.9105,0.45234358822543663,0.0,Perfect
3243621.945,E0,FRAG0103,0.7083729746553445,0.005584082584082584,6956.880,1384.557,3.0412,25.137,0.8564494683052489,0.0,Hit+Run
3259442.366,M4,P778,0.0055264735264735285,0.0024355585714285716,1379.780,1050.009,34.982,56.576,0.9749017519016822,0.0,Hit+Run
3281161.142,P18,FRAG0145,0.09059223753246748,0.005688977688977689,3505.022,1393.173,20.442,80.973,0.529524873275379,0.09382897102897103,Fragment
3281321.133,P57,FRAG0008,0.011500493636363638,0.006041958041958042,1761.567,1421.411,22.189,46.541,0.6392712257690758,0.01751153513153513,Graze+Frag
3281650.152,P18,FRAG0204,0.005529300469530415,0.005671994671994672,1380.015,1391.785,1.7824,3.2012,0.7011099939876496,0.0,Hit+Run
3282182.207,P18,FRAG0198,0.005529300469530415,0.005671994671994672,1380.015,1391.785,4.0997,7.3631,0.9320252156972589,0.0,Hit+Run
3283788.793,P18,FRAG0206,0.005529300469530415,0.005671994671994672,1380.015,1391.785,2.3822,4.2784,0.5543857252558215,0.0,Hit+Run
3284928.327,P18,FRAG0213,0.005529300469530415,0.005671994671994672,1380.015,1391.785,1.2625,2.2674,0.8865690713633061,0.0,Hit+Run
3284949.948,P18,FRAG0213,0.005529300469530415,0.005671994671994672,1380.015,1391.785,1.1007,1.9768,0.44500221035801824,0.0,Merge
3285824.752,P18,FRAG0207,0.011201295141525087,0.005671994671994672,1746.156,1391.785,2.1989,4.5555,0.5764425947380686,0.0,Hit+Run
3286196.56,P18,FRAG0210,0.011201295141525087,0.005671994671994672,1746.156,1391.785,2.0008,4.1451,0.9201713241228595,0.0,Hit+Run
3287642.313,P18,FRAG0208,0.011201295141525087,0.005671994671994672,1746.156,1391.785,2.6574,5.5054,0.5032117370611405,0.005718614718614719,Fragment
3287804.87,P18,FRAG0206,0.011154675094905038,0.005671994671994672,1743.731,1391.785,2.2339,4.6234,0.7115585219112147,0.0,Hit+Run
3287961.974,P18,FRAG0209,0.011154675094905038,0.005671994671994672,1743.731,1391.785,1.3202,2.7323,0.7735661617651424,0.0,Hit+Run
3289404.678,P18,FRAG0201,0.011154675094905038,0.005671994671994672,1743.731,1391.785,1.1354,2.3499,0.7122258687078488,0.0,Hit+Run
3292128.603,P18,FRAG0202,0.011154675094905038,0.005671994671994672,1743.731,1391.785,1.8262,3.7796,0.8416355350218306,0.0,Hit+Run
3292176.364,P18,FRAG0202,0.011154675094905038,0.005671994671994672,1743.731,1391.785,1.1205,2.3190,0.8681069579549873,0.0,Hit+Run
3292203.013,P18,FRAG0202,0.011154675094905038,0.005671994671994672,1743.731,1391.785,1.1101,2.2975,0.32043768685052126,0.0,Merge
3292447.409,P18,FRAG0200,0.01682666976689971,0.005671994671994672,1999.830,1391.785,2.5251,5.8104,0.22211715071272434,0.00876989676989677,Fragment
3292451.885,P18,FRAG0217,0.01372876766899761,0.00876989676989677,1868.691,1609.380,1.0564,2.4004,0.8282678665825068,0.0,Hit+Run
3293353.545,P18,FRAG0203,0.01372876766899761,0.005671994671994672,1868.691,1391.785,2.4389,5.3152,0.9049218407391552,0.0,Hit+Run
3294375.57,P18,FRAG0211,0.01372876766899761,0.005671994671994672,1868.691,1391.785,2.1498,4.6851,0.8562627335893963,0.0,Hit+Run
3295258.84,P18,FRAG0217,0.01372876766899761,0.00876989676989677,1868.691,1609.380,1.807,4.1060,0.7058221953356506,0.0,Hit+Run
3295516.947,P18,FRAG0204,0.01372876766899761,0.005671994671994672,1868.691,1391.785,1.3639,2.9724,0.9695713965282341,0.0,Hit+Run
3295549.665,P18,FRAG0217,0.01372876766899761,0.00876989676989677,1868.691,1609.380,1.0139,2.3038,0.7649765104048865,0.0,Graze+Merge
3297241.798,P18,FRAG0212,0.02249866443889438,0.005671994671994672,2203.160,1391.785,1.5091,3.7742,0.44517372987126347,0.0,Merge
3303676.47,P18,FRAG0201,0.028170659110889052,0.005671994671994672,2374.613,1391.785,1.9457,5.2107,0.7963505015910574,0.0,Hit+Run
3303950.95,P18,FRAG0204,0.028170659110889052,0.005671994671994672,2374.613,1391.785,1.3163,3.5251,0.8873277618076592,0.0,Hit+Run
3304684.449,P18,FRAG0205,0.028170659110889052,0.005671994671994672,2374.613,1391.785,3.9993,10.710,0.9578146481016029,0.0,Hit+Run
3304705.1,P18,FRAG0205,0.028170659110889052,0.005671994671994672,2374.613,1391.785,1.0952,2.9330,0.9812051980256216,0.0,Hit+Run
3304790.858,P18,FRAG0204,0.028170659110889052,0.005671994671994672,2374.613,1391.785,1.1519,3.0849,0.29310691805057604,0.0,Merge
3304819.25,P18,FRAG0205,0.03384265378288372,0.005671994671994672,2524.344,1391.785,1.0863,3.0828,0.7050653962869993,0.0,Graze+Merge
3305141.535,P18,FRAG0211,0.0395146484548784,0.005671994671994672,2658.152,1391.785,1.0912,3.2564,0.7293949991453813,0.0,Hit+Run
3305169.624,P18,FRAG0211,0.0395146484548784,0.005671994671994672,2658.152,1391.785,1.0732,3.2027,0.7792771371234692,0.0,Hit+Run
3305202.094,P18,FRAG0211,0.0395146484548784,0.005671994671994672,2658.152,1391.785,0.9583,2.8598,0.22322256745194297,0.0,Perfect
3305636.583,P18,FRAG0203,0.04518664312687307,0.005671994671994672,2779.695,1391.785,3.0952,9.6556,0.41660633503470085,0.008346320346320346,Fragment
3306999.919,P18,FRAG0218,0.0425123174525474,0.008346320346320346,2723.738,1583.041,1.1117,3.4131,0.356627530178378,0.0,Merge
3311649.44,P18,FRAG0216,0.05085863779886775,0.005718614718614719,2891.448,1395.588,2.5798,8.3730,0.8076021106152604,0.0,Hit+Run
3315433.502,P18,FRAG0199,0.05085863779886775,0.005671994671994672,2891.448,1391.785,1.3131,4.2619,0.6515697503435769,0.0,Merge
3317400.299,P18,FRAG0216,0.05653063247086242,0.005718614718614719,2995.172,1395.588,3.2179,10.824,0.9826418703092961,0.0,Hit+Run
3317629.22,P18,FRAG0216,0.05653063247086242,0.005718614718614719,2995.172,1395.588,1.0255,3.4497,0.8401400398979029,0.0,Graze+Merge
3325822.009,P18,FRAG0198,0.06224924718947714,0.005671994671994672,3092.942,1391.785,2.2028,7.6589,0.9593874984456803,0.0,Hit+Run
3327748.566,P18,FRAG0125,0.06224924718947714,0.0056809856809856805,3092.942,1392.520,2.4011,8.3482,0.9174436764330535,0.0,Hit+Run
3328340.388,P18,FRAG0125,0.06224924718947714,0.0056809856809856805,3092.942,1392.520,1.3428,4.6687,0.5112998767945203,0.0,Merge
3328452.084,P18,FRAG0198,0.06793023287046282,0.005671994671994672,3184.306,1391.785,1.8721,6.7078,0.8015578212961537,0.0,Hit+Run
3335511.262,P18,FRAG0207,0.06793023287046282,0.005671994671994672,3184.306,1391.785,2.1829,7.8214,0.3840435468125247,0.0,Merge
3338347.558,P18,FRAG0206,0.07360222754245749,0.005671994671994672,3270.575,1391.785,1.8474,6.8058,0.4126834793000527,0.0,Merge
3355842.622,E0,FRAG0131,0.7083729746553445,0.005779220779220779,6956.880,1400.501,2.3232,19.186,0.45466966003082787,0.0,Merge
3373291.296,E17,P268,0.040959999999999996,0.0024355585714285716,2690.174,1050.009,8.0869,24.610,0.9151177575627818,0.0,Hit+Run
3384910.037,P18,FRAG0210,0.07927422221445216,0.005671994671994672,3352.518,1391.785,1.7103,6.4656,0.893688455973028,0.0,Hit+Run
3388040.991,P18,FRAG0210,0.07927422221445216,0.005671994671994672,3352.518,1391.785,1.6469,6.2260,0.40702502620420977,0.0,Merge
3389243.784,M2,FRAG0136,0.021271722407592404,0.005779220779220779,2162.360,1400.501,13.422,33.043,0.7748505246873102,0.021523476523476522,Graze+Frag
3390887.803,P18,FRAG0209,0.08494621688644682,0.005671994671994672,3430.640,1391.785,2.3977,9.2859,0.6382618062255665,0.0,Merge
3410662.534,P18,FRAG0198,0.09061821155844149,0.005671994671994672,3505.357,1391.785,1.9458,7.7085,0.9610997984882749,0.0,Hit+Run
3416269.725,P18,FRAG0198,0.09061821155844149,0.005671994671994672,3505.357,1391.785,1.1728,4.6462,0.8214479248865303,0.0,Hit+Run
3416426.363,P18,FRAG0198,0.09061821155844149,0.005671994671994672,3505.357,1391.785,1.0593,4.1965,0.8348333171794704,0.0,Hit+Run
3420845.477,P18,FRAG0198,0.09061821155844149,0.005671994671994672,3505.357,1391.785,1.0658,4.2223,0.45932653659784467,0.0,Merge
3425378.315,P104,P299,0.013323997595737597,0.0024355585714285716,1850.143,1050.009,51.412,107.07,0.9228537764023529,0.009188145188145189,Graze+Frag
3425670.906,P104,FRAG0222,0.006571410979020979,0.009188145188145189,1461.773,1634.568,0.999,2.0135,0.5532503505605422,0.0,Perfect
3516221.056,P304,FRAG0028,0.014313353313353316,0.006629370629370629,1894.847,1466.058,32.914,73.405,0.2856727601428666,0.015415251415251416,Fragment
3535373.203,P304,FRAG0224,0.005527472527472528,0.007707625707625708,1379.863,1541.584,1.4696,2.7946,0.9254671328995547,0.0,Hit+Run
3544433.275,E3,P179,0.41888145506493507,0.0024355585714285716,5839.256,1050.009,4.1891,29.268,0.9019179311372587,0.0,Hit+Run
3544963.481,P72,FRAG0137,0.0024355585714285716,0.005779220779220779,1050.009,1400.501,13.146,21.504,0.6629963885756576,0.008132507492507492,Graze+Frag
3564777.115,P304,FRAG0223,0.005527472527472528,0.007707625707625708,1379.863,1541.584,1.5781,3.0009,0.8319474369139919,0.0,Hit+Run
3588601.676,P249,P57,0.013556443556443556,0.005527799663669664,1860.840,1379.890,16.795,36.414,0.31902769718166124,0.01906319014319014,Fragment
3604402.393,P336,FRAG0195,0.011088911088911094,0.00556043956043956,1740.297,1382.601,4.2866,8.8428,0.5072828187900873,0.014418727938727938,Fragment
3611864.16,P336,FRAG0228,0.005528471528471534,0.00556043956043956,1379.946,1382.601,1.5725,2.8147,0.6910852536182989,0.0,Hit+Run
3613730.27,E9,P823,0.08137555857142859,0.0024355585714285716,3381.882,1050.009,2.8858,11.211,0.38451533818653627,0.0,Merge
3619590.004,P336,FRAG0227,0.005528471528471534,0.00556043956043956,1379.946,1382.601,1.1284,2.0198,0.4408259749318025,0.0,Merge
3622290.419,P304,FRAG0224,0.005527472527472528,0.007707625707625708,1379.863,1541.584,2.9747,5.6567,0.9654727806267119,0.0,Hit+Run
3629290.974,P304,FRAG0224,0.005527472527472528,0.007707625707625708,1379.863,1541.584,1.0545,2.0052,0.9969294056400378,0.0,Hit+Run
3660047.343,P172,FRAG0215,0.019974020109890113,0.006007326007326008,2117.462,1418.690,20.934,50.696,0.6155106290635844,0.025904955044955047,Graze+Frag
3667701.81,P104,FRAG0230,0.015759556167166167,0.006817848817848818,1956.629,1479.822,9.8588,22.576,0.8994414349422454,0.0,Hit+Run
3733994.944,P18,FRAG0201,0.09629020623043616,0.005671994671994672,3577.018,1391.785,2.9554,11.960,0.6422905143588405,0.0,Merge
3744094.787,P31,FRAG0025,0.0024355585714285716,0.006294039294039295,1050.009,1440.910,46.006,76.947,0.6190661553110054,0.0,Graze+Frag
3764169.606,P172,FRAG0231,0.005527799663669668,0.006817848817848818,1379.890,1479.822,1.4267,2.6484,0.4183514330625258,0.0,Merge
3765798.252,P18,FRAG0009,0.10196220090243083,0.006041958041958042,3645.918,1421.411,13.478,55.594,0.45313794870864677,0.09863736263736264,Fragment
3765838.111,P18,FRAG0236,0.009366796307026234,0.005802197802197802,1645.094,1402.355,1.3332,2.6574,0.9332523041379791,0.0,Hit+Run
3765838.706,P18,FRAG0233,0.009366796307026234,0.005802197802197802,1645.094,1402.355,1.4524,2.8950,0.8328985308043082,0.0,Hit+Run
3765905.531,P18,FRAG0232,0.009366796307026234,0.005802197802197802,1645.094,1402.355,1.458,2.9061,0.9534958033311619,0.0,Hit+Run
3766547.006,P18,FRAG0237,0.009366796307026234,0.005802197802197802,1645.094,1402.355,1.4067,2.8039,0.7100339863678181,0.0,Hit+Run
3766634.733,P18,FRAG0248,0.009366796307026234,0.005802197802197802,1645.094,1402.355,1.2913,2.5739,0.762235222953972,0.0,Hit+Run
3766640.261,P18,FRAG0233,0.009366796307026234,0.005802197802197802,1645.094,1402.355,1.4269,2.8442,0.9888004659240726,0.0,Hit+Run
3766653.988,P18,FRAG0233,0.009366796307026234,0.005802197802197802,1645.094,1402.355,0.9552,1.9039,0.8433711677202481,0.0,Perfect
3767960.975,P18,FRAG0235,0.015168994109224038,0.005802197802197802,1931.876,1402.355,1.332,2.9845,0.8838851389176698,0.0,Hit+Run
3769067.322,P18,FRAG0240,0.015168994109224038,0.005802197802197802,1931.876,1402.355,1.571,3.5200,0.943390221688463,0.0,Hit+Run
3774284.595,P18,FRAG0241,0.015168994109224038,0.005802197802197802,1931.876,1402.355,3.6998,8.2898,0.3304936632177246,0.017476709956709958,Fragment
3775070.248,P249,FRAG0223,0.005527799663669664,0.007707625707625708,1379.890,1541.584,10.177,19.352,0.40908208005149593,0.013174971694971695,Fragment
3777771.82,P18,FRAG0232,0.005531964472194402,0.005802197802197802,1380.236,1402.355,3.7769,6.8102,0.9076772483158162,0.0,Hit+Run
3779017.295,P18,FRAG0244,0.005531964472194402,0.005802197802197802,1380.236,1402.355,2.3603,4.2559,0.8990960054086281,0.0,Hit+Run
3779739.309,P18,FRAG0232,0.005531964472194402,0.005802197802197802,1380.236,1402.355,1.3387,2.4138,0.9053459279884299,0.0,Hit+Run
3780574.714,P18,FRAG0239,0.005531964472194402,0.005802197802197802,1380.236,1402.355,4.1104,7.4115,0.6278196039091364,0.006635577755577755,Graze+Frag
3781397.134,P18,FRAG0248,0.005531964472194403,0.005802197802197802,1380.236,1402.355,1.6968,3.0595,0.5838717356098952,0.0,Hit+Run
3781729.941,P18,FRAG0234,0.005531964472194403,0.005802197802197802,1380.236,1402.355,1.8928,3.4129,0.7576295038404163,0.0,Hit+Run
3781837.467,P18,FRAG0244,0.005531964472194403,0.005802197802197802,1380.236,1402.355,2.3086,4.1627,0.9565853726307731,0.0,Hit+Run
3792275.725,P18,FRAG0250,0.005531964472194403,0.0077196137196137195,1380.236,1542.383,2.5172,4.7887,0.9386168879510461,0.0,Hit+Run
3793760.885,P18,FRAG0237,0.005531964472194403,0.005802197802197802,1380.236,1402.355,1.9239,3.4690,0.6395258081062254,0.0,Hit+Run
3795257.522,P18,FRAG0238,0.005531964472194403,0.005802197802197802,1380.236,1402.355,2.7159,4.8971,0.24558227533808438,0.007696916416916417,Fragment
3795455.695,P18,FRAG0237,0.005531964472194403,0.005802197802197802,1380.236,1402.355,1.654,2.9823,0.6459245383664987,0.0,Hit+Run
3795527.312,P18,FRAG0240,0.005531964472194403,0.005802197802197802,1380.236,1402.355,6.0362,10.884,0.6636326523426038,0.010412727272727273,Graze+Frag
3795833.275,P18,FRAG0244,0.005531964472194403,0.005802197802197802,1380.236,1402.355,3.6883,6.6504,0.8358031386480956,0.0,Hit+Run
3795885.486,P18,FRAG0244,0.005531964472194403,0.005802197802197802,1380.236,1402.355,1.0524,1.8976,0.824791370293207,0.0,Hit+Run
3796143.071,P18,FRAG0254,0.005531964472194403,0.005802197802197802,1380.236,1402.355,1.3984,2.5214,0.5920065554756689,0.0,Hit+Run
3799105.784,P18,FRAG0243,0.005531964472194403,0.005802197802197802,1380.236,1402.355,3.4703,6.2574,0.9648690001770184,0.0,Hit+Run
3800707.001,P18,FRAG0234,0.005531964472194403,0.005802197802197802,1380.236,1402.355,1.2903,2.3265,0.4820376796072519,0.0,Merge
3802065.268,P18,FRAG0248,0.011334162274392205,0.005802197802197802,1753.033,1402.355,1.8311,3.8124,0.47595529904924216,0.0,Merge
3802210.007,P18,FRAG0252,0.01713636007659001,0.005802197802197802,2012.025,1402.355,2.2486,5.2071,0.395642404717754,0.005780885780885782,Fragment
3802246.516,P18,FRAG0255,0.01715767209790203,0.005780885780885782,2012.858,1400.636,1.0707,2.4797,0.4892548517296178,0.0,Merge
3805720.705,P249,FRAG0251,0.005527799663669663,0.007707625707625708,1379.890,1541.584,1.3529,2.5727,0.6204954723053345,0.0,Hit+Run
3807074.954,P18,FRAG0244,0.02293855787878781,0.005802197802197802,2217.426,1402.355,1.5006,3.7777,0.9952679744195658,0.0,Hit+Run
3807078.843,P18,FRAG0244,0.02293855787878781,0.005802197802197802,2217.426,1402.355,1.0557,2.6576,0.626981456157091,0.0,Graze+Merge
3808219.153,P18,FRAG0249,0.028740755680985615,0.0077196137196137195,2390.524,1542.383,3.8022,10.342,0.7037411942922006,0.0,Hit+Run
3810065.516,P18,FRAG0253,0.028740755680985615,0.005802197802197802,2390.524,1402.355,1.7783,4.7946,0.991913244954683,0.0,Hit+Run
3810089.353,P18,FRAG0253,0.028740755680985615,0.005802197802197802,2390.524,1402.355,1.0453,2.8183,0.7534834695280997,0.0,Graze+Merge
3810250.985,P18,FRAG0254,0.03454295348318342,0.005802197802197802,2541.637,1402.355,1.9354,5.5303,0.5532454232940301,0.0,Merge
3812416.307,P18,FRAG0243,0.04034515128538122,0.005802197802197802,2676.646,1402.355,2.5708,7.7254,0.9438143918776845,0.0,Hit+Run
3812728.214,P18,FRAG0250,0.04034515128538122,0.0077196137196137195,2676.646,1542.383,2.3315,7.0307,0.6481257393691324,0.0,Hit+Run
3812746.082,P18,FRAG0250,0.04034515128538122,0.0077196137196137195,2676.646,1542.383,1.0484,3.1614,0.469028346824197,0.0,Merge
3815349.209,P18,FRAG0237,0.048064765004994944,0.005802197802197802,2837.501,1402.355,1.8441,5.8725,0.059228154560419875,0.0,Merge
3816188.129,P18,FRAG0243,0.05386696280719275,0.005802197802197802,2947.370,1402.355,3.1677,10.482,0.364887136489465,0.008632367632367632,Fragment
3817072.22,P18,FRAG0256,0.05103679297702292,0.008632367632367632,2894.820,1600.923,1.382,4.4982,0.7097737042588208,0.0,Hit+Run
3817085.909,P18,FRAG0256,0.05103679297702292,0.008632367632367632,2894.820,1600.923,1.0188,3.3160,0.42446051514779526,0.0,Merge
3817351.174,P18,FRAG0232,0.05966916060939055,0.005802197802197802,3049.606,1402.355,2.2913,7.8503,0.5284797161997555,0.0,Merge
3817918.66,P18,FRAG0249,0.06547135841158835,0.0077196137196137195,3145.412,1542.383,1.6399,5.7892,0.3723262332245388,0.0,Merge
3819393.786,P18,FRAG0236,0.07319097213120207,0.005802197802197802,3264.472,1402.355,1.2138,4.4615,0.5277770418009341,0.0,Merge
3820196.22,P18,FRAG0245,0.07899316993339987,0.005802197802197802,3348.551,1402.355,1.2944,4.8856,0.5694270631960616,0.0,Merge
3820371.487,P18,FRAG0246,0.08479536773559768,0.005802197802197802,3428.608,1402.355,1.2338,4.7735,0.7679118746391206,0.0,Hit+Run
3820540.483,P18,FRAG0246,0.08479536773559768,0.005802197802197802,3428.608,1402.355,1.059,4.0972,0.9594640141632413,0.0,Hit+Run
3820587.585,P18,FRAG0235,0.08479536773559768,0.005802197802197802,3428.608,1402.355,1.1754,4.5476,0.7279549074097468,0.0,Hit+Run
3820664.306,P18,FRAG0246,0.08479536773559768,0.005802197802197802,3428.608,1402.355,1.1134,4.3077,0.8801178518853728,0.0,Hit+Run
3822211.688,P18,FRAG0235,0.08479536773559768,0.005802197802197802,3428.608,1402.355,1.3258,5.1295,0.9494570294752456,0.0,Hit+Run
3822545.608,P18,FRAG0235,0.08479536773559768,0.005802197802197802,3428.608,1402.355,1.0279,3.9769,0.8148240510842645,0.0,Graze+Merge
3827051.259,P18,FRAG0242,0.09059756553779548,0.005802197802197802,3505.091,1402.355,3.9135,15.496,0.830803203314412,0.0,Hit+Run
3827124.589,P18,FRAG0242,0.09059756553779548,0.005802197802197802,3505.091,1402.355,1.0453,4.1391,0.9047983992079582,0.0,Hit+Run
3827127.556,P18,FRAG0242,0.09059756553779548,0.005802197802197802,3505.091,1402.355,1.0508,4.1609,0.71881047439445,0.0,Graze+Merge
3830838.364,P104,FRAG0247,0.015759556167166167,0.005802197802197802,1956.629,1402.355,8.3367,18.870,0.2509436618461259,0.016033966033966035,Fragment
3838647.725,P172,FRAG0258,0.012345648481518486,0.008016983016983018,1803.703,1561.939,7.7666,17.067,0.9226874188328592,0.0,Hit+Run
3844992.53,P18,FRAG0246,0.09639976333999328,0.005802197802197802,3578.374,1402.355,2.5087,10.152,0.6458810207438875,0.0,Merge
3856590.926,P172,FRAG0258,0.012345648481518486,0.008016983016983018,1803.703,1561.939,1.2207,2.6825,0.35665242332187247,0.0,Merge
3953358.782,P482,P510,0.0024355585714285716,0.0024355585714285716,1050.009,1050.009,6.3841,8.6867,0.9925,0.0,Hit+Run
3961063.195,P336,FRAG0229,0.011088911088911094,0.006817848817848818,1740.297,1479.822,12.600,26.546,0.8402296967701911,0.011596403596403597,Graze+Frag
3966464.716,P104,FRAG0257,0.0055277879353979355,0.008016983016983018,1379.889,1561.939,8.6199,16.524,0.7102013001079026,0.01294114552114552,Graze+Frag
3966976.268,P104,FRAG0261,0.0055277879353979355,0.008016983016983018,1379.889,1561.939,1.057,2.0263,0.7773704607812079,0.0,Graze+Merge
3978234.295,P31,FRAG0020,0.00872960372960373,0.006294039294039295,1606.911,1440.910,14.710,29.180,0.7874221389439737,0.009496170496170497,Graze+Frag
3984615.07,P31,FRAG0262,0.005527472527472528,0.009496170496170497,1379.863,1652.634,0.9858,1.9603,0.7318628389248562,0.0,Perfect
4020818.635,P172,P104,0.020362631498501503,0.013544770952380953,2131.106,1860.306,7.9347,20.661,0.6248499446519177,0.02837995337995338,Graze+Frag
4043535.072,E10,P263,0.14002,0.0024355585714285716,4052.507,1050.009,2.9462,13.908,0.6020167181649941,0.0,Merge
4065773.138,P172,FRAG0267,0.005527449070929079,0.005675990675990676,1379.861,1392.112,1.8955,3.4045,0.88322901524349,0.0,Hit+Run
4066494.591,P172,FRAG0266,0.005527449070929079,0.005675990675990676,1379.861,1392.112,3.5762,6.4233,0.8714811683406288,0.0,Hit+Run
4066520.745,P172,FRAG0266,0.005527449070929079,0.005675990675990676,1379.861,1392.112,1.0556,1.8959,0.67734302036962,0.0,Graze+Merge
4072037.126,P304,FRAG0214,0.005527472527472528,0.006007326007326008,1379.863,1418.690,29.285,53.118,0.8229221858969205,0.006007326007326008,Graze+Frag
4073549.553,P304,FRAG0268,0.005527472527472528,0.006007326007326008,1379.863,1418.690,1.0742,1.9484,0.8255354199204398,0.0,Hit+Run
4079354.797,P172,FRAG0263,0.011203439746919754,0.005675990675990676,1746.268,1392.112,2.3574,4.8844,0.9130349816514104,0.0,Hit+Run
4083592.982,P172,FRAG0263,0.011203439746919754,0.005675990675990676,1746.268,1392.112,2.4595,5.0960,0.666817674453684,0.0,Hit+Run
4086651.041,P304,FRAG0268,0.005527472527472528,0.006007326007326008,1379.863,1418.690,1.0825,1.9634,0.625006688342083,0.0,Graze+Merge
4097996.356,P172,FRAG0263,0.011203439746919754,0.005675990675990676,1746.268,1392.112,1.9664,4.0743,0.4979988473264747,0.0,Merge
4107903.502,P172,FRAG0267,0.01687943042291043,0.005675990675990676,2001.918,1392.112,2.9215,6.7286,0.6522985864559757,0.0,Hit+Run
4110064.591,P172,FRAG0267,0.01687943042291043,0.005675990675990676,2001.918,1392.112,1.1251,2.5912,0.900737111291184,0.0,Hit+Run
4110526.286,P172,FRAG0267,0.01687943042291043,0.005675990675990676,2001.918,1392.112,1.0668,2.4570,0.4769406248379617,0.0,Merge
4116095.423,E0,P750,0.7141521954345653,0.0024355585714285716,6975.747,1050.009,1.8824,15.891,0.9628665296607939,0.0,Hit+Run
4126484.745,P249,FRAG0259,0.005527799663669663,0.005798201798201798,1379.890,1402.033,6.337,11.423,0.37156877048555925,0.011149030969030969,Fragment
4127161.799,P172,FRAG0264,0.022555421098901105,0.005675990675990676,2205.011,1392.112,6.0946,15.254,0.4859194330186416,0.026305720945720944,Fragment
4127176.747,P172,FRAG0273,0.005527449070929075,0.005675990675990676,1379.861,1392.112,1.218,2.1876,0.9655635015881178,0.0,Hit+Run
4127894.771,P172,FRAG0271,0.005527449070929075,0.005675990675990676,1379.861,1392.112,1.2092,2.1718,0.6447377673129505,0.0,Hit+Run
4128167.927,P249,FRAG0269,0.005527799663669663,0.005798201798201798,1379.890,1402.033,1.1225,2.0235,0.6304417398039591,0.0,Hit+Run
4128719.886,P172,FRAG0273,0.005527449070929075,0.005675990675990676,1379.861,1392.112,1.2363,2.2205,0.8889038226457195,0.0,Hit+Run
4128855.666,P172,FRAG0273,0.005527449070929075,0.005675990675990676,1379.861,1392.112,1.1023,1.9798,0.7634607116490676,0.0,Hit+Run
4129017.188,P172,FRAG0273,0.005527449070929075,0.005675990675990676,1379.861,1392.112,1.0157,1.8243,0.678487937652526,0.0,Graze+Merge
4130373.621,P172,FRAG0270,0.01120343974691975,0.005675990675990676,1746.268,1392.112,1.2015,2.4894,0.6389408674692635,0.0,Hit+Run
4143825.039,P172,FRAG0270,0.01120343974691975,0.005675990675990676,1746.268,1392.112,2.0272,4.2002,0.7578485252052051,0.0,Hit+Run
4153787.129,P304,P249,0.011534798534798536,0.005527799663669663,1763.317,1379.890,11.938,24.851,0.7465694157970879,0.01638054612054612,Graze+Frag
4160429.935,P304,FRAG0269,0.005527466663336663,0.005798201798201798,1379.862,1402.033,8.6907,15.666,0.20207660539360597,0.011276723276723277,Fragment
4167027.512,P304,FRAG0276,0.0055274666633366625,0.005798201798201798,1379.862,1402.033,2.065,3.7225,0.989203176574542,0.0,Hit+Run
4186200.507,P172,FRAG0271,0.01120343974691975,0.005675990675990676,1746.268,1392.112,4.9827,10.324,0.20353964061678703,0.01638717948717949,Fragment
4205724.667,P172,FRAG0272,0.005527449070929074,0.005675990675990676,1379.861,1392.112,3.1473,5.6529,0.9743743867652637,0.0,Hit+Run
4206048.568,P172,FRAG0270,0.005527449070929074,0.005675990675990676,1379.861,1392.112,2.5171,4.5210,0.6116347241332785,0.0,Hit+Run
4206115.024,P172,FRAG0270,0.005527449070929074,0.005675990675990676,1379.861,1392.112,1.061,1.9056,0.8560496745275487,0.0,Hit+Run
4211570.213,P172,FRAG0277,0.005527449070929074,0.005675990675990676,1379.861,1392.112,3.5178,6.3184,0.40729187864071664,0.010003669663669664,Fragment
4220406.964,P561,P778,0.00872960372960373,0.0024355585714285716,1606.911,1050.009,10.387,19.024,0.5991774340805277,0.010905254745254746,Fragment
4226519.753,P172,FRAG0270,0.0055274490709290745,0.005675990675990676,1379.861,1392.112,1.9052,3.4219,0.8017905511202668,0.0,Hit+Run
4227186.689,P561,FRAG0280,0.005527799663669665,0.005637362637362637,1379.890,1388.947,1.1201,2.0095,0.957258463870058,0.0,Hit+Run
4239373.884,P172,FRAG0279,0.0055274490709290745,0.005675990675990676,1379.861,1392.112,2.0194,3.6271,0.7252802092147691,0.0,Hit+Run
4239396.556,P172,FRAG0279,0.0055274490709290745,0.005675990675990676,1379.861,1392.112,1.0438,1.8748,0.2719925232086135,0.0,Merge
4239789.674,P172,FRAG0278,0.01120343974691975,0.005675990675990676,1746.268,1392.112,2.8754,5.9577,0.3030281254234615,0.010422577422577423,Fragment
4249008.53,P172,FRAG0265,0.006456853000333003,0.005675990675990676,1453.229,1392.112,1.7392,3.2086,0.47401757012473944,0.0,Merge
4255706.104,P172,FRAG0281,0.012132843676323678,0.010422577422577423,1793.279,1704.716,1.6413,3.7235,0.6193434686371287,0.0,Hit+Run
4258102.282,P561,FRAG0280,0.005527799663669665,0.005637362637362637,1379.890,1388.947,1.1296,2.0265,0.37905601188024063,0.0,Merge
4274291.017,P172,FRAG0270,0.012132843676323678,0.005675990675990676,1793.279,1392.112,4.2966,9.0765,0.35782360261369317,0.012281052281052281,Fragment
4284139.539,P304,FRAG0275,0.0055274666633366625,0.0057675657675657676,1379.862,1399.559,1.5116,2.7224,0.8900475419323053,0.0,Hit+Run
4296561.893,P172,FRAG0281,0.005527782071262073,0.010422577422577423,1379.889,1704.716,3.2277,6.5574,0.3677192014024023,0.010702937062937063,Fragment
4298465.815,P172,FRAG0284,0.005527782071262071,0.010422577422577423,1379.889,1704.716,1.3891,2.8221,0.3830184674461518,0.0,Merge
4300248.699,P172,FRAG0260,0.015950359493839494,0.005798201798201798,1964.493,1402.033,9.8033,22.261,0.8067402182016477,0.010314685314685315,Graze+Frag
4300255.383,P172,FRAG0285,0.011433875977355979,0.010314685314685315,1758.159,1698.814,1.0536,2.3610,0.7764035414950133,0.0,Graze+Merge
4377200.721,P80,P595,0.0024355585714285716,0.0024355585714285716,1050.009,1050.009,15.039,20.464,0.28455,0.0,Merge
4392933.502,P172,FRAG0282,0.021748561292041294,0.0061405261405261405,2178.398,1429.099,3.4768,8.6367,0.8150808730081618,0.0,Hit+Run
4393964.565,P172,FRAG0282,0.021748561292041294,0.0061405261405261405,2178.398,1429.099,1.1175,2.7759,0.6223309732717525,0.0,Graze+Merge
4395109.042,M4,FRAG0143,0.0055264735264735285,0.006232767232767234,1379.780,1436.219,17.734,32.378,0.5281481491064776,0.006232767232767234,Graze+Frag
4410899.249,P86,P746,0.005527799663669665,0.0024355585714285716,1379.890,1050.009,27.690,44.785,0.8960002016811035,0.006344815184815184,Graze+Frag
4412609.787,P172,FRAG0283,0.027889087432567433,0.0061405261405261405,2366.674,1429.099,3.4109,9.1244,0.7686539735330012,0.0,Hit+Run
4415243.623,P336,FRAG0251,0.006310356310356315,0.007707625707625708,1442.154,1541.584,7.1676,13.880,0.24070232455235646,0.013896903096903095,Fragment
4418876.696,P172,FRAG0283,0.027889087432567433,0.0061405261405261405,2366.674,1429.099,1.1352,3.0367,0.9257766222435109,0.0,Hit+Run
4423737.936,P172,FRAG0283,0.027889087432567433,0.0061405261405261405,2366.674,1429.099,1.0097,2.7010,0.8447836378486887,0.0,Graze+Merge
4428103.734,P172,FRAG0230,0.03402961357309357,0.006817848817848818,2528.984,1479.822,4.2275,12.056,0.016906971354325225,0.025274725274725275,Fragment
4511808.876,P304,FRAG0225,0.0055274666633366625,0.006778221778221778,1379.862,1476.949,12.525,23.224,0.5441565653502284,0.012256803196803195,Graze+Frag
4512979.778,P304,FRAG0292,0.005527466663336663,0.006778221778221778,1379.862,1476.949,1.0454,1.9384,0.31405165878813995,0.0,Merge
4525469.25,P337,FRAG0289,0.008729597865467866,0.006318681318681319,1606.911,1442.788,44.005,87.332,0.8184989528346043,0.00952047952047952,Graze+Frag
4526041.114,P337,FRAG0293,0.005527799663669664,0.00952047952047952,1379.890,1654.042,0.9862,1.9622,0.6491631072900798,0.0,Perfect
4576969.06,P172,FRAG0290,0.015572737116217115,0.006318681318681319,1948.866,1442.788,3.7196,8.4427,0.1676126856991932,0.016363636363636365,Fragment
4581166.023,P304,FRAG0276,0.012305688441558441,0.005798201798201798,1801.755,1402.033,9.1897,19.516,0.580491457755106,0.01779234765234765,Graze+Frag
4581962.942,P172,FRAG0294,0.005527782071262068,0.008181818181818182,1379.889,1572.571,1.17,2.2524,0.41908990201503815,0.0,Merge
4586214.703,P172,FRAG0295,0.01370960025308025,0.008181818181818182,1867.821,1572.571,1.9371,4.3655,0.8457441904925728,0.0,Hit+Run
4588271.75,P172,FRAG0295,0.01370960025308025,0.008181818181818182,1867.821,1572.571,1.1287,2.5437,0.6359640163968415,0.0,Hit+Run
4588752.586,P172,FRAG0295,0.01370960025308025,0.008181818181818182,1867.821,1572.571,1.0225,2.3043,0.9885293503972759,0.0,Graze+Merge
4597774.865,P304,FRAG0297,0.005527133663003664,0.006288378288378288,1379.835,1440.478,1.2454,2.2774,0.6970817414432552,0.0,Hit+Run
4608303.05,E6,P195,0.08261555857142859,0.0024355585714285716,3398.973,1050.009,3.4199,13.359,0.941539819094494,0.0,Hit+Run
4611081.198,P336,FRAG0287,0.005528471528471534,0.00848951048951049,1379.946,1592.042,6.8571,13.305,0.2360125510187443,0.013864289044289045,Fragment
4655480.425,P336,FRAG0297,0.005528471528471534,0.006288378288378288,1379.946,1440.478,7.4813,13.681,0.9752598884616642,0.0,Hit+Run
4678542.12,P172,FRAG0272,0.021891418434898433,0.005675990675990676,2183.157,1392.112,4.3929,10.898,0.9161241584930655,0.0,Hit+Run
4679641.954,P172,FRAG0272,0.021891418434898433,0.005675990675990676,2183.157,1392.112,1.0666,2.6460,0.6305337639538355,0.0,Graze+Merge
4744594.392,P304,FRAG0298,0.005527133663003664,0.00848951048951049,1379.835,1592.042,2.7771,5.3883,0.06063723609056346,0.00848951048951049,Fragment
4745083.445,P304,FRAG0299,0.005527133663003664,0.00848951048951049,1379.835,1592.042,1.0572,2.0512,0.5752180076002992,0.0,Graze+Merge
4761345.893,P172,FRAG0291,0.027567409110889108,0.006318681318681319,2357.540,1442.788,2.5971,6.9286,0.6220886752421523,0.0,Hit+Run
4763275.179,P172,FRAG0291,0.027567409110889108,0.006318681318681319,2357.540,1442.788,1.0939,2.9183,0.8971526148137221,0.0,Hit+Run
4763410.449,P172,FRAG0291,0.027567409110889108,0.006318681318681319,2357.540,1442.788,1.0339,2.7582,0.7715313974857048,0.0,Graze+Merge
4798436.497,P337,FRAG0224,0.015048279184149185,0.007707625707625708,1926.738,1541.584,26.570,60.806,0.8947277759693513,0.017227772227772227,Graze+Frag
4800477.085,P337,FRAG0302,0.005528132664002667,0.005742590742590743,1379.918,1397.536,1.1553,2.0792,0.6473176504653725,0.0,Hit+Run
4802502.184,P172,FRAG0301,0.03388609042957043,0.005742590742590743,2525.424,1397.536,12.446,35.342,0.19100200855220908,0.03925073593073593,Fragment
4811575.638,P172,FRAG0306,0.005526783070263067,0.005683649683649684,1379.805,1392.738,2.0422,3.6688,0.9429310148188105,0.0,Hit+Run
4812498.134,P18,FRAG0302,0.10220196114219109,0.005742590742590743,3648.773,1397.536,6.8698,28.386,0.6318801751963612,0.01645820845820846,Fragment
4812724.913,P18,FRAG0310,0.09148634342657337,0.00822910422910423,3516.516,1575.595,1.1089,4.3841,0.6967963556193271,0.0,Graze+Merge
4813322.429,P18,FRAG0309,0.09971544765567761,0.00822910422910423,3618.939,1575.595,1.1667,4.7516,0.9839938083417222,0.0,Hit+Run
4813375.215,P18,FRAG0309,0.09971544765567761,0.00822910422910423,3618.939,1575.595,1.0302,4.1957,0.89363413902572,0.0,Graze+Merge
4813701.387,P18,FRAG0300,0.10794455188478183,0.005742590742590743,3715.872,1397.536,6.8571,28.886,0.5486523168391085,0.021539460539460542,Fragment
4814909.521,P18,FRAG0311,0.09214768208791203,0.00717982017982018,3524.969,1505.561,1.1398,4.5249,0.962922875292012,0.0,Hit+Run
4815279.625,P18,FRAG0312,0.09214768208791203,0.00717982017982018,3524.969,1505.561,1.2816,5.0878,0.8182251793614339,0.0,Hit+Run
4815346.473,P18,FRAG0312,0.09214768208791203,0.00717982017982018,3524.969,1505.561,1.0599,4.2077,0.5226634934364079,0.0,Merge
4815403.306,P172,FRAG0305,0.005526783070263067,0.005683649683649684,1379.805,1392.738,2.2776,4.0917,0.33169553036192384,0.0,Merge
4816085.572,P172,FRAG0303,0.011210432753912751,0.005683649683649684,1746.631,1392.738,1.1497,2.3828,0.8701528088940398,0.0,Hit+Run
4816427.478,P172,FRAG0306,0.011210432753912751,0.005683649683649684,1746.631,1392.738,1.3941,2.8893,0.8115120761207458,0.0,Hit+Run
4816574.618,P172,FRAG0308,0.011210432753912751,0.005683649683649684,1746.631,1392.738,1.1036,2.2872,0.4864844092691486,0.0,Merge
4816716.616,P337,FRAG0311,0.005528132664002667,0.00717982017982018,1379.918,1505.561,9.5522,17.909,0.8405342725887609,0.0,Hit+Run
4816738.753,E0,E6,0.7141521954345653,0.08261555857142859,6975.747,3398.973,1.014,7.9391,0.9149064973463676,0.0,Graze+Merge
4817070.295,P172,FRAG0303,0.016894082437562435,0.005683649683649684,2002.497,1392.738,1.1253,2.5925,0.38401635834278947,0.0,Merge
4817788.333,P18,FRAG0313,0.09932750226773221,0.00717982017982018,3614.240,1505.561,1.0556,4.3015,0.9254790753577158,0.0,Hit+Run
4817995.665,P18,FRAG0313,0.09932750226773221,0.00717982017982018,3614.240,1505.561,1.0559,4.3027,0.7518899795297506,0.0,Graze+Merge
4824678.907,P172,FRAG0307,0.02257773212121212,0.005683649683649684,2205.738,1392.738,1.0335,2.5876,0.32848762185885433,0.0,Merge
4824894.221,P18,P337,0.10650732244755239,0.005528132664002667,3699.306,1379.918,3.3418,14.022,0.6331295407723156,0.0,Merge
4845490.403,P18,FRAG0311,0.11203545511155505,0.00717982017982018,3762.232,1505.561,1.8405,7.8224,0.8272522437705815,0.0,Hit+Run
4845501.409,P18,FRAG0311,0.11203545511155505,0.00717982017982018,3762.232,1505.561,1.053,4.4754,0.3647394637776361,0.0,Merge
4870934.102,P86,FRAG0286,0.007963369963369965,0.006232767232767234,1558.449,1436.219,27.284,53.073,0.8621078554660553,0.008668331668331669,Graze+Frag
4871094.093,P172,FRAG0304,0.028261381804861804,0.005683649683649684,2377.159,1392.738,3.0727,8.2376,0.4657340702779198,0.008564781884781885,Fragment
4891102.245,P172,FRAG0315,0.025380595924075926,0.008564435564435565,2293.477,1596.712,1.4828,3.9132,0.9262484004418148,0.0,Hit+Run
4903286.492,P172,FRAG0315,0.025380595924075926,0.008564435564435565,2293.477,1596.712,1.4978,3.9528,0.6562326360714047,0.0,Hit+Run
4904106.002,P172,FRAG0315,0.025380595924075926,0.008564435564435565,2293.477,1596.712,1.0405,2.7460,0.5107896468352036,0.0,Merge
4915958.725,E3,P467,0.41888145506493507,0.0024355585714285716,5839.256,1050.009,1.8696,13.062,0.6343345359112154,0.0,Merge
4940929.582,P304,FRAG0098,0.014016644152514154,0.005584082584082584,1881.663,1384.557,14.633,32.027,0.5282817817038447,0.014073260073260074,Fragment
4957620.344,P24,P494,0.0024355585714285716,0.0024355585714285716,1050.009,1050.009,4.8727,6.6302,0.49565,0.0,Merge
4962491.079,P304,FRAG0316,0.005527466663336663,0.007036630036630037,1379.862,1495.485,1.9173,3.5806,0.8057423622926791,0.0,Hit+Run
4981987.473,P86,FRAG0314,0.005527805527805529,0.008668331668331669,1379.890,1603.143,1.5341,2.9899,0.7406825321014366,0.0,Hit+Run
4982569.929,P86,FRAG0314,0.005527805527805529,0.008668331668331669,1379.890,1603.143,1.0448,2.0363,0.6556141348659544,0.0,Graze+Merge
4988075.721,P631,FRAG0274,0.0024355585714285716,0.0057675657675657676,1050.009,1399.559,16.201,26.487,0.23048553290962437,0.0,Fragment
4989724.336,P388,P117,0.0024355585714285716,0.0024355585714285716,1050.009,1050.009,12.07,16.423,0.9135,0.0,Hit+Run
5118531.583,P172,FRAG0306,0.03394503148851149,0.005683649683649684,2526.887,1392.738,5.9617,16.935,0.2311162220498334,0.036100992340992344,Fragment
5122439.023,P172,FRAG0319,0.005526783070263067,0.005683649683649684,1379.805,1392.738,2.3262,4.1790,0.4332695104772557,0.0,Merge
5124398.075,P172,FRAG0323,0.011210432753912751,0.005683649683649684,1746.631,1392.738,1.1084,2.2972,0.6188989671443286,0.0,Graze+Merge
5125268.117,P172,FRAG0321,0.016894082437562435,0.005683649683649684,2002.497,1392.738,1.7874,4.1179,0.7901500772106204,0.0,Hit+Run
5125772.955,P172,FRAG0321,0.016894082437562435,0.005683649683649684,2002.497,1392.738,1.0945,2.5216,0.5682687164234029,0.0,Merge
5133274.04,P31,FRAG0316,0.015023643023643025,0.007036630036630037,1925.686,1495.485,4.3917,9.9634,0.6717894178725211,0.008851148851148852,Graze+Frag
5135443.031,P31,FRAG0324,0.01320912420912421,0.008851148851148852,1844.810,1614.335,1.0311,2.3263,0.33017466718448046,0.0,Merge
5143855.1,E3,P8,0.42131701363636365,0.0024355585714285716,5850.552,1050.009,2.4153,16.909,0.5240480808490524,0.0,Merge
5163256.511,P172,FRAG0320,0.02257773212121212,0.005683649683649684,2205.738,1392.738,1.8402,4.6074,0.88187188200846,0.0,Hit+Run
5173696.784,P172,FRAG0320,0.02257773212121212,0.005683649683649684,2205.738,1392.738,0.9639,2.4133,0.7273435568160413,0.0,Perfect
5190425.651,P304,P336,0.005527466663336663,0.005528471528471534,1379.862,1379.946,12.118,21.669,0.7710266399663632,0.005527805527805528,Graze+Frag
5286179.122,P31,P631,0.022060273060273063,0.008203130203130203,2188.756,1573.935,2.5621,6.4917,0.9019251785621919,0.0,Hit+Run
5286326.198,P31,P631,0.022060273060273063,0.008203130203130203,2188.756,1573.935,1.0519,2.6652,0.2737478162085569,0.0,Merge
5302727.378,P304,FRAG0275,0.0055281326640026695,0.0057675657675657676,1379.918,1399.559,13.155,23.693,0.4037267391688259,0.0057675657675657676,Fragment
5308281.132,P304,FRAG0326,0.0055281326640026695,0.0057675657675657676,1379.918,1399.559,1.2945,2.3314,0.8933422214220185,0.0,Hit+Run
5311524.433,P31,FRAG0317,0.030263403263403266,0.007036630036630037,2432.016,1495.485,5.2031,14.325,0.933485201906778,0.0,Hit+Run
5322760.417,P31,FRAG0317,0.030263403263403266,0.007036630036630037,2432.016,1495.485,1.051,2.8937,0.6461637201921876,0.0,Graze+Merge
5336576.883,E11,FRAG0106,0.020565714285714288,0.005584082584082584,2138.167,1384.557,8.3281,20.272,0.5327323284765824,0.02062137862137862,Fragment
5364040.922,P172,FRAG0322,0.028261381804861804,0.005683649683649684,2377.159,1392.738,3.1692,8.4963,0.7143651884888375,0.0,Hit+Run
5364169.526,P172,FRAG0322,0.028261381804861804,0.005683649683649684,2377.159,1392.738,1.0259,2.7503,0.5801813133803331,0.0,Merge
5365824.316,P304,FRAG0326,0.0055281326640026695,0.0057675657675657676,1379.918,1399.559,9.4856,17.084,0.48043084787711854,0.0057675657675657676,Fragment
5385649.635,P304,FRAG0330,0.0055281326640026695,0.0057675657675657676,1379.918,1399.559,1.1963,2.1546,0.9234777515100013,0.0,Hit+Run
5385675.899,P304,FRAG0330,0.0055281326640026695,0.0057675657675657676,1379.918,1399.559,1.0454,1.8828,0.7159546612830346,0.0,Graze+Merge
5465630.809,P31,FRAG0226,0.0373000333000333,0.006778221778221778,2607.535,1476.949,16.319,47.897,0.6258235330954889,0.03855144855144855,Fragment
5465632.706,P31,FRAG0332,0.005526806526806531,0.006425241425241425,1379.807,1450.853,1.2867,2.3621,0.6798473977083963,0.0,Hit+Run
5465693.352,P31,FRAG0332,0.005526806526806531,0.006425241425241425,1379.807,1450.853,1.1087,2.0353,0.8048297399844648,0.0,Hit+Run
5518631.958,P31,FRAG0331,0.005526806526806531,0.006425241425241425,1379.807,1450.853,1.1443,2.1007,0.41823264302990176,0.0,Merge
5524612.993,P31,FRAG0334,0.011952047952047956,0.006425241425241425,1784.327,1450.853,1.1626,2.4755,0.8981807164816059,0.0,Hit+Run
5525685.302,P31,FRAG0334,0.011952047952047956,0.006425241425241425,1784.327,1450.853,1.0458,2.2268,0.35243320714261356,0.0,Merge
5527840.444,P31,FRAG0332,0.018377289377289382,0.006425241425241425,2059.464,1450.853,1.1824,2.8079,0.16943573257989394,0.0,Merge
5551522.572,P31,FRAG0336,0.02480253080253081,0.006425241425241425,2275.931,1450.853,1.5225,3.9374,0.5216561987865668,0.0,Merge
5637068.062,P172,FRAG0318,0.03394503148851149,0.005683649683649684,2526.887,1392.738,3.3302,9.4604,0.8830122436308419,0.0,Hit+Run
5637072.361,P172,FRAG0318,0.03394503148851149,0.005683649683649684,2526.887,1392.738,1.0486,2.9788,0.581819777963667,0.0,Merge
5640508.463,P297,P701,0.0024355585714285716,0.0024355585714285716,1050.009,1050.009,10.335,14.063,0.17719999999999997,0.0,Merge
5648652.082,P31,FRAG0335,0.031227772227772232,0.006425241425241425,2457.579,1450.853,2.4406,6.7678,0.5837047051004121,0.0,Merge
5661838.039,P31,FRAG0325,0.037653013653013656,0.005527805527805528,2615.735,1379.890,7.8485,23.051,0.9554611305701843,0.0,Hit+Run
5712479.179,P729,FRAG0101,0.0024355585714285716,0.005584082584082584,1050.009,1384.557,8.3903,13.605,0.9702778455703294,0.0,Hit+Run
5731637.591,P31,P561,0.037653013653013656,0.011165162301032303,2615.735,1744.277,6.3066,18.853,0.5634613359548828,0.04511794871794872,Fragment
5732800.822,P304,FRAG0288,0.011295698431568437,0.006318681318681319,1751.048,1442.788,11.669,24.484,0.4332887654132433,0.017551335331335332,Fragment
5749689.606,P304,FRAG0345,0.005528465664335671,0.006042957042957043,1379.945,1421.489,1.3203,2.3973,0.8021258719513443,0.0,Hit+Run
5750100.674,P304,FRAG0345,0.005528465664335671,0.006042957042957043,1379.945,1421.489,1.144,2.0772,0.8856683356475785,0.0,Hit+Run
5756987.386,P304,FRAG0344,0.005528465664335671,0.006042957042957043,1379.945,1421.489,0.9855,1.7894,0.680802117184938,0.0,Perfect
5757700.58,P304,FRAG0345,0.011571422707292715,0.006042957042957043,1765.181,1421.489,1.0531,2.2120,0.3885240598439359,0.0,Merge
5760073.225,P172,FRAG0228,0.03962868117216117,0.00556043956043956,2660.707,1382.601,23.103,69.004,0.9139684368467962,0.005644022644022644,Graze+Frag
5767102.985,P172,FRAG0346,0.03954509808857808,0.005644022644022644,2658.835,1389.494,1.22,3.6416,0.8927520965001726,0.0,Hit+Run
5767190.249,P172,FRAG0346,0.03954509808857808,0.005644022644022644,2658.835,1389.494,1.0577,3.1571,0.7133216008304551,0.0,Graze+Merge
5836188.988,P31,FRAG0341,0.005526800662670667,0.0061844821844821846,1379.807,1432.501,2.3134,4.2177,0.18712688536089989,0.006038628038628038,Fragment
5841665.854,P31,FRAG0337,0.005672654808524813,0.0061844821844821846,1391.839,1432.501,1.1993,2.1954,0.08382556230621216,0.0,Merge
5842767.323,E0,FRAG0327,0.7967677540059939,0.006873792873792874,7234.987,1483.859,1.8331,15.723,0.9825782045677978,0.0,Hit+Run
5852317.502,P304,FRAG0297,0.017614379750249758,0.006288378288378288,2030.562,1440.478,20.672,48.466,0.7341177597652383,0.02369659673659674,Graze+Frag
5853154.532,P304,FRAG0348,0.005528132664002667,0.006124875124875126,1379.918,1427.884,1.4129,2.5716,0.7533566948899105,0.0,Hit+Run
5857858.191,P31,FRAG0340,0.011857136993006997,0.0061844821844821846,1779.592,1432.501,1.9934,4.2208,0.6615657702124661,0.0,Hit+Run
5902393.883,P172,P304,0.04518912073260073,0.005528132664002667,2779.746,1379.918,4.9889,15.563,0.9205979192207092,0.0,Hit+Run
5903906.022,P172,P304,0.04518912073260073,0.005528132664002667,2779.746,1379.918,1.0691,3.3352,0.7914228482383028,0.0,Hit+Run
5904931.647,P172,P304,0.04518912073260073,0.005528132664002667,2779.746,1379.918,1.0346,3.2275,0.5068100043096587,0.0,Merge
5909105.231,P31,FRAG0343,0.011857136993006997,0.0061844821844821846,1779.592,1432.501,1.1275,2.3873,0.5724779418478698,0.0,Graze+Merge
5932725.045,P31,FRAG0338,0.01804161917748918,0.0061844821844821846,2046.848,1432.501,1.3798,3.2528,0.4563325178387548,0.0,Merge
5933722.823,P31,FRAG0340,0.024226101361971366,0.0061844821844821846,2258.161,1432.501,1.4385,3.6891,0.5660910514280959,0.0,Merge
5945518.753,P31,FRAG0347,0.03041058354645355,0.006038628038628038,2435.952,1421.150,1.1543,3.1702,0.42749606671025564,0.0,Merge
6009011.913,P31,FRAG0339,0.03644921158508159,0.0061844821844821846,2587.556,1432.501,1.9177,5.5795,0.11630964703070829,0.0,Merge
6065076.853,E3,M3,0.4237525722077922,0.05,5861.804,2875.083,1.19,7.8289,0.5262071537832872,0.008335331335331335,Fragment
6291939.454,E0,FRAG0126,0.7967677540059939,0.005779220779220779,7234.987,1400.501,1.1228,9.6705,0.677126307887193,0.0,Merge
6360933.297,P447,P501,0.0024355585714285716,0.0024355585714285716,1050.009,1050.009,13.353,18.169,0.7281,0.0,Graze+Frag
6430160.962,E3,P268,0.4654172408724609,0.0024355585714285716,6047.947,1050.009,1.5365,11.144,0.7992404654572937,0.0,Merge
6503890.167,E0,P80,0.8025469747852146,0.004871117142857143,7252.437,1322.929,2.7363,23.721,0.5195313926059132,0.0,Merge
6611096.602,P31,P86,0.042633693769563774,0.014196137196137198,2726.328,1889.661,3.8674,12.123,0.29927074517785424,0.048527472527472526,Fragment
6725086.96,P31,FRAG0354,0.00830235843822845,0.006065934065934066,1580.256,1423.288,2.7608,5.3948,0.6358812362602773,0.0,Hit+Run
6785897.55,M2,FRAG0355,0.005527466663336662,0.006065934065934066,1379.862,1423.288,31.391,57.036,0.5407410647790453,0.01159070263070263,Graze+Frag
6787940.235,M2,FRAG0360,0.005527466663336662,0.006065934065934066,1379.862,1423.288,1.0427,1.8945,0.7123408237066512,0.0,Graze+Merge
7076004.823,P31,FRAG0354,0.00830235843822845,0.006065934065934066,1580.256,1423.288,5.4817,10.711,0.832075273163684,0.0,Hit+Run
7087238.411,P31,FRAG0353,0.00830235843822845,0.006065934065934066,1580.256,1423.288,3.5877,7.0106,0.9562420543629438,0.0,Hit+Run
7172840.879,P31,FRAG0353,0.00830235843822845,0.006065934065934066,1580.256,1423.288,1.7939,3.5054,0.7729382129653924,0.0,Hit+Run
7188786.21,M2,FRAG0022,0.011593400729270727,0.006294039294039295,1766.298,1440.910,8.9265,18.834,0.5431275760891227,0.017647519147519147,Fragment
7241891.268,M2,P652,0.005527133663003661,0.0024355585714285716,1379.835,1050.009,39.532,63.936,0.49046897155149305,0.007962251082251081,Fragment
7284322.173,P31,FRAG0353,0.00830235843822845,0.006065934065934066,1580.256,1423.288,2.6912,5.2588,0.6614511751004639,0.0,Hit+Run
7360563.233,P18,M4,0.11921527529137523,0.005526473526473528,3840.942,1379.780,22.731,99.271,0.7425530108895915,0.0795897435897436,Graze+Frag
7360564.726,P18,FRAG0373,0.04515200522810514,0.005684981684981685,2778.984,1392.847,1.1565,3.6068,0.911399809762591,0.0,Hit+Run
7360569.243,P18,FRAG0373,0.04515200522810514,0.005684981684981685,2778.984,1392.847,1.0559,3.2931,0.7166232388120124,0.0,Graze+Merge
7360601.739,P18,FRAG0364,0.05083698691308683,0.005684981684981685,2891.037,1392.847,1.1111,3.6057,0.33655443513900174,0.0,Merge
7360708.41,P18,FRAG0369,0.05652196859806852,0.005684981684981685,2995.019,1392.847,1.2553,4.2227,0.8212663286403052,0.0,Hit+Run
7360732.755,P18,FRAG0366,0.05652196859806852,0.005684981684981685,2995.019,1392.847,1.046,3.5186,0.5562932661584514,0.0,Merge
7361038.813,P18,FRAG0363,0.062206950283050205,0.005684981684981685,3092.242,1392.847,1.1113,3.8628,0.3922966865865952,0.0,Merge
7361219.922,P18,FRAG0370,0.0678919319680319,0.005684981684981685,3183.708,1392.847,1.0999,3.9401,0.5932553986217999,0.0,Merge
7361554.663,P18,FRAG0365,0.07357691365301358,0.005684981684981685,3270.200,1392.847,1.0506,3.8698,0.783213033651699,0.0,Graze+Merge
7362013.087,P18,FRAG0368,0.07926189533799527,0.005684981684981685,3352.344,1392.847,1.2229,4.6226,0.3259661167568197,0.0,Merge
7362303.18,P18,FRAG0372,0.08494687702297696,0.005684981684981685,3430.649,1392.847,1.0539,4.0814,0.9842808752025105,0.0,Hit+Run
7363162.907,P18,FRAG0376,0.08494687702297696,0.005684981684981685,3430.649,1392.847,1.0333,4.0016,0.7231857749157545,0.0,Graze+Merge
7363876.492,P18,FRAG0374,0.09063185870795865,0.005684981684981685,3505.533,1392.847,1.3603,5.3891,0.8849746224890985,0.0,Hit+Run
7364533.742,P18,FRAG0369,0.09063185870795865,0.005684981684981685,3505.533,1392.847,1.6172,6.4068,0.8582092570668989,0.0,Hit+Run
7364808.82,P18,FRAG0375,0.09063185870795865,0.005684981684981685,3505.533,1392.847,1.2922,5.1193,0.8812532347833382,0.0,Hit+Run
7364814.287,P18,FRAG0375,0.09063185870795865,0.005684981684981685,3505.533,1392.847,1.0475,4.1498,0.8083283487800718,0.0,Graze+Merge
7365749.734,P18,FRAG0374,0.09631684039294033,0.005684981684981685,3577.348,1392.847,1.3538,5.4793,0.781947332630662,0.0,Hit+Run
7366624.937,P18,FRAG0374,0.09631684039294033,0.005684981684981685,3577.348,1392.847,1.0593,4.2873,0.9485717872551082,0.0,Hit+Run
7371056.989,P18,FRAG0371,0.09631684039294033,0.005684981684981685,3577.348,1392.847,1.5965,6.4616,0.40177006726291925,0.0,Merge
7380945.695,P18,FRAG0374,0.10200182207792202,0.005684981684981685,3646.390,1392.847,1.3445,5.5528,0.6874919664112795,0.0,Merge
7381406.04,P31,FRAG0356,0.00830235843822845,0.006065934065934066,1580.256,1423.288,2.7654,5.4038,0.9245163895056754,0.0,Hit+Run
7382460.987,P31,FRAG0356,0.00830235843822845,0.006065934065934066,1580.256,1423.288,1.0466,2.0451,0.7058565832920635,0.0,Graze+Merge
7389502.547,P18,FRAG0369,0.10768680376290371,0.005684981684981685,3712.912,1392.847,4.7084,19.822,0.8567151997429173,0.0,Hit+Run
7390033.732,P18,FRAG0369,0.10768680376290371,0.005684981684981685,3712.912,1392.847,1.0378,4.3691,0.5129674067554995,0.0,Merge
7411622.743,P18,FRAG0372,0.1133717854478854,0.005684981684981685,3777.132,1392.847,1.227,5.2605,0.4418604557079881,0.0,Merge
7440805.926,E0,P354,0.8074180919280718,0.0024355585714285716,7267.081,1050.009,1.6948,14.941,0.38252895438988893,0.0,Merge
7470992.099,P31,FRAG0358,0.014368292504162515,0.006065934065934066,1897.268,1423.288,5.2925,11.729,0.7662650295777688,0.0,Hit+Run
7471014.982,P31,FRAG0358,0.014368292504162515,0.006065934065934066,1897.268,1423.288,1.0525,2.3326,0.32013891288675256,0.0,Merge
7517467.438,P31,M2,0.02043422657009658,0.007963369963369965,2133.601,1558.449,5.2633,13.041,0.4775687132038135,0.02287179487179487,Fragment
7555784.607,P31,FRAG0379,0.005525801661671676,0.0057179487179487174,1379.724,1395.534,1.1924,2.1442,0.4542473695958855,0.0,Merge
7597858.397,E3,FRAG0128,0.46785279944388947,0.005779220779220779,6058.478,1400.501,3.0583,21.772,0.6514973337895986,0.0,Merge
7605454.02,P18,FRAG0367,0.11905676713286709,0.005684981684981685,3839.239,1392.847,2.4032,10.483,0.47109151911516695,0.0,Merge
7615397.768,P31,FRAG0333,0.011243750379620394,0.006425241425241425,1748.360,1450.853,8.8521,18.586,0.7461867157518444,0.012143190143190142,Graze+Frag
7641877.18,P31,FRAG0382,0.005525801661671676,0.006071595071595071,1379.724,1423.731,2.8164,5.1178,0.7221827101646722,0.0,Hit+Run
7650838.219,P31,FRAG0381,0.005525801661671676,0.006071595071595071,1379.724,1423.731,2.6665,4.8454,0.9623032937065447,0.0,Hit+Run
7654490.107,FRAG0010,FRAG0382,0.006232767232767234,0.006071595071595071,1436.219,1423.731,18.525,34.331,0.8359342235558673,0.011855484515484514,Graze+Frag
7674587.637,FRAG0325,FRAG0349,0.005527805527805528,0.006124875124875126,1379.890,1427.884,14.549,26.481,0.7465670786469467,0.011484568764568765,Graze+Frag
7678892.075,FRAG0325,FRAG0384,0.005527805527805529,0.006124875124875126,1379.890,1427.884,1.2141,2.2097,0.7988577357255033,0.0,Hit+Run
7679186.347,FRAG0325,FRAG0384,0.005527805527805529,0.006124875124875126,1379.890,1427.884,1.0383,1.8897,0.18645747458274745,0.0,Merge
7694401.694,FRAG0010,FRAG0354,0.005527805527805529,0.006065934065934066,1379.890,1423.288,8.0088,14.551,0.8905460266176356,0.0,Hit+Run
7747736.1,FRAG0325,FRAG0348,0.011652680652680655,0.006124875124875126,1769.304,1427.884,4.2029,8.8543,0.7910210928345045,0.0,Hit+Run
7750009.29,FRAG0325,FRAG0348,0.011652680652680655,0.006124875124875126,1769.304,1427.884,1.0624,2.2381,0.80540933154564,0.0,Hit+Run
7750529.455,FRAG0325,FRAG0348,0.011652680652680655,0.006124875124875126,1769.304,1427.884,1.052,2.2162,0.6124409146774494,0.0,Graze+Merge
7811860.488,FRAG0105,P514,0.005584082584082584,0.0024355585714285716,1384.557,1050.009,28.312,45.909,0.6093705109443002,0.0,Graze+Frag
7836513.904,P31,FRAG0357,0.005525801661671676,0.006065934065934066,1379.724,1423.288,4.8947,8.8929,0.9645718347377984,0.0,Hit+Run
7856787.186,FRAG0221,P390,0.007174492174492174,0.0024355585714285716,1505.188,1050.009,11.653,20.191,0.3634556644616908,0.009567525807525807,Fragment
7868590.191,P31,FRAG0353,0.005525801661671676,0.006065934065934066,1379.724,1423.288,1.3497,2.4522,0.8772504204274872,0.0,Hit+Run
7873872.271,E17,P357,0.040959999999999996,0.0024355585714285716,2690.174,1050.009,5.0018,15.221,0.5541918039787184,0.0,Merge
7903013.856,E0,P666,0.8098536504995003,0.0024355585714285716,7274.380,1050.009,2.0008,17.657,0.4972283071805647,0.0,Merge
7929268.753,P195,P582,0.0024355585714285716,0.0024355585714285716,1050.009,1050.009,10.597,14.420,0.5476,0.0,Graze+Frag
7963875.353,FRAG0105,FRAG0362,0.00801931401931402,0.00618015318015318,1562.090,1432.166,20.924,40.709,0.6827429281427765,0.014163343323343323,Graze+Frag
7964885.692,FRAG0105,FRAG0352,0.005527805527805527,0.006065934065934066,1379.890,1423.288,9.4233,17.121,0.8042529977822637,0.008515584415584415,Graze+Frag
7966687.229,FRAG0105,FRAG0357,0.005527805527805527,0.006065934065934066,1379.890,1423.288,5.5872,10.151,0.30628364256342544,0.011365168165168166,Fragment
8014347.868,FRAG0342,FRAG0353,0.0061844821844821846,0.006065934065934066,1432.501,1423.288,3.8351,7.0965,0.8274606225553756,0.0,Hit+Run
8021314.322,FRAG0010,FRAG0361,0.005527805527805529,0.00618015318015318,1379.890,1432.166,11.903,21.699,0.5797189559302369,0.01164155844155844,Graze+Frag
8035689.155,FRAG0010,FRAG0378,0.0055278055278055295,0.0057179487179487174,1379.890,1395.534,4.5674,8.2140,0.6455905174352129,0.00739012321012321,Graze+Frag
8050235.352,FRAG0353,FRAG0387,0.006065934065934066,0.006065934065934066,1423.288,1423.288,2.5042,4.6187,0.88745,0.0,Hit+Run
8081457.474,P72,P196,0.008214785214785216,0.0024355585714285716,1574.681,1050.009,22.262,40.065,0.8491080059359223,0.00984889110889111,Graze+Frag
8081729.385,FRAG0325,FRAG0350,0.01777755577755578,0.006124875124875126,2036.813,1427.884,5.3874,12.642,0.6187397520322989,0.016265734265734265,Graze+Frag
8091929.598,FRAG0325,FRAG0391,0.007636696636696642,0.008132867132867132,1536.841,1569.429,1.3522,2.7220,0.8374709307926687,0.0,Hit+Run
8091967.873,FRAG0325,FRAG0391,0.007636696636696642,0.008132867132867132,1536.841,1569.429,1.0519,2.1174,0.25014787180762876,0.0,Merge
8092767.433,FRAG0296,FRAG0342,0.006288378288378288,0.0061844821844821846,1440.478,1432.501,20.286,37.764,0.8536637606852328,0.006945054945054946,Graze+Frag
8121914.948,FRAG0377,FRAG0385,0.0057179487179487174,0.008671661671661673,1395.534,1603.348,2.6771,5.2392,0.14993623080421858,0.00931103563103563,Fragment
8122562.715,FRAG0377,FRAG0393,0.005527805527805527,0.008861804861804863,1379.890,1614.982,1.0119,1.9816,0.8246059824715885,0.0,Graze+Merge
8146232.139,FRAG0353,FRAG0380,0.006065934065934066,0.0057179487179487174,1423.288,1395.534,7.1522,13.064,0.8679122170734369,0.0,Hit+Run
8148165.77,FRAG0353,FRAG0388,0.006065934065934066,0.00618015318015318,1423.288,1432.166,3.4825,6.4433,0.6786334963169999,0.0,Hit+Run
8154892.358,FRAG0353,FRAG0388,0.006065934065934066,0.00618015318015318,1423.288,1432.166,1.3845,2.5615,0.9488407811891597,0.0,Hit+Run
8163278.621,FRAG0353,FRAG0383,0.006065934065934066,0.006776556776556777,1423.288,1476.829,9.1595,17.220,0.9317255798806487,0.0,Hit+Run
8174619.269,FRAG0010,FRAG0381,0.0055278055278055295,0.006071595071595071,1379.890,1423.731,7.371,13.394,0.725967614733092,0.01061062271062271,Graze+Frag
8175018.824,FRAG0010,FRAG0394,0.00552780552780553,0.006071595071595071,1379.890,1423.731,1.0309,1.8734,0.6611965380558886,0.0,Graze+Merge
8187892.368,FRAG0354,FRAG0383,0.006065934065934066,0.006776556776556777,1423.288,1476.829,2.844,5.3469,0.8962920339931677,0.0,Hit+Run
8222390.442,E0,FRAG0103,0.8122892090709288,0.005584082584082584,7281.665,1384.557,2.5059,21.749,0.9500538867071192,0.0,Hit+Run
8241065.825,E0,FRAG0103,0.8122892090709288,0.005584082584082584,7281.665,1384.557,1.0627,9.2235,0.28248705820370873,0.0,Merge
8249730.797,FRAG0353,FRAG0388,0.006065934065934066,0.00618015318015318,1423.288,1432.166,5.7409,10.621,0.6476800331357397,0.006717948717948718,Graze+Frag
8275154.204,FRAG0105,FRAG0395,0.005527805527805527,0.006717948717948718,1379.890,1472.559,5.2912,9.7947,0.4770321751509782,0.011767039627039627,Fragment
8278842.752,FRAG0105,FRAG0396,0.005527805527805526,0.006717948717948718,1379.890,1472.559,1.0915,2.0205,0.7090417392949889,0.0,Hit+Run
8288494.165,FRAG0354,FRAG0105,0.006065934065934066,0.005527805527805526,1423.288,1379.890,6.0878,11.061,0.9276425346136641,0.0,Hit+Run
8301840.148,FRAG0010,P31,0.011599400599400601,0.005525801661671676,1766.603,1379.724,3.2177,6.7068,0.9718114148761625,0.0,Hit+Run
8301986.532,FRAG0010,P31,0.011599400599400601,0.005525801661671676,1766.603,1379.724,1.0644,2.2185,0.9674318626251608,0.0,Hit+Run
8302061.841,FRAG0010,P31,0.011599400599400601,0.005525801661671676,1766.603,1379.724,1.0517,2.1921,0.503536212653653,0.0,Merge
8305331.126,E0,P435,0.8178732916550114,0.0024355585714285716,7298.313,1050.009,1.9763,17.502,0.8543801552478933,0.0,Merge
8336015.958,FRAG0359,FRAG0105,0.006065934065934066,0.005527805527805526,1423.288,1379.890,2.3131,4.2027,0.9021031698128611,0.0,Hit+Run
8363077.304,FRAG0010,FRAG0383,0.017125202261072277,0.006776556776556777,2011.588,1476.829,2.3275,5.4431,0.4142638027660771,0.006911754911754912,Fragment
8387301.339,FRAG0010,FRAG0377,0.01699000412587414,0.01438961038961039,2006.280,1898.206,1.8282,4.6304,0.6986678288204496,0.0,Hit+Run
8388729.307,FRAG0010,FRAG0377,0.01699000412587414,0.01438961038961039,2006.280,1898.206,1.0508,2.6614,0.7286246828472439,0.0,Graze+Merge
8396506.565,FRAG0010,FRAG0396,0.03137961451548453,0.006717948717948718,2461.556,1472.559,2.164,6.0164,0.6049844523765607,0.0,Merge
8415551.375,FRAG0386,FRAG0353,0.006065934065934066,0.005528138528138529,1423.288,1379.918,3.8786,7.0472,0.760892918110779,0.0,Hit+Run
8438574.685,FRAG0325,FRAG0390,0.015769563769563774,0.008132867132867132,1957.043,1569.429,2.0423,4.7503,0.4239322206064445,0.0060209790209790216,Fragment
8447388.245,FRAG0296,FRAG0398,0.005527805527805526,0.0060209790209790216,1379.890,1419.764,2.561,4.6471,0.927006636793555,0.0,Hit+Run
8450244.369,FRAG0296,FRAG0398,0.005527805527805526,0.0060209790209790216,1379.890,1419.764,1.1967,2.1714,0.8572642723176468,0.0,Hit+Run
8450796.112,FRAG0386,FRAG0387,0.006065934065934066,0.006065934065934066,1423.288,1423.288,2.5151,4.6388,0.9935,0.0,Hit+Run
8499947.316,FRAG0105,FRAG0353,0.005527805527805526,0.005528138528138529,1379.890,1379.918,5.2662,9.4170,0.47699521098761954,0.010628311688311689,Fragment
8507499.017,FRAG0010,FRAG0380,0.038097563233433246,0.0057179487179487174,2625.989,1395.534,1.3077,3.8564,0.83281531027304,0.0,Hit+Run
8522230.995,FRAG0010,FRAG0105,0.038097563233433246,0.005528138528138527,2625.989,1379.918,1.382,4.0746,0.6641165266295244,0.0,Hit+Run
8522248.811,FRAG0010,FRAG0105,0.038097563233433246,0.005528138528138527,2625.989,1379.918,1.045,3.0810,0.992864368012119,0.0,Hit+Run
8552977.426,FRAG0010,FRAG0105,0.038097563233433246,0.005528138528138527,2625.989,1379.918,1.4162,4.1754,0.9807370797457621,0.0,Hit+Run
8553611.748,FRAG0010,FRAG0105,0.038097563233433246,0.005528138528138527,2625.989,1379.918,1.0129,2.9863,0.8129871842127493,0.0,Graze+Merge
8554240.895,FRAG0010,FRAG0386,0.043625701761571774,0.006065934065934066,2747.312,1423.288,1.3431,4.1419,0.810307328165619,0.0,Hit+Run
8560543.034,FRAG0010,FRAG0386,0.043625701761571774,0.006065934065934066,2747.312,1423.288,1.2351,3.8089,0.47995278375861317,0.0,Merge
8609383.904,E0,FRAG0101,0.82030885022644,0.005584082584082584,7305.551,1384.557,2.3711,20.651,0.9576961341609836,0.0,Hit+Run
8615887.431,E0,FRAG0327,0.82030885022644,0.006873792873792874,7305.551,1483.859,2.2014,19.079,0.42406624410105387,0.0,Merge
8669515.718,E0,P750,0.8271826431002328,0.0024355585714285716,7325.900,1050.009,2.7966,24.866,0.474141968993282,0.0,Merge
8705962.348,FRAG0010,FRAG0354,0.04969163582750584,0.006065934065934066,2869.161,1423.288,1.3079,4.2114,0.9565764174877747,0.0,Hit+Run
8706981.927,FRAG0010,FRAG0354,0.04969163582750584,0.006065934065934066,2869.161,1423.288,1.0295,3.3149,0.5296563155735537,0.0,Merge
8760205.51,E3,P624,0.47363202022311024,0.0024355585714285716,6083.322,1050.009,3.8487,28.090,0.9593173572035216,0.0,Hit+Run
8803394.67,E15,E8,0.11428,0.11363999999999999,3787.191,3780.108,2.1057,10.324,0.7150686806308947,0.02009246753246753,Hit+Run+Frag
8814106.466,FRAG0010,FRAG0359,0.055757569893439905,0.006065934065934066,2981.456,1423.288,1.8178,6.0844,0.38067378356332277,0.0,Merge
8874240.67,E3,P612,0.47363202022311024,0.0024355585714285716,6083.322,1050.009,2.3961,17.488,0.9199178888927361,0.0,Hit+Run
8888584.163,FRAG0397,FRAG0389,0.006911754911754912,0.0057179487179487174,1486.585,1395.534,4.9191,9.1999,0.9186324311064241,0.0,Hit+Run
8889432.883,FRAG0325,FRAG0296,0.017881451881451883,0.005527805527805526,2040.773,1379.890,5.0514,11.806,0.9389910533620109,0.0,Hit+Run
8893615.979,FRAG0325,FRAG0296,0.017881451881451883,0.005527805527805526,2040.773,1379.890,1.0865,2.5393,0.9854066477146155,0.0,Hit+Run
8895389.667,E0,FRAG0220,0.8296182016716613,0.007174492174492174,7333.083,1505.188,1.9115,16.617,0.41128055783705736,0.0,Merge
8898332.279,FRAG0325,FRAG0296,0.017881451881451883,0.005527805527805526,2040.773,1379.890,1.1082,2.5900,0.2185947785449144,0.0,Merge
8951916.338,FRAG0127,P764,0.005779220779220779,0.0024355585714285716,1400.501,1050.009,21.829,35.708,0.6216357772547388,0.0,Graze+Frag
8973143.485,FRAG0392,FRAG0398,0.006945054945054946,0.0060209790209790216,1488.969,1419.764,11.041,20.828,0.44432580527667775,0.012917928737928738,Fragment
9019695.6,FRAG0380,FRAG0389,0.0057179487179487174,0.0057179487179487174,1395.534,1395.534,2.7386,4.9526,0.6267,0.0,Hit+Run
9063215.041,FRAG0010,FRAG0380,0.06182350395937397,0.0057179487179487174,3085.875,1395.534,1.9593,6.7957,0.4609453287826728,0.0,Merge
9141994.237,E9,P816,0.08381111714285716,0.0024355585714285716,3415.291,1050.009,5.336,20.951,0.43359418398802224,0.0,Merge
9142320.061,FRAG0325,FRAG0401,0.02340925740925741,0.007438228438228439,2232.491,1523.410,12.816,32.815,0.9193514856783374,0.0,Hit+Run
9142428.188,FRAG0325,FRAG0401,0.02340925740925741,0.007438228438228439,2232.491,1523.410,1.0625,2.7204,0.4959041472175839,0.0,Merge
9238851.695,E3,P93,0.47363202022311024,0.0024355585714285716,6083.322,1050.009,2.4003,17.519,0.5023005808452967,0.0,Merge
9319505.103,E11,P689,0.0055284182484182515,0.0024355585714285716,1379.941,1050.009,10.433,16.875,0.2615694921182787,0.0,Fragment
9361032.56,FRAG0010,FRAG0389,0.06754145267732269,0.0057179487179487174,3178.220,1395.534,2.9533,10.559,0.48600052111698216,0.005732887112887113,Fragment
9389410.754,FRAG0010,FRAG0399,0.06752680066267067,0.005527805527805528,3177.990,1379.890,2.089,7.4720,0.4719696551196394,0.0,Merge
9427093.291,E3,P624,0.4760675787945388,0.0024355585714285716,6093.732,1050.009,1.244,9.0961,0.4277026413218525,0.0,Merge
9440400.463,FRAG0010,FRAG0387,0.0730546061904762,0.006065934065934066,3262.443,1423.288,2.6191,9.6153,0.7339176646324522,0.0,Hit+Run
9450785.236,FRAG0010,FRAG0387,0.0730546061904762,0.006065934065934066,3262.443,1423.288,1.137,4.1742,0.49642661501085134,0.0,Merge
9458536.976,FRAG0325,FRAG0392,0.030847485847485846,0.005527805527805528,2447.562,1379.890,13.739,37.843,0.5147137782429241,0.03084748584748585,Fragment
9461201.629,FRAG0403,FRAG0404,0.00616949716949717,0.00616949716949717,1431.343,1431.343,1.3316,2.4699,0.70775,0.0,Hit+Run
9461280.024,FRAG0405,FRAG0406,0.00616949716949717,0.00616949716949717,1431.343,1431.343,1.5726,2.9169,0.75445,0.0,Hit+Run
9467070.92,FRAG0325,FRAG0406,0.005527805527805522,0.00616949716949717,1379.890,1431.343,1.2995,2.3682,0.9544064443083279,0.0,Hit+Run
9467074.094,FRAG0403,FRAG0404,0.00616949716949717,0.00616949716949717,1431.343,1431.343,1.5339,2.8451,0.4902,0.0,Merge
9469084.714,FRAG0010,FRAG0397,0.07912054025641027,0.006911754911754912,3350.350,1486.585,1.5987,6.0237,0.4980222873486395,0.0,Merge
9470572.254,FRAG0010,FRAG0402,0.08603229516816518,0.005732600732600733,3445.199,1396.725,1.3138,5.1099,0.3014062521696629,0.0,Merge
9472346.613,FRAG0403,FRAG0406,0.01233899433899434,0.00616949716949717,1803.379,1431.343,1.3815,2.9524,0.9412942548331319,0.0,Hit+Run
9476769.455,FRAG0403,FRAG0406,0.01233899433899434,0.00616949716949717,1803.379,1431.343,0.9864,2.1080,0.5861625086067015,0.0,Perfect
9479738.946,FRAG0403,FRAG0407,0.01850849150849151,0.00616949716949717,2064.354,1431.343,1.1578,2.7483,0.76605035183496,0.0,Hit+Run
9491613.762,P511,P556,0.0024355585714285716,0.0024355585714285716,1050.009,1050.009,28.815,39.208,0.6263,0.0,Graze+Frag
9493105.021,FRAG0405,FRAG0325,0.00616949716949717,0.005527805527805522,1431.343,1379.890,3.2461,5.9158,0.482115252974925,0.007404495504495504,Fragment
9493748.245,FRAG0403,FRAG0408,0.01850849150849151,0.00616949716949717,2064.354,1431.343,1.411,3.3494,0.8596511695699594,0.0,Hit+Run
9502352.119,P138,P669,0.0024355585714285716,0.0024355585714285716,1050.009,1050.009,11.299,15.375,0.91625,0.0,Hit+Run
9521558.322,FRAG0403,FRAG0408,0.01850849150849151,0.00616949716949717,2064.354,1431.343,2.2547,5.3522,0.1939928619933583,0.00765048285048285,Fragment
9581915.08,FRAG0407,FRAG0405,0.00616949716949717,0.005527805527805521,1431.343,1379.890,2.9313,5.3420,0.8848029217655768,0.0,Hit+Run
9633729.608,FRAG0403,FRAG0409,0.01702763902763903,0.007650349650349651,2007.760,1537.756,2.4065,5.6722,0.9460298330789991,0.0,Hit+Run
9634077.631,FRAG0403,FRAG0409,0.01702763902763903,0.007650349650349651,2007.760,1537.756,0.9689,2.2837,0.7675379119808903,0.0,Perfect
9664272.337,FRAG0403,FRAG0405,0.02467798867798868,0.005527805527805521,2272.115,1379.890,1.4274,3.6676,0.6060415820840405,0.0,Merge
9865094.984,FRAG0403,FRAG0407,0.030205794205794202,0.00616949716949717,2430.471,1431.343,5.6816,15.578,0.6664292926206591,0.013471195471195472,Graze+Frag
9866547.867,E3,P333,0.4785031373659674,0.0024355585714285716,6104.106,1050.009,2.7187,19.915,0.5813055821703678,0.0,Merge
9869552.653,FRAG0403,FRAG0411,0.0229040959040959,0.006735597735597736,2216.315,1473.847,1.0745,2.7206,0.9849255128234916,0.0,Hit+Run
9869981.995,FRAG0403,FRAG0410,0.0229040959040959,0.006735597735597736,2216.315,1473.847,1.0392,2.6313,0.6470874733313189,0.0,Graze+Merge
9901153.185,FRAG0403,FRAG0411,0.029639693639693637,0.006735597735597736,2415.192,1473.847,1.0658,2.9121,0.8675103278092298,0.0,Hit+Run
9903158.765,FRAG0403,FRAG0411,0.029639693639693637,0.006735597735597736,2415.192,1473.847,1.1191,3.0577,0.5142711020537069,0.0,Merge
9923720.537,E0,P295,0.8367926938461535,0.0024355585714285716,7354.161,1050.009,1.1904,10.627,0.6792222435130457,0.0,Merge
9932089.625,FRAG0010,P135,0.09176489590076592,0.0024355585714285716,3520.081,1050.009,16.185,65.649,0.5253058161763295,0.032484182484182486,Fragment
9932091.258,FRAG0010,FRAG0412,0.06171627198801201,0.006496836496836497,3084.090,1456.222,1.1053,3.8276,0.3930925036011872,0.0,Merge
9936473.354,FRAG0010,FRAG0416,0.0682131084848485,0.006496836496836497,3188.720,1456.222,1.0771,3.8593,0.27974584975682065,0.0,Merge
9962247.255,FRAG0010,FRAG0415,0.074709944981685,0.006496836496836497,3286.901,1456.222,1.2838,4.7459,0.6568779677924363,0.0,Merge
10090897.138,E0,P179,0.839228252417582,0.0024355585714285716,7361.289,1050.009,3.7026,33.090,0.8941578618039585,0.0,Hit+Run
10131414.437,FRAG0010,FRAG0413,0.08120678147852149,0.006496836496836497,3379.542,1456.222,1.1448,4.3557,0.8718329174241763,0.0,Hit+Run
10131441.115,FRAG0010,FRAG0413,0.08120678147852149,0.006496836496836497,3379.542,1456.222,1.0508,3.9980,0.7159163451778165,0.0,Graze+Merge
10896523.383,E0,P72,0.839228252417582,0.01065034965034965,7361.289,1717.045,1.9047,16.464,0.7519947028447399,0.0,Merge
10981459.121,E3,P447,0.48093869593739597,0.004871128871128871,6114.445,1322.930,3.0485,22.012,0.9740525399531919,0.0,Hit+Run
11384337.062,E0,E11,0.8498786020679316,0.007963369963369965,7392.298,1558.449,1.3837,12.102,0.8435600469869031,0.0,Hit+Run
11527100.658,E0,FRAG0329,0.8498786020679316,0.006873792873792874,7392.298,1483.859,2.5092,22.024,0.4568885681606755,0.0,Merge
11548840.185,FRAG0414,P511,0.006496836496836497,0.004871128871128871,1456.222,1322.930,10.151,18.343,0.2400355700385189,0.005840159840159841,Fragment
11588886.109,E11,FRAG0140,0.007963369963369965,0.005587412587412588,1558.449,1384.833,15.256,29.247,0.8898671405467651,0.0,Hit+Run
11608415.388,E0,P14,0.8567523949417245,0.0024355585714285716,7412.174,1050.009,4.7816,43.046,0.8316835667928463,0.0,Merge
12167843.014,FRAG0403,FRAG0132,0.03637529137529137,0.005779220779220779,2585.806,1400.501,18.330,53.256,0.5996972687410722,0.03662537462537463,Fragment
12167854.471,FRAG0418,FRAG0423,0.006104229104229105,0.006104229104229105,1426.277,1426.277,1.2661,2.3401,0.77,0.0,Hit+Run
12173666.079,FRAG0419,FRAG0421,0.006104229104229105,0.006104229104229105,1426.277,1426.277,1.0535,1.9471,0.9971999999999999,0.0,Hit+Run
12177126.375,FRAG0421,FRAG0423,0.006104229104229105,0.006104229104229105,1426.277,1426.277,1.6555,3.0598,0.42145,0.0,Merge
12187156.473,FRAG0418,FRAG0403,0.006104229104229105,0.005529137529137522,1426.277,1380.001,2.379,4.3275,0.9693758499659467,0.0,Hit+Run
12205209.022,E10,P102,0.14245555857142858,0.0024355585714285716,4075.869,1050.009,5.0007,23.753,0.9479045054364987,0.0,Hit+Run
12223950.109,P172,FRAG0421,0.05071725339660339,0.01220845820845821,2888.766,1796.997,3.583,11.730,0.6563243095590727,0.011466879786879786,Hit+Run+Frag
12224602.042,P172,FRAG0421,0.050716920396270404,0.005527805527805528,2888.760,1379.890,1.0655,3.4554,0.860608225970957,0.0,Hit+Run
12226439.609,P172,FRAG0421,0.050716920396270404,0.005527805527805528,2888.760,1379.890,1.2011,3.8952,0.6253062835552129,0.0,Merge
12243910.072,E0,P729,0.859187953513153,0.0024355585714285716,7419.191,1050.009,2.7282,24.585,0.30941033562833103,0.0,Merge
12279372.854,FRAG0419,FRAG0403,0.006104229104229105,0.005529137529137522,1426.277,1380.001,9.9818,18.157,0.942184737936807,0.0,Hit+Run
12288564.84,FRAG0419,FRAG0403,0.006104229104229105,0.005529137529137522,1426.277,1380.001,0.9875,1.7963,0.7338042532275122,0.0,Perfect
12312196.509,P172,FRAG0424,0.05624472592407593,0.006680985680985681,2990.114,1469.853,1.8138,6.0868,0.8034481816959032,0.0,Hit+Run
12313161.175,P172,FRAG0424,0.05624472592407593,0.006680985680985681,2990.114,1469.853,1.0323,3.4642,0.597557880795693,0.0,Merge
12321791.814,FRAG0419,FRAG0422,0.011633366633366626,0.006104229104229105,1768.325,1426.277,8.6176,18.141,0.8010209340045676,0.008818514818514818,Graze+Frag
12321901.053,FRAG0419,FRAG0425,0.008919080919080911,0.008818514818514818,1618.454,1612.348,1.0339,2.1643,0.7823758260191522,0.0,Graze+Merge
12381057.279,FRAG0419,FRAG0420,0.01773759573759573,0.006104229104229105,2035.285,1426.277,4.1301,9.6839,0.7604767759168259,0.0,Hit+Run
12386750.167,FRAG0419,FRAG0420,0.01773759573759573,0.006104229104229105,2035.285,1426.277,1.0542,2.4718,0.6741043943007893,0.0,Graze+Merge
12723825.868,FRAG0414,P179,0.005527805527805526,0.0024355585714285716,1379.890,1050.009,17.248,27.896,0.19461231844089544,0.0,Fragment
13098692.492,FRAG0221,FRAG0417,0.00961005661005661,0.005840159840159841,1659.214,1405.406,18.310,36.731,0.8478469063223846,0.014438075258075257,Graze+Frag
13114054.149,P172,FRAG0418,0.06292571160506161,0.006104229104229105,3104.106,1426.277,10.566,36.850,0.6113817146972947,0.05448868464868465,Fragment
13114183.448,FRAG0428,FRAG0429,0.006054279054279054,0.006054279054279054,1422.376,1422.376,1.0759,1.9831,0.9563000000000001,0.0,Hit+Run
13114207.951,FRAG0430,FRAG0431,0.006054279054279054,0.006054279054279054,1422.376,1422.376,1.3172,2.4279,0.4197,0.0,Merge
13114451.591,FRAG0428,FRAG0429,0.006054279054279054,0.006054279054279054,1422.376,1422.376,1.0005,1.8441,0.9577500000000001,0.0,Graze+Merge
13115248.358,FRAG0432,FRAG0435,0.006054279054279054,0.006054279054279054,1422.376,1422.376,1.6765,3.0901,0.68125,0.0,Hit+Run
13115362.664,FRAG0433,FRAG0435,0.006054279054279054,0.006054279054279054,1422.376,1422.376,1.2371,2.2802,0.9428499999999999,0.0,Hit+Run
13115519.655,FRAG0433,FRAG0435,0.006054279054279054,0.006054279054279054,1422.376,1422.376,1.2097,2.2297,0.61165,0.0,Hit+Run
13116562.165,FRAG0430,FRAG0435,0.012108558108558109,0.006054279054279054,1792.082,1422.376,0.9915,2.1056,0.3474939049025652,0.0,Perfect
13117236.217,P172,FRAG0427,0.014541429220779209,0.006054279054279054,1904.859,1422.376,1.5131,3.3633,0.8670588014327365,0.0,Hit+Run
13118861.268,FRAG0428,FRAG0432,0.012108558108558109,0.006054279054279054,1792.082,1422.376,1.6561,3.5170,0.8419465669562876,0.0,Hit+Run
13123735.269,P172,FRAG0433,0.014541429220779209,0.006054279054279054,1904.859,1422.376,1.6243,3.6105,0.9864833415310322,0.0,Hit+Run
13124145.266,FRAG0430,FRAG0428,0.01816283716283716,0.012108558108558109,2051.422,1792.082,1.242,3.1140,0.804502410422041,0.0,Hit+Run
13124831.222,FRAG0432,FRAG0433,0.006054279054279054,0.006054279054279054,1422.376,1422.376,1.5675,2.8892,0.74885,0.0,Hit+Run
13129070.572,FRAG0430,P172,0.01816283716283716,0.014541429220779209,2051.422,1904.859,0.9773,2.5104,0.44395925445735723,0.0,Perfect
13132677.616,FRAG0430,FRAG0427,0.03270426638361637,0.006054279054279054,2495.716,1422.376,1.7928,5.0377,0.7471684307913565,0.0,Hit+Run
13132757.563,FRAG0430,FRAG0427,0.03270426638361637,0.006054279054279054,2495.716,1422.376,1.1169,3.1384,0.6783117322674471,0.0,Hit+Run
13133502.807,FRAG0430,FRAG0427,0.03270426638361637,0.006054279054279054,2495.716,1422.376,1.2767,3.5875,0.8369815158225425,0.0,Hit+Run
13133529.309,FRAG0432,FRAG0434,0.006054279054279054,0.006054279054279054,1422.376,1422.376,3.5872,6.6120,0.3547,0.011114205794205795,Fragment
13141581.335,FRAG0428,FRAG0432,0.012108558108558109,0.005527805527805529,1792.082,1379.890,1.6444,3.4642,0.3838433266398406,0.0,Merge
13155382.779,FRAG0428,FRAG0427,0.017636363636363638,0.006054279054279054,2031.406,1422.376,2.1082,4.9329,0.6173416595869665,0.0,Hit+Run
13156440.859,FRAG0428,FRAG0427,0.017636363636363638,0.006054279054279054,2031.406,1422.376,2.8716,6.7192,0.5219995454300997,0.006965700965700965,Fragment
13164964.566,FRAG0430,FRAG0436,0.03270426638361637,0.00658075258075258,2495.716,1462.465,4.6541,13.099,0.4472915289507214,0.023808811188811188,Fragment
13164970.855,FRAG0430,FRAG0441,0.015476827156177143,0.005952047952047952,1944.857,1414.325,1.1121,2.5094,0.9096157854379646,0.0,Hit+Run
13165305.936,FRAG0428,FRAG0441,0.01672494172494173,0.005952047952047952,1995.792,1414.325,1.019,2.3476,0.9927700382710483,0.0,Graze+Merge
13165965.96,FRAG0428,FRAG0438,0.02267698967698968,0.005952047952047952,2208.965,1414.325,1.3077,3.2841,0.5692979579566984,0.0,Merge
13166841.96,FRAG0428,FRAG0440,0.028629037629037634,0.005952047952047952,2387.423,1414.325,1.5739,4.2409,0.43606953061838594,0.0,Merge
13168090.462,FRAG0430,FRAG0433,0.015476827156177143,0.006054279054279054,1944.857,1422.376,1.5014,3.3919,0.31437847327739965,0.0,Merge
13214705.547,E0,P447,0.8616235120845815,0.004871128871128871,7426.195,1322.930,1.0932,9.7198,0.6522124083590436,0.0,Merge
13221216.269,FRAG0428,FRAG0430,0.03458108558108559,0.021531106210456195,2542.572,2171.114,1.2182,3.7551,0.5305559508220209,0.0,Merge
13237552.731,FRAG0428,FRAG0437,0.05611219179154178,0.006965700965700965,2987.763,1490.443,1.4678,4.9216,0.4982489546448978,0.0,Merge
13314624.94,FRAG0428,FRAG0419,0.06307789275724275,0.023841824841824833,3106.606,2246.158,3.1262,11.254,0.7050966010367163,0.018312687312687315,Hit+Run+Frag
13314836.909,FRAG0428,FRAG0442,0.06307922475857473,0.006104229104229105,3106.628,1426.277,1.1102,3.8749,0.7238669285398946,0.0,Hit+Run
13315384.359,FRAG0428,FRAG0444,0.06307922475857473,0.006104229104229105,3106.628,1426.277,1.0958,3.8247,0.771293165478884,0.0,Hit+Run
13315617.073,FRAG0428,FRAG0444,0.06307922475857473,0.006104229104229105,3106.628,1426.277,1.0891,3.8013,0.770607815234101,0.0,Hit+Run
13316831.257,FRAG0428,FRAG0442,0.06307922475857473,0.006104229104229105,3106.628,1426.277,1.1706,4.0858,0.5426603238192469,0.0,Merge
13321799.429,FRAG0428,FRAG0444,0.06918345386280383,0.006104229104229105,3203.769,1426.277,1.0501,3.7831,0.8343554627859756,0.0,Hit+Run
13328734.328,FRAG0428,FRAG0443,0.06918345386280383,0.006104229104229105,3203.769,1426.277,1.3495,4.8618,0.942715112373207,0.0,Hit+Run
13332983.969,FRAG0428,FRAG0444,0.06918345386280383,0.006104229104229105,3203.769,1426.277,1.2825,4.6204,0.9446525773722124,0.0,Hit+Run
13333087.657,FRAG0428,FRAG0444,0.06918345386280383,0.006104229104229105,3203.769,1426.277,1.0529,3.7932,0.33317478465039574,0.0,Merge
13340175.164,FRAG0443,FRAG0419,0.006104229104229105,0.005527805527805528,1426.277,1379.890,1.7912,3.2581,0.929108707153528,0.0,Hit+Run
13340958.573,FRAG0428,FRAG0443,0.07528768296703293,0.006104229104229105,3295.352,1426.277,1.0131,3.7579,0.7855864187044828,0.0,Graze+Merge
13406518.483,FRAG0428,FRAG0439,0.08139191207126203,0.005952047952047952,3382.109,1414.325,7.4513,28.408,0.26752626279961483,0.037706293706293706,Fragment
13406745.49,FRAG0428,FRAG0447,0.049637666317016285,0.006284382284382284,2868.122,1440.173,1.094,3.5213,0.8797501371377818,0.0,Hit+Run
13406953.762,FRAG0428,FRAG0449,0.049637666317016285,0.006284382284382284,2868.122,1440.173,1.0161,3.2706,0.9615672327520334,0.0,Graze+Merge
13409657.178,FRAG0428,FRAG0447,0.05592204860139857,0.006284382284382284,2984.385,1440.173,1.3792,4.6202,0.6448264452104902,0.0,Merge
13413309.953,FRAG0445,FRAG0446,0.006284382284382284,0.006284382284382284,1440.173,1440.173,2.2978,4.2883,0.97565,0.0,Hit+Run
13417877.401,FRAG0428,FRAG0448,0.06220643088578086,0.006284382284382284,3092.233,1440.173,1.1325,3.9332,0.9971762919330424,0.0,Hit+Run
13417900.088,FRAG0428,FRAG0448,0.06220643088578086,0.006284382284382284,3092.233,1440.173,1.0336,3.5897,0.46038215776985286,0.0,Merge
13419197.854,FRAG0428,FRAG0445,0.06849081317016315,0.006284382284382284,3193.041,1440.173,1.3333,4.7854,0.29895905165973186,0.0,Merge
13425038.104,FRAG0428,FRAG0450,0.07477519545454543,0.006284382284382284,3287.857,1440.173,1.1789,4.3611,0.8675075652167745,0.0,Hit+Run
13425339.553,FRAG0428,FRAG0450,0.07477519545454543,0.006284382284382284,3287.857,1440.173,1.0168,3.7614,0.6420599077872928,0.0,Merge
13865776.431,E10,P422,0.14245555857142858,0.0024355585714285716,4075.869,1050.009,2.2193,10.541,0.35901256958693,0.0,Merge
13879185.137,E0,FRAG0328,0.8664946409557104,0.006873792873792874,7440.163,1483.859,2.6128,23.093,0.9519449982583192,0.0,Hit+Run
13897098.065,FRAG0428,FRAG0446,0.08105957773892772,0.006284382284382284,3377.499,1440.173,1.2053,4.5851,0.39000220736288765,0.0,Merge
13902574.435,E0,FRAG0328,0.8664946409557104,0.006873792873792874,7440.163,1483.859,1.0599,9.3678,0.97895762563927,0.0,Hit+Run
14195230.205,FRAG0010,FRAG0221,0.08770361797535799,0.005527805527805527,3467.366,1379.890,6.6312,25.982,0.7689748002375756,0.005699720279720279,Graze+Frag
14217214.81,FRAG0428,FRAG0419,0.08734396002331,0.005527805527805528,3462.619,1379.890,2.2466,8.7900,0.756090045685542,0.0,Hit+Run
14228345.522,FRAG0428,FRAG0419,0.08734396002331,0.005527805527805528,3462.619,1379.890,1.7897,7.0023,0.6780784852691503,0.0,Merge
14263558.35,FRAG0010,FRAG0414,0.08753178980352982,0.007963369963369965,3465.100,1558.449,4.8831,19.021,0.6235531771164694,0.014052614052614053,Fragment
14266784.67,FRAG0010,FRAG0452,0.08144254571428573,0.007026307026307027,3382.810,1494.753,1.0758,4.0933,0.6332066470267135,0.0,Merge
14341696.59,FRAG0010,FRAG0451,0.08846885274059275,0.0056996336996337,3477.421,1394.042,1.2986,5.1010,0.5377318443127135,0.0,Merge
14484674.976,E10,E8,0.14489111714285716,0.1050949050949051,4098.967,3682.881,1.057,5.3524,0.11656631708135197,0.027670662670662673,Fragment
14553975.021,E3,P780,0.48093869593739597,0.0024355585714285716,6114.445,1050.009,5.0278,36.896,0.6522855516465038,0.0,Merge
14555612.249,FRAG0010,FRAG0453,0.09416848644022645,0.007026307026307027,3550.550,1494.753,1.2153,4.8626,0.4902912890641392,0.0,Merge
14930575.649,P296,P771,0.0024355585714285716,0.0024355585714285716,1050.009,1050.009,16.517,22.474,0.7107,0.0,Graze+Frag
14946320.205,E0,P2,0.8664946409557104,0.0024355585714285716,7440.163,1050.009,1.5876,14.349,0.8150712330174387,0.0,Merge
15635306.871,P75,P643,0.0024355585714285716,0.0024355585714285716,1050.009,1050.009,16.093,21.898,0.79245,0.0,Graze+Frag
15941158.551,P241,P612,0.0024355585714285716,0.0024355585714285716,1050.009,1050.009,18.814,25.601,0.6794,0.0,Graze+Frag
15999601.415,E3,FRAG0351,0.48337425450882454,0.008335331335331335,6124.749,1582.346,1.6012,11.426,0.44303951526086766,0.0,Merge
16734861.922,FRAG0328,P241,0.006873792873792874,0.004871128871128871,1483.859,1322.930,10.363,18.940,0.8790686828761092,0.0,Hit+Run
16856830.168,E9,P296,0.08624667571428574,0.004871128871128871,3448.058,1322.930,3.3662,13.143,0.8491884386620798,0.0,Hit+Run
17323825.412,E0,P241,0.8689301995271389,0.004871128871128871,7447.127,1322.930,2.2343,19.925,0.31826281926730404,0.0,Merge
17845120.784,E3,P597,0.49170958584415586,0.0024355585714285716,6159.754,1050.009,2.7931,20.659,0.8459900509517874,0.0,Merge
18341519.969,E0,FRAG0101,0.8738013283982677,0.005584082584082584,7461.018,1384.557,2.1051,18.752,0.7997825492326311,0.0,Merge
18601315.408,E0,P674,0.8793854109823503,0.0024355585714285716,7476.877,1050.009,1.2743,11.577,0.7720743067957219,0.0,Merge
18706955.387,E3,P75,0.49414514441558444,0.004871128871128871,6169.908,1322.930,2.3907,17.430,0.6792562077360402,0.0,Merge
20145616.61,FRAG0010,P98,0.10119479346653347,0.0024355585714285716,3636.748,1050.009,18.634,78.286,0.5340173505228216,0.039592074592074596,Fragment
20146444.075,FRAG0010,FRAG0459,0.06403827744588744,0.005656010656010656,3122.293,1390.477,1.1018,3.8684,0.7670175802368456,0.0,Hit+Run
20146645.385,FRAG0010,FRAG0459,0.06403827744588744,0.005656010656010656,3122.293,1390.477,1.0401,3.6518,0.6332772787216172,0.0,Merge
20151608.642,FRAG0010,FRAG0462,0.0696942881018981,0.005656010656010656,3211.635,1390.477,1.0371,3.7492,0.7815346325722974,0.0,Graze+Merge
20165088.733,FRAG0010,FRAG0465,0.07535029875790875,0.005656010656010656,3296.265,1390.477,1.3099,4.8654,0.9310509174623952,0.0,Hit+Run
20182360.565,FRAG0010,FRAG0463,0.07535029875790875,0.005656010656010656,3296.265,1390.477,1.3045,4.8453,0.8744339066936062,0.0,Hit+Run
20201236.364,FRAG0010,FRAG0461,0.07535029875790875,0.005656010656010656,3296.265,1390.477,1.4575,5.4136,0.08109243902660081,0.0,Merge
20259196.499,FRAG0010,FRAG0464,0.0810063094139194,0.005656010656010656,3376.759,1390.477,1.3928,5.3055,0.7253970187271794,0.0,Hit+Run
20260268.514,FRAG0010,FRAG0464,0.0810063094139194,0.005656010656010656,3376.759,1390.477,1.0358,3.9456,0.6705725589581297,0.0,Merge
20275232.904,FRAG0010,FRAG0463,0.08666232006993005,0.005656010656010656,3453.588,1390.477,1.3597,5.3032,0.8834193668843029,0.0,Hit+Run
20311657.542,FRAG0010,FRAG0465,0.08666232006993005,0.005656010656010656,3453.588,1390.477,1.5954,6.2225,0.8724398993271901,0.0,Hit+Run
20461088.24,FRAG0010,FRAG0460,0.08666232006993005,0.005656010656010656,3453.588,1390.477,2.1935,8.5552,0.43818056887022233,0.0,Merge
20557413.72,E0,FRAG0457,0.8818209695537789,0.005534132534132535,7483.773,1380.417,1.2401,11.085,0.9418680223268684,0.0,Hit+Run
20560569.554,E0,FRAG0457,0.8818209695537789,0.005534132534132535,7483.773,1380.417,1.0653,9.5226,0.3328113789900068,0.0,Merge
20637365.496,FRAG0010,FRAG0463,0.0923183307259407,0.005656010656010656,3527.143,1390.477,1.4553,5.8034,0.90136296831123,0.0,Hit+Run
20690733.839,FRAG0010,FRAG0463,0.0923183307259407,0.005656010656010656,3527.143,1390.477,1.0162,4.0524,0.7954257435005603,0.0,Graze+Merge
20946013.442,FRAG0426,FRAG0130,0.009922410922410923,0.005779220779220779,1676.999,1400.501,13.389,27.021,0.5802879281905494,0.010173826173826174,Graze+Frag
21293570.737,FRAG0466,FRAG0328,0.010173826173826174,0.006873792873792874,1691.045,1483.859,13.846,28.664,0.9377461899277587,0.0,Hit+Run
21410964.223,FRAG0010,FRAG0465,0.09797434138195135,0.005656010656010656,3597.752,1390.477,2.5817,10.513,0.8568430354122597,0.0,Hit+Run
21434171.942,FRAG0010,FRAG0465,0.09797434138195135,0.005656010656010656,3597.752,1390.477,1.1341,4.6182,0.9630107919885935,0.0,Hit+Run
21531300.703,FRAG0010,FRAG0465,0.09797434138195135,0.005656010656010656,3597.752,1390.477,1.4763,6.0117,0.7402171778144799,0.0,Hit+Run
21855321.493,FRAG0010,FRAG0465,0.09797434138195135,0.005656010656010656,3597.752,1390.477,1.91,7.7778,0.7164881072209922,0.0,Merge
23048854.071,E3,P490,0.49901627328671333,0.0024355585714285716,6190.115,1050.009,2.7105,20.153,0.8216295578924703,0.0,Merge
24516113.158,FRAG0010,FRAG0219,0.103630352037962,0.007174492174492174,3665.693,1505.188,10.278,42.507,0.8971973695034022,0.0,Hit+Run
24527857.098,FRAG0010,FRAG0219,0.103630352037962,0.007174492174492174,3665.693,1505.188,1.1351,4.6944,0.34375079367272415,0.0,Merge
24833362.294,FRAG0010,P388,0.11080484421245418,0.0024355585714285716,3748.407,1050.009,12.862,55.826,0.937723410636281,0.0,Hit+Run
24856130.868,FRAG0010,P388,0.11080484421245418,0.0024355585714285716,3748.407,1050.009,1.0522,4.5667,0.8475757252085678,0.0,Hit+Run
24866219.839,FRAG0010,P388,0.11080484421245418,0.0024355585714285716,3748.407,1050.009,1.0377,4.5038,0.7784416683597585,0.0,Merge
25029759.691,P102,P138,0.0024355585714285716,0.0024355585714285716,1050.009,1050.009,6.5889,8.9654,0.3462,0.0,Merge
27264215.678,E0,FRAG0466,0.8873551020879114,0.010173826173826174,7499.396,1691.045,2.0622,18.207,0.962226674148597,0.0,Hit+Run
29665361.624,E0,FRAG0140,0.8873551020879114,0.005587412587412588,7499.396,1384.833,2.3781,21.300,0.8519749364530588,0.0,Hit+Run
29666918.872,E0,FRAG0140,0.8873551020879114,0.005587412587412588,7499.396,1384.833,1.0476,9.3832,0.6840785579129681,0.0,Merge
31832376.647,E0,P272,0.8929425146753239,0.0024355585714285716,7515.104,1050.009,2.022,18.470,0.7235110823065048,0.0,Merge
32374278.235,E0,P296,0.8953780732467524,0.004871128871128871,7521.930,1322.930,1.6797,15.139,0.8682884917421222,0.0,Hit+Run
33387245.809,P18,P116,0.12474174881784877,0.0024355585714285716,3899.400,1050.009,15.678,71.003,0.8179474336735476,0.005889110889110889,Graze+Frag
33388452.18,P18,FRAG0467,0.12128819650016646,0.005889110889110889,3863.077,1409.322,1.0291,4.5156,0.9269363183170534,0.0,Hit+Run
33388453.407,P18,FRAG0467,0.12128819650016646,0.005889110889110889,3863.077,1409.322,1.0472,4.5950,0.21541323024678974,0.0,Merge
33414052.557,E0,P296,0.8953780732467524,0.004871128871128871,7521.930,1322.930,1.2482,11.250,0.9014552411818312,0.0,Hit+Run
33673018.143,E0,P296,0.8953780732467524,0.004871128871128871,7521.930,1322.930,1.1373,10.251,0.36177269773467075,0.0,Merge
34836113.375,E0,FRAG0328,0.9002492021178813,0.006873792873792874,7535.546,1483.859,2.3342,20.914,0.5403058869886543,0.0,Merge
35374575.717,E0,P669,0.9071229949916741,0.0024355585714285716,7554.677,1050.009,2.3673,21.744,0.9591847766187281,0.0,Hit+Run
36623241.225,FRAG0010,FRAG0426,0.11324040278388275,0.005527805527805527,3775.672,1379.890,5.3435,22.913,0.5348345825893567,0.01238761238761239,Fragment
36623772.561,FRAG0010,FRAG0468,0.1063805959240759,0.006193806193806195,3697.838,1433.220,1.0312,4.3153,0.6948051297989367,0.0,Merge
36630023.443,FRAG0010,FRAG0469,0.11257440211788208,0.006193806193806195,3768.256,1433.220,1.0768,4.5970,0.8570348685989205,0.0,Hit+Run
36653319.539,FRAG0010,FRAG0469,0.11257440211788208,0.006193806193806195,3768.256,1433.220,1.2723,5.4316,0.8982565795230781,0.0,Hit+Run
36749175.766,FRAG0010,FRAG0469,0.11257440211788208,0.006193806193806195,3768.256,1433.220,1.6598,7.0859,0.9008646315323395,0.0,Hit+Run
36795326.706,FRAG0010,FRAG0469,0.11257440211788208,0.006193806193806195,3768.256,1433.220,1.3167,5.6212,0.9034726835416008,0.0,Hit+Run
36796777.578,FRAG0010,FRAG0469,0.11257440211788208,0.006193806193806195,3768.256,1433.220,1.0336,4.4126,0.626294711668442,0.0,Merge
38398772.798,E0,P733,0.9071229949916741,0.0024355585714285716,7554.677,1050.009,1.6707,15.346,0.6826234909117264,0.0,Merge
40930387.741,E0,P669,0.9095585535631027,0.0024355585714285716,7561.432,1050.009,1.7708,16.281,0.9679822289631379,0.0,Hit+Run
41023151.183,E0,P669,0.9095585535631027,0.0024355585714285716,7561.432,1050.009,1.0141,9.3238,0.8181838179860774,0.0,Merge
41483872.645,E0,E17,0.9119941121345312,0.043395558571428565,7568.175,2742.472,1.7686,15.210,0.6018927157528903,0.008734598734598736,Fragment
41483939.295,E0,FRAG0470,0.946655071971361,0.008734598734598736,7662.863,1607.218,1.0448,9.4763,0.19557902274261457,0.0,Merge
42904068.207,E0,FRAG0134,0.9553896707059597,0.005779220779220779,7686.359,1400.501,1.3977,12.842,0.3430027976232149,0.0,Merge
45942688.186,E0,P195,0.9611688914851805,0.004871128871128871,7701.826,1322.930,2.9206,26.996,0.7535618726634195,0.0,Merge
47333871.999,P18,FRAG0428,0.12717730738927735,0.09287176555111554,3924.615,3534.178,5.8539,28.407,0.20615455593343698,0.21452347652347661,Fragment
47333876.106,FRAG0479,FRAG0502,0.005645354645354646,0.005645354645354646,1389.603,1389.603,2.2688,4.0855,0.28995,0.0,Merge
47333883.207,FRAG0484,FRAG0485,0.005645354645354646,0.005645354645354646,1389.603,1389.603,1.1297,2.0343,0.30455,0.0,Merge
47333929.156,FRAG0500,FRAG0503,0.005645354645354646,0.005645354645354646,1389.603,1389.603,1.672,3.0108,0.31205,0.0,Merge
47333945.78,FRAG0471,FRAG0478,0.005645354645354646,0.005645354645354646,1389.603,1389.603,1.9181,3.4540,0.81315,0.0,Hit+Run
47333979.387,FRAG0476,FRAG0493,0.005645354645354646,0.005645354645354646,1389.603,1389.603,1.1929,2.1481,0.96505,0.0,Hit+Run
47333983.542,FRAG0477,FRAG0492,0.005645354645354646,0.005645354645354646,1389.603,1389.603,2.4156,4.3499,0.731,0.0,Hit+Run
47333985.608,FRAG0507,FRAG0508,0.005645354645354646,0.005645354645354646,1389.603,1389.603,1.3369,2.4074,0.0506,0.0,Merge
47334010.302,FRAG0477,FRAG0492,0.005645354645354646,0.005645354645354646,1389.603,1389.603,0.9627,1.7335,0.33065,0.0,Perfect
47334012.969,FRAG0479,FRAG0489,0.011290709290709291,0.005645354645354646,1750.790,1389.603,1.1958,2.4810,0.9458100588275339,0.0,Hit+Run
47334025.662,FRAG0500,FRAG0491,0.011290709290709291,0.005645354645354646,1750.790,1389.603,2.4726,5.1300,0.754919776397503,0.0,Hit+Run
47334053.661,FRAG0484,FRAG0496,0.011290709290709291,0.005645354645354646,1750.790,1389.603,1.2614,2.6171,0.5320843620070724,0.0,Merge
47334068.49,FRAG0482,FRAG0504,0.005645354645354646,0.005645354645354646,1389.603,1389.603,6.7246,12.109,0.5123,0.0057625707625707625,Graze+Frag
47334073.375,FRAG0477,FRAG0475,0.011290709290709291,0.005645354645354646,1750.790,1389.603,2.3251,4.8240,0.16346095446403358,0.00763969363969364,Fragment
47334092.155,FRAG0478,P18,0.005645354645354646,0.005525596416916273,1389.603,1379.707,1.979,3.5510,0.9600687065540975,0.0,Hit+Run
47334095.692,FRAG0478,P18,0.005645354645354646,0.005525596416916273,1389.603,1379.707,0.9837,1.7651,0.4420240023015233,0.0,Perfect
47334109.342,FRAG0474,FRAG0486,0.005645354645354646,0.005645354645354646,1389.603,1389.603,1.1904,2.1436,0.5021,0.0,Hit+Run
47334112.595,FRAG0509,FRAG0497,0.0057625707625707625,0.005645354645354646,1399.155,1389.603,7.0237,12.691,0.8113695341631872,0.0,Hit+Run
47334137.223,FRAG0484,FRAG0487,0.016936063936063936,0.005645354645354646,2004.155,1389.603,0.9641,2.2218,0.511467938424498,0.0,Perfect
47334138.059,FRAG0483,FRAG0494,0.005645354645354646,0.005645354645354646,1389.603,1389.603,3.52,6.3386,0.9178,0.0,Hit+Run
47334153.286,FRAG0507,FRAG0501,0.011290709290709291,0.005645354645354646,1750.790,1389.603,2.3195,4.8124,0.915816200198049,0.0,Hit+Run
47334159.696,FRAG0474,FRAG0501,0.005645354645354646,0.005645354645354646,1389.603,1389.603,1.9529,3.5167,0.8631,0.0,Hit+Run
47334163.071,FRAG0477,FRAG0471,0.009296370296370295,0.005645354645354646,1640.961,1389.603,1.5076,2.9907,0.7902760911837334,0.0,Hit+Run
47334164.247,FRAG0474,FRAG0501,0.005645354645354646,0.005645354645354646,1389.603,1389.603,1.1197,2.0163,0.3869,0.0,Merge
47334219.786,FRAG0484,FRAG0483,0.022581418581418582,0.005645354645354646,2205.858,1389.603,1.3621,3.4097,0.8233328227646969,0.0,Hit+Run
47334235.305,FRAG0472,FRAG0505,0.005645354645354646,0.005645354645354646,1389.603,1389.603,12.511,22.530,0.9932500000000001,0.0,Hit+Run
47334243.021,FRAG0510,FRAG0495,0.00763969363969364,0.005645354645354646,1537.042,1389.603,2.082,3.9630,0.5812792201111207,0.0,Hit+Run
47334342.964,FRAG0499,FRAG0489,0.005645354645354646,0.005645354645354646,1389.603,1389.603,3.9784,7.1641,0.805,0.0,Hit+Run
47334385.082,FRAG0500,FRAG0497,0.011290709290709291,0.005645354645354646,1750.790,1389.603,3.4716,7.2027,0.6902490031443382,0.0,Hit+Run
47334419.277,FRAG0510,FRAG0506,0.00763969363969364,0.005645354645354646,1537.042,1389.603,4.2563,8.1018,0.6554359113649065,0.0067488977688977695,Graze+Frag
47334480.233,FRAG0479,FRAG0481,0.011290709290709291,0.005645354645354646,1750.790,1389.603,1.0881,2.2575,0.9945361414337976,0.0,Hit+Run
47334487.578,FRAG0481,FRAG0491,0.005645354645354646,0.005645354645354646,1389.603,1389.603,1.4873,2.6782,0.66665,0.0,Hit+Run
47334575.542,FRAG0479,FRAG0499,0.011290709290709291,0.005645354645354646,1750.790,1389.603,4.4247,9.1802,0.5493670686523148,0.01340050616050616,Fragment
47334584.9,FRAG0484,FRAG0491,0.022581418581418582,0.005645354645354646,2205.858,1389.603,2.1632,5.4151,0.6224077113970081,0.0,Hit+Run
47334684.785,FRAG0488,FRAG0505,0.005645354645354646,0.005645354645354646,1389.603,1389.603,4.8351,8.7068,0.8458500000000001,0.0,Hit+Run
47334696.929,FRAG0474,FRAG0482,0.011290709290709291,0.005528138528138529,1750.790,1379.918,3.9683,8.2174,0.4491186776851088,0.014654765234765235,Fragment
47334705.781,FRAG0488,FRAG0494,0.005645354645354646,0.005645354645354646,1389.603,1389.603,1.3634,2.4551,0.93595,0.0,Hit+Run
47334817.198,FRAG0494,FRAG0481,0.005645354645354646,0.005645354645354646,1389.603,1389.603,2.3355,4.2056,0.9658000000000001,0.0,Hit+Run
47334869.485,FRAG0473,FRAG0494,0.005645354645354646,0.005645354645354646,1389.603,1389.603,3.584,6.4539,0.4115,0.010197695637695637,Fragment
47334890.865,FRAG0513,FRAG0488,0.005703962703962704,0.005645354645354646,1394.395,1389.603,2.0833,3.7580,0.9042538647511638,0.0,Hit+Run
47334981.688,FRAG0491,FRAG0480,0.005645354645354646,0.005645354645354646,1389.603,1389.603,3.8092,6.8594,0.4052,0.010398354978354979,Fragment
47335042.096,FRAG0511,FRAG0516,0.006748584748584749,0.0057625707625707625,1474.794,1399.155,2.9803,5.5555,0.48621851980691005,0.006567765567765569,Fragment
47335045.525,FRAG0518,FRAG0511,0.006567765567765569,0.005943389943389943,1461.503,1413.639,0.9916,1.8480,0.17135592998600221,0.0,Perfect
47335062.467,FRAG0478,FRAG0488,0.01117095106227092,0.005645354645354646,1744.578,1389.603,1.0591,2.1917,0.3575788690236871,0.0,Merge
47335186.649,FRAG0478,FRAG0518,0.016816305707625566,0.012511155511155512,1999.420,1811.727,1.0565,2.6184,0.6661676680738738,0.0,Graze+Merge
47335304.074,FRAG0500,FRAG0471,0.011290709290709291,0.005645354645354646,1750.790,1389.603,1.7847,3.7028,0.9795392121190551,0.0,Hit+Run
47335307.267,FRAG0471,FRAG0491,0.005645354645354646,0.005528138528138529,1389.603,1379.918,1.1741,2.1069,0.94765235878382,0.0,Hit+Run
47335450.884,FRAG0500,FRAG0481,0.011290709290709291,0.005645354645354646,1750.790,1389.603,1.5076,3.1279,0.8159667563218266,0.0,Hit+Run
47335457.148,FRAG0500,FRAG0481,0.011290709290709291,0.005645354645354646,1750.790,1389.603,1.0222,2.1208,0.7877569190234633,0.0,Graze+Merge
47335624.882,FRAG0483,FRAG0474,0.005645354645354646,0.00552813852813853,1389.603,1379.918,7.1578,12.844,0.763611015424946,0.005645354645354646,Graze+Frag
47335667.691,FRAG0477,FRAG0519,0.009296370296370295,0.005645354645354646,1640.961,1389.603,4.8798,9.6805,0.652255278821463,0.009496769896769897,Graze+Frag
47335684.831,FRAG0484,FRAG0512,0.022581418581418582,0.005703962703962704,2205.858,1394.395,1.1915,2.9837,0.9191652702327335,0.0,Hit+Run
47335684.845,FRAG0510,FRAG0491,0.006536463536463537,0.005528138528138529,1459.177,1379.918,1.004,1.8490,0.957915789439578,0.0,Graze+Merge
47335708.006,FRAG0484,FRAG0512,0.022581418581418582,0.005703962703962704,2205.858,1394.395,1.0325,2.5856,0.9608285407138866,0.0,Graze+Merge
47335732.236,FRAG0517,FRAG0476,0.0057625707625707625,0.005645354645354646,1399.155,1389.603,4.3022,7.7740,0.8734815477232928,0.0,Hit+Run
47335837.713,FRAG0490,FRAG0493,0.005645354645354646,0.005645354645354646,1389.603,1389.603,2.0049,3.6103,0.48500000000000004,0.0,Merge
47335838.343,FRAG0478,FRAG0476,0.029327461218781076,0.005645354645354646,2406.681,1389.603,1.2311,3.3383,0.3257905162872235,0.0,Merge
47335983.179,FRAG0471,FRAG0495,0.005645354645354646,0.005645354645354646,1389.603,1389.603,1.5679,2.8234,0.59345,0.0,Hit+Run
47336080.082,FRAG0484,FRAG0489,0.028285381285381286,0.005645354645354646,2377.832,1389.603,8.2562,22.136,0.3694144388039291,0.03303084915084915,Fragment
47336084.332,FRAG0510,FRAG0517,0.012064602064602066,0.0057625707625707625,1789.911,1399.155,1.3656,2.8846,0.9622887428677609,0.0,Hit+Run
47336120.238,FRAG0478,FRAG0483,0.03497281586413572,0.005528138528138529,2552.137,1379.918,2.0606,5.9084,0.9854666732803348,0.0,Hit+Run
47336144.171,FRAG0505,FRAG0514,0.005645354645354646,0.005645354645354646,1389.603,1389.603,3.8193,6.8776,0.6859,0.0,Hit+Run
47336376.675,FRAG0500,FRAG0510,0.016936063936063936,0.012064602064602066,2004.155,1789.911,1.163,2.8726,0.5759864252336635,0.0,Hit+Run
47336383.237,FRAG0500,FRAG0473,0.016936063936063936,0.005528138528138529,2004.155,1379.918,3.3846,7.7909,0.8470095120777342,0.0,Hit+Run
47336412.992,FRAG0500,FRAG0473,0.016936063936063936,0.005528138528138529,2004.155,1379.918,1.038,2.3893,0.5996344084594504,0.0,Graze+Merge
47336680.294,FRAG0478,FRAG0513,0.03497281586413572,0.005703962703962704,2552.137,1394.395,0.9992,2.8659,0.4964549301468286,0.0,Perfect
47336741.538,FRAG0500,FRAG0490,0.022464202464202464,0.011290709290709291,2202.034,1750.790,1.5263,3.9848,0.5300603499999132,0.0,Merge
47336783.238,FRAG0500,FRAG0520,0.03375491175491176,0.009413586413586413,2522.161,1647.829,1.2322,3.5420,0.6780213789555921,0.0,Hit+Run
47337096.07,FRAG0522,FRAG0486,0.005680652680652681,0.005645354645354646,1392.493,1389.603,1.1086,1.9984,0.5427632655670764,0.0,Graze+Merge
47337129.898,FRAG0522,FRAG0479,0.011326007326007328,0.005528138528138528,1752.613,1379.918,2.5981,5.3841,0.7332087322279323,0.0,Hit+Run
47337364.638,FRAG0478,FRAG0525,0.040676778568098426,0.005680652680652681,2683.959,1392.493,1.415,4.2631,0.4246057706858504,0.0,Merge
47337737.195,FRAG0522,FRAG0509,0.011326007326007328,0.0057625707625707625,1752.613,1399.155,2.5894,5.3868,0.8985026986416514,0.0,Hit+Run
47337746.417,FRAG0495,FRAG0497,0.005645354645354646,0.005645354645354646,1389.603,1389.603,1.9674,3.5428,0.8454,0.0,Hit+Run
47337951.552,FRAG0500,FRAG0520,0.03375491175491176,0.009413586413586413,2522.161,1647.829,2.2272,6.4022,0.25536184317132116,0.010793872793872795,Fragment
47337982.938,FRAG0478,FRAG0514,0.04635743124875111,0.005645354645354646,2803.498,1389.603,1.2387,3.8973,0.42944030848023523,0.0,Merge
47338367.594,FRAG0478,FRAG0477,0.05200278589410575,0.005528138528138528,2912.970,1379.918,1.2075,3.9493,0.5764342576495401,0.0,Merge
47338486.579,FRAG0505,FRAG0497,0.005645354645354646,0.005645354645354646,1389.603,1389.603,3.2643,5.8782,0.60025,0.0,Hit+Run
47338561.383,FRAG0526,FRAG0479,0.010793872793872795,0.005528138528138528,1724.724,1379.918,2.6189,5.3648,0.8754606787761079,0.0,Hit+Run
47338693.038,FRAG0500,FRAG0505,0.032374625374625376,0.005645354645354646,2487.303,1389.603,1.5211,4.2557,0.5014503442309658,0.0,Merge
47338701.39,FRAG0507,FRAG0524,0.011290709290709291,0.005680652680652681,1750.790,1392.493,3.809,7.9074,0.9732914024761433,0.0,Hit+Run
47338724.976,FRAG0500,FRAG0479,0.03801998001998002,0.005528138528138528,2624.205,1379.918,1.7078,5.0318,0.5243660495936645,0.0,Merge
47339223.143,FRAG0500,FRAG0507,0.04354811854811855,0.011290709290709291,2745.682,1750.790,1.6151,5.0392,0.9533159038319128,0.0,Hit+Run
47339302.697,FRAG0500,FRAG0507,0.04354811854811855,0.011290709290709291,2745.682,1750.790,1.0888,3.3971,0.14899377436266123,0.0,Merge
47339744.31,FRAG0500,FRAG0526,0.05483882783882784,0.010793872793872795,2964.990,1724.724,1.2439,4.1574,0.9072537551009853,0.0,Hit+Run
47340304.704,FRAG0500,FRAG0523,0.05483882783882784,0.005680652680652681,2964.990,1392.493,2.305,7.6746,0.2987795665760046,0.0,Merge
47340568.293,FRAG0522,FRAG0495,0.011326007326007328,0.005645354645354646,1752.613,1389.603,4.9365,10.249,0.762406692419447,0.0,Hit+Run
47340584.282,FRAG0522,FRAG0483,0.011326007326007328,0.005528138528138529,1752.613,1379.918,4.4334,9.1875,0.8724092912346544,0.0,Hit+Run
47341152.916,FRAG0522,FRAG0526,0.011326007326007328,0.010793872793872795,1752.613,1724.724,1.4651,3.3013,0.6386312762093337,0.0,Hit+Run
47341210.729,FRAG0510,FRAG0524,0.012064602064602066,0.005680652680652681,1789.911,1392.493,4.1893,8.8381,0.7452889954828851,0.0,Hit+Run
47341256.952,FRAG0510,FRAG0524,0.012064602064602066,0.005680652680652681,1789.911,1392.493,1.0501,2.2153,0.7986645336847762,0.0,Graze+Merge
47341355.53,FRAG0500,FRAG0483,0.06051948051948052,0.005528138528138529,3064.024,1379.918,1.0266,3.5359,0.9217702030399219,0.0,Graze+Merge
47341375.716,FRAG0510,FRAG0498,0.01774525474525475,0.005645354645354646,2035.578,1389.603,3.4515,8.0583,0.5190598163588609,0.009492507492507494,Fragment
47341439.516,FRAG0478,FRAG0471,0.05753092442224428,0.005645354645354646,3012.735,1389.603,3.2044,10.845,0.9278400865328364,0.0,Hit+Run
47341721.898,FRAG0500,FRAG0522,0.06604761904761905,0.011326007326007328,3154.614,1752.613,1.1238,3.9868,0.8052989338066905,0.0,Hit+Run
47342345.45,FRAG0522,FRAG0526,0.011326007326007328,0.010793872793872795,1752.613,1724.724,2.129,4.7973,0.7718915630294333,0.0,Hit+Run
47342666.511,FRAG0527,FRAG0521,0.009492507492507494,0.005680652680652681,1652.421,1392.493,2.9457,5.8748,0.8305209256193534,0.0,Hit+Run
47342770.523,FRAG0500,FRAG0521,0.06604761904761905,0.005680652680652681,3154.614,1392.493,0.9682,3.4355,0.4058512130213808,0.0,Perfect
47342840.172,FRAG0510,FRAG0527,0.013898101898101901,0.009492507492507494,1876.343,1652.421,2.41,5.5434,0.9518996445082061,0.0,Hit+Run
47343134.365,FRAG0500,FRAG0510,0.07172827172827173,0.013898101898101901,3242.579,1876.343,1.55,5.6637,0.5676974947590298,0.0,Merge
47343560.552,FRAG0526,FRAG0509,0.010793872793872795,0.0057625707625707625,1724.724,1399.155,4.0432,8.3160,0.33960266049777227,0.01102863802863803,Fragment
47344325.008,FRAG0500,FRAG0478,0.08562637362637363,0.05753092442224428,3439.772,3012.735,1.3702,5.7661,0.274328518839937,0.023156843156843156,Fragment
47344365.623,FRAG0500,FRAG0530,0.12000045489177474,0.005789210789210789,3849.356,1401.308,1.0575,4.6243,0.6301148864102654,0.0,Merge
47344419.292,FRAG0500,FRAG0529,0.12578966568098554,0.005789210789210789,3910.288,1401.308,1.03,4.5801,0.15577558403560038,0.0,Merge
47344769.056,FRAG0531,FRAG0472,0.005789210789210789,0.005645354645354646,1401.308,1389.603,24.364,44.061,0.7207098912912799,0.005906759906759907,Graze+Frag
47344945.117,FRAG0500,FRAG0471,0.13157887647019634,0.005645354645354646,3969.379,1389.603,1.451,6.5599,0.5321903508085551,0.0,Merge
47345021.296,FRAG0495,FRAG0484,0.005645354645354646,0.0055274725274725225,1389.603,1379.863,5.6838,10.199,0.2140000098363756,0.005645354645354646,Fragment
47345061.925,FRAG0500,FRAG0517,0.137224231115551,0.0057625707625707625,4025.354,1399.155,1.7001,7.7982,0.2131960983943744,0.0,Merge
47345210.465,FRAG0500,FRAG0532,0.14298680187812174,0.005789210789210789,4080.930,1401.308,1.1454,5.3309,0.42043217475697187,0.0,Merge
47345235.841,FRAG0500,FRAG0495,0.14877601266733254,0.005527472527472523,4135.279,1379.863,1.3855,6.5474,0.8030407239604607,0.0,Hit+Run
47345345.525,FRAG0500,FRAG0495,0.14877601266733254,0.005527472527472523,4135.279,1379.863,1.1023,5.2091,0.5446580596497467,0.0,Merge
47346282.352,FRAG0522,FRAG0515,0.011326007326007328,0.005645354645354646,1752.613,1389.603,6.9334,14.396,0.42072087796619273,0.011443223443223445,Fragment
47347166.653,FRAG0500,FRAG0497,0.15430348519480505,0.005645354645354646,4185.870,1389.603,1.846,8.8336,0.9246420929841987,0.0,Hit+Run
47348175.507,FRAG0500,FRAG0534,0.15430348519480505,0.005645354645354646,4185.870,1389.603,1.3253,6.3419,0.31149237120748946,0.0,Merge
47348332.838,FRAG0528,FRAG0497,0.01102863802863803,0.005645354645354646,1737.138,1389.603,3.9905,8.2330,0.9451435489447196,0.0,Hit+Run
47348887.66,FRAG0528,FRAG0527,0.01102863802863803,0.009492507492507494,1737.138,1652.421,3.3485,7.3609,0.1483165668504352,0.019052134532134533,Fragment
47349079.593,FRAG0538,FRAG0528,0.007496503496503497,0.00552813852813853,1527.378,1379.918,1.2537,2.3707,0.49988037264779234,0.0,Merge
47349117.58,FRAG0536,FRAG0497,0.005721611721611722,0.005645354645354646,1395.832,1389.603,4.0443,7.2992,0.694098714075723,0.0,Hit+Run
47350766.78,FRAG0536,FRAG0497,0.005721611721611722,0.005645354645354646,1395.832,1389.603,1.1118,2.0065,0.9531266725666196,0.0,Hit+Run
47353395.645,FRAG0500,FRAG0526,0.1599488398401597,0.005527805527805529,4236.308,1379.890,1.5814,7.6691,0.5913724808034266,0.0,Merge
47354326.065,FRAG0535,FRAG0536,0.005721611721611722,0.005721611721611722,1395.832,1395.832,2.0508,3.7095,0.90385,0.0,Hit+Run
47355035.868,FRAG0535,FRAG0536,0.005721611721611722,0.005721611721611722,1395.832,1395.832,1.0717,1.9385,0.65175,0.0,Graze+Merge
47357409.07,FRAG0500,FRAG0531,0.16547664536796522,0.005527805527805528,4284.558,1379.890,6.1001,29.944,0.7913399456408345,0.0,Hit+Run
47357606.323,FRAG0500,FRAG0531,0.16547664536796522,0.005527805527805528,4284.558,1379.890,1.0841,5.3217,0.7246259490765814,0.0,Merge
47358446.864,FRAG0537,FRAG0522,0.007496503496503497,0.00552813852813853,1527.378,1379.918,2.7154,5.1348,0.4426686305759641,0.00623942723942724,Fragment
47359963.009,FRAG0535,FRAG0537,0.011443223443223445,0.006785214785214788,1758.638,1477.457,2.1764,4.6148,0.7214768984794657,0.0,Hit+Run
47362873.992,FRAG0535,FRAG0537,0.011443223443223445,0.006785214785214788,1758.638,1477.457,1.0533,2.2334,0.6896853960984408,0.0,Graze+Merge
47364022.914,FRAG0500,FRAG0533,0.17100445089577074,0.005906759906759907,4331.746,1410.729,3.797,18.828,0.7928807978854739,0.0,Hit+Run
47364161.336,FRAG0500,FRAG0533,0.17100445089577074,0.005906759906759907,4331.746,1410.729,1.1517,5.7111,0.632961923228714,0.0,Merge
47367197.843,FRAG0539,FRAG0497,0.00623942723942724,0.005645354645354646,1436.730,1389.603,5.0655,9.2803,0.2654536725971805,0.006356643356643357,Fragment
47367211.402,FRAG0540,FRAG0539,0.006356643356643357,0.005528138528138529,1445.672,1379.918,1.0519,1.9274,0.9704187536315451,0.0,Hit+Run
47370327.134,FRAG0538,FRAG0540,0.013024642024642027,0.006356643356643357,1836.182,1445.672,11.136,24.179,0.7112864378257413,0.018787905427905427,Graze+Frag
47376898.366,FRAG0500,FRAG0539,0.17691121080253064,0.005528138528138529,4381.057,1379.918,1.231,6.1890,0.5984149346438644,0.0,Merge
47382515.648,FRAG0500,FRAG0541,0.18243934933066916,0.0069267399267399265,4426.223,1487.659,10.828,54.743,0.5651517819558927,0.051800199800199814,Fragment
47382556.401,FRAG0500,FRAG0547,0.13756588945720927,0.005755577755577756,4028.692,1398.589,1.0205,4.6852,0.6806184655635685,0.0,Merge
47382770.168,FRAG0500,FRAG0551,0.14332146721278702,0.005755577755577756,4084.111,1398.589,1.0125,4.7169,0.7936257478692715,0.0,Graze+Merge
47383013.63,FRAG0500,FRAG0543,0.14907704496836477,0.005755577755577756,4138.066,1398.589,2.2953,10.844,0.8760959287053827,0.0,Hit+Run
47383017.18,FRAG0500,FRAG0543,0.14907704496836477,0.005755577755577756,4138.066,1398.589,1.0322,4.8767,0.9116719107957908,0.0,Hit+Run
47383144.882,FRAG0500,FRAG0548,0.14907704496836477,0.005755577755577756,4138.066,1398.589,1.0506,4.9636,0.9324494801679198,0.0,Hit+Run
47383198.277,FRAG0500,FRAG0550,0.14907704496836477,0.005755577755577756,4138.066,1398.589,1.2107,5.7200,0.5876016201571165,0.0,Merge
47383293.998,FRAG0500,FRAG0544,0.15483262272394252,0.005755577755577756,4190.649,1398.589,1.0608,5.0800,0.9635308139296529,0.0,Hit+Run
47383301.025,FRAG0500,FRAG0544,0.15483262272394252,0.005755577755577756,4190.649,1398.589,1.0466,5.0120,0.8504653351804571,0.0,Hit+Run
47383324.661,FRAG0500,FRAG0543,0.15483262272394252,0.005755577755577756,4190.649,1398.589,1.0794,5.1691,0.9491352092082699,0.0,Hit+Run
47383487.908,FRAG0500,FRAG0543,0.15483262272394252,0.005755577755577756,4190.649,1398.589,1.1382,5.4507,0.9045988071014912,0.0,Hit+Run
47383582.532,FRAG0500,FRAG0543,0.15483262272394252,0.005755577755577756,4190.649,1398.589,0.997,4.7745,0.768065493572124,0.0,Perfect
47384204.247,FRAG0500,FRAG0545,0.16058820047952027,0.005755577755577756,4241.945,1398.589,1.5678,7.6066,0.7934844662804473,0.0,Hit+Run
47384403.423,FRAG0500,FRAG0545,0.16058820047952027,0.005755577755577756,4241.945,1398.589,1.0083,4.8920,0.4930418122390875,0.0,Merge
47385895.683,FRAG0542,FRAG0546,0.0069267399267399265,0.005755577755577756,1487.659,1398.589,14.709,27.547,0.6792853102748925,0.007154512154512155,Graze+Frag
47386123.685,FRAG0552,FRAG0542,0.007154512154512155,0.005527805527805529,1503.790,1379.890,1.8514,3.4688,0.8177893156448268,0.0,Hit+Run
47407329.358,FRAG0535,FRAG0542,0.018228438228438233,0.005527805527805529,2053.889,1379.890,33.936,79.748,0.5036956368541551,0.023748005328005327,Fragment
47407982.902,FRAG0544,FRAG0549,0.005755577755577756,0.005755577755577756,1398.589,1398.589,69.661,126.25,0.67755,0.01151054945054945,Graze+Frag
47408242.198,FRAG0556,FRAG0544,0.005983682983682984,0.005527472527472529,1416.826,1379.863,1.2351,2.2387,0.7796703507264184,0.0,Hit+Run
47408378.541,FRAG0500,FRAG0535,0.16634377823509802,0.005527472527472533,4292.029,1379.863,3.9577,19.464,0.8058301579095648,0.0,Hit+Run
47408736.598,FRAG0556,FRAG0544,0.005983682983682984,0.005527472527472529,1416.826,1379.863,1.4434,2.6162,0.7805822458734669,0.0,Hit+Run
47410123.585,FRAG0500,FRAG0535,0.16634377823509802,0.005527472527472533,4292.029,1379.863,1.3254,6.5184,0.6288335629851145,0.0,Merge
47410826.611,FRAG0500,FRAG0554,0.17187125076257057,0.006076257076257077,4339.052,1424.095,3.3762,16.761,0.014154448705972614,0.0,Merge
47418630.304,FRAG0556,FRAG0544,0.005983682983682984,0.005527472527472529,1416.826,1379.863,14.546,26.365,0.7999853481689976,0.005983682983682984,Graze+Frag
47418939.127,FRAG0557,FRAG0556,0.005983682983682984,0.005527472527472529,1416.826,1379.863,1.8238,3.3057,0.37722062582903915,0.0,Merge
47427984.967,FRAG0500,FRAG0552,0.17794750783882765,0.007154512154512155,4389.595,1503.790,20.473,102.51,0.9294786803058716,0.0,Hit+Run
47466652.061,FRAG0500,FRAG0548,0.17794750783882765,0.005755577755577756,4389.595,1398.589,29.161,146.77,0.774600858017637,0.09121545121545124,Graze+Frag
47466659.917,FRAG0562,FRAG0564,0.005700965700965701,0.005700965700965701,1394.151,1394.151,1.1306,2.0426,0.62805,0.0,Hit+Run
47466662.771,FRAG0500,FRAG0562,0.09248763437895416,0.005700965700965701,3529.298,1394.151,1.0919,4.3564,0.719415035978081,0.0,Graze+Merge
47466716.955,FRAG0500,FRAG0558,0.09818860007991986,0.005700965700965701,3600.373,1394.151,1.1646,4.7454,0.7414807390386878,0.0,Hit+Run
47466733.211,FRAG0500,FRAG0560,0.09818860007991986,0.005700965700965701,3600.373,1394.151,0.9649,3.9316,0.4960265375583523,0.0,Perfect
47466782.552,FRAG0500,FRAG0558,0.10388956578088557,0.005700965700965701,3668.747,1394.151,2.0742,8.6217,0.9528209100612581,0.0,Hit+Run
47466783.799,FRAG0500,FRAG0558,0.10388956578088557,0.005700965700965701,3668.747,1394.151,1.0386,4.3171,0.6977498321530043,0.0,Merge
47466900.993,FRAG0500,FRAG0570,0.10959053148185127,0.005700965700965701,3734.663,1394.151,1.2952,5.4863,0.6822250938694501,0.0,Merge
47467488.041,FRAG0559,FRAG0568,0.005700965700965701,0.005700965700965701,1394.151,1394.151,6.6446,12.004,0.7642,0.005873792873792874,Graze+Frag
47467570.975,FRAG0500,FRAG0573,0.11529149718281698,0.005700965700965701,3798.332,1394.151,2.2085,9.5245,0.4366358349327553,0.0,Merge
47468952.207,FRAG0565,FRAG0567,0.005700965700965701,0.005700965700965701,1394.151,1394.151,18.199,32.880,0.4931,0.005873792873792874,Fragment
47470824.385,FRAG0500,FRAG0565,0.12099246288378268,0.005528138528138528,3859.934,1379.918,1.7047,7.4838,0.799338234522118,0.0,Hit+Run
47471675.115,FRAG0500,FRAG0575,0.12099246288378268,0.005873792873792874,3859.934,1408.099,8.8798,38.932,0.9200623361166191,0.0,Hit+Run
47471681.919,FRAG0500,FRAG0575,0.12099246288378268,0.005873792873792874,3859.934,1408.099,1.0194,4.4694,0.8510411749617369,0.0,Graze+Merge
47475712.215,FRAG0500,FRAG0565,0.12686625575757554,0.005528138528138528,3921.412,1379.918,3.6146,16.138,0.3347157782435862,0.005548784548784548,Fragment
47478495.403,FRAG0500,FRAG0576,0.12684560973692952,0.005548784548784548,3921.200,1381.634,6.1626,27.510,0.36166675763714456,0.016241245421245422,Fragment
47478939.941,FRAG0564,FRAG0566,0.005700965700965701,0.005700965700965701,1394.151,1394.151,19.103,34.513,0.2729,0.011396676656676657,Fragment
47479531.138,FRAG0578,FRAG0569,0.008120546120546121,0.005700965700965701,1568.636,1394.151,8.1823,15.789,0.7243880703507021,0.012842750582750584,Graze+Frag
47480866.276,FRAG0500,FRAG0577,0.11615330204462182,0.008120546120546121,3807.772,1568.636,5.0255,21.586,0.8517968566205106,0.0,Hit+Run
47483794.601,FRAG0580,FRAG0574,0.008293706293706295,0.005873792873792874,1579.707,1408.099,58.409,113.63,0.8580036615517901,0.014133493173493173,Graze+Frag
47485913.114,FRAG0577,FRAG0559,0.008120546120546121,0.005528138528138528,1568.636,1379.918,47.362,91.039,0.8921136783477989,0.01345025641025641,Graze+Frag
47487874.671,FRAG0582,FRAG0577,0.008120546120546121,0.005528138528138528,1568.636,1379.918,2.4563,4.7214,0.6024387437301255,0.0,Hit+Run
47489923.539,FRAG0582,FRAG0577,0.008120546120546121,0.005528138528138528,1568.636,1379.918,2.4753,4.7580,0.5709974422867746,0.0,Hit+Run
47490263.792,FRAG0582,FRAG0577,0.008120546120546121,0.005528138528138528,1568.636,1379.918,1.0831,2.0819,0.7873093402032962,0.0,Hit+Run
47492724.06,FRAG0582,FRAG0577,0.008120546120546121,0.005528138528138528,1568.636,1379.918,3.3595,6.4576,0.6492548947794463,0.0,Hit+Run
47492902.804,FRAG0582,FRAG0577,0.008120546120546121,0.005528138528138528,1568.636,1379.918,1.3856,2.6633,0.7930549587411673,0.0,Hit+Run
47495530.033,FRAG0582,FRAG0577,0.008120546120546121,0.005528138528138528,1568.636,1379.918,1.1669,2.2430,0.4782163429344841,0.0,Merge
47502916.61,FRAG0500,FRAG0561,0.11615330204462182,0.005700965700965701,3807.772,1394.151,5.7455,24.844,0.9537870282604798,0.0,Hit+Run
47502918.393,FRAG0500,FRAG0561,0.11615330204462182,0.005700965700965701,3807.772,1394.151,1.0208,4.4140,0.5213254961835103,0.0,Merge
47537305.946,FRAG0563,FRAG0578,0.005700965700965701,0.005527805527805527,1394.151,1379.890,69.346,124.65,0.8272810810688976,0.005700965700965701,Graze+Frag
47538191.978,FRAG0579,FRAG0572,0.005873792873792874,0.005700965700965701,1408.099,1394.151,29.235,53.084,0.7254932262417838,0.01155864135864136,Graze+Frag
47557857.609,FRAG0500,FRAG0579,0.12185426774558752,0.005527805527805528,3869.077,1379.890,27.812,122.40,0.24744848997218882,0.12487920745920747,Fragment
47557869.136,FRAG0587,FRAG0588,0.005538794538794539,0.005538794538794539,1380.804,1380.804,1.2675,2.2680,0.77515,0.0,Hit+Run
47557873.035,FRAG0605,FRAG0606,0.005538794538794539,0.005538794538794539,1380.804,1380.804,0.9934,1.7775,0.2583,0.0,Perfect
47557892.78,FRAG0591,FRAG0593,0.005538794538794539,0.005538794538794539,1380.804,1380.804,1.0652,1.9060,0.67855,0.0,Graze+Merge
47557907.47,FRAG0591,FRAG0588,0.011077589077589078,0.005538794538794539,1739.704,1380.804,1.7183,3.5425,0.2595751036782198,0.0,Merge
47557953.903,FRAG0605,FRAG0500,0.011077589077589078,0.0055285934199132275,1739.704,1379.956,1.4922,3.0758,0.6735396341571813,0.0,Hit+Run
47557956.665,FRAG0605,FRAG0592,0.011077589077589078,0.005538794538794539,1739.704,1380.804,1.9139,3.9457,0.5078885727037333,0.0,Merge
47557961.953,FRAG0591,FRAG0589,0.016616383616383616,0.005538794538794539,1991.465,1380.804,1.336,3.0594,0.5177867317984065,0.0,Merge
47557966.623,FRAG0591,FRAG0605,0.022155178155178156,0.016616383616383616,2191.890,1991.465,0.9837,2.6755,0.9832542380368672,0.0,Perfect
47557988.091,FRAG0590,FRAG0598,0.005538794538794539,0.005538794538794539,1380.804,1380.804,3.0298,5.4214,0.81775,0.0,Hit+Run
47557988.112,FRAG0590,FRAG0598,0.005538794538794539,0.005538794538794539,1380.804,1380.804,1.0486,1.8763,0.263,0.0,Merge
47558030.546,FRAG0595,FRAG0597,0.005538794538794539,0.005538794538794539,1380.804,1380.804,1.7428,3.1185,0.5558,0.0,Hit+Run
47558083.36,FRAG0587,FRAG0602,0.005538794538794539,0.005538794538794539,1380.804,1380.804,1.4471,2.5893,0.8856,0.0,Hit+Run
47558117.147,FRAG0591,FRAG0601,0.03877156177156177,0.005538794538794539,2641.384,1380.804,1.2464,3.6960,0.8177268048334468,0.0,Hit+Run
47558120.417,FRAG0591,FRAG0601,0.03877156177156177,0.005538794538794539,2641.384,1380.804,1.0509,3.1163,0.2679348991102203,0.0,Merge
47558292.413,FRAG0591,FRAG0590,0.044310356310356305,0.011077589077589078,2761.609,1739.704,1.0078,3.1584,0.7121031351587062,0.0,Graze+Merge
47558393.695,FRAG0591,FRAG0586,0.055387945387945385,0.005538794538794539,2974.853,1380.804,1.2955,4.3288,0.530338618864494,0.0,Merge
47558398.39,FRAG0587,FRAG0597,0.005538794538794539,0.005538794538794539,1380.804,1380.804,1.0551,1.8879,0.24495000000000003,0.0,Merge
47559621.283,FRAG0591,FRAG0587,0.06092673992673992,0.011077589077589078,3070.882,1739.704,1.2565,4.3431,0.996287089503655,0.0,Hit+Run
47559698.92,FRAG0603,FRAG0604,0.005538794538794539,0.005538794538794539,1380.804,1380.804,2.1703,3.8834,0.8126,0.0,Hit+Run
47559944.25,FRAG0591,FRAG0595,0.06092673992673992,0.005538794538794539,3070.882,1380.804,1.2422,4.2882,0.39830460121357686,0.0,Merge
47560089.11,FRAG0591,FRAG0604,0.06646553446553446,0.005538794538794539,3161.253,1380.804,1.0306,3.6660,0.7431147400272853,0.0,Graze+Merge
47560108.929,FRAG0587,FRAG0603,0.011077589077589078,0.005538794538794539,1739.704,1380.804,3.3378,6.8813,0.3760939968671114,0.01108891108891109,Fragment
47560124.333,FRAG0591,FRAG0587,0.072004329004329,0.005527472527472526,3246.734,1379.863,1.0365,3.7908,0.8684909905033241,0.0,Hit+Run
47560125.672,FRAG0591,FRAG0587,0.072004329004329,0.005527472527472526,3246.734,1379.863,1.0516,3.8460,0.34266657293372105,0.0,Merge
47560699.538,FRAG0599,FRAG0600,0.005538794538794539,0.005538794538794539,1380.804,1380.804,28.096,50.275,0.3822,0.005549783549783549,Fragment
47561254.076,FRAG0591,FRAG0500,0.07753180153180153,0.0055285934199132275,3327.773,1379.956,1.4905,5.5934,0.6080533190699439,0.0,Merge
47561438.791,FRAG0609,FRAG0594,0.005549783549783549,0.005538794538794539,1381.717,1380.804,6.0843,10.890,0.3674713505263187,0.005560772560772561,Fragment
47561988.616,FRAG0607,FRAG0599,0.005544455544455545,0.005527805527805529,1381.275,1379.890,20.589,36.836,0.457679298399247,0.011065561105561105,Fragment
47562116.115,FRAG0611,FRAG0607,0.005544455544455545,0.005527805527805529,1381.275,1379.890,1.3191,2.3599,0.6501257145039472,0.0,Hit+Run
47562238.361,FRAG0611,FRAG0607,0.005544455544455545,0.005527805527805529,1381.275,1379.890,1.0319,1.8461,0.46818456156066796,0.0,Merge
47563249.171,FRAG0596,FRAG0602,0.005538794538794539,0.005538794538794539,1380.804,1380.804,3.9835,7.1279,0.8343,0.0,Hit+Run
47563747.019,FRAG0596,FRAG0602,0.005538794538794539,0.005538794538794539,1380.804,1380.804,1.3724,2.4557,0.9176,0.0,Hit+Run
47566765.683,FRAG0591,FRAG0610,0.08306039495171476,0.005560772560772561,3405.063,1382.628,5.2784,20.289,0.9653989679463587,0.0,Hit+Run
47566882.052,FRAG0591,FRAG0610,0.08306039495171476,0.005560772560772561,3405.063,1382.628,1.0872,4.1790,0.9876598989149171,0.0,Hit+Run
47567172.822,FRAG0591,FRAG0610,0.08306039495171476,0.005560772560772561,3405.063,1382.628,1.443,5.5466,0.7471991717433657,0.0,Hit+Run
47567768.883,FRAG0591,FRAG0610,0.08306039495171476,0.005560772560772561,3405.063,1382.628,1.0837,4.1655,0.950676882609325,0.0,Hit+Run
47569310.22,FRAG0608,FRAG0602,0.005544455544455545,0.005538794538794539,1381.275,1380.804,31.134,55.720,0.45762790113672924,0.01108103896103896,Fragment
47570895.73,FRAG0610,FRAG0612,0.005560772560772561,0.005555444555444556,1382.628,1382.186,17.068,30.577,0.5141321280985746,0.011101491841491843,Graze+Frag
47571208.728,FRAG0613,FRAG0610,0.005588411588411589,0.005527805527805528,1384.915,1379.890,0.9528,1.7068,0.7883801735610995,0.0,Perfect
47573291.525,FRAG0591,FRAG0613,0.08306039495171476,0.011116217116217117,3405.063,1741.724,4.6869,17.912,0.3417773707851348,0.041188811188811195,Fragment
47573343.113,FRAG0618,FRAG0620,0.005884115884115884,0.005884115884115884,1408.924,1408.924,1.3752,2.5108,0.9993499999999998,0.0,Hit+Run
47573354.097,FRAG0591,FRAG0620,0.05298780087912068,0.005884115884115884,2931.247,1408.924,0.9917,3.2631,0.9580207800828319,0.0,Perfect
47573368.962,FRAG0591,FRAG0611,0.05887191676323657,0.011072261072261074,3035.963,1739.426,5.6356,19.269,0.7970423226652413,0.005544455544455545,Hit+Run+Frag
47573437.026,FRAG0591,FRAG0618,0.058871916763236574,0.005884115884115884,3035.963,1408.924,1.1701,3.9901,0.8219507232715516,0.0,Hit+Run
47573606.044,FRAG0616,FRAG0596,0.005884115884115884,0.005538794538794539,1408.924,1380.804,2.4326,4.3977,0.7914983698924603,0.0,Hit+Run
47573618.07,FRAG0615,FRAG0616,0.005884115884115884,0.005884115884115884,1408.924,1408.924,1.4866,2.7142,0.15175,0.0,Merge
47573778.701,FRAG0618,FRAG0617,0.005884115884115884,0.005884115884115884,1408.924,1408.924,2.9039,5.3019,0.11805,0.006240426240426241,Fragment
47574037.859,FRAG0591,FRAG0611,0.058871916763236574,0.005527805527805528,3035.963,1379.890,1.9556,6.6722,0.832717451291101,0.0,Hit+Run
47574202.164,FRAG0609,FRAG0611,0.005527805527805527,0.005527805527805528,1379.890,1379.890,9.0793,16.235,0.8912,0.0,Hit+Run
47574268.325,FRAG0619,FRAG0618,0.005884115884115884,0.005527805527805528,1408.924,1379.890,3.4833,6.2953,0.15019752910572587,0.010688011988011987,Fragment
47574792.666,FRAG0591,FRAG0619,0.058871916763236574,0.005527805527805528,3035.963,1379.890,1.9258,6.5705,0.6030876389304439,0.0,Merge
47576788.128,FRAG0591,FRAG0615,0.0643997222910421,0.011768231768231769,3128.156,1775.133,2.0777,7.3161,0.5210309230567564,0.006768564768564769,Fragment
47576875.583,FRAG0591,FRAG0609,0.0693993892907091,0.005527805527805527,3207.099,1379.890,1.277,4.6110,0.5020061426806437,0.0,Merge
47577546.979,FRAG0624,FRAG0614,0.006768564768564769,0.005884115884115884,1476.248,1408.924,2.608,4.8794,0.2555777975679321,0.007124875124875124,Fragment
47577551.04,FRAG0625,FRAG0624,0.007124875124875124,0.005527805527805528,1501.710,1379.890,1.05,1.9657,0.9469068413343985,0.0,Hit+Run
47578293.749,FRAG0625,FRAG0624,0.007124875124875124,0.005527805527805528,1501.710,1379.890,1.17,2.1903,0.9327840150272098,0.0,Hit+Run
47578296.376,FRAG0625,FRAG0624,0.007124875124875124,0.005527805527805528,1501.710,1379.890,1.0368,1.9410,0.992454259018838,0.0,Graze+Merge
47578388.422,FRAG0622,FRAG0621,0.006240426240426241,0.005544455544455545,1436.807,1381.275,6.4889,11.855,0.92334359474353,0.0,Hit+Run
47578425.643,FRAG0622,FRAG0621,0.006240426240426241,0.005544455544455545,1436.807,1381.275,1.184,2.1631,0.0814235074989187,0.0,Merge
47578479.044,FRAG0622,FRAG0585,0.011784881784881785,0.005538794538794539,1775.969,1380.804,6.6274,13.870,0.5488628174250669,0.011795537795537795,Fragment
47578752.267,FRAG0591,FRAG0611,0.07492719481851463,0.005527805527805528,3290.084,1379.890,1.7116,6.3471,0.2825823958194891,0.0,Merge
47580854.703,FRAG0623,FRAG0622,0.005884115884115884,0.00552813852813853,1408.924,1379.918,8.5448,15.443,0.41077833015993326,0.005884115884115884,Fragment
47583657.847,FRAG0591,FRAG0596,0.08045500034632017,0.005538794538794539,3369.081,1380.804,1.2118,4.6065,0.36989854707052355,0.0,Merge
47585205.749,FRAG0591,FRAG0628,0.0859937948851147,0.005884115884115884,3444.685,1408.924,4.0349,15.684,0.9812536488611158,0.0,Hit+Run
47585257.262,FRAG0591,FRAG0628,0.0859937948851147,0.005884115884115884,3444.685,1408.924,1.0549,4.1005,0.8815385196371994,0.0,Hit+Run
47585263.325,FRAG0591,FRAG0628,0.0859937948851147,0.005884115884115884,3444.685,1408.924,1.048,4.0737,0.38012400862868045,0.0,Merge
47586125.51,FRAG0625,FRAG0623,0.012652680652680652,0.0055281385281385305,1818.533,1379.918,5.0586,10.775,0.8149267475916957,0.0,Hit+Run
47587053.125,FRAG0625,FRAG0626,0.012652680652680652,0.005897768897768898,1818.533,1410.012,4.6892,10.042,0.4477972497590979,0.01733132867132867,Fragment
47587107.311,FRAG0591,FRAG0629,0.09187791076923059,0.006511488511488512,3521.525,1457.316,1.533,6.0884,0.607003227073876,0.0,Merge
47587173.267,FRAG0591,FRAG0630,0.0983893992807191,0.006511488511488512,3602.826,1457.316,1.373,5.5851,0.354718832249492,0.0,Merge
47587462.666,FRAG0591,FRAG0623,0.10490088779220762,0.0055281385281385305,3680.613,1379.918,1.3746,5.7368,0.9680595794596342,0.0,Hit+Run
47588466.366,FRAG0591,FRAG0625,0.10490088779220762,0.005527472527472526,3680.613,1379.863,1.3598,5.6751,0.8789000798944341,0.0,Hit+Run
47594818.388,FRAG0627,FRAG0623,0.005897768897768898,0.0055281385281385305,1410.012,1379.918,4.1947,7.5841,0.8889364029823323,0.0,Hit+Run
47594825.479,FRAG0627,FRAG0623,0.005897768897768898,0.0055281385281385305,1410.012,1379.918,0.9532,1.7234,0.25577958584874544,0.0,Perfect
47597986.926,FRAG0591,FRAG0627,0.10490088779220762,0.011425907425907428,3680.613,1757.751,5.2122,21.536,0.2851979639388229,0.046385614385614386,Fragment
47598005.113,FRAG0591,FRAG0625,0.06994118083250067,0.005527472527472526,3215.423,1379.863,2.3455,8.4921,0.24287352438867746,0.0,Merge
47598107.826,FRAG0591,FRAG0632,0.0754686533599732,0.005798201798201798,3297.990,1402.033,1.292,4.7998,0.49287166564919793,0.0,Merge
47598126.717,FRAG0591,FRAG0637,0.081266855158175,0.005798201798201798,3380.375,1402.033,1.1519,4.3910,0.2864803769520674,0.0,Merge
47598211.918,FRAG0591,FRAG0631,0.0870650569563768,0.005798201798201798,3458.930,1402.033,1.1471,4.4793,0.6856717303674373,0.0,Merge
47598236.348,FRAG0591,FRAG0636,0.0928632587545786,0.005798201798201798,3534.070,1402.033,1.336,5.3363,0.7701620047312546,0.0,Hit+Run
47598376.489,FRAG0636,FRAG0638,0.005798201798201798,0.005798201798201798,1402.033,1402.033,3.0528,5.5465,0.67155,0.0,Hit+Run
47598432.229,FRAG0591,FRAG0635,0.0928632587545786,0.005798201798201798,3534.070,1402.033,1.3199,5.2720,0.7112382034954245,0.0,Merge
47598577.615,FRAG0591,FRAG0636,0.0986614605527804,0.005798201798201798,3606.143,1402.033,1.0568,4.3120,0.37896293917068763,0.0,Merge
47598841.366,FRAG0591,FRAG0634,0.1044596623509822,0.005798201798201798,3675.446,1402.033,1.0784,4.4897,0.8957918466470721,0.0,Hit+Run
47599025.183,FRAG0591,FRAG0634,0.1044596623509822,0.005798201798201798,3675.446,1402.033,1.0212,4.2515,0.8412118828190404,0.0,Graze+Merge
47601258.546,FRAG0591,FRAG0633,0.110257864149184,0.005798201798201798,3742.229,1402.033,2.1426,9.0922,0.8961541589799711,0.0,Hit+Run
47605024.46,FRAG0591,FRAG0633,0.110257864149184,0.005798201798201798,3742.229,1402.033,1.123,4.7655,0.6442358334220818,0.0,Merge
50494199.211,E0,P779,0.9660400203563093,0.0024355585714285716,7714.815,1050.009,2.9851,28.034,0.41158238670763,0.0,Merge
64463153.837,FRAG0591,FRAG0638,0.1160560659473858,0.005798201798201798,3806.710,1402.033,1.5355,6.6353,0.7881279484103474,0.0,Hit+Run
64479044.987,FRAG0591,FRAG0638,0.1160560659473858,0.005798201798201798,3806.710,1402.033,1.2762,5.5148,0.036029959065866216,0.0,Merge
177879999.643,E0,E3,0.9684755789277378,0.5014518318581419,7721.293,6200.169,1.294,11.879,0.46345077030564313,0.13456143856143857,Fragment
177880151.248,E0,FRAG0644,1.335365972224441,0.005606726606726607,8593.972,1386.426,1.0431,10.802,0.48151874656082383,0.0,Merge
177893675.028,E0,FRAG0641,1.3409726988311677,0.005606726606726607,8605.983,1386.426,1.0521,10.911,0.5475840228236583,0.0,Merge
177897053.168,E0,FRAG0647,1.3465794254378942,0.005606726606726607,8617.960,1386.426,1.0231,10.626,0.9942487869158353,0.0,Hit+Run
177906759.2,E0,FRAG0656,1.3465794254378942,0.005606726606726607,8617.960,1386.426,1.0202,10.596,0.710669943862038,0.0,Merge
177914694.23,E0,FRAG0649,1.3521861520446208,0.005606726606726607,8629.905,1386.426,1.0295,10.708,0.875282545121803,0.0,Graze+Merge
177930656.048,E0,FRAG0648,1.3577928786513473,0.005606726606726607,8641.816,1386.426,1.0318,10.748,0.9567985569199176,0.0,Hit+Run
177938925.307,E0,FRAG0648,1.3577928786513473,0.005606726606726607,8641.816,1386.426,1.032,10.750,0.8950974160791844,0.0,Hit+Run
177988709.712,E0,FRAG0653,1.3577928786513473,0.005606726606726607,8641.816,1386.426,1.0199,10.624,0.9503354485916284,0.0,Graze+Merge
178043134.515,E0,FRAG0655,1.363399605258074,0.005606726606726607,8653.694,1386.426,1.118,11.663,0.5902368885116088,0.0,Merge
178055861.559,E0,FRAG0658,1.3690063318648005,0.005606726606726607,8665.540,1386.426,1.0718,11.197,0.6090553364594115,0.0,Merge
178274428.911,E0,FRAG0662,1.374613058471527,0.005606726606726607,8677.354,1386.426,0.9992,10.454,0.537517914632209,0.0,Perfect
178310205.706,E0,FRAG0650,1.3802197850782536,0.005606726606726607,8689.136,1386.426,1.183,12.395,0.8611897228717871,0.0,Merge
178390534.032,FRAG0660,FRAG0661,0.005606726606726607,0.005606726606726607,1386.426,1386.426,8.4232,15.133,0.81975,0.0,Hit+Run
178659084.201,E0,FRAG0657,1.3858265116849802,0.005606726606726607,8700.885,1386.426,1.0904,11.441,0.30103251849477614,0.0,Merge
179150766.747,E0,FRAG0645,1.3914332382917067,0.005606726606726607,8712.604,1386.426,1.369,14.385,0.23552169655766952,0.0,Merge
179455868.787,E0,FRAG0652,1.3970399648984333,0.005606726606726607,8724.290,1386.426,1.0706,11.265,0.4949453975963576,0.0,Merge
179617731.928,E0,FRAG0648,1.4026466915051599,0.005606726606726607,8735.946,1386.426,1.51,15.912,0.5750391620853552,0.0,Merge
179637983.625,E0,FRAG0654,1.4082534181118864,0.005606726606726607,8747.570,1386.426,1.8792,19.830,0.8152834482564183,0.0,Merge
181613315.273,E0,FRAG0647,1.413860144718613,0.005606726606726607,8759.164,1386.426,1.3664,14.439,0.8843261865764843,0.0,Hit+Run
181826522.915,E0,FRAG0640,1.413860144718613,0.005606726606726607,8759.164,1386.426,1.5834,16.732,0.7293554255782623,0.0,Merge
181830807.739,E0,FRAG0647,1.4194668713253396,0.005606726606726607,8770.727,1386.426,1.0964,11.602,0.8224860601729308,0.0,Merge
183121732.614,E0,FRAG0642,1.4250735979320661,0.005606726606726607,8782.259,1386.426,1.2235,12.965,0.5708774298981893,0.0,Merge
183249047.321,E0,FRAG0639,1.4306803245387927,0.005606726606726607,8793.762,1386.426,1.8457,19.586,0.5342672781478247,0.0,Merge
183354936.424,E0,FRAG0643,1.4362870511455192,0.005606726606726607,8805.234,1386.426,1.2579,13.367,0.49954432311272495,0.0,Merge
184442525.08,E0,FRAG0660,1.4418937777522458,0.005606726606726607,8816.677,1386.426,1.0925,11.625,0.3331171597864625,0.0,Merge
188826597.413,E10,FRAG0659,0.22231535956709958,0.005606726606726607,4727.704,1386.426,3.2286,17.611,0.44770724549798613,0.0,Merge
189935180.155,E0,FRAG0646,1.4475005043589724,0.005606726606726607,8828.090,1386.426,3.0772,32.790,0.30335840897989713,0.0,Merge
