time_yr,target,projectile,Mt_Mearth,Mp_Mearth,Rt_km,Rp_km,vimp/vesc,vimp_km/s,b,m_frag_Mearth,Regime
44531.082,E3,E9,0.40336,0.07894000000000001,5766.223,3347.800,1.0874,7.0672,0.7458616397819671,0.0,Hit+Run
90198.658,M0,P102,0.05,0.0024355585714285716,2875.083,1050.009,3.7766,12.332,0.9920084349164597,0.0,Hit+Run
114487.147,M0,P102,0.05,0.0024355585714285716,2875.083,1050.009,1.0516,3.4339,0.4145881814684458,0.0,Merge
136091.846,M1,P700,0.05,0.0024355585714285716,2875.083,1050.009,2.6804,8.7527,0.4786808773668363,0.0,Merge
150686.493,E16,P652,0.04256,0.0024355585714285716,2724.756,1050.009,3.8195,11.781,0.6708729742347592,0.0,Merge
187999.744,M1,P647,0.05243555857142857,0.0024355585714285716,2921.028,1050.009,2.632,8.7410,0.5296198019152526,0.0,Merge
200521.636,E11,P386,0.020565714285714288,0.0024355585714285716,2138.167,1050.009,2.6876,6.4495,0.6082842300081839,0.0,Merge
207250.153,M0,P352,0.05243555857142857,0.0024355585714285716,2921.028,1050.009,1.2011,3.9889,0.5502896858511118,0.0,Merge
243615.799,M1,P78,0.05487111714285714,0.0024355585714285716,2965.571,1050.009,3.5676,12.040,0.5323224244048992,0.0,Merge
288813.675,M1,P653,0.05730667571428571,0.0024355585714285716,3008.815,1050.009,4.4671,15.311,0.2978551634869403,0.0,Merge
459763.607,E0,P420,0.4524555555544456,0.0024355585714285716,5991.273,1050.009,1.3218,9.4918,0.6440296040264635,0.0,Merge
463548.957,E3,E4,0.40336,0.0574,5766.223,3010.448,1.0035,6.4960,0.7874733974651,0.0,Graze+Merge
480436.754,E0,M2,0.4548911141258742,0.05,6002.004,2875.083,1.3582,9.1513,0.751172773108025,0.021794205794205795,Hit+Run+Frag
490489.819,E0,FRAG0003,0.4548907811255412,0.007264735264735265,6002.003,1511.473,1.1433,8.0110,0.6015202801714193,0.0,Merge
512051.48,E0,M3,0.46215551639027647,0.05,6033.785,2875.083,1.5657,10.606,0.7820534776445381,0.03654545454545455,Hit+Run+Frag
522072.474,E1,FRAG0004,0.23462666666666668,0.006090909090909091,4813.411,1425.239,1.0729,5.9542,0.46670867299738145,0.0,Merge
550612.25,E0,FRAG0009,0.46215518338994344,0.006090909090909091,6033.784,1425.239,1.024,7.2485,0.4018735004928589,0.0,Merge
559172.018,E10,P425,0.14002,0.0024355585714285716,4052.507,1050.009,1.4685,6.9323,0.1311252772678635,0.0,Merge
622076.07,E0,FRAG0005,0.4682460924808525,0.006090909090909091,6060.176,1425.239,1.3953,9.9234,0.5448593172240764,0.0,Merge
700678.735,E11,P329,0.02300127285714286,0.0024355585714285716,2219.445,1050.009,2.628,6.5490,0.6759914322995272,0.0,Merge
798654.72,E3,P831,0.46076,0.0024355585714285716,6027.706,1050.009,2.5845,18.679,0.8038683518499996,0.0,Merge
845596.247,M0,P503,0.05487111714285714,0.0024355585714285716,2965.571,1050.009,5.7155,19.290,0.9336320878644194,0.0,Hit+Run
848299.875,M2,P541,0.028206127206127207,0.0024355585714285716,2375.609,1050.009,4.5096,12.049,0.5774634466812447,0.0,Merge
885820.738,M0,P503,0.05487111714285714,0.0024355585714285716,2965.571,1050.009,1.0305,3.4780,0.9629511781098058,0.0,Hit+Run
898398.269,M0,P503,0.05487111714285714,0.0024355585714285716,2965.571,1050.009,1.0853,3.6629,0.5993796887444729,0.0,Merge
917363.444,E6,P764,0.08018000000000002,0.0024355585714285716,3365.238,1050.009,2.4391,9.4262,0.9212536843292153,0.0,Hit+Run
988527.431,M0,P757,0.05730667571428571,0.0024355585714285716,3008.815,1050.009,9.1057,31.211,0.7941568856235915,0.0,Graze+Frag
1001883.406,E0,P326,0.4743370015717616,0.0024355585714285716,6086.339,1050.009,3.0797,22.489,0.5727838448701622,0.0,Merge
1046575.206,M0,P47,0.059743589743589745,0.0024355585714285716,3050.874,1050.009,3.999,13.912,0.7907500233176038,0.0,Hit+Run
1248210.477,M1,P631,0.05974223428571428,0.0024355585714285716,3050.851,1050.009,6.4141,22.313,0.7689506458219136,0.0,Hit+Run
1249940.771,M1,P631,0.05974223428571428,0.0024355585714285716,3050.851,1050.009,1.0161,3.5348,0.7760926022846558,0.0,Graze+Merge
1331260.3,E6,P707,0.08018000000000002,0.0024355585714285716,3365.238,1050.009,1.2263,4.7392,0.47910984195362355,0.0,Merge
1504993.367,E3,E9,0.4631955585714286,0.07894000000000001,6038.308,3347.800,1.341,9.1053,0.9835779737144413,0.0,Hit+Run
1536886.925,E5,P317,0.0735,0.0024355585714285716,3269.060,1050.009,1.9224,7.2015,0.87897618129947,0.0,Hit+Run
1842513.215,E6,P819,0.08261555857142859,0.0024355585714285716,3398.973,1050.009,6.4363,25.142,0.9539928368251337,0.0,Hit+Run
1889906.118,E3,P163,0.4631955585714286,0.0024355585714285716,6038.308,1050.009,1.9093,13.825,0.8148965169028555,0.0,Merge
1920115.728,E19,P171,0.041620000000000004,0.0024355585714285716,2704.547,1050.009,2.8462,8.7105,0.642180623736663,0.0,Merge
1962740.024,M0,P766,0.059743589743589745,0.0024355585714285716,3050.874,1050.009,6.6301,23.065,0.912758682480354,0.0,Hit+Run
1963442.84,M0,P766,0.059743589743589745,0.0024355585714285716,3050.874,1050.009,1.1222,3.9040,0.8888033237910822,0.0,Hit+Run
1968618.722,M1,P796,0.062177792857142845,0.0024355585714285716,3091.758,1050.009,4.8381,17.072,0.6330920129185761,0.0,Merge
2046529.794,M0,P766,0.059743589743589745,0.0024355585714285716,3050.874,1050.009,1.0821,3.7645,0.8335274495484462,0.0,Hit+Run
2100259.989,M1,M0,0.06461335142857141,0.059743589743589745,3131.611,3050.874,4.1449,16.608,0.8576051970185802,0.00742992340992341,Hit+Run+Frag
2145854.478,E3,P443,0.46563111714285715,0.0024355585714285716,6048.873,1050.009,3.0009,21.770,0.52403413774654,0.0,Merge
2163374.592,M1,M0,0.0646156824309024,0.05316350316350317,3131.649,2934.483,1.3003,5.1189,0.9277036903602922,0.0,Hit+Run
2261294.058,E0,M2,0.4767725601431902,0.03064168577755578,6096.739,2442.107,1.4843,10.222,0.9633292359785467,0.0,Hit+Run
2264175.895,M1,P562,0.0646156824309024,0.0024355585714285716,3131.649,1050.009,6.78,24.255,0.7170728560943808,0.0,Merge
2292827.938,E1,P434,0.24071757575757577,0.0024355585714285716,4854.708,1050.009,2.3146,13.270,0.7288576275734494,0.0,Merge
2338390.912,E8,P729,0.11363999999999999,0.0024355585714285716,3780.108,1050.009,1.7331,7.5905,0.4584540973282814,0.0,Merge
2504049.433,E12,P565,0.09854,0.0024355585714285716,3604.663,1050.009,3.5933,14.952,0.9207831600856342,0.0,Hit+Run
2534040.048,M0,P786,0.05316350316350317,0.0024355585714285716,2934.483,1050.009,3.2225,10.754,0.7392009220450922,0.0,Hit+Run
2564293.566,M2,FRAG0007,0.03064168577755578,0.006090909090909091,2442.107,1425.239,2.1984,6.0531,0.6703036815499094,0.0,Hit+Run
2585921.086,M1,P93,0.06705124100233098,0.0024355585714285716,3170.512,1050.009,11.368,41.211,0.846392011455213,0.0,Hit+Run
2634228.745,M1,M0,0.06705124100233098,0.05316350316350317,3170.512,2934.483,2.3741,9.4122,0.9265899699742236,0.0,Hit+Run
2674653.037,M1,P744,0.06705124100233098,0.0024355585714285716,3170.512,1050.009,12.189,44.189,0.6099100684303607,0.019926080586080586,Fragment
2688452.782,M1,P257,0.04956072564768563,0.0024355585714285716,2866.639,1050.009,9.3157,30.325,0.5794540865179225,0.014886446886446887,Fragment
2707486.142,M0,P405,0.05316350316350317,0.0024355585714285716,2934.483,1050.009,6.2296,20.790,0.7871455071055041,0.0,Hit+Run
2732806.641,M0,FRAG0011,0.05316350316350317,0.006642024642024642,2934.483,1466.990,1.2026,3.9605,0.8915842241200825,0.0,Hit+Run
2856494.09,M0,M1,0.05316350316350317,0.03710983733266731,2934.483,2603.096,1.0515,3.7930,0.5489988888432372,0.0,Graze+Merge
2880728.309,M0,P405,0.09027334049617047,0.0024355585714285716,3500.905,1050.009,1.3695,5.5224,0.5867260469262692,0.0,Merge
2928473.863,M0,FRAG0014,0.09270889906759905,0.007443223443223444,3532.110,1523.751,1.4399,5.7256,0.6045131745366511,0.0,Merge
2958931.961,M2,FRAG0002,0.03064168577755578,0.007264735264735265,2442.107,1511.473,6.3377,17.532,0.8278349697448125,0.0,Hit+Run
2986469.04,E6,P786,0.08261555857142859,0.0024355585714285716,3398.973,1050.009,3.5239,13.765,0.7712467116000421,0.0,Hit+Run
3046117.79,M0,P93,0.10015212251082249,0.0024355585714285716,3624.214,1050.009,1.4485,6.0627,0.932605045857823,0.0,Hit+Run
3221476.598,M0,FRAG0012,0.10015212251082249,0.006642024642024642,3624.214,1466.990,2.4002,9.8212,0.8604226245070767,0.0,Hit+Run
3239212.817,M0,FRAG0010,0.10015212251082249,0.006577755577755579,3624.214,1462.243,1.1081,4.5349,0.8435550630221269,0.0,Hit+Run
3262734.887,M0,FRAG0010,0.10015212251082249,0.006577755577755579,3624.214,1462.243,1.3436,5.4987,0.302679441483064,0.0,Merge
3289149.246,E9,P715,0.07894000000000001,0.0024355585714285716,3347.800,1050.009,2.9428,11.309,0.7974777207092527,0.0,Hit+Run
3311880.153,M0,FRAG0012,0.10672987808857808,0.006642024642024642,3701.881,1466.990,1.2567,5.2582,0.4582883690981772,0.0,Merge
3337247.608,M0,P279,0.11337190273060271,0.0024355585714285716,3777.133,1050.009,8.7459,38.272,0.8539182432421878,0.0,Hit+Run
3368486.348,E6,FRAG0008,0.08261555857142859,0.006090909090909091,3398.973,1425.239,2.9642,11.356,0.9766685264917324,0.0,Hit+Run
3378145.9,M0,P656,0.11337190273060271,0.0024355585714285716,3777.133,1050.009,7.4324,32.524,0.7100205387317523,0.0,Merge
3420653.542,M3,FRAG0006,0.013454878454878454,0.006090909090909091,1856.181,1425.239,10.696,23.323,0.5584799783698073,0.014017982017982019,Fragment
3471358.079,M0,P41,0.11580746130203129,0.0024355585714285716,3803.990,1050.009,5.8774,25.916,0.4839233396933002,0.0,Merge
3480972.828,P33,P134,0.0024355585714285716,0.0024355585714285716,1050.009,1050.009,34.917,47.511,0.96125,0.0,Hit+Run
3509689.36,P33,P398,0.0024355585714285716,0.0024355585714285716,1050.009,1050.009,14.169,19.279,0.37835,0.0,Merge
3519595.451,P33,P185,0.004871117142857143,0.0024355585714285716,1322.929,1050.009,5.7198,8.9671,0.28761768897679035,0.0,Fragment
3521795.535,E9,P763,0.07894000000000001,0.0024355585714285716,3347.800,1050.009,2.8861,11.091,0.909304254856054,0.0,Hit+Run
3523674.778,E9,P763,0.07894000000000001,0.0024355585714285716,3347.800,1050.009,1.0476,4.0260,0.8443702632786397,0.0,Hit+Run
3535650.877,P33,P355,0.0073066933066933066,0.0024355585714285716,1514.377,1050.009,3.7809,6.5840,0.6568004018618729,0.0,Graze+Frag
3539811.458,P33,P633,0.009742257742257742,0.0024355585714285716,1666.788,1050.009,4.9427,9.3492,0.7743748220868029,0.0,Hit+Run
3541794.047,P33,P253,0.009742257742257742,0.0024355585714285716,1666.788,1050.009,2.9775,5.6320,0.48958256062848104,0.0,Merge
3542160.366,P33,P621,0.012177816313686314,0.0024355585714285716,1795.492,1050.009,1.5687,3.1760,0.6656347100559372,0.0,Hit+Run
3542585.327,P33,P371,0.012177816313686314,0.0024355585714285716,1795.492,1050.009,1.4546,2.9450,0.645442928160222,0.0,Hit+Run
3542645.954,P33,P128,0.012177816313686314,0.0024355585714285716,1795.492,1050.009,1.7685,3.5806,0.1432354528227299,0.0,Merge
3543388.59,P33,P783,0.014613374885114886,0.0024355585714285716,1907.995,1050.009,1.0956,2.3499,0.15106549742717584,0.0,Merge
3544699.236,P33,P621,0.017048933456543458,0.0024355585714285716,2008.597,1050.009,1.678,3.7838,0.7638115936739746,0.0,Hit+Run
3545430.625,P33,P621,0.017048933456543458,0.0024355585714285716,2008.597,1050.009,1.3161,2.9677,0.7452268906381448,0.0,Hit+Run
3546046.203,P33,P533,0.017048933456543458,0.0024355585714285716,2008.597,1050.009,2.0733,4.6752,0.20686153555782133,0.0,Merge
3549699.857,P33,P371,0.01948449202797203,0.0024355585714285716,2100.020,1050.009,1.1228,2.6462,0.8855334517840147,0.0,Hit+Run
3549807.714,P33,P371,0.01948449202797203,0.0024355585714285716,2100.020,1050.009,0.9899,2.3329,0.9326001247464114,0.0,Perfect
3550959.121,P33,P625,0.021920050599400602,0.0024355585714285716,2184.109,1050.009,1.2244,3.0019,0.3471889983218749,0.0,Merge
3551108.066,P33,P79,0.024355609170829174,0.0024355585714285716,2262.178,1050.009,0.9996,2.5399,0.9240801343837457,0.0,Perfect
3551964.671,P33,P70,0.026791167742257746,0.0024355585714285716,2335.201,1050.009,1.4254,3.7418,0.3144219841831462,0.0,Merge
3551986.423,P33,P446,0.029226726313686318,0.0024355585714285716,2403.923,1050.009,10.056,27.203,0.855378935815114,0.0,Hit+Run
3552477.826,P33,P446,0.029226726313686318,0.0024355585714285716,2403.923,1050.009,1.1887,3.2154,0.9652766851765513,0.0,Hit+Run
3554783.189,P33,P633,0.029226726313686318,0.0024355585714285716,2403.923,1050.009,1.6208,4.3843,0.15555507905181284,0.0,Merge
3589376.249,P33,P446,0.03166228488511489,0.0024355585714285716,2468.925,1050.009,1.0134,2.8183,0.4087588431637111,0.0,Merge
3602392.726,P33,P621,0.03409784345654346,0.0024355585714285716,2530.673,1050.009,2.0287,5.7894,0.91284753437795,0.0,Hit+Run
3604942.193,P33,P621,0.03409784345654346,0.0024355585714285716,2530.673,1050.009,1.216,3.4701,0.9252157844953346,0.0,Hit+Run
3606321.784,P33,P621,0.03409784345654346,0.0024355585714285716,2530.673,1050.009,1.0099,2.8820,0.9784345978575673,0.0,Graze+Merge
3612816.889,M0,P745,0.11824301987345986,0.0024355585714285716,3830.472,1050.009,5.6742,25.208,0.9665493186090545,0.0,Hit+Run
3673720.336,P33,P220,0.03653340202797203,0.0024355585714285716,2589.547,1050.009,2.1005,6.1406,0.6256936925867698,0.0,Merge
3691587.721,P33,P585,0.038968960599400596,0.0024355585714285716,2645.859,1050.009,2.4036,7.1876,0.8085333799203959,0.0,Hit+Run
3692246.0,P33,P585,0.038968960599400596,0.0024355585714285716,2645.859,1050.009,1.0496,3.1386,0.9817803056692324,0.0,Hit+Run
3692251.208,P33,P585,0.038968960599400596,0.0024355585714285716,2645.859,1050.009,1.0502,3.1404,0.25442957607907624,0.0,Merge
3780006.564,E0,P732,0.4767725601431902,0.0024355585714285716,6096.739,1050.009,1.6695,12.213,0.7646997178930743,0.0,Merge
3784294.579,E0,E6,0.47920811871461877,0.08261555857142859,6107.102,3398.973,1.2269,8.4268,0.9294208530217074,0.0,Hit+Run
3784840.94,P33,P134,0.041404519170829164,0.0024355585714285716,2699.871,1050.009,7.332,22.397,0.8446905249820977,0.0,Hit+Run
3785162.082,P33,P134,0.041404519170829164,0.0024355585714285716,2699.871,1050.009,1.0544,3.2209,0.6992528450925787,0.0,Merge
3803765.379,E0,E6,0.47920811871461877,0.08261555857142859,6107.102,3398.973,1.0388,7.1349,0.7654696525716211,0.0,Graze+Merge
3860807.131,M0,P118,0.11824301987345986,0.0024355585714285716,3830.472,1050.009,4.941,21.951,0.7519698758906496,0.0,Merge
3905363.514,E0,P544,0.5618236772860473,0.0024355585714285716,6439.624,1050.009,2.2844,17.714,0.6495826170912823,0.0,Merge
3985010.346,P33,P842,0.04384007774225773,0.0024355585714285716,2751.804,1050.009,10.852,33.826,0.7510288939513741,0.007773559773559774,Graze+Frag
3985268.752,P33,FRAG0018,0.03850207654012653,0.007773559773559774,2635.250,1545.968,1.1196,3.3277,0.9944226154785935,0.0,Hit+Run
4004003.068,P33,P342,0.03850207654012653,0.0024355585714285716,2635.250,1050.009,1.0122,3.0140,0.9061474909919468,0.0,Graze+Merge
4011364.397,P33,FRAG0018,0.0409376351115551,0.007773559773559774,2689.685,1545.968,1.7391,5.2690,0.9392443466949185,0.0,Hit+Run
4011577.106,P33,FRAG0018,0.0409376351115551,0.007773559773559774,2689.685,1545.968,1.058,3.2055,0.19805984161594556,0.0,Merge
4093718.457,E0,FRAG0016,0.5642592358574758,0.007008991008991009,6448.916,1493.524,1.0493,7.9506,0.9583522379942399,0.0,Hit+Run
4117575.684,P33,P115,0.04871119488511487,0.0024355585714285716,2850.165,1050.009,18.721,60.569,0.6718780498438617,0.04031318015318015,Fragment
4117575.719,P33,FRAG0022,0.010834399144189127,0.005758907758907759,1726.879,1398.858,1.2681,2.6103,0.6842352862515713,0.0,Hit+Run
4117679.965,P33,FRAG0020,0.010834399144189127,0.005758907758907759,1726.879,1398.858,1.1359,2.3382,0.7497583423270144,0.0,Hit+Run
4119940.54,P33,FRAG0024,0.010834399144189127,0.005758907758907759,1726.879,1398.858,1.2528,2.5788,0.5782713557686877,0.0,Hit+Run
4130090.649,P33,FRAG0022,0.010834399144189127,0.005758907758907759,1726.879,1398.858,0.9595,1.9751,0.6937930338915811,0.0,Perfect
4130523.666,P33,FRAG0023,0.016593306903096888,0.005758907758907759,1990.542,1398.858,1.0436,2.3943,0.7708695237784159,0.0,Graze+Merge
4133190.635,P33,FRAG0020,0.022352214662004648,0.005758907758907759,2198.369,1398.858,1.9162,4.7857,0.5863168877314187,0.0,Merge
4134041.583,P33,FRAG0024,0.028111122420912408,0.005758907758907759,2372.939,1398.858,0.9657,2.5854,0.9614315376294136,0.0,Perfect
4136266.629,P57,P743,0.0024355585714285716,0.0024355585714285716,1050.009,1050.009,12.179,16.572,0.83505,0.0,Graze+Frag
4144243.024,M0,FRAG0015,0.12067857844488844,0.007443223443223444,3856.593,1523.751,1.9081,8.3188,0.4414011114941505,0.0,Merge
4144672.966,P33,FRAG0025,0.03387003017982017,0.005758907758907759,2525.025,1398.858,1.3511,3.8361,0.8814039782654761,0.0,Hit+Run
4144784.422,P33,FRAG0025,0.03387003017982017,0.005758907758907759,2525.025,1398.858,1.0361,2.9417,0.555470478235204,0.0,Merge
4169210.841,M0,P714,0.1281218018881119,0.0024355585714285716,3934.306,1050.009,5.434,24.847,0.9358382303482985,0.0,Hit+Run
4173486.021,P33,FRAG0019,0.039628937938727925,0.005758907758907759,2660.712,1398.858,1.7378,5.1914,0.8577443977480812,0.0,Hit+Run
4174036.95,P33,FRAG0019,0.039628937938727925,0.005758907758907759,2660.712,1398.858,1.0689,3.1931,0.7677556258287632,0.0,Hit+Run
4175825.429,P33,FRAG0019,0.039628937938727925,0.005758907758907759,2660.712,1398.858,1.1141,3.3282,0.6775046870575316,0.0,Graze+Merge
4363631.005,M0,P232,0.1281218018881119,0.0024355585714285716,3934.306,1050.009,5.3123,24.290,0.4012990522175058,0.0,Merge
4406847.188,P33,P57,0.04538784569763568,0.004871128871128871,2783.815,1322.930,15.841,49.510,0.7909317201541289,0.024973692973692976,Graze+Frag
4407016.004,P33,FRAG0027,0.02528528159507158,0.006243423243423244,2290.602,1437.037,1.1254,2.9241,0.40599444427414316,0.0,Merge
4408023.426,P33,FRAG0026,0.03152870483849482,0.006243423243423244,2465.448,1437.037,1.1453,3.1834,0.0921743015012691,0.0,Merge
4409361.505,P33,FRAG0029,0.037772128081918065,0.006243423243423244,2618.490,1437.037,1.0936,3.2188,0.6873046165171097,0.0,Graze+Merge
4409673.985,P33,FRAG0028,0.04401555132534131,0.006243423243423244,2755.471,1437.037,1.1459,3.5446,0.9052780440378729,0.0,Hit+Run
4442702.004,P33,FRAG0028,0.04401555132534131,0.006243423243423244,2755.471,1437.037,1.1842,3.6631,0.5476754712478289,0.0,Merge
4546882.047,E10,P554,0.14245555857142858,0.0024355585714285716,4075.869,1050.009,2.5448,12.087,0.8298239592932894,0.0,Hit+Run
4571376.67,M0,P347,0.13055736045954047,0.0024355585714285716,3959.080,1050.009,3.9149,18.022,0.9579394975301686,0.0,Hit+Run
4624934.546,M0,P347,0.13055736045954047,0.0024355585714285716,3959.080,1050.009,0.9958,4.5842,0.8068190091409209,0.0,Perfect
4719260.623,P33,P376,0.050258974568764554,0.0024355585714285716,2880.039,1050.009,19.207,62.836,0.7002878097428524,0.03511088911088912,Fragment
4719360.618,P33,FRAG0031,0.017583644029304006,0.0058518148518148525,2029.380,1406.341,1.3613,3.1764,0.022918026900512253,0.0,Merge
4721161.938,P33,FRAG0033,0.023435458881118858,0.0058518148518148525,2233.323,1406.341,0.9719,2.4631,0.7763355116533663,0.0,Perfect
4723721.093,P33,FRAG0035,0.02928727373293371,0.0058518148518148525,2405.582,1406.341,1.2275,3.3296,0.3253154501016052,0.0,Merge
4725679.066,M0,P366,0.13299291903096905,0.0024355585714285716,3983.547,1050.009,7.7095,35.727,0.5011923934364745,0.0,Merge
4732363.876,P33,FRAG0034,0.03513908858474856,0.0058518148518148525,2556.175,1406.341,1.2219,3.5111,0.9161552447240405,0.0,Hit+Run
4736507.251,P33,FRAG0032,0.03513908858474856,0.0058518148518148525,2556.175,1406.341,1.0893,3.1301,0.9204773403018826,0.0,Hit+Run
4736573.989,P33,FRAG0032,0.03513908858474856,0.0058518148518148525,2556.175,1406.341,1.0546,3.0304,0.9551831227030607,0.0,Hit+Run
4743354.523,P33,FRAG0034,0.03513908858474856,0.0058518148518148525,2556.175,1406.341,1.3292,3.8194,0.4898159958590086,0.0,Merge
4764210.093,P33,FRAG0032,0.04099090343656341,0.0058518148518148525,2690.851,1406.341,2.0795,6.2819,0.8705286169246871,0.0,Hit+Run
4764986.867,P33,FRAG0032,0.04099090343656341,0.0058518148518148525,2690.851,1406.341,1.0096,3.0498,0.6183347362011262,0.0,Merge
4777943.522,P33,FRAG0030,0.046842718288378264,0.0058518148518148525,2813.247,1406.341,1.4361,4.5340,0.840856255544871,0.0,Hit+Run
4778195.042,P33,FRAG0030,0.046842718288378264,0.0058518148518148525,2813.247,1406.341,1.048,3.3087,0.7811855967506542,0.0,Graze+Merge
4852829.585,E3,M4,0.46806667571428573,0.05,6059.401,2875.083,1.2145,8.2625,0.9695601035295449,0.0,Hit+Run
4859065.777,E18,P279,0.0728,0.0024355585714285716,3258.649,1050.009,18.509,69.103,0.994386418203199,0.0,Hit+Run
4878353.819,E9,FRAG0016,0.07894000000000001,0.007008991008991009,3347.800,1493.524,3.0795,11.592,0.757889486044948,0.0,Hit+Run
4920221.595,M0,P745,0.13542847760239762,0.0024355585714285716,4007.718,1050.009,1.4823,6.9141,0.7612538359436711,0.0,Merge
5028585.621,P33,P440,0.052694533140193116,0.0024355585714285716,2925.829,1050.009,6.9118,22.994,0.7894024546770283,0.0,Hit+Run
5029034.265,P33,P440,0.052694533140193116,0.0024355585714285716,2925.829,1050.009,1.0537,3.5055,0.6746752777551035,0.0,Merge
5101981.831,M0,P64,0.1378640361738262,0.0024355585714285716,4031.600,1050.009,6.0228,28.273,0.9929033761952661,0.0,Hit+Run
5102435.42,M0,P64,0.1378640361738262,0.0024355585714285716,4031.600,1050.009,1.0517,4.9371,0.9574397078645203,0.0,Hit+Run
5103081.822,M0,P64,0.1378640361738262,0.0024355585714285716,4031.600,1050.009,1.0553,4.9540,0.6801566635335209,0.0,Merge
5337408.446,P73,P158,0.0024355585714285716,0.0024355585714285716,1050.009,1050.009,32.117,43.702,0.9935,0.0,Hit+Run
5347534.289,P33,P308,0.055130091711621684,0.0024355585714285716,2970.230,1050.009,6.1342,20.738,0.8777909790546216,0.0,Hit+Run
5348075.764,P33,P308,0.055130091711621684,0.0024355585714285716,2970.230,1050.009,1.0459,3.5359,0.5241921552388301,0.0,Merge
5413799.654,E0,P159,0.5642592358574758,0.0024355585714285716,6448.916,1050.009,3.6266,28.166,0.6864349489402952,0.0,Merge
5446350.598,P59,P427,0.0024355585714285716,0.0024355585714285716,1050.009,1050.009,49.973,67.997,0.70855,0.0,Graze+Frag
5458895.092,M0,FRAG0013,0.14029959474525477,0.006642024642024642,4055.203,1466.990,2.5664,11.827,0.9198423269796037,0.0,Hit+Run
5479208.442,E0,M4,0.5666947944289044,0.05,6458.181,2875.083,2.2719,16.499,0.5881601028709503,0.02220464202464202,Fragment
5495929.052,E0,FRAG0036,0.5944903322244421,0.005551115551115551,6562.089,1381.827,1.0361,8.0451,0.8036660644972554,0.0,Merge
5501344.492,M0,FRAG0013,0.14029959474525477,0.006642024642024642,4055.203,1466.990,1.3109,6.0414,0.6449030269467412,0.0,Merge
5541466.525,M0,P714,0.14694161938727943,0.0024355585714285716,4118.212,1050.009,1.633,7.8435,0.3129165051065894,0.0,Merge
5620158.299,E0,P524,0.6000414477755577,0.0024355585714285716,6582.450,1050.009,2.305,18.296,0.8258614261102919,0.0,Merge
5645935.29,P33,P737,0.05756565028305025,0.0024355585714285716,3013.341,1050.009,8.2873,28.451,0.7334326831444121,0.0,Merge
5667228.196,E0,FRAG0037,0.6024770063469862,0.005551115551115551,6591.344,1381.827,1.0393,8.1085,0.9081193301786133,0.0,Hit+Run
5694793.616,E0,FRAG0037,0.6024770063469862,0.005551115551115551,6591.344,1381.827,1.0084,7.8674,0.6232418416218994,0.0,Merge
5764807.413,P33,P695,0.06000120885447882,0.0024355585714285716,3055.253,1050.009,6.7944,23.673,0.6268635402694747,0.006122211122211122,Fragment
5770821.681,P33,FRAG0040,0.056314556303696264,0.006122211122211122,2991.351,1427.676,1.0323,3.4667,0.9322612863359379,0.0,Hit+Run
5772084.268,P33,FRAG0040,0.056314556303696264,0.006122211122211122,2991.351,1427.676,1.1182,3.7552,0.923258182133013,0.0,Hit+Run
5775501.072,P33,P787,0.056314556303696264,0.0024355585714285716,2991.351,1050.009,17.921,61.047,0.579860224962876,0.051662870462870464,Fragment
5779436.827,P33,FRAG0045,0.007087777212787173,0.00574025974025974,1499.099,1397.347,2.0163,3.7910,0.9641719234154636,0.0,Hit+Run
5780290.007,P33,FRAG0045,0.007087777212787173,0.00574025974025974,1499.099,1397.347,1.0052,1.8899,0.6160576737567376,0.0,Graze+Merge
5793112.128,P33,FRAG0040,0.012828036953046913,0.006122211122211122,1826.896,1427.676,1.5488,3.3389,0.9259172466994282,0.0,Hit+Run
5796403.652,P33,FRAG0044,0.012828036953046913,0.00574025974025974,1826.896,1397.347,1.9759,4.2363,0.4568595595831283,0.0,Merge
5796904.991,P33,FRAG0041,0.018568296693306653,0.00574025974025974,2066.575,1397.347,0.9737,2.3045,0.7308943108747268,0.0,Perfect
5797308.352,P33,FRAG0049,0.024308556433566393,0.00574025974025974,2260.720,1397.347,1.57,4.0201,0.3799522248181779,0.0,Merge
5797645.342,P33,FRAG0047,0.030048816173826133,0.00574025974025974,2426.254,1397.347,1.766,4.8271,0.3486834817433184,0.0,Merge
5801898.464,P33,FRAG0042,0.03578907591408587,0.00574025974025974,2571.840,1397.347,1.7544,5.0700,0.4360064390735975,0.0,Merge
5806141.768,P33,FRAG0046,0.04152933565434561,0.00574025974025974,2702.581,1397.347,1.6586,5.0315,0.8506688058428581,0.0,Hit+Run
5807157.046,P33,FRAG0046,0.04152933565434561,0.00574025974025974,2702.581,1397.347,1.1899,3.6096,0.5506770402178408,0.0,Merge
5812676.278,E8,E12,0.11607555857142857,0.09854,3806.923,3604.663,1.3482,6.4816,0.8702684586287026,0.0,Hit+Run
5817956.274,P33,FRAG0043,0.04726959539460535,0.00574025974025974,2821.766,1397.347,1.7058,5.4019,0.9990617019046191,0.0,Hit+Run
5817968.817,P33,FRAG0043,0.04726959539460535,0.00574025974025974,2821.766,1397.347,1.0555,3.3425,0.8861004477529988,0.0,Hit+Run
5826266.598,P47,FRAG0002,0.0024355585714285716,0.007264735264735265,1050.009,1511.473,15.156,26.351,0.29457039927795775,0.009679187479187478,Fragment
5831579.847,P33,FRAG0043,0.04726959539460535,0.00574025974025974,2821.766,1397.347,1.021,3.2333,0.45465399983582805,0.0,Merge
5901307.203,P33,P158,0.05300985513486509,0.0024355585714285716,2931.654,1050.009,10.233,34.118,0.9565862504452097,0.0,Hit+Run
5926754.513,P33,P158,0.05300985513486509,0.0024355585714285716,2931.654,1050.009,1.5747,5.2499,0.6254772319528985,0.0,Merge
5941714.847,P33,FRAG0048,0.05544541370629366,0.00574025974025974,2975.882,1397.347,1.6885,5.6426,0.3645315385018174,0.0,Merge
5960122.045,E1,P58,0.24315313432900434,0.0024355585714285716,4871.026,1050.009,3.9834,22.920,0.8284231599363109,0.0,Hit+Run
6285863.357,P33,FRAG0040,0.0611856734465534,0.006122211122211122,3075.226,1427.676,1.0423,3.6002,0.3485741162416676,0.0,Merge
6337084.826,P33,P176,0.06730788456876452,0.0024355585714285716,3174.552,1050.009,4.0161,14.578,0.3721937813654508,0.0,Merge
6398955.742,P33,P703,0.0697434431401931,0.0024355585714285716,3212.390,1050.009,13.878,51.022,0.8453023740177498,0.0,Graze+Frag
6409821.96,E0,FRAG0008,0.6080281218981017,0.006090909090909091,6611.526,1425.239,1.077,8.4112,0.39857879807310925,0.0,Merge
6445507.043,E0,P47,0.6141190309890108,0.009700299700299701,6633.530,1664.391,2.7367,21.199,0.45654913146407117,0.0,Merge
6808797.618,E0,M2,0.6238193306893105,0.03064168577755578,6668.274,2442.107,1.0724,8.1205,0.45592690513061657,0.0,Merge
6828905.848,E14,P113,0.044980000000000006,0.0024355585714285716,2775.451,1050.009,5.5286,17.389,0.9105285248551567,0.0,Hit+Run
6830371.084,P98,FRAG0039,0.0024355585714285716,0.005551115551115551,1050.009,1381.827,28.964,46.896,0.2897650673965541,0.007984915084915084,Fragment
6932949.918,E9,P856,0.07894000000000001,0.0024355585714285716,3347.800,1050.009,6.7252,25.845,0.7795885202160611,0.0,Hit+Run
7140101.159,E0,FRAG0038,0.6544610164668663,0.005551115551115551,6775.714,1381.827,2.9906,24.033,0.9794521733767582,0.0,Hit+Run
7152610.166,E0,FRAG0038,0.6544610164668663,0.005551115551115551,6775.714,1381.827,1.0129,8.1399,0.7758703147483292,0.0,Merge
7220809.359,E0,P763,0.6600121320179818,0.0024355585714285716,6794.817,1050.009,1.6714,13.722,0.9000191591229223,0.0,Hit+Run
7285944.21,P104,P260,0.0024355585714285716,0.0024355585714285716,1050.009,1050.009,19.832,26.985,0.455,0.0,Merge
7303697.105,M0,P766,0.149377177958708,0.0024355585714285716,4140.841,1050.009,6.3241,30.555,0.8272347493744479,0.0,Hit+Run
7305751.69,P73,FRAG0021,0.0024355585714285716,0.005758907758907759,1050.009,1398.858,27.014,44.149,0.8364941064034396,0.008094918414918415,Graze+Frag
7344530.016,P33,P73,0.07217782217782218,0.008194472194472195,3249.339,1573.382,8.9505,32.644,0.38808369413775196,0.07484415584415585,Fragment
7344693.425,P33,FRAG0053,0.005528138528138521,0.005757242757242757,1379.918,1398.724,1.4653,2.6383,0.8676876343966944,0.0,Hit+Run
7344796.849,P33,FRAG0051,0.005528138528138521,0.005757242757242757,1379.918,1398.724,1.1558,2.0810,0.7126440907504901,0.0,Hit+Run
7345101.332,P33,FRAG0060,0.005528138528138521,0.005757242757242757,1379.918,1398.724,1.831,3.2967,0.5710588431735111,0.0,Hit+Run
7346864.95,P33,FRAG0058,0.005528138528138521,0.005757242757242757,1379.918,1398.724,1.7571,3.1637,0.25257894394125385,0.0,Merge
7347714.673,P33,FRAG0061,0.011285381285381278,0.005757242757242757,1750.515,1398.724,1.6125,3.3513,0.5265043262609691,0.0,Merge
7349515.935,P33,FRAG0056,0.017042624042624036,0.005757242757242757,2008.349,1398.724,1.8282,4.2252,0.5710144606262741,0.0,Merge
7352758.015,P33,FRAG0054,0.022799866799866793,0.005757242757242757,2212.948,1398.724,1.3755,3.4555,0.5659093370484697,0.0,Merge
7353363.792,P33,FRAG0062,0.02855710955710955,0.005757242757242757,2385.422,1398.724,1.1061,2.9758,0.9839486457129256,0.0,Hit+Run
7358985.706,P33,FRAG0057,0.02855710955710955,0.005757242757242757,2385.422,1398.724,11.254,30.277,0.7587795405500983,0.023186380286380284,Graze+Frag
7359834.003,P33,FRAG0064,0.011128205128205119,0.005796536796536797,1742.350,1401.898,2.0704,4.2915,0.21666826244750706,0.006008724608724609,Fragment
7359949.269,P33,FRAG0063,0.010916083916083907,0.005796536796536797,1731.208,1401.898,1.1012,2.2722,0.824961982223042,0.0,Hit+Run
7364404.717,P33,FRAG0052,0.010916083916083907,0.005757242757242757,1731.208,1398.724,9.0865,18.736,0.4157755967264166,0.016551355311355313,Fragment
7374199.814,P33,FRAG0063,0.005527139527139518,0.005796536796536797,1379.835,1401.898,7.0238,12.660,0.7413727626462322,0.008986553446553447,Graze+Frag
7374299.759,P33,FRAG0070,0.005527139527139519,0.005796536796536797,1379.835,1401.898,1.0437,1.8813,0.3112614803696713,0.0,Merge
7383039.609,P33,FRAG0050,0.011323676323676316,0.005757242757242757,1752.493,1398.724,1.8193,3.7842,0.9153378952425449,0.0,Hit+Run
7391122.11,P33,FRAG0060,0.011323676323676316,0.005757242757242757,1752.493,1398.724,4.8199,10.025,0.9964219617875132,0.0,Hit+Run
7391153.585,P33,FRAG0060,0.011323676323676316,0.005757242757242757,1752.493,1398.724,1.0643,2.2137,0.486726852127271,0.0,Merge
7392255.408,P33,FRAG0055,0.017080919080919073,0.005757242757242757,2009.852,1398.724,12.912,29.862,0.7588740760687742,0.017311688311688313,Graze+Frag
7392258.9,P33,FRAG0071,0.005526473526473518,0.005770562770562771,1379.780,1399.801,1.2089,2.1774,0.8770863699639677,0.0,Hit+Run
7402578.299,P33,FRAG0071,0.005526473526473518,0.005770562770562771,1379.780,1399.801,4.631,8.3411,0.8401543274458176,0.0,Hit+Run
7406578.368,P33,FRAG0072,0.005526473526473518,0.005770562770562771,1379.780,1399.801,4.0097,7.2220,0.9870386202028149,0.0,Hit+Run
7414630.16,P33,FRAG0050,0.005526473526473518,0.005757242757242757,1379.780,1398.724,5.2359,9.4269,0.5225626983598166,0.01073997335997336,Graze+Frag
7418599.528,P33,FRAG0053,0.005526473526473518,0.005757242757242757,1379.780,1398.724,1.1517,2.0735,0.8977868501042598,0.0,Hit+Run
7430313.784,P33,FRAG0072,0.005526473526473518,0.005770562770562771,1379.780,1399.801,2.1829,3.9317,0.7427609572568256,0.0,Hit+Run
7431949.736,P33,FRAG0072,0.005526473526473518,0.005770562770562771,1379.780,1399.801,1.7408,3.1354,0.5857997765546881,0.0,Hit+Run
7433791.013,P33,FRAG0074,0.005526473526473518,0.005757242757242757,1379.780,1398.724,1.9909,3.5844,0.7803927401619802,0.0,Hit+Run
7439286.346,P33,FRAG0074,0.005526473526473518,0.005757242757242757,1379.780,1398.724,3.7986,6.8391,0.9376631065694249,0.0,Hit+Run
7441160.21,P33,FRAG0074,0.005526473526473518,0.005757242757242757,1379.780,1398.724,1.6892,3.0412,0.5701857742627973,0.0,Hit+Run
7450975.284,P33,FRAG0072,0.005526473526473518,0.005770562770562771,1379.780,1399.801,2.738,4.9315,0.647055341699039,0.0,Hit+Run
7451749.687,P33,FRAG0051,0.005526473526473518,0.005757242757242757,1379.780,1398.724,2.0313,3.6572,0.8928705993071846,0.0,Hit+Run
7454531.293,P33,FRAG0067,0.005526473526473518,0.006008658008658008,1379.780,1418.795,26.421,47.924,0.473456221046235,0.011532660672660672,Fragment
7454566.784,P33,FRAG0075,0.005526473526473518,0.006008658008658008,1379.780,1418.795,1.0584,1.9197,0.8063990369084889,0.0,Hit+Run
7461699.179,P33,FRAG0073,0.005526473526473518,0.005770562770562771,1379.780,1399.801,6.8667,12.367,0.6511754485928649,0.01073997335997336,Graze+Frag
7461716.116,P33,FRAG0076,0.005526473526473517,0.005770562770562771,1379.780,1399.801,1.0484,1.8883,0.8724202248071046,0.0,Hit+Run
7464623.597,P33,FRAG0076,0.005526473526473517,0.005770562770562771,1379.780,1399.801,1.4913,2.6860,0.568376191979593,0.0,Hit+Run
7467010.648,P33,FRAG0066,0.005526473526473517,0.005796536796536797,1379.780,1401.898,18.875,34.024,0.8734985991582387,0.010236943056943058,Graze+Frag
7478066.708,P33,FRAG0062,0.005526473526473517,0.005757242757242757,1379.780,1398.724,39.606,71.309,0.7822301268235134,0.011271195471195473,Graze+Frag
7479391.207,M0,P766,0.149377177958708,0.0024355585714285716,4140.841,1050.009,1.6121,7.7890,0.836887150982385,0.0,Hit+Run
7480152.474,P33,FRAG0069,0.005526473526473518,0.005573093573093573,1379.780,1383.649,11.743,21.028,0.907477692457474,0.0,Hit+Run
7480327.007,P33,FRAG0069,0.005526473526473518,0.005573093573093573,1379.780,1383.649,1.586,2.8398,0.8669345350282875,0.0,Hit+Run
7499107.841,P33,FRAG0059,0.005526473526473518,0.005757242757242757,1379.780,1398.724,22.235,40.033,0.4740954177745101,0.01127948717948718,Fragment
7500038.187,P33,FRAG0079,0.005526473526473518,0.005757242757242757,1379.780,1398.724,1.2613,2.2708,0.8775259377284349,0.0,Hit+Run
7509524.102,P33,FRAG0069,0.005526473526473518,0.005573093573093573,1379.780,1383.649,10.690,19.141,0.4469234016608997,0.011055058275058274,Fragment
7513852.047,P33,FRAG0065,0.005526473526473519,0.005796536796536797,1379.780,1401.898,31.216,56.268,0.8353047365033925,0.01124134532134532,Graze+Frag
7515076.242,P33,FRAG0081,0.005526473526473519,0.005796536796536797,1379.780,1401.898,2.1528,3.8805,0.8171502511375824,0.0,Hit+Run
7515469.52,P33,FRAG0077,0.005526473526473519,0.005796536796536797,1379.780,1401.898,9.6412,17.378,0.8767723588143685,0.0,Hit+Run
7516423.196,P33,FRAG0077,0.005526473526473519,0.005796536796536797,1379.780,1401.898,1.6748,3.0188,0.35748463396555524,0.0,Merge
7516748.739,P33,FRAG0081,0.011323010323010316,0.005796536796536797,1752.458,1401.898,4.2833,8.9151,0.8777411650946904,0.0,Hit+Run
7525515.057,P33,FRAG0081,0.011323010323010316,0.005796536796536797,1752.458,1401.898,1.6349,3.4028,0.8879636079314156,0.0,Hit+Run
7532828.059,M0,P98,0.149377177958708,0.007986679986679988,4140.841,1559.968,9.5813,44.974,0.9072238214975634,0.0,Hit+Run
7534176.277,P33,FRAG0081,0.011323010323010316,0.005796536796536797,1752.458,1401.898,1.8911,3.9360,0.7615164345814875,0.0,Hit+Run
7534295.107,P33,FRAG0081,0.011323010323010316,0.005796536796536797,1752.458,1401.898,1.0414,2.1675,0.18405952781560284,0.0,Merge
7554987.442,P33,FRAG0053,0.017119547119547114,0.005757242757242757,2011.366,1398.724,8.2761,19.151,0.637073143517844,0.017350649350649353,Graze+Frag
7555266.28,P33,FRAG0083,0.005526140526140519,0.005783549783549784,1379.752,1400.851,1.0444,1.8818,0.8302520027902123,0.0,Graze+Merge
7556483.475,P33,FRAG0082,0.011309690309690302,0.005783549783549784,1751.771,1400.851,1.4053,2.9234,0.8328716906852094,0.0,Hit+Run
7562050.631,P33,FRAG0076,0.011309690309690302,0.005770562770562771,1751.771,1399.801,18.012,37.463,0.8071912570236015,0.016554671994671994,Graze+Frag
7563239.278,P33,FRAG0082,0.005526473526473516,0.005783549783549784,1379.780,1400.851,8.4068,15.147,0.3615890249391835,0.011237475857475858,Fragment
7569774.307,P33,FRAG0087,0.005526473526473517,0.005783549783549784,1379.780,1400.851,2.1855,3.9379,0.9443393349276247,0.0,Hit+Run
7578128.966,P33,FRAG0086,0.005526473526473517,0.005776889776889778,1379.780,1400.313,3.0348,5.4671,0.6443058861246546,0.0,Hit+Run
7578134.59,P33,FRAG0086,0.005526473526473517,0.005776889776889778,1379.780,1400.313,1.054,1.8987,0.6796925828437177,0.0,Graze+Merge
7578787.828,P33,FRAG0085,0.011303363303363295,0.005776889776889778,1751.444,1400.313,1.4189,2.9510,0.976816573324664,0.0,Hit+Run
7578907.16,P33,FRAG0085,0.011303363303363295,0.005776889776889778,1751.444,1400.313,0.9848,2.0482,0.7315288071023938,0.0,Perfect
7612432.283,P33,FRAG0072,0.01708025308025307,0.005770562770562771,2009.826,1399.801,8.6979,20.117,0.7378812723813019,0.017324675324675326,Graze+Frag
7627097.119,P33,FRAG0075,0.005526140526140515,0.006008658008658008,1379.752,1418.795,9.2355,16.751,0.38944002996572463,0.011474618714618716,Fragment
7634179.547,P33,FRAG0051,0.005526140526140515,0.005757242757242757,1379.752,1398.724,7.6221,13.722,0.7559031610920284,0.009211535131535132,Graze+Frag
7638018.577,P33,FRAG0084,0.005526140526140515,0.005783549783549784,1379.752,1400.851,3.925,7.0721,0.9885417403530129,0.0,Hit+Run
7638087.088,P33,FRAG0084,0.005526140526140515,0.005783549783549784,1379.752,1400.851,0.9936,1.7902,0.5561477675874194,0.0,Perfect
7639417.037,P33,FRAG0090,0.011309690309690298,0.005774891774891776,1751.771,1400.151,3.7148,7.7269,0.38093063053617027,0.011558441558441558,Fragment
7686751.84,P33,FRAG0080,0.005526140526140517,0.005573093573093573,1379.752,1383.649,9.3915,16.815,0.4402782841835582,0.011035158175158174,Fragment
7690263.138,P33,FRAG0091,0.005526140526140516,0.006008658008658008,1379.752,1418.795,4.705,8.5340,0.7479674255741244,0.0,Hit+Run
7704576.022,P33,FRAG0091,0.005526140526140516,0.006008658008658008,1379.752,1418.795,5.6328,10.216,0.9663772664081743,0.0,Hit+Run
7704829.127,P33,FRAG0071,0.005526140526140516,0.005770562770562771,1379.752,1399.801,7.2938,13.137,0.9698037851154542,0.0,Hit+Run
7706647.362,E9,P138,0.07894000000000001,0.0024355585714285716,3347.800,1050.009,3.6722,14.112,0.6726339385440012,0.0,Merge
7720561.616,P33,FRAG0071,0.005526140526140516,0.005770562770562771,1379.752,1399.801,4.5845,8.2572,0.5546203455543312,0.005770562770562771,Graze+Frag
7720828.84,P33,FRAG0078,0.005526140526140516,0.005757242757242757,1379.752,1398.724,10.972,19.754,0.9250403419276249,0.0,Hit+Run
7720950.245,P33,FRAG0078,0.005526140526140516,0.005757242757242757,1379.752,1398.724,1.0209,1.8380,0.7556548681078306,0.0,Graze+Merge
7721932.83,P33,FRAG0079,0.011283383283383273,0.005757242757242757,1750.412,1398.724,10.430,21.677,0.3035991602818271,0.011514485514485515,Fragment
7721948.956,P33,FRAG0098,0.005526140526140515,0.005757242757242757,1379.752,1398.724,1.1264,2.0279,0.7958286729510476,0.0,Hit+Run
7722232.527,P33,FRAG0098,0.005526140526140515,0.005757242757242757,1379.752,1398.724,1.0047,1.8088,0.998584723847037,0.0,Graze+Merge
7729361.648,P33,FRAG0095,0.011283383283383273,0.005573093573093573,1750.412,1383.649,12.781,26.482,0.8229680429156349,0.01133000333000333,Graze+Frag
7730078.37,P33,FRAG0099,0.005526473526473516,0.005665001665001665,1379.780,1391.213,1.6613,2.9828,0.6138068233668088,0.0,Hit+Run
7740259.378,P33,FRAG0087,0.005526473526473516,0.005783549783549784,1379.780,1400.851,5.701,10.272,0.9535192401854466,0.0,Hit+Run
7743904.175,P33,FRAG0100,0.005526473526473516,0.005665001665001665,1379.780,1391.213,6.8687,12.332,0.7789724949095772,0.0058368098568098575,Graze+Frag
7760765.261,M0,P98,0.149377177958708,0.007986679986679988,4140.841,1559.968,1.3477,6.3260,0.9248743730287009,0.0,Hit+Run
7764259.221,P33,FRAG0101,0.005526473526473517,0.005665001665001665,1379.780,1391.213,2.7143,4.8735,0.8330484428430852,0.0,Hit+Run
7767404.768,P33,FRAG0099,0.005526473526473517,0.005665001665001665,1379.780,1391.213,9.5197,17.092,0.3514438678772562,0.011144055944055944,Fragment
7773832.162,P33,FRAG0094,0.005526473526473517,0.005779220779220779,1379.780,1400.501,3.3912,6.1096,0.12511054685374287,0.0105398667998668,Fragment
7775509.391,P33,FRAG0093,0.005526473526473517,0.005779220779220779,1379.780,1400.501,4.9152,8.8552,0.7744347812981585,0.0,Hit+Run
7779444.813,P33,FRAG0093,0.005526473526473517,0.005779220779220779,1379.780,1400.501,4.5445,8.1874,0.670118093679528,0.006375218115218115,Graze+Frag
7789703.118,P56,FRAG0088,0.0024355585714285716,0.005774891774891776,1050.009,1400.151,26.377,43.139,0.83228145790836,0.008113160173160173,Graze+Frag
7790403.556,P56,FRAG0092,0.008210456210456211,0.005757242757242757,1574.404,1398.724,13.402,25.952,0.9446018244280846,0.0,Hit+Run
7791530.292,P56,FRAG0092,0.008210456210456211,0.005757242757242757,1574.404,1398.724,1.2358,2.3931,0.32593475890541884,0.0,Merge
7794241.044,P33,FRAG0089,0.005526473526473517,0.005774891774891776,1379.780,1400.151,1.6269,2.9306,0.5190184841451994,0.0,Hit+Run
7794273.07,P33,FRAG0089,0.005526473526473517,0.005774891774891776,1379.780,1400.151,1.0478,1.8874,0.17510731682741354,0.0,Merge
7797252.003,P33,FRAG0091,0.011301365301365293,0.006008658008658008,1751.341,1418.795,2.76,5.7620,0.9996579925847381,0.0,Hit+Run
7799892.509,P33,FRAG0091,0.011301365301365293,0.006008658008658008,1751.341,1418.795,1.8011,3.7601,0.668132841244533,0.0,Hit+Run
7800567.171,P33,FRAG0091,0.011301365301365293,0.006008658008658008,1751.341,1418.795,1.0872,2.2697,0.5541071934581333,0.0,Graze+Merge
7806607.421,P256,P332,0.0024355585714285716,0.0024355585714285716,1050.009,1050.009,15.484,21.069,0.82135,0.0,Graze+Frag
7815842.829,P33,FRAG0087,0.0173100233100233,0.005783549783549784,2018.798,1400.851,6.8126,15.817,0.6626706563904206,0.019014545454545454,Graze+Frag
7817607.008,P33,FRAG0106,0.005527139527139516,0.005855477855477856,1379.835,1406.634,1.6455,2.9713,0.7645257178443914,0.0,Hit+Run
7819665.976,P56,FRAG0097,0.013967698967698968,0.005757242757242757,1879.470,1398.724,13.436,29.447,0.8463994970252894,0.0104204662004662,Graze+Frag
7819846.467,P33,FRAG0104,0.005527139527139516,0.005779220779220779,1379.835,1400.501,1.94,3.4951,0.7066581205275,0.0,Hit+Run
7822835.1,P33,FRAG0107,0.005527139527139516,0.005855477855477856,1379.835,1406.634,1.4195,2.5632,0.380257334498807,0.0,Merge
7823292.394,P33,FRAG0106,0.011382617382617373,0.005855477855477856,1755.528,1406.634,0.9972,2.0801,0.15317056795054718,0.0,Perfect
7826542.066,P56,FRAG0102,0.009304695304695307,0.005665001665001665,1641.450,1391.213,6.2478,12.401,0.6989792620370878,0.009442224442224444,Graze+Frag
7826739.013,P33,FRAG0104,0.01723809523809523,0.005779220779220779,2015.998,1400.501,1.8143,4.2072,0.9773447774529211,0.0,Hit+Run
7827082.147,P33,FRAG0104,0.01723809523809523,0.005779220779220779,2015.998,1400.501,1.0263,2.3799,0.44096465144633695,0.0,Merge
7830078.515,P33,P56,0.02301731601731601,0.0055274725274725295,2219.961,1379.863,3.9572,9.9556,0.043106349684395966,0.01928671328671329,Fragment
7830147.927,P33,FRAG0111,0.00925807525807525,0.006428904428904429,1638.704,1451.129,0.986,1.9848,0.9191028440254365,0.0,Perfect
7830307.542,P33,FRAG0110,0.015686979686979678,0.006428904428904429,1953.620,1451.129,1.2985,2.9567,0.5585871862000571,0.0,Merge
7835962.891,P33,FRAG0112,0.022115884115884107,0.006428904428904429,2190.594,1451.129,1.4692,3.6749,0.8589200505717762,0.0,Hit+Run
7840370.828,P33,FRAG0109,0.022115884115884107,0.009442224442224444,2190.594,1649.498,4.7699,12.216,0.9946426547449787,0.0,Hit+Run
7840387.343,P33,FRAG0109,0.022115884115884107,0.009442224442224444,2190.594,1649.498,1.0509,2.6915,0.828868878954149,0.0,Hit+Run
7848123.727,P33,FRAG0068,0.022115884115884107,0.005573093573093573,2190.594,1383.649,5.0429,12.540,0.6945194232951374,0.008016976356976357,Graze+Frag
7861623.903,P33,FRAG0074,0.019672327672327662,0.005757242757242757,2106.747,1398.724,2.6316,6.3324,0.8495570731253343,0.0,Hit+Run
7861737.569,P33,FRAG0074,0.019672327672327662,0.005757242757242757,2106.747,1398.724,1.0831,2.6062,0.6824823233171545,0.0,Graze+Merge
7867417.367,P33,FRAG0113,0.02542957042957042,0.008016650016650017,2294.951,1561.917,5.8044,15.271,0.7821664655284256,0.0,Hit+Run
7867553.87,P33,FRAG0113,0.02542957042957042,0.008016650016650017,2294.951,1561.917,1.1619,3.0569,0.49488615395967417,0.0,Merge
7869431.503,P33,FRAG0105,0.033446220446220434,0.005855477855477856,2514.449,1406.634,4.2717,12.082,0.532954365117031,0.01356043956043956,Fragment
7870316.642,P33,FRAG0114,0.025741258741258728,0.00678021978021978,2304.289,1477.095,1.1568,3.0309,0.5078549846098483,0.0,Merge
7870710.034,P33,FRAG0115,0.032521478521478506,0.00678021978021978,2491.058,1477.095,0.9751,2.7416,0.8997721893964687,0.0,Perfect
7875615.646,P33,FRAG0112,0.03930169830169829,0.006428904428904429,2653.368,1451.129,3.1492,9.3914,0.7968190384006947,0.0,Hit+Run
7890097.86,P33,FRAG0112,0.03930169830169829,0.006428904428904429,2653.368,1451.129,2.4635,7.3465,0.9111767277509161,0.0,Hit+Run
7890611.647,P33,FRAG0112,0.03930169830169829,0.006428904428904429,2653.368,1451.129,1.0802,3.2213,0.6732817041167642,0.0,Graze+Merge
7923756.373,P33,FRAG0109,0.04573060273060272,0.009442224442224444,2790.805,1649.498,1.9489,6.1376,0.3312911550086161,0.007273393273393274,Fragment
7923772.878,P33,FRAG0116,0.04789943389943389,0.007273393273393274,2834.244,1512.073,1.0484,3.3372,0.627909436607893,0.0,Merge
7924684.66,P33,FRAG0108,0.05517282717282716,0.01042024642024642,2970.997,1704.589,2.2791,7.6266,0.9686459383885004,0.0,Hit+Run
7924748.871,P33,FRAG0108,0.05517282717282716,0.01042024642024642,2970.997,1704.589,1.0626,3.5558,0.7538713863186282,0.0,Graze+Merge
7927208.671,M0,P701,0.149377177958708,0.0024355585714285716,4140.841,1050.009,3.5332,17.071,0.6823689533412756,0.0,Merge
7981753.581,P33,FRAG0101,0.06559307359307358,0.005665001665001665,3147.360,1391.213,2.3919,8.4675,0.8501929921918805,0.0,Hit+Run
7982005.463,P33,FRAG0101,0.06559307359307358,0.005665001665001665,3147.360,1391.213,1.0946,3.8749,0.5701008636875571,0.0,Merge
7983623.469,P33,FRAG0096,0.07125807525807525,0.005770562770562771,3235.478,1399.801,3.6163,13.170,0.9870579247101805,0.0,Hit+Run
7984003.644,P33,FRAG0096,0.07125807525807525,0.005770562770562771,3235.478,1399.801,1.0359,3.7727,0.7981062379701722,0.0,Graze+Merge
8054666.405,P33,FRAG0103,0.07702863802863802,0.005779220779220779,3320.559,1400.501,3.4268,12.822,0.7527957648176904,0.0,Hit+Run
8056850.851,P33,FRAG0103,0.07702863802863802,0.005779220779220779,3320.559,1400.501,1.1067,4.1409,0.6010831174560386,0.0,Merge
8370389.771,E0,P422,0.6600121320179818,0.0024355585714285716,6794.817,1050.009,1.3456,11.047,0.930074654091227,0.0,Hit+Run
8472439.885,M0,P98,0.15181273653013658,0.007986679986679988,4163.225,1559.968,1.0726,5.0636,0.8273065655335421,0.0,Hit+Run
8494712.747,M0,P98,0.15181273653013658,0.007986679986679988,4163.225,1559.968,0.9893,4.6703,0.2740230222777502,0.0,Perfect
8497568.324,E3,P490,0.46806667571428573,0.0024355585714285716,6059.401,1050.009,1.9599,14.244,0.9290999359744991,0.0,Hit+Run
8509578.555,M0,P766,0.15979941651681656,0.0024355585714285716,4234.988,1050.009,2.28,11.286,0.7919471063143353,0.0,Merge
8682758.431,E3,P3,0.46806667571428573,0.0024355585714285716,6059.401,1050.009,2.0157,14.650,0.3924874052988321,0.0,Merge
8720211.91,E8,P815,0.11607555857142857,0.0024355585714285716,3806.923,1050.009,2.6697,11.781,0.44465663842684283,0.0,Merge
9010620.719,E3,FRAG0007,0.4705022342857143,0.006090909090909091,6069.893,1425.239,1.9156,13.647,0.9278390244857451,0.0,Hit+Run
9080677.025,E5,P288,0.0735,0.0024355585714285716,3269.060,1050.009,3.1589,11.833,0.5481396284311342,0.0,Merge
9084245.764,E0,P763,0.6600121320179818,0.0024355585714285716,6794.817,1050.009,2.6317,21.606,0.6401733812989625,0.0,Merge
9138848.987,E3,P490,0.4705022342857143,0.0024355585714285716,6069.893,1050.009,1.1977,8.7210,0.9292519298568985,0.0,Hit+Run
9638592.652,E3,P602,0.4705022342857143,0.0024355585714285716,6069.893,1050.009,6.3966,46.577,0.6116012242929716,0.0,Merge
9924761.925,E3,P422,0.4729377928571429,0.0024355585714285716,6080.349,1050.009,1.8617,13.580,0.4212540325536764,0.0,Merge
10051590.016,E1,P808,0.24315313432900434,0.0024355585714285716,4871.026,1050.009,5.6711,32.630,0.7612114696018556,0.0,Merge
10442388.434,E8,P698,0.11851111714285714,0.0024355585714285716,3833.365,1050.009,3.6755,16.342,0.9870373234370009,0.0,Hit+Run
10509279.812,E1,E15,0.24558869290043292,0.11428,4887.235,3787.191,1.8287,10.523,0.9878220641662999,0.0,Hit+Run
10564861.497,P33,E11,0.08280785880785879,0.025436831428571432,3401.608,2295.169,23.412,91.178,0.2681625134418944,0.108189657009657,Fragment
10564865.503,P33,FRAG0121,0.005525409517149499,0.005706626706626707,1379.691,1394.612,1.4746,2.6508,0.8555734998755606,0.0,Hit+Run
10565101.75,P33,FRAG0126,0.005525409517149499,0.005706626706626707,1379.691,1394.612,2.3593,4.2412,0.9237050794401688,0.0,Hit+Run
10565453.164,P33,FRAG0124,0.005525409517149499,0.005706626706626707,1379.691,1394.612,1.4103,2.5352,0.9921350454846221,0.0,Hit+Run
10567353.423,P33,FRAG0123,0.005525409517149499,0.005706626706626707,1379.691,1394.612,2.7357,4.9178,0.749596568450612,0.0,Hit+Run
10567768.682,P33,FRAG0133,0.005525409517149499,0.005706626706626707,1379.691,1394.612,1.6046,2.8845,0.7244326419836837,0.0,Hit+Run
10568391.535,P33,FRAG0134,0.005525409517149499,0.005706626706626707,1379.691,1394.612,1.0031,1.8032,0.34612831662019894,0.0,Merge
10569277.447,P33,FRAG0124,0.011232036223776207,0.005706626706626707,1747.752,1394.612,1.4361,2.9788,0.9991955913040703,0.0,Hit+Run
10569285.764,P33,FRAG0118,0.011232036223776207,0.005706626706626707,1747.752,1394.612,1.0949,2.2711,0.1945553119054627,0.0,Merge
10569711.715,P33,FRAG0119,0.016938662930402915,0.005706626706626707,2004.257,1394.612,1.3817,3.1863,0.9672577470460099,0.0,Hit+Run
10570219.877,P33,FRAG0128,0.016938662930402915,0.005706626706626707,2004.257,1394.612,2.1929,5.0570,0.9270413364207962,0.0,Hit+Run
10571063.523,P33,FRAG0122,0.016938662930402915,0.005706626706626707,2004.257,1394.612,1.1528,2.6584,0.7917679552268958,0.0,Hit+Run
10571088.011,P33,FRAG0130,0.016938662930402915,0.005706626706626707,2004.257,1394.612,5.22,12.037,0.9914937364403833,0.0,Hit+Run
10571213.979,P33,FRAG0122,0.016938662930402915,0.005706626706626707,2004.257,1394.612,1.2518,2.8867,0.8161218813093198,0.0,Hit+Run
10571708.983,P33,FRAG0127,0.016938662930402915,0.005706626706626707,2004.257,1394.612,1.0638,2.4532,0.9953856471460493,0.0,Hit+Run
10572181.363,P33,FRAG0129,0.016938662930402915,0.005706626706626707,2004.257,1394.612,1.1412,2.6317,0.7139297411135793,0.0,Hit+Run
10578903.696,P33,FRAG0133,0.016938662930402915,0.005706626706626707,2004.257,1394.612,1.6773,3.8680,0.5413883664957273,0.0,Merge
10579231.355,P33,FRAG0130,0.022645289637029622,0.005706626706626707,2207.936,1394.612,2.2318,5.5936,0.4952083487281619,0.0,Merge
10579687.485,P33,FRAG0117,0.02835191634365633,0.005706626706626707,2379.695,1394.612,1.1377,3.0533,0.898586308897088,0.0,Hit+Run
10581692.408,P33,FRAG0126,0.02835191634365633,0.005706626706626707,2379.695,1394.612,1.2098,3.2468,0.44960840364476096,0.0,Merge
10582876.302,P33,FRAG0131,0.03405854305028304,0.005706626706626707,2529.701,1394.612,1.9154,5.4473,0.8280176022851772,0.0,Hit+Run
10585239.359,P33,FRAG0131,0.03405854305028304,0.005706626706626707,2529.701,1394.612,2.2633,6.4367,0.9128499233912334,0.0,Hit+Run
10585490.035,P33,FRAG0131,0.03405854305028304,0.005706626706626707,2529.701,1394.612,1.0926,3.1073,0.606267462007948,0.0,Merge
10595486.971,P33,FRAG0122,0.039765169756909746,0.005706626706626707,2663.758,1394.612,4.0948,12.245,0.7351904237849293,0.0,Hit+Run
10595569.609,P33,FRAG0122,0.039765169756909746,0.005706626706626707,2663.758,1394.612,1.046,3.1281,0.7634139647390868,0.0,Graze+Merge
10597883.434,P33,FRAG0132,0.045471796463536454,0.005706626706626707,2785.530,1394.612,1.3045,4.0780,0.47618941934313375,0.0,Merge
10599014.869,P33,FRAG0129,0.05117842317016316,0.005706626706626707,2897.495,1394.612,2.0711,6.7363,0.5807671302544788,0.0,Merge
10599427.214,P33,FRAG0124,0.05688504987678987,0.005706626706626707,3001.418,1394.612,1.377,4.6421,0.536851350490224,0.0,Merge
10599880.527,P33,FRAG0121,0.06259167658341658,0.005706626706626707,3098.603,1394.612,1.5461,5.3854,0.826783204553188,0.0,Hit+Run
10600363.445,P33,FRAG0121,0.06259167658341658,0.005706626706626707,3098.603,1394.612,1.0945,3.8124,0.8269211281839417,0.0,Hit+Run
10601584.912,P33,FRAG0121,0.06259167658341658,0.005706626706626707,3098.603,1394.612,1.152,4.0126,0.4825258221918972,0.0,Merge
10603772.113,P33,FRAG0117,0.06829830329004329,0.005706626706626707,3190.047,1394.612,2.436,8.7440,0.7238500023805762,0.0,Hit+Run
10604656.986,P33,FRAG0117,0.06829830329004329,0.005706626706626707,3190.047,1394.612,1.0764,3.8637,0.5027219328270368,0.0,Merge
10611647.86,P33,FRAG0128,0.07400492999667,0.005706626706626707,3276.529,1394.612,1.3321,4.9163,0.4651954844442384,0.0,Merge
10622744.563,P59,FRAG0123,0.004871128871128871,0.005706626706626707,1322.930,1394.612,43.45,76.587,0.7163913561400923,0.0,Graze+Frag
10632065.675,E3,P580,0.47537335142857146,0.0024355585714285716,6090.769,1050.009,2.8241,20.639,0.6152370442856879,0.0,Merge
10685703.941,P33,P59,0.0797115567032967,0.010577755577755579,3358.672,1713.135,8.9918,33.895,0.26535311413449886,0.08476523476523479,Fragment
10686467.177,P33,FRAG0139,0.005524077515817488,0.005651015651015651,1379.580,1390.067,1.5164,2.7213,0.08139064412557992,0.0,Merge
10688124.935,P33,FRAG0137,0.011175093166833138,0.005651015651015651,1744.794,1390.067,2.0235,4.1883,0.8006369745617619,0.0,Hit+Run
10689780.131,P33,FRAG0147,0.011175093166833138,0.005651015651015651,1744.794,1390.067,2.3846,4.9357,0.3747437434636317,0.006358641358641359,Fragment
10690080.134,P33,FRAG0149,0.01046746745920743,0.005651015651015651,1707.160,1390.067,1.6106,3.2826,0.9498101809790397,0.0,Hit+Run
10690081.986,P33,FRAG0149,0.01046746745920743,0.005651015651015651,1707.160,1390.067,1.0374,2.1143,0.6790657747018204,0.0,Graze+Merge
10690720.366,P33,FRAG0150,0.01611848311022308,0.006358641358641359,1971.371,1445.823,1.215,2.7839,0.891422202728025,0.0,Hit+Run
10691300.304,P33,FRAG0143,0.01611848311022308,0.005651015651015651,1971.371,1390.067,4.3722,9.9407,0.8959449065513503,0.0,Hit+Run
10692035.76,P33,FRAG0137,0.01611848311022308,0.005651015651015651,1971.371,1390.067,1.0997,2.5003,0.9572893048136211,0.0,Hit+Run
10692121.375,P33,FRAG0141,0.01611848311022308,0.005651015651015651,1971.371,1390.067,1.1949,2.7167,0.6420049022725424,0.0,Hit+Run
10692232.043,P33,FRAG0146,0.01611848311022308,0.005651015651015651,1971.371,1390.067,4.8858,11.108,0.5996620193419883,0.013594405594405596,Graze+Frag
10694293.126,P33,FRAG0150,0.008175093166833134,0.006358641358641359,1572.140,1445.823,2.1549,4.2248,0.08105632651590942,0.006861471861471863,Fragment
10694297.876,P33,FRAG0153,0.007672262664002631,0.006861471861471863,1539.223,1482.971,1.0778,2.1116,0.799763826698652,0.0,Hit+Run
10697020.478,P33,FRAG0142,0.007672262664002631,0.005651015651015651,1539.223,1390.067,2.9762,5.6707,0.4668706056453117,0.007195138195138195,Fragment
10697426.175,P33,FRAG0152,0.0061281401198800866,0.006797202797202798,1428.137,1478.327,2.098,3.9527,0.6885018551618984,0.0,Hit+Run
10697483.577,P33,FRAG0152,0.0061281401198800866,0.006797202797202798,1428.137,1478.327,1.036,1.9518,0.31845421947646757,0.0,Merge
10698953.302,P33,FRAG0145,0.012925342917082885,0.005651015651015651,1831.504,1390.067,9.5886,20.571,0.24224318960699145,0.013051615051615052,Fragment
10699559.334,P33,FRAG0156,0.005524743516483483,0.006525807525807526,1379.636,1458.384,1.1047,2.0337,0.4834039319327517,0.0,Merge
10701404.13,P33,FRAG0144,0.012050551042291009,0.005651015651015651,1789.216,1390.067,8.2413,17.373,0.671895035496754,0.012176490176490177,Graze+Frag
10703003.335,P33,FRAG0127,0.005525076516816484,0.005706626706626707,1379.663,1394.612,10.269,18.460,0.8923157565299823,0.0,Hit+Run
10704616.093,P33,FRAG0158,0.005525076516816484,0.006088245088245088,1379.663,1425.031,4.1365,7.5201,0.8908528863502828,0.0,Hit+Run
10706892.436,P33,FRAG0143,0.005525076516816484,0.005651015651015651,1379.663,1390.067,3.0882,5.5422,0.8671802869220904,0.0,Hit+Run
10707079.18,P33,FRAG0155,0.005525076516816484,0.006525807525807526,1379.663,1458.384,3.9863,7.3388,0.682333833330143,0.0,Hit+Run
10708711.81,P33,FRAG0135,0.005525076516816484,0.005651015651015651,1379.663,1390.067,2.0639,3.7040,0.9845377891329266,0.0,Hit+Run
10708714.318,P33,FRAG0143,0.005525076516816484,0.005651015651015651,1379.663,1390.067,3.1157,5.5916,0.9170920938895174,0.0,Hit+Run
10709781.06,P33,FRAG0140,0.005525076516816484,0.005651015651015651,1379.663,1390.067,1.4558,2.6126,0.5014094300739711,0.0,Hit+Run
10710031.688,P33,FRAG0140,0.005525076516816484,0.005651015651015651,1379.663,1390.067,1.3029,2.3382,0.8191115307109459,0.0,Hit+Run
10710549.986,P33,FRAG0148,0.005525076516816484,0.005651015651015651,1379.663,1390.067,1.9639,3.5245,0.5497272471981268,0.0,Hit+Run
10712958.351,P33,FRAG0137,0.005525076516816484,0.005651015651015651,1379.663,1390.067,1.3803,2.4771,0.6621035311487407,0.0,Hit+Run
10713336.933,P33,FRAG0155,0.005525076516816484,0.006525807525807526,1379.663,1458.384,4.7494,8.7437,0.8108183247444752,0.0,Hit+Run
10713519.68,P33,FRAG0155,0.005525076516816484,0.006525807525807526,1379.663,1458.384,1.1088,2.0413,0.36211917387263004,0.0,Merge
10718413.067,P33,FRAG0135,0.01205088404262401,0.005651015651015651,1789.232,1390.067,1.862,3.9253,0.6095984869132087,0.0,Hit+Run
10720988.661,P33,FRAG0137,0.01205088404262401,0.005651015651015651,1789.232,1390.067,1.6583,3.4959,0.46282662078787196,0.0,Merge
10725925.291,P33,FRAG0148,0.01770189969363966,0.005651015651015651,2033.919,1390.067,1.6812,3.9226,0.32564217807727897,0.0,Merge
10730035.375,P33,FRAG0135,0.02335291534465531,0.005651015651015651,2230.698,1390.067,1.9688,4.9783,0.9543150835502126,0.0,Hit+Run
10731752.14,P33,FRAG0141,0.02335291534465531,0.005651015651015651,2230.698,1390.067,2.0983,5.3058,0.9275154023788541,0.0,Hit+Run
10731765.117,P33,FRAG0151,0.02335291534465531,0.006797202797202798,2230.698,1478.327,1.2308,3.1351,0.27118225136955604,0.0,Merge
10731770.735,P33,FRAG0120,0.03015011814185811,0.005706626706626707,2428.977,1394.612,2.0498,5.6081,0.2365076425712166,0.0,Merge
10731948.922,P33,FRAG0140,0.03585674484848481,0.005651015651015651,2573.460,1390.067,1.6852,4.8722,0.2214711888710801,0.0,Merge
10734048.381,P33,FRAG0143,0.041507760499500466,0.005651015651015651,2702.113,1390.067,1.9544,5.9275,0.4327019840102047,0.0,Merge
10735040.886,P33,FRAG0158,0.04715877615051612,0.006088245088245088,2819.560,1425.031,3.0941,9.7908,0.34748025776237057,0.009627039627039627,Fragment
10735762.738,P33,FRAG0136,0.043619981611721585,0.005651015651015651,2747.192,1390.067,1.387,4.2763,0.4659375188499359,0.0,Merge
10740938.164,P33,FRAG0159,0.04927099726273724,0.009627039627039627,2861.042,1660.191,1.214,3.9146,0.8018857870389671,0.0,Hit+Run
10741252.722,P33,FRAG0159,0.04927099726273724,0.009627039627039627,2861.042,1660.191,1.0653,3.4351,0.9136384937869795,0.0,Hit+Run
10743368.209,P33,FRAG0159,0.04927099726273724,0.009627039627039627,2861.042,1660.191,1.0309,3.3242,0.7334799682424769,0.0,Graze+Merge
10746957.438,P33,FRAG0135,0.058898036889776864,0.005651015651015651,3036.412,1390.067,1.9976,6.8152,0.67889998591965,0.0,Merge
10756754.139,P33,FRAG0127,0.06454905254079252,0.005706626706626707,3130.572,1394.612,2.3243,8.1822,0.5361534513174585,0.0,Merge
10760171.387,P33,FRAG0157,0.07025567924741923,0.006088245088245088,3220.235,1425.031,2.0016,7.2496,0.8787375043356744,0.0,Hit+Run
10761772.026,P33,FRAG0157,0.07025567924741923,0.006088245088245088,3220.235,1425.031,1.2604,4.5650,0.9976956581255148,0.0,Hit+Run
10761800.874,P33,FRAG0157,0.07025567924741923,0.006088245088245088,3220.235,1425.031,1.0502,3.8037,0.265645480957266,0.0,Merge
10767115.365,P33,FRAG0153,0.07634392433566431,0.006861471861471863,3310.691,1482.971,1.5688,5.8393,0.5121779535730442,0.0,Merge
10780499.768,P33,FRAG0141,0.08320539619713617,0.005651015651015651,3407.043,1390.067,1.7166,6.6005,0.3888499050608313,0.0,Merge
10814263.44,P33,FRAG0154,0.08885641184815182,0.007195138195138195,3482.491,1506.631,2.2429,8.7923,0.9245233275343944,0.0,Hit+Run
10824877.366,P33,FRAG0119,0.08885641184815182,0.005706626706626707,3482.491,1394.612,2.7436,10.793,0.3593808711984632,0.0,Merge
10833659.03,P33,FRAG0154,0.09456303855477853,0.007195138195138195,3555.502,1506.631,1.4942,5.9852,0.44923734328179177,0.0,Merge
10909387.226,P33,FRAG0125,0.10175817674991673,0.005706626706626707,3643.484,1394.612,4.9023,20.228,0.09914888433372993,0.012843822843822844,Fragment
10911667.565,P33,FRAG0161,0.09462098061272059,0.006421911421911422,3556.228,1450.603,1.3903,5.5800,0.9987180021429722,0.0,Hit+Run
10912124.729,P33,FRAG0161,0.09462098061272059,0.006421911421911422,3556.228,1450.603,1.0713,4.2997,0.9651930112453488,0.0,Hit+Run
10912388.633,P33,FRAG0161,0.09462098061272059,0.006421911421911422,3556.228,1450.603,1.127,4.5232,0.8774740202314402,0.0,Hit+Run
10912674.3,P33,FRAG0161,0.09462098061272059,0.006421911421911422,3556.228,1450.603,1.0776,4.3250,0.9190251212380285,0.0,Hit+Run
10943497.477,P33,FRAG0160,0.09462098061272059,0.006421911421911422,3556.228,1450.603,2.1971,8.8181,0.6948622583717159,0.0,Merge
11329370.656,P33,FRAG0161,0.10104289203463201,0.006421911421911422,3634.927,1450.603,2.0687,8.4961,0.6028990066802704,0.0,Merge
11646513.98,E7,P2,0.024059999999999998,0.0024355585714285716,2252.988,1050.009,2.8936,7.3219,0.7045452982484225,0.0,Hit+Run
11855609.14,M3,P104,0.005527805527805527,0.004871117142857143,1379.890,1322.929,14.383,25.206,0.904059639303027,0.0,Hit+Run
11857339.799,M3,P104,0.005527805527805527,0.004871117142857143,1379.890,1322.929,1.0398,1.8221,0.603659429360684,0.0,Graze+Merge
12086773.652,E5,P343,0.07593555857142857,0.0024355585714285716,3304.777,1050.009,5.2923,20.058,0.8793186491990125,0.0,Hit+Run
12167338.62,P33,P844,0.10746480345654344,0.0024355585714285716,3710.359,1050.009,10.711,45.980,0.7020297066704454,0.008172494172494172,Fragment
12167371.611,P33,FRAG0162,0.10172786785547784,0.008172494172494172,3643.123,1571.974,1.0635,4.3617,0.6113905786790016,0.0,Merge
12198240.48,E0,E9,0.6624476905894103,0.08137555857142859,6803.165,3381.882,1.1074,8.4550,0.6716299210897047,0.0,Graze+Merge
12262718.631,E0,P561,0.743823249160839,0.0024355585714285716,7071.047,1050.009,2.519,21.573,0.25111140290989076,0.006033599733599733,Merge
12292324.194,E0,P116,0.7462588077322675,0.0024355585714285716,7078.757,1050.009,3.7764,32.379,0.7468220105932164,0.0,Merge
12598429.757,E15,P725,0.11428,0.0024355585714285716,3787.191,1050.009,3.6329,15.943,0.6442733405343166,0.0,Merge
13232764.147,E0,M3,0.748694366303696,0.01039892267066267,7086.449,1703.426,3.2034,26.596,0.7652506349431364,0.0,Merge
14483483.065,P33,FRAG0138,0.10990036202797202,0.005651015651015651,3738.180,1390.067,2.6864,11.392,0.5152869964198122,0.0,Merge
14799902.79,P256,P316,0.004871128871128871,0.0024355585714285716,1322.930,1050.009,25.918,40.633,0.914868763765378,0.0,Graze+Frag
15714375.854,E1,P454,0.24558869290043292,0.0024355585714285716,4887.235,1050.009,4.4676,25.798,0.6819786673395356,0.0,Merge
16176042.519,E0,FRAG0016,0.7590932889743587,0.007008991008991009,7119.107,1493.524,3.9316,33.128,0.8622150676616521,0.0,Hit+Run
17046509.329,E0,P256,0.7590932889743587,0.0073066933066933066,7119.107,1514.377,3.4053,28.664,0.9552904895240499,0.0,Hit+Run
17606444.068,E19,P549,0.04405555857142857,0.0024355585714285716,2756.305,1050.009,12.176,38.020,0.5570085724880165,0.028732933732933737,Fragment
17849935.579,P339,FRAG0163,0.0024355585714285716,0.005746586746586747,1050.009,1397.860,9.2181,15.056,0.33457968053465803,0.008118687978687977,Fragment
17929977.432,P452,P782,0.0024355585714285716,0.0024355585714285716,1050.009,1050.009,34.029,46.304,0.5972,0.0,Graze+Frag
17962447.317,E3,P90,0.47780891000000003,0.0024355585714285716,6101.153,1050.009,1.5738,11.522,0.6984897543019566,0.0,Merge
18159753.432,E0,FRAG0017,0.7590932889743587,0.007008991008991009,7119.107,1493.524,5.4799,46.174,0.6057244766393047,0.0,Merge
18242303.529,E5,P83,0.07593555857142857,0.0024355585714285716,3304.777,1050.009,5.6108,21.265,0.7939442226564312,0.0,Hit+Run
18320472.151,E0,E19,0.7661022799833497,0.017758183409923405,7140.951,2036.073,3.1362,25.895,0.5071875082405065,0.007916083916083916,Fragment
18372780.093,E0,FRAG0168,0.7759443794771892,0.007916083916083916,7171.401,1555.359,1.0379,8.7883,0.2773478217721741,0.0,Merge
18440045.574,E0,P601,0.7838604633932731,0.0024355585714285716,7195.706,1050.009,4.5033,39.288,0.9176892119770265,0.0,Hit+Run
18443737.323,P33,P802,0.11555137767898767,0.0024355585714285716,3801.184,1050.009,17.692,77.955,0.6396170902903919,0.028373293373293376,Fragment
18443759.243,P33,FRAG0171,0.08961364287712287,0.005674658674658675,3492.356,1392.003,1.0974,4.3305,0.8792452784042541,0.0,Hit+Run
18443846.52,P33,FRAG0173,0.08961364287712287,0.005674658674658675,3492.356,1392.003,1.0225,4.0349,0.9300823437816165,0.0,Graze+Merge
18444351.023,P33,FRAG0170,0.09528830155178154,0.005674658674658675,3564.569,1392.003,1.1082,4.4685,0.9602224658666179,0.0,Hit+Run
18444461.182,P33,FRAG0169,0.09528830155178154,0.005674658674658675,3564.569,1392.003,1.2442,5.0169,0.5330414108001328,0.0,Merge
18444540.163,P33,FRAG0170,0.10096296022644022,0.005674658674658675,3633.968,1392.003,0.9922,4.0832,0.5178397631231543,0.0,Perfect
18451447.171,E0,P601,0.7838604633932731,0.0024355585714285716,7195.706,1050.009,1.1041,9.6326,0.6726462957321148,0.0,Merge
18643300.487,P33,FRAG0172,0.1066376189010989,0.005674658674658675,3700.814,1392.003,2.4291,10.191,0.33688568950437225,0.0,Merge
19053214.086,E3,E5,0.4802444685714286,0.07593555857142857,6111.502,3304.777,1.9377,13.304,0.4679547711614406,0.042885780885780884,Fragment
19076004.21,E3,FRAG0174,0.5132942462570763,0.006126540126540127,6248.598,1428.013,1.0126,7.4416,0.41862924645446964,0.0,Merge
19202099.247,E0,FRAG0166,0.7862960219647016,0.005746586746586747,7203.151,1397.860,3.3464,28.690,0.9640200075862647,0.0,Hit+Run
19454678.379,P33,P339,0.11231227757575757,0.008182151182151182,3765.329,1572.593,13.945,59.194,0.37484545732433167,0.11491175491175488,Fragment
19454693.178,P33,FRAG0190,0.0055826738461538655,0.005745587745587746,1384.441,1397.779,1.6319,2.9419,0.3253328334578889,0.0,Merge
19454944.727,P33,FRAG0191,0.011328261591741611,0.005745587745587746,1752.729,1397.779,1.4821,3.0825,0.854303710726078,0.0,Hit+Run
19454974.416,P33,FRAG0186,0.011328261591741611,0.005745587745587746,1752.729,1397.779,1.0873,2.2614,0.9098256632726152,0.0,Hit+Run
19456039.869,P33,FRAG0188,0.011328261591741611,0.005745587745587746,1752.729,1397.779,1.7008,3.5374,0.42042023586591376,0.0,Merge
19456127.902,P33,FRAG0182,0.017073849337329357,0.005745587745587746,2009.575,1397.779,1.0707,2.4755,0.999257128003872,0.0,Hit+Run
19456142.379,P33,FRAG0185,0.017073849337329357,0.005745587745587746,2009.575,1397.779,1.2672,2.9298,0.49930418731516146,0.0,Merge
19457692.318,P33,FRAG0195,0.0228194370829171,0.005745587745587746,2213.581,1397.779,1.0174,2.5564,0.5157355987625429,0.0,Merge
19457888.941,P33,FRAG0182,0.02856502482850485,0.005745587745587746,2385.642,1397.779,1.2127,3.2627,0.6627727150573982,0.0,Hit+Run
19457941.388,P33,FRAG0182,0.02856502482850485,0.005745587745587746,2385.642,1397.779,0.9898,2.6630,0.9779854257958563,0.0,Perfect
19458170.934,P33,FRAG0196,0.0343106125740926,0.005745587745587746,2535.926,1397.779,1.6867,4.8087,0.7400121028186919,0.0,Hit+Run
19460210.136,P33,FRAG0198,0.0343106125740926,0.005745587745587746,2535.926,1397.779,1.2212,3.4815,0.9969759709113226,0.0,Hit+Run
19460356.36,P33,FRAG0198,0.0343106125740926,0.005745587745587746,2535.926,1397.779,1.1213,3.1967,0.5276591220115858,0.0,Merge
19460373.63,P33,FRAG0194,0.040056200319680345,0.005745587745587746,2670.240,1397.779,1.0131,3.0371,0.9440973904510386,0.0,Graze+Merge
19465716.097,P33,FRAG0191,0.04580178806526809,0.005745587745587746,2792.252,1397.779,0.9874,3.0941,0.6736674050540612,0.0,Perfect
19467849.71,P33,FRAG0196,0.05154737581085584,0.005745587745587746,2904.441,1397.779,3.1365,10.226,0.5798458350404752,0.0,Merge
19468233.168,P33,FRAG0189,0.05729296355644359,0.005745587745587746,3008.575,1397.779,2.5605,8.6525,0.983477780884293,0.0,Hit+Run
19468884.589,P33,FRAG0189,0.05729296355644359,0.005745587745587746,3008.575,1397.779,1.3001,4.3933,0.39819789073293516,0.0,Merge
19471338.022,P33,FRAG0187,0.06303855130203133,0.005745587745587746,3105.960,1397.779,1.1269,3.9345,0.8980495636607367,0.0,Hit+Run
19471670.201,P33,FRAG0192,0.06303855130203133,0.005745587745587746,3105.960,1397.779,9.9168,34.624,0.8441886583298324,0.0,Hit+Run
19472707.428,P33,FRAG0187,0.06303855130203133,0.005745587745587746,3105.960,1397.779,1.7184,5.9998,0.3990258620289528,0.0,Merge
19477084.905,P33,FRAG0199,0.06878413904761907,0.005745587745587746,3197.593,1397.779,5.911,21.267,0.7043180622354491,0.008872793872793874,Graze+Frag
19477382.624,P33,FRAG0197,0.06565693292041294,0.005745587745587746,3148.381,1397.779,2.0863,7.3870,0.8001564505248494,0.0,Hit+Run
19479568.505,P33,FRAG0201,0.06565693292041294,0.008872793872793874,3148.381,1615.650,1.2931,4.5694,0.7983248747256191,0.0,Hit+Run
19479580.334,P33,FRAG0201,0.06565693292041294,0.008872793872793874,3148.381,1615.650,1.0419,3.6818,0.9213779307470682,0.0,Hit+Run
19479702.598,E3,FRAG0176,0.5194207863836164,0.006126540126540127,6273.361,1428.013,1.0706,7.9014,0.5601030194879665,0.0,Merge
19479827.456,P33,FRAG0201,0.06565693292041294,0.008872793872793874,3148.381,1615.650,1.1012,3.8913,0.6516789395421632,0.0,Merge
19480811.149,P33,FRAG0183,0.07452972679320681,0.005745587745587746,3284.256,1397.779,2.1188,7.8382,0.8247053731420024,0.0,Hit+Run
19481048.728,P33,FRAG0183,0.07452972679320681,0.005745587745587746,3284.256,1397.779,1.0331,3.8218,0.9009539689236948,0.0,Hit+Run
19481057.349,P33,FRAG0183,0.07452972679320681,0.005745587745587746,3284.256,1397.779,1.0502,3.8851,0.09434623857072327,0.0,Merge
19481062.367,P33,FRAG0192,0.08027531453879455,0.005745587745587746,3366.571,1397.779,9.3245,35.398,0.6221762888231266,0.03456343656343657,Fragment
19483171.431,P33,FRAG0205,0.05145746572094572,0.005760572760572761,2902.752,1398.993,1.0302,3.3567,0.647253476749597,0.0,Merge
19484117.462,P33,FRAG0207,0.057218038481518484,0.005760572760572761,3007.263,1398.993,1.3447,4.5419,0.2891745820033139,0.0,Merge
19484715.504,P33,FRAG0204,0.06297861124209124,0.005760572760572761,3104.975,1398.993,1.4137,4.9342,0.8038246726866434,0.0,Hit+Run
19484893.442,P33,FRAG0204,0.06297861124209124,0.005760572760572761,3104.975,1398.993,1.1762,4.1052,0.6509187443831292,0.0,Merge
19495194.216,P33,FRAG0184,0.068739184002664,0.005745587745587746,3196.897,1397.779,6.9186,24.887,0.22146767244568552,0.03448551448551449,Fragment
19495449.025,P33,FRAG0209,0.03999925726273725,0.005747585747585748,2668.974,1397.941,1.0493,3.1441,0.9057769541923173,0.0,Hit+Run
19495515.487,P33,FRAG0208,0.03999925726273725,0.005747585747585748,2668.974,1397.941,1.078,3.2301,0.477695294128813,0.0,Merge
19497031.757,P33,FRAG0193,0.045746843010323,0.005745587745587746,2791.135,1397.779,1.3666,4.2807,0.781187295872532,0.0,Hit+Run
19498977.334,P33,FRAG0203,0.045746843010323,0.005760572760572761,2791.135,1398.993,1.7825,5.5835,0.7530504463272748,0.0,Hit+Run
19499240.654,P33,FRAG0203,0.045746843010323,0.005760572760572761,2791.135,1398.993,1.0493,3.2868,0.21362519074494207,0.0,Merge
19499999.455,P33,FRAG0209,0.051507415770895765,0.005747585747585748,2903.691,1397.941,1.9992,6.5163,0.7475854486520952,0.0,Hit+Run
19503937.04,P33,FRAG0209,0.051507415770895765,0.005747585747585748,2903.691,1397.941,1.6539,5.3908,0.505050503549885,0.0,Merge
19504469.925,P33,FRAG0211,0.057255001518481514,0.005747585747585748,3007.911,1397.941,1.5578,5.2629,0.3571245862914668,0.0,Merge
19507672.75,P33,FRAG0193,0.06300258726606726,0.005745587745587746,3105.369,1397.779,2.4714,8.6272,0.9705424162469617,0.0,Hit+Run
19512883.515,P33,FRAG0212,0.06300258726606726,0.005747585747585748,3105.369,1397.941,1.49,5.2013,0.8861035520821787,0.0,Hit+Run
19513546.525,P33,FRAG0181,0.06300258726606726,0.005745587745587746,3105.369,1397.779,7.6121,26.572,0.6429826267647202,0.02227639027639028,Fragment
19513582.163,P33,FRAG0212,0.046471784735264726,0.005747585747585748,2805.801,1397.941,1.0573,3.3293,0.8859105765545471,0.0,Hit+Run
19514115.173,P33,FRAG0212,0.046471784735264726,0.005747585747585748,2805.801,1397.941,0.9954,3.1343,0.17367131170006264,0.0,Perfect
19515617.263,P33,FRAG0193,0.052219370482850476,0.005745587745587746,2917.008,1397.779,1.4457,4.7341,0.21146815985284825,0.0,Merge
19515782.753,P33,FRAG0214,0.057964958228438224,0.00556909756909757,3020.292,1383.318,1.1177,3.7929,0.9084997925649234,0.0,Hit+Run
19516093.156,P33,FRAG0213,0.057964958228438224,0.005747585747585748,3020.292,1397.941,3.4066,11.557,0.6706088852578009,0.0,Merge
19520638.712,P33,FRAG0214,0.06371254397602397,0.00556909756909757,3116.990,1383.318,1.9744,6.9211,0.6555620235430422,0.0,Merge
19524287.264,P33,FRAG0197,0.06928164154512154,0.005745587745587746,3205.284,1397.779,2.2994,8.2938,0.6185562906270291,0.0,Merge
19540960.085,P33,FRAG0171,0.07502722929070928,0.005674658674658675,3291.547,1392.003,7.1535,26.529,0.5530948086426247,0.026835830835830833,Fragment
19541127.391,P33,FRAG0220,0.05386605712953712,0.006708957708957708,2947.353,1471.901,1.161,3.8402,0.4517813760385114,0.0,Merge
19544072.907,P33,FRAG0218,0.060575014838494826,0.006708957708957708,3064.961,1471.901,1.1003,3.7857,0.5663965379375917,0.0,Merge
19544138.411,P33,FRAG0219,0.06728397254745254,0.006708957708957708,3174.176,1471.901,1.0947,3.9030,0.6836730061971679,0.0,Graze+Merge
19548633.468,P33,FRAG0221,0.07399293025641025,0.006708957708957708,3276.352,1471.901,1.1239,4.1396,0.5377263372401235,0.0,Merge
19581811.185,E15,FRAG0167,0.11671555857142858,0.005746586746586747,3813.907,1397.860,4.2175,18.265,0.6943201040718912,0.0,Merge
19584472.874,P33,FRAG0210,0.08070188796536797,0.005747585747585748,3372.524,1397.941,6.4211,24.421,0.6558459698768507,0.013754911754911755,Fragment
19584490.325,P33,FRAG0223,0.07269456195804196,0.006877455877455877,3257.075,1484.122,1.068,3.9089,0.7108110490078176,0.0,Graze+Merge
19585142.528,P33,FRAG0222,0.07957201783549783,0.006877455877455877,3356.711,1484.122,1.0667,4.0273,0.5329594675790523,0.0,Merge
19603155.687,P33,FRAG0186,0.08644947371295371,0.005745587745587746,3450.759,1397.779,5.7987,22.591,0.5112221326394302,0.01877022977022977,Fragment
19603385.623,P33,FRAG0225,0.07342483168831168,0.006256743256743257,3267.945,1438.058,1.0447,3.8406,0.8458735463305022,0.0,Hit+Run
19603731.45,P33,FRAG0224,0.07342483168831168,0.006256743256743257,3267.945,1438.058,1.0137,3.7266,0.2889483479419768,0.0,Merge
19603874.086,P33,FRAG0216,0.07968157494505494,0.00556909756909757,3358.251,1383.318,3.3365,12.639,0.4255209761362127,0.006838161838161839,Fragment
19603907.319,P33,FRAG0227,0.07841251067599067,0.006838161838161839,3340.326,1481.290,1.0688,4.0151,0.8952120922763647,0.0,Hit+Run
19606621.529,P33,FRAG0226,0.07841251067599067,0.006256743256743257,3340.326,1438.058,1.1449,4.3057,0.8735319413992699,0.0,Hit+Run
19606623.458,P33,FRAG0226,0.07841251067599067,0.006256743256743257,3340.326,1438.058,1.0418,3.9179,0.47283691194179434,0.0,Merge
19610366.834,P33,FRAG0227,0.08466925393273393,0.006838161838161839,3426.907,1481.290,1.5947,6.1518,0.5735719019811123,0.0,Merge
19611847.139,P33,FRAG0202,0.09150741577089577,0.005760572760572761,3516.786,1398.993,3.77,14.982,0.5718968192283449,0.0066027306027306035,Fragment
19614752.203,P33,FRAG0217,0.09066525792873793,0.00556909756909757,3505.964,1383.318,4.7389,18.783,0.4176940381371587,0.01254945054945055,Fragment
19615036.77,P33,FRAG0215,0.08368490494838496,0.00556909756909757,3413.575,1383.318,4.3355,16.708,0.9292361267267085,0.0,Hit+Run
19615045.586,P33,FRAG0229,0.08368490494838496,0.006274725274725275,3413.575,1439.435,1.0505,4.0408,0.4562912960963447,0.0,Merge
19615202.403,P33,FRAG0215,0.08995963022311024,0.00556909756909757,3496.845,1383.318,1.0505,4.1524,0.678279252752733,0.0,Merge
19615434.929,P33,FRAG0230,0.09552872779220781,0.006274725274725275,3567.564,1439.435,1.048,4.2219,0.9195011780323276,0.0,Hit+Run
19623453.812,P33,FRAG0225,0.09552872779220781,0.006256743256743257,3567.564,1438.058,1.2906,5.1995,0.7261816009683074,0.0,Hit+Run
19623666.922,P33,FRAG0225,0.09552872779220781,0.006256743256743257,3567.564,1438.058,1.0406,4.1923,0.7779957165737602,0.0,Graze+Merge
19653590.98,M0,FRAG0166,0.16223497508824514,0.005746586746586747,4256.395,1397.860,4.9937,24.317,0.8634355650164428,0.0,Hit+Run
19668938.242,P33,FRAG0230,0.10178547104895107,0.006274725274725275,3643.810,1439.435,1.0202,4.2024,0.33547529376089946,0.0,Merge
19789173.081,P33,FRAG0206,0.10806019632367635,0.005760572760572761,3717.198,1398.993,1.9897,8.3845,0.6552805813623146,0.0,Merge
20263910.196,E0,FRAG0016,0.7862960219647016,0.007008991008991009,7203.151,1493.524,1.1846,10.108,0.9206992635150031,0.0,Hit+Run
20285460.469,M0,FRAG0166,0.16223497508824514,0.005746586746586747,4256.395,1397.860,1.2196,5.9390,0.9275721911187974,0.0,Hit+Run
20296608.319,M0,FRAG0166,0.16223497508824514,0.005746586746586747,4256.395,1397.860,1.3294,6.4737,0.8252697558217317,0.0,Hit+Run
20302379.519,M0,FRAG0166,0.16223497508824514,0.005746586746586747,4256.395,1397.860,0.9998,4.8687,0.15635184555703152,0.0,Perfect
20362578.382,P317,FRAG0180,0.0024355585714285716,0.006126540126540127,1050.009,1428.013,14.732,24.465,0.1847457644224504,0.0,Fragment
20397366.801,E0,FRAG0016,0.7862960219647016,0.007008991008991009,7203.151,1493.524,2.4191,20.642,0.174681067538066,0.0,Merge
20693980.405,P33,FRAG0228,0.11382076908424911,0.0066027306027306035,3782.111,1464.092,1.1933,5.1078,0.853140905241713,0.0,Hit+Run
20695393.865,P33,FRAG0228,0.11382076908424911,0.0066027306027306035,3782.111,1464.092,1.0488,4.4893,0.6525078868804077,0.0,Merge
21812937.809,P33,FRAG0200,0.12042349968697971,0.005745587745587746,3853.874,1397.779,4.427,19.386,0.8962389759823335,0.0,Hit+Run
21813008.941,P33,FRAG0200,0.12042349968697971,0.005745587745587746,3853.874,1397.779,1.2164,5.3267,0.5048820236435319,0.0,Merge
22135848.661,E3,FRAG0165,0.5255473265101566,0.005746586746586747,6297.929,1397.860,2.0687,15.356,0.6207263337117279,0.0,Merge
22290994.648,E15,P83,0.12246214531801533,0.0024355585714285716,3875.500,1050.009,3.6317,16.338,0.7916217374689847,0.0,Hit+Run
22433860.81,P786,FRAG0178,0.0024355585714285716,0.006126540126540127,1050.009,1428.013,12.051,20.014,0.34491525743090506,0.00852995670995671,Fragment
22910494.804,P33,P786,0.12616908743256747,0.008562104562104562,3914.216,1596.567,13.104,57.891,0.35698824469182305,0.1257509157509157,Fragment
22910531.0,FRAG0238,FRAG0239,0.005715950715950715,0.005715950715950715,1395.372,1395.372,1.3254,2.3966,0.9692,0.0,Hit+Run
22910737.031,FRAG0234,FRAG0246,0.005715950715950715,0.005715950715950715,1395.372,1395.372,3.0291,5.4773,0.9242500000000001,0.0,Hit+Run
22910759.992,FRAG0236,FRAG0249,0.005715950715950715,0.005715950715950715,1395.372,1395.372,1.5888,2.8729,0.7611,0.0,Hit+Run
22910878.56,FRAG0236,FRAG0239,0.005715950715950715,0.005715950715950715,1395.372,1395.372,2.0599,3.7247,0.61365,0.0,Hit+Run
22911015.527,FRAG0234,FRAG0249,0.005715950715950715,0.005715950715950715,1395.372,1395.372,2.4358,4.4045,0.60845,0.0,Hit+Run
22911184.356,FRAG0235,FRAG0246,0.005715950715950715,0.005715950715950715,1395.372,1395.372,1.2106,2.1890,0.54825,0.0,Hit+Run
22911317.852,FRAG0237,FRAG0242,0.005715950715950715,0.005715950715950715,1395.372,1395.372,1.3688,2.4751,0.53695,0.0,Hit+Run
22911421.748,P33,FRAG0246,0.00898027624375633,0.005715950715950715,1622.147,1395.372,1.1457,2.2589,0.5735403849366217,0.0,Graze+Merge
22911437.153,P33,FRAG0233,0.014696226959707046,0.005715950715950715,1911.594,1395.372,1.6996,3.7725,0.6318673005256044,0.0,Hit+Run
22911480.46,FRAG0232,FRAG0237,0.005715950715950715,0.005715950715950715,1395.372,1395.372,2.794,5.0522,0.9992500000000001,0.0,Hit+Run
22911502.045,FRAG0232,FRAG0243,0.005715950715950715,0.005715950715950715,1395.372,1395.372,2.6261,4.7486,0.60245,0.0,Hit+Run
22911504.72,FRAG0238,FRAG0240,0.005715950715950715,0.005715950715950715,1395.372,1395.372,1.0501,1.8988,0.72195,0.0,Graze+Merge
22911540.512,FRAG0238,FRAG0252,0.01143190143190143,0.005715950715950715,1758.058,1395.372,2.0649,4.3019,0.59714538992642,0.0,Hit+Run
22911577.77,FRAG0233,FRAG0239,0.005715950715950715,0.005715950715950715,1395.372,1395.372,3.0815,5.5720,0.59915,0.0,Hit+Run
22911620.457,P33,FRAG0239,0.014696226959707046,0.005715950715950715,1911.594,1395.372,1.1012,2.4442,0.41076287965739133,0.0,Merge
22912311.565,P33,FRAG0245,0.020412177675657762,0.005715950715950715,2132.833,1395.372,1.2771,3.1049,0.6468855454758334,0.0,Hit+Run
22912337.268,P33,FRAG0245,0.020412177675657762,0.005715950715950715,2132.833,1395.372,1.0727,2.6080,0.7170086398363573,0.0,Graze+Merge
22913131.877,FRAG0231,FRAG0242,0.005715950715950715,0.005715950715950715,1395.372,1395.372,1.9924,3.6027,0.9641000000000001,0.0,Hit+Run
22913406.251,FRAG0232,FRAG0241,0.005715950715950715,0.005715950715950715,1395.372,1395.372,24.070,43.525,0.54855,0.011425421245421246,Graze+Frag
22913670.715,FRAG0232,FRAG0251,0.005527805527805526,0.005715950715950715,1379.890,1395.372,16.855,30.311,0.8209946127080903,0.010863796203796204,Graze+Frag
22913807.869,FRAG0231,FRAG0237,0.005715950715950715,0.005715950715950715,1395.372,1395.372,1.3569,2.4536,0.9562000000000002,0.0,Hit+Run
22914223.796,FRAG0231,FRAG0233,0.005715950715950715,0.005715950715950715,1395.372,1395.372,2.4878,4.4985,0.5223,0.0,Hit+Run
22914284.539,FRAG0238,FRAG0235,0.01143190143190143,0.005715950715950715,1758.058,1395.372,5.2414,10.919,0.8821985482397228,0.0,Hit+Run
22914410.827,FRAG0238,FRAG0250,0.01143190143190143,0.005715950715950715,1758.058,1395.372,4.5267,9.4308,0.955343422815716,0.0,Hit+Run
22914891.545,FRAG0232,FRAG0248,0.005527805527805526,0.005715950715950715,1379.890,1395.372,2.6383,4.7444,0.7350268507548267,0.0,Hit+Run
22915085.686,P33,FRAG0237,0.02612812839160848,0.005715950715950715,2315.776,1395.372,1.2508,3.2734,0.3979281982192533,0.0,Merge
22915799.337,P33,FRAG0248,0.031844079107559195,0.005715950715950715,2473.641,1395.372,11.995,33.392,0.4204344674257818,0.032034632034632034,Fragment
22916394.537,FRAG0238,FRAG0244,0.01143190143190143,0.005715950715950715,1758.058,1395.372,16.790,34.981,0.5196519633558175,0.017115191475191475,Fragment
22916444.454,FRAG0242,FRAG0249,0.005715950715950715,0.005715950715950715,1395.372,1395.372,3.3083,5.9822,0.36605,0.009785321345321346,Fragment
22916590.11,P33,FRAG0255,0.005525397788877874,0.006406926406926407,1379.690,1449.474,1.1542,2.1177,0.9350529631633872,0.0,Hit+Run
22916603.472,FRAG0247,FRAG0232,0.005715950715950715,0.005527805527805526,1395.372,1379.890,31.836,57.250,0.9281487069651562,0.005886560106560106,Graze+Frag
22916819.085,P33,FRAG0262,0.005525397788877874,0.005904095904095905,1379.690,1410.516,4.8561,8.7809,0.7093752228511275,0.00564057276057276,Hit+Run
22916877.896,FRAG0238,FRAG0260,0.005528138528138524,0.0058098568098568105,1379.918,1402.971,1.9873,3.5837,0.3576128110803267,0.0,Merge
22917170.968,FRAG0231,FRAG0250,0.005715950715950715,0.005715950715950715,1395.372,1395.372,1.4635,2.6463,0.62515,0.0,Hit+Run
22917410.888,P33,FRAG0256,0.005525397788877874,0.006406926406926407,1379.690,1449.474,2.6272,4.8204,0.5744718841172786,0.0,Hit+Run
22917462.163,FRAG0252,FRAG0263,0.005715950715950715,0.005715950715950715,1395.372,1395.372,10.727,19.397,0.6687,0.011257928737928738,Graze+Frag
22917572.953,FRAG0233,FRAG0235,0.005715950715950715,0.005715950715950715,1395.372,1395.372,3.0015,5.4274,0.8591000000000001,0.0,Hit+Run
22917629.37,FRAG0238,FRAG0233,0.011337995337995335,0.005715950715950715,1753.231,1395.372,6.4079,13.323,0.7705389906110794,0.006572007992007993,Graze+Frag
22919722.364,FRAG0254,FRAG0247,0.005715950715950715,0.005527805527805526,1395.372,1379.890,12.641,22.733,0.8572051627870502,0.006366926406926407,Graze+Frag
22919854.416,FRAG0257,FRAG0234,0.006406926406926407,0.005715950715950715,1449.474,1395.372,31.239,57.614,0.5624976838563698,0.01211916083916084,Graze+Frag
22920001.934,FRAG0253,P33,0.005904095904095905,0.005525397788877874,1410.516,1379.690,14.837,26.830,0.8280989177802649,0.010748817848817848,Graze+Frag
22920166.539,FRAG0257,FRAG0267,0.005528138528138527,0.006594738594738595,1379.918,1463.501,1.1825,2.1814,0.8461734131308654,0.0,Hit+Run
22920753.487,FRAG0252,FRAG0265,0.005527805527805526,0.006571761571761573,1379.890,1461.799,8.5256,15.717,0.6404906714380959,0.011814578754578756,Graze+Frag
22920971.681,FRAG0252,FRAG0253,0.005527805527805527,0.005525397788877873,1379.890,1379.690,7.3977,13.227,0.6018436970552192,0.010754898434898436,Graze+Frag
22921106.936,FRAG0231,FRAG0235,0.005715950715950715,0.005715950715950715,1395.372,1395.372,2.1543,3.8954,0.4568,0.0,Merge
22921354.446,FRAG0242,FRAG0264,0.005527805527805526,0.005904095904095905,1379.890,1410.516,5.7057,10.317,0.7571971852329078,0.0,Hit+Run
22921376.471,FRAG0262,FRAG0268,0.005904095904095905,0.005904095904095905,1410.516,1410.516,5.2003,9.5054,0.73225,0.0,Hit+Run
22921975.037,FRAG0252,FRAG0270,0.0055253977888778715,0.005527805527805528,1379.690,1379.890,12.165,21.752,0.5371609935891264,0.01100973026973027,Graze+Frag
22922001.386,FRAG0262,FRAG0271,0.005904095904095905,0.005527805527805528,1410.516,1379.890,5.9099,10.687,0.9289348045307504,0.0,Hit+Run
22922586.268,FRAG0252,FRAG0267,0.0055253977888778715,0.006594738594738595,1379.690,1463.501,3.3915,6.2560,0.7507961220575994,0.0,Hit+Run
22922912.256,FRAG0238,FRAG0271,0.010482184482184477,0.005527805527805528,1707.960,1379.890,13.135,26.722,0.8536341105696682,0.008228771228771229,Graze+Frag
22922951.573,FRAG0238,FRAG0266,0.007781218781218775,0.005715950715950715,1546.475,1395.372,8.1061,15.512,0.7769576140413451,0.009202690642690643,Graze+Frag
22922997.844,FRAG0262,FRAG0261,0.005904095904095905,0.0058098568098568105,1410.516,1402.971,10.397,18.954,0.9527983119395108,0.0,Hit+Run
22923013.619,FRAG0261,FRAG0242,0.0058098568098568105,0.005527805527805526,1402.971,1379.890,3.4857,6.2858,0.8313888008792948,0.0,Hit+Run
22923166.288,FRAG0264,FRAG0254,0.005904095904095905,0.005527805527805526,1410.516,1379.890,21.669,39.185,0.9815055286267391,0.0,Hit+Run
22923204.517,FRAG0238,FRAG0273,0.005528138528138519,0.00796903096903097,1379.918,1558.819,1.0141,1.9416,0.2151062171822763,0.0,Merge
22923240.168,FRAG0264,FRAG0254,0.005904095904095905,0.005527805527805526,1410.516,1379.890,1.1021,1.9929,0.9236271833479825,0.0,Hit+Run
22923382.94,FRAG0259,FRAG0256,0.006406926406926407,0.006406926406926407,1449.474,1449.474,1.176,2.2089,0.56445,0.0,Hit+Run
22923520.777,FRAG0262,FRAG0268,0.005904095904095905,0.005904095904095905,1410.516,1410.516,6.5117,11.902,0.7066,0.010622231102231101,Graze+Frag
22923626.266,FRAG0238,FRAG0257,0.01349716949716949,0.005528138528138527,1858.124,1379.918,12.682,27.465,0.7372718945624336,0.01838105894105894,Graze+Frag
22923640.624,FRAG0264,FRAG0254,0.005904095904095905,0.005527805527805526,1410.516,1379.890,1.0837,1.9597,0.8319822575921871,0.0,Hit+Run
22923836.262,FRAG0231,FRAG0275,0.01143190143190143,0.006748584748584749,1758.058,1474.794,3.4843,7.3821,0.9779340296793005,0.0,Hit+Run
22923843.047,FRAG0231,FRAG0275,0.01143190143190143,0.006748584748584749,1758.058,1474.794,1.0418,2.2072,0.006525723381055222,0.0,Merge
22924671.225,FRAG0252,FRAG0262,0.0055253977888778715,0.005527805527805529,1379.690,1379.890,2.9585,5.2899,0.8193405028796168,0.0,Hit+Run
22924817.228,FRAG0256,FRAG0274,0.006406926406926407,0.006280386280386281,1449.474,1439.867,4.879,9.1342,0.7988471121445184,0.0,Hit+Run
22924977.553,FRAG0262,FRAG0276,0.005527805527805529,0.006748584748584749,1379.890,1474.794,12.287,22.764,0.7666852674093596,0.011887545787545788,Graze+Frag
22925492.161,FRAG0261,FRAG0238,0.0058098568098568105,0.005528138528138519,1402.971,1379.918,8.7877,15.847,0.9404264312406525,0.0,Hit+Run
22925810.162,FRAG0264,FRAG0261,0.005904095904095905,0.0058098568098568105,1410.516,1402.971,6.2145,11.329,0.659463772441585,0.010869324009324008,Graze+Frag
22925850.743,FRAG0264,FRAG0278,0.0055278055278055295,0.0061861471861471866,1379.890,1432.629,1.035,1.8871,0.5829107336292658,0.0,Graze+Merge
22926021.859,FRAG0231,FRAG0255,0.01818048618048618,0.006406926406926407,2052.086,1449.474,5.3961,12.775,0.3130674531795263,0.01905894105894106,Fragment
22926049.96,FRAG0280,FRAG0281,0.0063529803529803535,0.0063529803529803535,1445.394,1445.394,1.3487,2.5262,0.53215,0.0,Hit+Run
22926084.017,FRAG0279,FRAG0280,0.0063529803529803535,0.0063529803529803535,1445.394,1445.394,1.6047,3.0057,0.28805,0.0,Merge
22926284.265,FRAG0258,FRAG0252,0.006406926406926407,0.0055253977888778715,1449.474,1379.690,8.8394,16.218,0.9020132434831232,0.0,Hit+Run
22926843.248,FRAG0272,FRAG0267,0.008228771228771229,0.006594738594738595,1575.574,1463.501,12.734,25.127,0.858067860264575,0.007937928737928738,Graze+Frag
22926867.836,FRAG0279,FRAG0256,0.012705960705960707,0.006406926406926407,1821.082,1449.474,3.8745,8.3680,0.8029218092131484,0.0,Hit+Run
22927419.369,FRAG0272,FRAG0231,0.006885780885780887,0.005528471528471527,1484.721,1379.946,16.353,30.414,0.7026941055649549,0.012333639693639693,Graze+Frag
22927677.34,FRAG0238,FRAG0242,0.005528138528138519,0.005527805527805526,1379.918,1379.890,13.741,24.571,0.2953029647701382,0.011041238761238761,Fragment
22927849.201,FRAG0264,FRAG0274,0.011713952713952716,0.006280386280386281,1772.399,1439.867,2.6609,5.6266,0.4444975959991729,0.007442224442224443,Fragment
22927976.799,FRAG0283,FRAG0252,0.006885780885780886,0.0055253977888778715,1484.721,1379.690,4.3409,8.0728,0.14570360829237153,0.012001971361971361,Fragment
22927979.218,FRAG0259,FRAG0250,0.006406926406926407,0.005715950715950715,1449.474,1395.372,4.8886,9.0160,0.5020699435435386,0.011464668664668665,Fragment
22928337.902,FRAG0264,FRAG0258,0.010552114552114557,0.006406926406926407,1711.750,1449.474,2.1594,4.4685,0.5325488320955156,0.0,Merge
22928415.638,FRAG0287,FRAG0259,0.006594738594738595,0.005528138528138527,1463.501,1379.918,1.0936,2.0174,0.8029281231451308,0.0,Hit+Run
22928764.965,FRAG0264,FRAG0279,0.016959040959040963,0.012705960705960707,2005.061,1821.082,4.3773,10.889,0.8133660004972963,0.006165501165501166,Hit+Run+Frag
22928782.341,FRAG0286,FRAG0254,0.006885780885780886,0.005527805527805526,1484.721,1379.890,2.9758,5.5344,0.9535636705830431,0.0,Hit+Run
22929440.369,FRAG0264,FRAG0283,0.016959040959040963,0.0055253977888778715,2005.061,1379.690,2.6494,6.1007,0.42260429278191586,0.007215997335997335,Fragment
22929807.785,FRAG0285,FRAG0281,0.007442224442224443,0.0063529803529803535,1523.683,1445.394,2.8148,5.4207,0.38109050379422216,0.008297788877788878,Fragment
22929814.026,FRAG0290,FRAG0285,0.008267399267399268,0.005527805527805529,1578.035,1379.890,1.0267,1.9809,0.47379589235719183,0.0,Merge
22930223.076,FRAG0277,FRAG0262,0.006748584748584749,0.005527805527805528,1474.794,1379.890,4.8782,9.0380,0.21692973092163792,0.006748584748584749,Fragment
22930229.172,FRAG0282,FRAG0236,0.007937728937728938,0.005715950715950715,1556.775,1395.372,9.5276,18.306,0.6468310661433276,0.013384475524475525,Graze+Frag
22930265.41,FRAG0291,FRAG0254,0.006748584748584749,0.005527805527805526,1474.794,1379.890,1.0906,2.0205,0.19156357281672626,0.0,Merge
22930681.16,FRAG0290,FRAG0284,0.013795204795204796,0.005527805527805528,1871.701,1379.890,2.6031,5.6694,0.20659220470875053,0.009272061272061273,Fragment
22930821.511,FRAG0279,FRAG0272,0.006540459540459541,0.005528471528471528,1459.474,1379.946,1.6555,3.0493,0.6302721219688503,0.0,Hit+Run
22930846.552,FRAG0288,FRAG0282,0.006165501165501166,0.005527805527805529,1431.034,1379.890,5.3444,9.7386,0.7480165246015388,0.0,Hit+Run
22930893.741,FRAG0288,FRAG0272,0.006165501165501166,0.005528471528471528,1431.034,1379.946,1.3225,2.4099,0.9779055441717179,0.0,Hit+Run
22931074.702,FRAG0290,FRAG0289,0.010050949050949052,0.007215784215784216,1684.209,1508.070,3.6298,7.5421,0.5258472589089981,0.011486513486513486,Fragment
22931083.048,FRAG0290,FRAG0295,0.005780219780219781,0.005743256743256743,1400.582,1397.590,1.0995,1.9934,0.8188746161614849,0.0,Hit+Run
22931463.734,FRAG0292,FRAG0277,0.008125874125874125,0.005527805527805528,1568.979,1379.890,3.4723,6.6753,0.7909088990700406,0.0,Hit+Run
22931531.461,FRAG0269,FRAG0243,0.006571761571761573,0.005715950715950715,1461.799,1395.372,4.1599,7.7073,0.23104970473461123,0.011782517482517482,Fragment
22931556.022,FRAG0292,FRAG0277,0.008125874125874125,0.005527805527805528,1568.979,1379.890,1.0649,2.0472,0.8499144805748287,0.0,Hit+Run
22931616.866,FRAG0296,FRAG0269,0.00675990675990676,0.005527805527805527,1475.618,1379.890,0.9821,1.8201,0.6936494971089235,0.0,Perfect
22931829.618,FRAG0288,FRAG0277,0.006165501165501166,0.005527805527805528,1431.034,1379.890,2.1712,3.9564,0.9226368662188585,0.0,Hit+Run
22931989.45,FRAG0293,FRAG0294,0.009272061272061273,0.005743256743256743,1639.529,1397.590,1.5592,3.0973,0.8410017274102056,0.0,Hit+Run
22932032.654,FRAG0286,FRAG0272,0.006885780885780886,0.005528471528471528,1484.721,1379.946,6.4461,11.988,0.423181691395328,0.012195444555444555,Fragment
22932434.317,FRAG0291,FRAG0288,0.012276390276390275,0.006165501165501166,1800.324,1431.034,2.2312,4.7621,0.24330375335395651,0.007300699300699301,Fragment
22933286.217,FRAG0264,FRAG0277,0.015268654532134617,0.005527805527805528,1936.098,1379.890,4.516,10.104,0.7779450606752337,0.0,Hit+Run
22933368.741,FRAG0264,FRAG0297,0.015268654532134617,0.006885780885780886,1936.098,1484.721,2.1571,4.9044,0.7817812838860387,0.0,Hit+Run
22933517.047,FRAG0294,FRAG0238,0.005743256743256743,0.005528138528138518,1397.590,1379.918,6.1813,11.124,0.7214109301282329,0.008104315684315685,Graze+Frag
22933544.016,FRAG0279,FRAG0299,0.006540459540459541,0.005743256743256743,1459.474,1397.590,2.39,4.4275,0.8582455772197836,0.0,Hit+Run
22933654.478,FRAG0279,FRAG0299,0.006540459540459541,0.005743256743256743,1459.474,1397.590,0.9878,1.8299,0.6389973171503049,0.0,Perfect
22933707.374,FRAG0292,FRAG0282,0.008125874125874125,0.005527805527805529,1568.979,1379.890,1.7393,3.3437,0.09076963214352435,0.0,Merge
22933733.961,FRAG0279,FRAG0294,0.012283716283716283,0.0055281385281385174,1800.682,1379.918,1.212,2.5624,0.5360263808562936,0.0,Merge
22933789.636,FRAG0279,FRAG0297,0.0178118548118548,0.006885780885780886,2038.122,1484.721,2.8804,6.8138,0.9179768007909622,0.0,Hit+Run
22934382.822,FRAG0297,FRAG0256,0.006885780885780886,0.006406926406926407,1484.721,1449.474,1.7228,3.2760,0.1099551657441677,0.0,Merge
22934388.794,FRAG0293,FRAG0277,0.009272061272061273,0.005527805527805528,1639.529,1379.890,2.2841,4.5179,0.673422139236212,0.0,Hit+Run
22934471.774,FRAG0279,FRAG0264,0.0178118548118548,0.015268654532134617,2038.122,1936.098,1.5875,4.0919,0.6891486118048286,0.0,Hit+Run
22934560.2,FRAG0297,FRAG0277,0.013292707292707293,0.005527805527805528,1848.693,1379.890,1.1118,2.3982,0.2845258927938402,0.0,Merge
22934612.671,FRAG0291,FRAG0290,0.01114119214119214,0.005780219780219781,1743.028,1400.582,3.8495,7.9793,0.40964019623366865,0.011393939393939394,Fragment
22934753.649,FRAG0297,FRAG0293,0.018820512820512822,0.009272061272061273,2075.890,1639.529,1.3498,3.3160,0.9073100913733263,0.0,Hit+Run
22934833.632,FRAG0297,FRAG0293,0.018820512820512822,0.009272061272061273,2075.890,1639.529,1.5611,3.8351,0.5853739655963016,0.0,Hit+Run
22935356.376,FRAG0279,FRAG0293,0.0178118548118548,0.009272061272061273,2038.122,1639.529,1.2462,3.0214,0.9971561880709073,0.0,Hit+Run
22936100.098,FRAG0301,FRAG0286,0.005696969696969697,0.005528471528471528,1393.825,1379.946,3.8092,6.8463,0.9891749851891137,0.0,Hit+Run
22936421.205,FRAG0279,FRAG0286,0.0178118548118548,0.005528471528471528,2038.122,1379.946,2.2912,5.3491,0.99566653434589,0.0,Hit+Run
22936490.439,FRAG0297,FRAG0298,0.018820512820512822,0.007300699300699301,2075.890,1513.963,1.4716,3.5465,0.15942792911008935,0.0,Merge
22936509.792,FRAG0279,FRAG0286,0.0178118548118548,0.005528471528471528,2038.122,1379.946,1.0261,2.3955,0.09433132454995796,0.0,Merge
22937886.907,FRAG0264,FRAG0291,0.015268654532134617,0.0055274725274725295,1936.098,1379.863,1.9283,4.3143,0.4592156282363853,0.0,Merge
22939076.217,FRAG0296,FRAG0295,0.012287712287712287,0.005743256743256743,1800.877,1397.590,2.2606,4.7953,0.6297081814785019,0.0,Hit+Run
22939845.245,FRAG0295,FRAG0301,0.005743256743256743,0.005696969696969697,1397.590,1393.825,2.0566,3.7197,0.6823690511758586,0.0,Hit+Run
22940707.458,FRAG0293,FRAG0300,0.009272061272061273,0.005696969696969697,1639.529,1393.825,1.2612,2.5030,0.40018645910032746,0.0,Merge
22941312.144,FRAG0279,FRAG0292,0.023340326340326328,0.013653679653679654,2230.297,1865.278,1.6479,4.4248,0.6583761502654029,0.0,Hit+Run
22941757.198,FRAG0297,FRAG0279,0.02612121212121212,0.023340326340326328,2315.572,2230.297,1.1429,3.3681,0.9924746761452371,0.0,Hit+Run
22941815.96,FRAG0287,FRAG0301,0.006594738594738595,0.005696969696969697,1463.501,1393.825,7.7491,14.359,0.4066295422261757,0.012175544455544455,Fragment
22941819.145,FRAG0302,FRAG0287,0.006764235764235765,0.005527472527472526,1475.933,1379.863,1.0463,1.9393,0.7711474242385645,0.0,Graze+Merge
22942051.094,FRAG0297,FRAG0279,0.02612121212121212,0.023340326340326328,2315.572,2230.297,1.0921,3.2184,0.7337099792237731,0.0,Hit+Run
22942080.569,FRAG0297,FRAG0279,0.02612121212121212,0.023340326340326328,2315.572,2230.297,1.0382,3.0595,0.38590577635374246,0.0,Merge
22942506.601,FRAG0296,FRAG0259,0.012287712287712287,0.005528138528138527,1800.877,1379.918,2.6317,5.5645,0.8625063357690912,0.0,Hit+Run
22951218.858,FRAG0292,FRAG0259,0.013653679653679654,0.005528138528138527,1865.278,1379.918,2.6367,5.7272,0.8040040737839063,0.0,Hit+Run
22953642.405,FRAG0293,FRAG0302,0.01496903096903097,0.012291708291708291,1923.350,1801.072,1.4391,3.4784,0.9673497845446044,0.0,Hit+Run
22954242.453,FRAG0264,FRAG0302,0.020796127059607147,0.012291708291708291,2146.123,1801.072,1.5718,4.0657,0.6938261703259374,0.0,Hit+Run
22954250.758,FRAG0264,FRAG0302,0.020796127059607147,0.012291708291708291,2146.123,1801.072,1.0447,2.7023,0.7192173482541727,0.0,Graze+Merge
22955903.277,FRAG0293,FRAG0259,0.01496903096903097,0.005528138528138527,1923.350,1379.918,2.8643,6.3745,0.6698280572281002,0.0,Hit+Run
22961415.036,FRAG0297,FRAG0259,0.049461538461538446,0.005528138528138527,2864.725,1379.918,1.9825,6.3751,0.8808841677316409,0.0,Hit+Run
22961439.454,FRAG0297,FRAG0292,0.049461538461538446,0.013653679653679654,2864.725,1865.278,2.0648,6.7386,0.80975362901248,0.0,Hit+Run
22961537.266,FRAG0297,FRAG0292,0.049461538461538446,0.013653679653679654,2864.725,1865.278,1.0539,3.4394,0.5880252792881204,0.0,Merge
22961748.921,FRAG0297,FRAG0259,0.0631152181152181,0.005528138528138527,3107.219,1379.918,1.3913,4.8617,0.8734846981159285,0.0,Hit+Run
22962481.18,FRAG0297,FRAG0259,0.0631152181152181,0.005528138528138527,3107.219,1379.918,1.1931,4.1691,0.8225879759726584,0.0,Hit+Run
22963007.691,FRAG0296,FRAG0259,0.012287712287712287,0.005528138528138527,1800.877,1379.918,1.1441,2.4191,0.5666248791110059,0.0,Graze+Merge
22967492.724,FRAG0296,FRAG0293,0.017815850815850815,0.01496903096903097,2038.274,1923.350,1.4425,3.7074,0.5656464526609332,0.0,Hit+Run
22988602.856,FRAG0264,FRAG0293,0.03308783535131544,0.01496903096903097,2505.435,1923.350,2.3682,6.9696,0.5935493797486476,0.009441225441225443,Hit+Run+Frag
22989024.19,FRAG0264,FRAG0293,0.03308783535131544,0.005527805527805528,2505.435,1379.890,1.2368,3.4835,0.9376054962993583,0.0,Hit+Run
22989568.227,FRAG0296,FRAG0303,0.017815850815850815,0.009441225441225443,2038.274,1649.440,1.3917,3.3803,0.3479373711666025,0.0,Merge
22992452.735,FRAG0264,FRAG0295,0.03308783535131544,0.005743256743256743,2505.435,1397.590,1.7944,5.0566,0.7749274422799711,0.0,Hit+Run
22992837.941,FRAG0264,FRAG0295,0.03308783535131544,0.005743256743256743,2505.435,1397.590,1.0018,2.8231,0.7882152140288076,0.0,Graze+Merge
22993856.33,FRAG0264,FRAG0293,0.03883109209457218,0.005527805527805528,2642.735,1379.890,1.069,3.1715,0.6325941718740345,0.0,Merge
23366998.199,E0,P343,0.7933050129736926,0.0024355585714285716,7224.490,1050.009,1.9022,16.665,0.9832885261973608,0.0,Hit+Run
23416953.393,FRAG0297,FRAG0296,0.0631152181152181,0.027257076257076258,3107.219,2348.660,1.4403,5.2371,0.9219349598255877,0.0,Hit+Run
23417113.825,FRAG0297,FRAG0296,0.0631152181152181,0.027257076257076258,3107.219,2348.660,0.9914,3.6048,0.4175132932098705,0.0,Perfect
23425486.854,E0,P343,0.7933050129736926,0.0024355585714285716,7224.490,1050.009,1.0687,9.3632,0.575287524339763,0.0,Merge
24038468.968,E0,FRAG0001,0.7957405715451211,0.007264735264735265,7231.876,1511.473,4.0147,34.374,0.8071950195032829,0.0,Merge
24205967.654,P702,P58,0.0024355585714285716,0.0024355585714285716,1050.009,1050.009,8.2822,11.269,0.7418,0.0,Graze+Frag
24240724.472,E0,P799,0.8030053068098564,0.0024355585714285716,7253.818,1050.009,2.882,25.358,0.23830474145767452,0.0,Merge
24429789.63,E0,P856,0.8054408653812849,0.0024355585714285716,7261.144,1050.009,4.5203,39.816,0.9216266457357136,0.0,Hit+Run
24429840.505,E0,P856,0.8054408653812849,0.0024355585714285716,7261.144,1050.009,1.0482,9.2330,0.5877128112488526,0.0,Merge
25318331.497,FRAG0297,FRAG0264,0.09037229437229435,0.044358897622377706,3502.183,2762.617,6.8159,28.239,0.8967328460515309,0.014424242424242426,Hit+Run+Frag
25318403.198,FRAG0297,FRAG0305,0.0903695536330337,0.007212121212121213,3502.148,1507.815,1.1407,4.4977,0.682189885436987,0.0,Merge
25319544.094,FRAG0297,FRAG0264,0.09758167484515491,0.02993739593739594,3592.939,2423.251,1.0592,4.3567,0.2397207663842786,0.00796803196803197,Fragment
25320331.175,FRAG0306,FRAG0304,0.00796803196803197,0.007212121212121213,1558.753,1507.815,3.39,6.7385,0.5891260022574997,0.007172327672327673,Hit+Run
25320544.64,FRAG0306,FRAG0304,0.00796803196803197,0.007212121212121213,1558.753,1507.815,1.1961,2.3775,0.810391359274488,0.0,Hit+Run
25324509.115,FRAG0306,FRAG0304,0.00796803196803197,0.007212121212121213,1558.753,1507.815,20.255,40.262,0.7518854033988728,0.015088145188145188,Graze+Frag
25326548.407,FRAG0297,FRAG0307,0.11955103881451887,0.009652347652347652,3844.545,1661.644,5.9687,25.831,0.7041573013224086,0.015089250749250748,Graze+Frag
25326556.13,FRAG0297,FRAG0308,0.11411447537795544,0.007544455544455545,3785.362,1530.628,1.0654,4.5535,0.3788217020217545,0.0,Merge
25331584.186,FRAG0297,FRAG0309,0.12165893092241098,0.007544455544455545,3867.009,1530.628,2.6666,11.656,0.8246065600490413,0.0,Hit+Run
25331709.985,FRAG0297,FRAG0309,0.12165893092241098,0.007544455544455545,3867.009,1530.628,1.0427,4.5577,0.6889870797560061,0.0,Merge
25468288.141,E3,P490,0.5312939132567434,0.0024355585714285716,6320.801,1050.009,3.8856,29.540,0.6364698013125801,0.0,Merge
28007885.441,E3,P317,0.5337294718281719,0.008562104562104562,6330.445,1596.567,3.3279,24.591,0.6386336218031732,0.0,Merge
28155034.207,E0,P256,0.8078764239527134,0.0073066933066933066,7268.456,1514.377,1.8459,15.888,0.9068570056504439,0.0,Hit+Run
29045559.723,E3,P367,0.5422915763902765,0.0024355585714285716,6364.116,1050.009,3.8895,29.785,0.7235260859864633,0.0,Merge
29097623.227,E0,P764,0.8078764239527134,0.0024355585714285716,7268.456,1050.009,2.6705,23.548,0.5609626614325864,0.0,Merge
29610906.743,E0,P238,0.8103119825241419,0.0024355585714285716,7275.752,1050.009,3.9057,34.476,0.9749052624474256,0.0,Hit+Run
29853711.512,E0,P256,0.8103119825241419,0.0073066933066933066,7275.752,1514.377,3.2044,27.610,0.9230715893659142,0.0,Hit+Run
32891802.337,P474,P532,0.0024355585714285716,0.0024355585714285716,1050.009,1050.009,25.657,34.911,0.83485,0.0,Graze+Frag
34221420.007,M0,FRAG0177,0.16798156183483187,0.006126540126540127,4306.069,1428.013,9.8372,48.429,0.7876073359221711,0.009932913752913752,Graze+Frag
34635330.33,E0,P166,0.8103119825241419,0.0024355585714285716,7275.752,1050.009,4.9354,43.565,0.43038799009981815,0.0,Merge
35219918.071,E0,E12,0.8127475410955705,0.09854,7283.035,3604.663,2.1093,17.240,0.4213547854580347,0.06591575091575091,Fragment
35279744.242,E0,FRAG0320,0.8453717901798194,0.005992340992340993,7379.208,1417.509,1.027,9.0266,0.8459056761965097,0.0,Graze+Merge
35663786.143,FRAG0311,FRAG0318,0.005992340992340993,0.005992340992340993,1417.509,1417.509,3.2081,5.8930,0.9355,0.0,Hit+Run
35732718.715,M0,FRAG0314,0.16417536802863805,0.005992340992340993,4273.298,1417.509,4.1603,20.325,0.2647717110362085,0.006900099900099901,Fragment
35770244.043,FRAG0297,FRAG0310,0.12920338646686652,0.009932733932733933,3945.346,1677.580,24.318,108.07,0.735122346524944,0.13218088578088577,Graze+Frag
35770256.455,FRAG0338,FRAG0342,0.005746919746919748,0.005746919746919748,1397.887,1397.887,1.4436,2.6150,0.81455,0.0,Hit+Run
35770266.87,FRAG0331,FRAG0339,0.005746919746919748,0.005746919746919748,1397.887,1397.887,2.8847,5.2256,0.5025,0.0,Hit+Run
35770278.025,FRAG0328,FRAG0342,0.005746919746919748,0.005746919746919748,1397.887,1397.887,3.2279,5.8473,0.68875,0.0,Hit+Run
35770281.131,FRAG0340,FRAG0341,0.005746919746919748,0.005746919746919748,1397.887,1397.887,1.0543,1.9098,0.62975,0.0,Graze+Merge
35770320.072,FRAG0334,FRAG0342,0.005746919746919748,0.005746919746919748,1397.887,1397.887,1.4592,2.6433,0.47319999999999995,0.0,Merge
35770325.024,FRAG0323,FRAG0332,0.005746919746919748,0.005746919746919748,1397.887,1397.887,2.1526,3.8994,0.3369,0.0,Merge
35770326.773,FRAG0326,FRAG0345,0.005746919746919748,0.005746919746919748,1397.887,1397.887,1.727,3.1284,0.75715,0.0,Hit+Run
35770346.754,FRAG0334,FRAG0331,0.011493839493839496,0.005746919746919748,1761.227,1397.887,1.1519,2.4041,0.7941682456821823,0.0,Hit+Run
35770612.091,FRAG0334,FRAG0326,0.011493839493839496,0.005746919746919748,1761.227,1397.887,2.3523,4.9095,0.5051010393738554,0.0,Merge
35770687.035,FRAG0324,FRAG0330,0.005746919746919748,0.005746919746919748,1397.887,1397.887,2.2863,4.1416,0.45655,0.0,Merge
35770706.618,FRAG0336,FRAG0344,0.005746919746919748,0.005746919746919748,1397.887,1397.887,1.9625,3.5550,0.20754999999999998,0.0,Merge
35770753.018,FRAG0339,FRAG0345,0.005746919746919748,0.005746919746919748,1397.887,1397.887,1.6229,2.9398,0.7368,0.0,Hit+Run
35770859.566,FRAG0336,FRAG0325,0.011493839493839496,0.005746919746919748,1761.227,1397.887,2.3755,4.9580,0.787924171023256,0.0,Hit+Run
35770960.823,FRAG0334,FRAG0327,0.017240759240759244,0.005746919746919748,2016.102,1397.887,1.4444,3.3485,0.8217974634701899,0.0,Hit+Run
35770978.958,FRAG0328,FRAG0335,0.005746919746919748,0.005746919746919748,1397.887,1397.887,1.596,2.8911,0.7319,0.0,Hit+Run
35771153.084,FRAG0334,FRAG0343,0.017240759240759244,0.005746919746919748,2016.102,1397.887,2.7666,6.4138,0.2326733261046672,0.0106003996003996,Fragment
35771197.433,FRAG0328,FRAG0339,0.005746919746919748,0.005746919746919748,1397.887,1397.887,1.739,3.1502,0.9820499999999999,0.0,Hit+Run
35771209.461,FRAG0340,FRAG0346,0.011493839493839496,0.0106003996003996,1761.227,1714.357,2.4671,5.5573,0.7146088130602055,0.0,Hit+Run
35771416.232,FRAG0340,FRAG0327,0.011493839493839496,0.005746919746919748,1761.227,1397.887,3.3951,7.0860,0.6445334565343425,0.0,Hit+Run
35771424.285,FRAG0323,FRAG0336,0.011493839493839496,0.011493839493839496,1761.227,1761.227,1.6664,3.8033,0.675,0.0,Hit+Run
35771434.472,FRAG0323,FRAG0340,0.011493839493839496,0.011493839493839496,1761.227,1761.227,2.273,5.1877,0.73835,0.0,Hit+Run
35771502.708,FRAG0328,FRAG0337,0.005746919746919748,0.005746919746919748,1397.887,1397.887,1.3167,2.3852,0.9138000000000001,0.0,Hit+Run
35771545.558,FRAG0323,FRAG0336,0.011493839493839496,0.011493839493839496,1761.227,1761.227,1.3061,2.9809,0.9463,0.0,Hit+Run
35771575.488,FRAG0336,FRAG0338,0.011493839493839496,0.005746919746919748,1761.227,1397.887,1.9164,3.9998,0.615208605904028,0.0,Hit+Run
35771581.65,FRAG0334,FRAG0327,0.012387279387279392,0.005746919746919748,1805.728,1397.887,2.0204,4.2946,0.9819403238282157,0.0,Hit+Run
35771628.89,FRAG0336,FRAG0328,0.011493839493839496,0.005746919746919748,1761.227,1397.887,0.9642,2.0124,0.16134242913332644,0.0,Perfect
35771633.915,FRAG0346,FRAG0338,0.0106003996003996,0.005746919746919748,1714.357,1397.887,1.2147,2.4872,0.5842787908755447,0.0,Hit+Run
35771774.279,FRAG0340,FRAG0333,0.011493839493839496,0.005746919746919748,1761.227,1397.887,2.0079,4.1907,0.3266989062616769,0.0,Merge
35771869.852,FRAG0346,FRAG0325,0.0106003996003996,0.005746919746919748,1714.357,1397.887,2.1088,4.3179,0.9069624108386767,0.0,Hit+Run
35772272.802,FRAG0324,FRAG0345,0.011493839493839496,0.005746919746919748,1761.227,1397.887,3.0095,6.2812,0.6819421538213024,0.0,Hit+Run
35772294.759,FRAG0335,FRAG0339,0.005746919746919748,0.005746919746919748,1397.887,1397.887,3.9263,7.1125,0.01625,0.011018021978021979,Fragment
35772336.988,FRAG0337,FRAG0327,0.005746919746919748,0.005746919746919748,1397.887,1397.887,2.1187,3.8380,0.67995,0.0,Hit+Run
35772696.35,FRAG0297,FRAG0327,0.006956966220446226,0.005746919746919748,1489.820,1397.887,4.6178,8.6533,0.741322443043042,0.0,Hit+Run
35772702.281,FRAG0336,FRAG0325,0.017240759240759244,0.005746919746919748,2016.102,1397.887,3.5152,8.1493,0.746680592707465,0.0,Hit+Run
35772711.677,FRAG0336,FRAG0325,0.017240759240759244,0.005746919746919748,2016.102,1397.887,1.332,3.0880,0.6165252600336867,0.0,Hit+Run
35772881.386,FRAG0340,FRAG0325,0.017240759240759244,0.005746919746919748,2016.102,1397.887,2.5063,5.8104,0.9908104226863212,0.0,Hit+Run
35772898.559,FRAG0336,FRAG0346,0.017240759240759244,0.0106003996003996,2016.102,1714.357,2.946,7.1903,0.5433618941338666,0.010917748917748918,Graze+Frag
35772954.012,FRAG0334,FRAG0323,0.012387279387279392,0.011493839493839496,1805.728,1761.227,3.3977,7.8545,0.9751661005684423,0.0,Hit+Run
35773204.172,FRAG0336,FRAG0324,0.016923409923409925,0.011493839493839496,2003.655,1761.227,2.1192,5.2016,0.42256358163398366,0.00853912753912754,Fragment
35773296.518,FRAG0347,FRAG0325,0.005966033966033966,0.005746919746919748,1415.432,1397.887,2.2079,4.0249,0.48742087011143137,0.0,Merge
35773493.148,FRAG0323,FRAG0348,0.011493839493839496,0.010917748917748918,1761.227,1731.296,2.151,4.8681,0.7917778956050792,0.0,Hit+Run
35773632.09,FRAG0331,FRAG0345,0.005746919746919748,0.005746919746919748,1397.887,1397.887,1.6091,2.9148,0.6516,0.0,Hit+Run
35773638.897,FRAG0323,FRAG0297,0.011493839493839496,0.006956966220446226,1761.227,1489.820,1.7109,3.6414,0.7192703169029606,0.0,Hit+Run
35773823.378,FRAG0323,FRAG0348,0.011493839493839496,0.010917748917748918,1761.227,1731.296,0.9667,2.1878,0.8094782994874676,0.0,Perfect
35773841.213,FRAG0340,FRAG0349,0.017240759240759244,0.00853912753912754,2016.102,1595.138,2.2205,5.3005,0.8965503226667799,0.0,Hit+Run
35773872.487,FRAG0336,FRAG0327,0.01987812187812188,0.005746919746919748,2114.068,1397.887,4.4052,10.631,0.9032458004268102,0.0,Hit+Run
35774126.028,FRAG0336,FRAG0329,0.01987812187812188,0.005746919746919748,2114.068,1397.887,1.658,4.0012,0.37026757203767474,0.0,Merge
35774427.606,FRAG0347,FRAG0327,0.011712953712953715,0.005746919746919748,1772.349,1397.887,1.3882,2.9106,0.6128404369383157,0.0,Hit+Run
35774447.788,FRAG0336,FRAG0327,0.025625041625041627,0.005746919746919748,2300.816,1397.887,1.5654,4.0731,0.23955538905373858,0.0,Merge
35774792.734,FRAG0336,FRAG0334,0.031371961371961375,0.012387279387279392,2461.355,1805.728,3.1639,9.0521,0.45026864776388464,0.021391608391608394,Fragment
35775259.811,FRAG0350,FRAG0338,0.007130536130536131,0.005746919746919748,1502.108,1397.887,5.4309,10.224,0.8618488278459696,0.0,Hit+Run
35775332.906,FRAG0349,FRAG0297,0.00853912753912754,0.006956966220446226,1595.138,1489.820,2.2835,4.5724,0.4130869377719921,0.005717409257409258,Fragment
35775356.401,FRAG0336,FRAG0352,0.02236763236763237,0.007130536130536131,2198.874,1502.108,1.4944,3.7693,0.39129575368172054,0.0,Merge
35775564.646,FRAG0340,FRAG0351,0.017240759240759244,0.007130536130536131,2016.102,1502.108,1.0154,2.3876,0.2843462643986792,0.0,Merge
35775770.119,FRAG0340,FRAG0323,0.024371295371295374,0.022411588411588412,2262.663,2200.314,1.1918,3.4474,0.6219187450212207,0.0,Hit+Run
35775782.149,FRAG0347,FRAG0331,0.011712953712953715,0.005746919746919748,1772.349,1397.887,2.8761,6.0302,0.7780982668589195,0.0,Hit+Run
35775819.378,FRAG0340,FRAG0347,0.024371295371295374,0.011712953712953715,2262.663,1772.349,1.7997,4.8083,0.8474728033690638,0.0,Hit+Run
35776211.967,FRAG0350,FRAG0338,0.007130536130536131,0.005746919746919748,1502.108,1397.887,1.6345,3.0772,0.4731647961039085,0.0,Merge
35776222.074,FRAG0323,FRAG0350,0.022411588411588412,0.012877455877455878,2200.314,1829.239,1.1938,3.1563,0.9615291915703004,0.0,Hit+Run
35776438.45,FRAG0336,FRAG0345,0.0294981684981685,0.005746919746919748,2411.342,1397.887,1.4116,3.8361,0.4942035600605684,0.0,Merge
35776588.926,FRAG0347,FRAG0349,0.011712953712953715,0.009778811042291048,1772.349,1668.870,1.8606,4.1542,0.9225311497703117,0.0,Hit+Run
35776655.232,FRAG0336,FRAG0340,0.03524508824508825,0.024371295371295374,2558.743,2262.663,1.5759,4.9508,0.26667909272097373,0.012966020646020647,Fragment
35776805.803,FRAG0355,FRAG0353,0.006482850482850483,0.005717282717282717,1455.177,1395.480,2.7666,5.1134,0.5433960501893212,0.0,Hit+Run
35776927.586,FRAG0347,FRAG0355,0.011712953712953715,0.006482850482850483,1772.349,1455.177,2.0353,4.3175,0.714095800306421,0.0,Hit+Run
35776933.26,FRAG0347,FRAG0353,0.011712953712953715,0.005717282717282717,1772.349,1395.480,1.759,3.6863,0.9548709574001711,0.0,Hit+Run
35776967.259,FRAG0355,FRAG0353,0.006482850482850483,0.005717282717282717,1455.177,1395.480,1.0471,1.9353,0.26937538345223555,0.0,Merge
35777178.239,FRAG0336,FRAG0354,0.04665068265068265,0.006482850482850483,2809.397,1455.177,1.1694,3.6877,0.9126676489764746,0.0,Hit+Run
35777190.295,FRAG0336,FRAG0323,0.04665068265068265,0.022411588411588412,2809.397,2200.314,1.017,3.3735,0.6311133302457466,0.0,Graze+Merge
35777389.055,FRAG0336,FRAG0354,0.06906227106227106,0.006482850482850483,3201.897,1455.177,1.0331,3.7174,0.293783321497196,0.0,Merge
35777637.091,FRAG0336,FRAG0331,0.07554512154512154,0.005746919746919748,3299.103,1397.887,1.2881,4.7876,0.49033609477164497,0.0,Merge
35777862.844,FRAG0350,FRAG0337,0.012877455877455878,0.005746919746919748,1829.239,1397.887,3.7669,8.0848,0.21103162066614956,0.013096903096903098,Fragment
35778181.033,FRAG0336,FRAG0357,0.08129204129204129,0.006548451548451549,3380.725,1460.069,1.0463,3.9820,0.5483698086635644,0.0,Merge
35778321.359,FRAG0336,FRAG0350,0.08784049284049283,0.005527472527472528,3469.168,1379.863,1.3554,5.3136,0.9400104720221139,0.0,Hit+Run
35779434.147,FRAG0336,FRAG0350,0.08784049284049283,0.005527472527472528,3469.168,1379.863,1.4738,5.7778,0.7429080402981679,0.0,Hit+Run
35779437.759,FRAG0347,FRAG0350,0.011712953712953715,0.005527472527472528,1772.349,1379.863,2.4653,5.1510,0.9924374469676213,0.0,Hit+Run
35779622.817,FRAG0336,FRAG0350,0.08784049284049283,0.005527472527472528,3469.168,1379.863,1.1715,4.5927,0.8573061485836813,0.0,Hit+Run
35779625.35,FRAG0336,FRAG0350,0.08784049284049283,0.005527472527472528,3469.168,1379.863,1.0621,4.1638,0.7718831709145738,0.0,Graze+Merge
35779770.74,FRAG0336,FRAG0347,0.09336796536796536,0.011712953712953715,3540.461,1772.349,1.4283,5.6751,0.9097703582073052,0.0,Hit+Run
35781445.683,FRAG0355,FRAG0347,0.0122001332001332,0.011712953712953715,1796.588,1772.349,1.4393,3.3285,0.5245385329056738,0.0,Hit+Run
35783885.228,FRAG0355,FRAG0347,0.0122001332001332,0.011712953712953715,1796.588,1772.349,2.0638,4.7728,0.9996939275406693,0.0,Hit+Run
35784133.735,FRAG0355,FRAG0347,0.0122001332001332,0.011712953712953715,1796.588,1772.349,1.1603,2.6833,0.519202536313735,0.0,Graze+Merge
35784592.493,FRAG0336,FRAG0355,0.09336796536796536,0.023913086913086915,3540.461,2248.393,1.0448,4.2015,0.9108551974019059,0.0,Hit+Run
35790702.425,FRAG0336,FRAG0349,0.09336796536796536,0.009778811042291048,3540.461,1668.870,1.0485,4.1683,0.9894174553231454,0.0,Hit+Run
35794876.066,FRAG0355,FRAG0349,0.023913086913086915,0.009778811042291048,2248.393,1668.870,3.2561,8.5315,0.4366767406863632,0.01846121212121212,Fragment
35794967.194,FRAG0336,FRAG0355,0.09336796536796536,0.0152313584948385,3540.461,1934.520,1.1631,4.6280,0.5669283095613399,0.0,Merge
35796162.354,FRAG0336,FRAG0360,0.10859932386280387,0.006153513153513154,3723.370,1430.106,1.768,7.4536,0.3989627491819837,0.0,Merge
35797250.69,FRAG0336,FRAG0358,0.11475283701631703,0.006153513153513154,3792.407,1430.106,1.629,7.0026,0.21298424950512893,0.0,Merge
35801837.499,FRAG0336,FRAG0359,0.12090635016983019,0.006153513153513154,3859.018,1430.106,1.6698,7.3119,0.9913263576310952,0.0,Hit+Run
35801842.479,FRAG0336,FRAG0359,0.12090635016983019,0.006153513153513154,3859.018,1430.106,1.0452,4.5768,0.7801031438722064,0.0,Graze+Merge
35808988.429,FRAG0336,FRAG0356,0.12705986332334335,0.006548451548451549,3923.406,1460.069,8.2473,36.707,0.8936385118373479,0.0,Hit+Run
35809122.281,FRAG0336,FRAG0356,0.12705986332334335,0.006548451548451549,3923.406,1460.069,1.053,4.6867,0.5403954954553853,0.0,Merge
36245954.169,E0,FRAG0319,0.8513641311721605,0.005992340992340993,7396.602,1417.509,2.1654,19.080,0.7760711377977323,0.0,Merge
38846662.931,E0,FRAG0316,0.8573564721645015,0.005992340992340993,7413.916,1417.509,3.2975,29.128,0.35544114383430786,0.0,Merge
39239310.686,E0,FRAG0318,0.8633488131568425,0.005992340992340993,7431.148,1417.509,1.3875,12.287,0.5232825778468929,0.0,Merge
39498885.334,E0,P238,0.8693411541491836,0.0024355585714285716,7448.301,1050.009,2.239,20.260,0.6622417561506,0.0,Merge
42065031.843,E3,P368,0.544727134961705,0.0024355585714285716,6373.630,1050.009,4.2106,32.296,0.37853849669460876,0.0,Merge
42915494.101,E0,FRAG0315,0.8717767127206121,0.005992340992340993,7455.251,1417.509,1.3459,11.959,0.5133868189802719,0.0,Merge
44948947.368,FRAG0313,P681,0.005992340992340993,0.0024355585714285716,1417.509,1050.009,4.1753,6.8940,0.8698011717612786,0.0,Hit+Run
47409547.289,FRAG0336,FRAG0311,0.1336083148717949,0.005992340992340993,3989.682,1417.509,26.331,119.53,0.5282987194774768,0.1360602997002997,Fragment
47409547.343,FRAG0368,FRAG0370,0.005586413586413587,0.005586413586413587,1384.750,1384.750,1.0982,1.9706,0.7312,0.0,Hit+Run
47409562.781,FRAG0362,FRAG0379,0.005586413586413587,0.005586413586413587,1384.750,1384.750,1.7888,3.2099,0.9820500000000001,0.0,Hit+Run
47409572.487,FRAG0366,FRAG0370,0.005586413586413587,0.005586413586413587,1384.750,1384.750,1.212,2.1749,0.4037,0.0,Merge
47409576.61,FRAG0366,FRAG0364,0.011172827172827174,0.005586413586413587,1744.676,1384.750,1.5751,3.2565,0.7094272324538975,0.0,Hit+Run
47409584.123,FRAG0366,FRAG0369,0.011172827172827174,0.005586413586413587,1744.676,1384.750,0.9929,2.0528,0.7754917723720011,0.0,Perfect
47409595.103,FRAG0378,FRAG0379,0.005586413586413587,0.005586413586413587,1384.750,1384.750,1.7849,3.2029,0.35615,0.0,Merge
47409610.252,FRAG0366,FRAG0364,0.016759240759240762,0.005586413586413587,1997.155,1384.750,0.9989,2.2940,0.7880184932844362,0.0,Perfect
47409681.901,FRAG0366,FRAG0376,0.02234565434565435,0.005586413586413587,2198.154,1384.750,1.6592,4.1389,0.9499003051315799,0.0,Hit+Run
47409681.944,FRAG0372,FRAG0376,0.005586413586413587,0.005586413586413587,1384.750,1384.750,1.4271,2.5608,0.0928,0.0,Merge
47410009.432,FRAG0366,FRAG0371,0.02234565434565435,0.005586413586413587,2198.154,1384.750,1.4733,3.6752,0.8980585588397639,0.0,Hit+Run
47410113.439,FRAG0372,FRAG0384,0.011172827172827174,0.005586413586413587,1744.676,1384.750,1.4201,2.9361,0.5732841046226662,0.0,Hit+Run
47410138.517,FRAG0361,FRAG0363,0.005586413586413587,0.005586413586413587,1384.750,1384.750,2.0688,3.7124,0.72875,0.0,Hit+Run
47410163.436,FRAG0361,FRAG0380,0.005586413586413587,0.005586413586413587,1384.750,1384.750,1.6183,2.9040,0.5629,0.0,Hit+Run
47410307.429,FRAG0382,FRAG0336,0.005586413586413587,0.005526729790209822,1384.750,1379.801,13.65,24.450,0.23772481487605762,0.01110093906093906,Fragment
47410419.061,FRAG0366,FRAG0378,0.02234565434565435,0.011172827172827174,2198.154,1744.676,1.1746,3.0597,0.8984777428862091,0.0,Hit+Run
47410440.18,FRAG0366,FRAG0378,0.02234565434565435,0.011172827172827174,2198.154,1744.676,0.9771,2.5452,0.3416958355764194,0.0,Perfect
47410663.455,FRAG0366,FRAG0385,0.033518481518481524,0.005586413586413587,2516.258,1384.750,4.7578,13.458,0.6795365982625958,0.0076426906426906435,Graze+Frag
47410668.052,FRAG0366,FRAG0386,0.03146220446220447,0.0076426906426906435,2463.713,1537.243,1.0028,2.8009,0.8293339795948167,0.0,Graze+Merge
47410779.28,FRAG0366,FRAG0367,0.039104895104895114,0.005586413586413587,2648.932,1384.750,1.5358,4.5672,0.47709486324405653,0.0,Merge
47410822.845,FRAG0366,FRAG0383,0.044691308691308704,0.005586413586413587,2769.501,1384.750,1.0616,3.2995,0.7555333333333334,0.0,Graze+Merge
47410859.589,FRAG0366,FRAG0384,0.05027772227772229,0.005586413586413587,2880.397,1384.750,2.4241,7.8380,0.6972818503273893,0.0,Hit+Run
47410888.123,FRAG0373,FRAG0375,0.005586413586413587,0.005586413586413587,1384.750,1384.750,1.0353,1.8578,0.82855,0.0,Graze+Merge
47410932.783,FRAG0366,FRAG0371,0.05027772227772229,0.005586413586413587,2880.397,1384.750,1.7831,5.7654,0.4719230576356219,0.0,Merge
47411097.515,FRAG0366,FRAG0381,0.05586413586413588,0.005586413586413587,2983.354,1384.750,1.2686,4.2510,0.3070704997314572,0.0,Merge
47411607.939,FRAG0363,FRAG0368,0.005586413586413587,0.005586413586413587,1384.750,1384.750,1.7891,3.2105,0.98875,0.0,Hit+Run
47412074.16,FRAG0365,FRAG0380,0.005586413586413587,0.005586413586413587,1384.750,1384.750,6.9862,12.536,0.9862,0.0,Hit+Run
47412254.451,FRAG0366,FRAG0363,0.06145054945054947,0.005586413586413587,3079.657,1384.750,2.0458,7.0826,0.9726523860601722,0.0,Hit+Run
47412294.346,FRAG0384,FRAG0377,0.005586413586413587,0.005586413586413587,1384.750,1384.750,10.945,19.641,0.402,0.011135764235764236,Fragment
47412678.63,FRAG0361,FRAG0368,0.005586413586413587,0.005586413586413587,1384.750,1384.750,3.4276,6.1507,0.21920000000000003,0.010363529803529803,Fragment
47412845.441,FRAG0387,FRAG0365,0.005645021645021645,0.005586413586413587,1389.576,1384.750,5.8823,10.574,0.8448670263839294,0.0,Hit+Run
47412869.467,FRAG0366,FRAG0363,0.06145054945054947,0.005586413586413587,3079.657,1384.750,1.5312,5.3010,0.8875280566702253,0.0,Hit+Run
47412884.61,FRAG0366,FRAG0361,0.06145054945054947,0.0055278055278055295,3079.657,1379.890,1.2135,4.2016,0.9882143873829722,0.0,Hit+Run
47412895.043,FRAG0366,FRAG0361,0.06145054945054947,0.0055278055278055295,3079.657,1379.890,1.0366,3.5891,0.8145345002922542,0.0,Graze+Merge
47412903.413,FRAG0366,FRAG0387,0.066978354978355,0.005645021645021645,3169.363,1389.576,1.219,4.3467,0.09934371890714258,0.0,Merge
47413319.726,FRAG0363,FRAG0365,0.005586413586413587,0.005586413586413587,1384.750,1384.750,2.5727,4.6166,0.3238,0.005645021645021645,Fragment
47413533.308,FRAG0362,FRAG0380,0.005586413586413587,0.005586413586413587,1384.750,1384.750,12.772,22.919,0.46605,0.011144055944055944,Fragment
47413536.246,FRAG0390,FRAG0362,0.005645021645021645,0.0055278055278055295,1389.576,1379.890,1.043,1.8716,0.8486073846378552,0.0,Graze+Merge
47413852.124,FRAG0390,FRAG0363,0.011172827172827174,0.0055278055278055295,1744.676,1379.890,3.0128,6.2229,0.4053235029827983,0.009364635364635365,Fragment
47414304.461,FRAG0366,FRAG0374,0.07262337662337665,0.005586413586413587,3256.012,1384.750,1.7556,6.4390,0.9511044403750841,0.0,Hit+Run
47414427.376,FRAG0366,FRAG0374,0.07262337662337665,0.005586413586413587,3256.012,1384.750,1.1549,4.2358,0.9015005130111726,0.0,Hit+Run
47414428.624,FRAG0366,FRAG0373,0.07262337662337665,0.011172827172827174,3256.012,1744.676,1.3406,4.9029,0.6519592058493499,0.0,Hit+Run
47414913.042,FRAG0391,FRAG0390,0.009364635364635365,0.00733599733599734,1644.968,1516.399,10.716,22.005,0.6088952725562718,0.016535324675324675,Graze+Frag
47414997.819,FRAG0388,FRAG0374,0.005645021645021645,0.005586413586413587,1389.576,1384.750,2.7394,4.9243,0.4991166657526593,0.0,Merge
47415624.448,FRAG0366,FRAG0373,0.07262337662337665,0.011172827172827174,3256.012,1744.676,1.7731,6.4846,0.7625181523720899,0.005645021645021645,Hit+Run+Frag
47416063.935,FRAG0366,FRAG0373,0.07262337662337665,0.005527805527805528,3256.012,1379.890,1.1958,4.3864,0.6792396717959771,0.0,Merge
47416560.702,FRAG0366,FRAG0382,0.07815118215118218,0.005526729790209821,3336.611,1379.801,6.6628,25.073,0.4424372802891386,0.027083583083583086,Fragment
47416565.811,FRAG0366,FRAG0398,0.056594328857808913,0.0067708957708957716,2996.296,1476.417,1.1327,3.8090,0.2813603827130822,0.0,Merge
47416609.553,FRAG0366,FRAG0397,0.06336522462870468,0.0067708957708957716,3111.316,1476.417,1.0375,3.6242,0.9422653885322253,0.0,Hit+Run
47416672.682,FRAG0366,FRAG0394,0.06336522462870468,0.005645021645021645,3111.316,1389.576,2.2392,7.8335,0.6439147606642491,0.0,Merge
47416747.34,FRAG0396,FRAG0392,0.0067708957708957716,0.005586413586413587,1476.417,1384.750,15.761,29.265,0.8360026621653583,0.006829503829503829,Graze+Frag
47417053.83,FRAG0366,FRAG0396,0.06901024627372633,0.00552780552780553,3201.093,1379.890,4.4429,16.011,0.2719645997155096,0.013282211122211122,Fragment
47417979.799,FRAG0366,FRAG0395,0.06125600051948058,0.0067708957708957716,3076.404,1476.417,1.1635,4.0181,0.8347091629570949,0.0,Hit+Run
47418417.951,FRAG0399,FRAG0401,0.006829503829503829,0.006641025641025641,1480.665,1466.917,5.5335,10.568,0.46606373835951853,0.0130411988011988,Fragment
47420240.849,FRAG0366,FRAG0400,0.06125600051948058,0.006641025641025641,3076.404,1466.917,1.6293,5.6272,0.2718663741923323,0.0,Merge
47420497.008,FRAG0366,FRAG0395,0.06789702616050622,0.0067708957708957716,3183.787,1476.417,1.1018,3.9402,0.2723179955229641,0.0,Merge
47421434.05,FRAG0366,FRAG0399,0.074667921931402,0.005527472527472526,3286.284,1379.863,1.254,4.6446,0.7901341526920286,0.0,Hit+Run
47421474.517,FRAG0366,FRAG0399,0.074667921931402,0.005527472527472526,3286.284,1379.863,1.0662,3.9490,0.7876691651401773,0.0,Hit+Run
47422455.49,FRAG0402,FRAG0399,0.007943056943056944,0.005527472527472526,1557.123,1379.863,10.608,20.297,0.9254773897657936,0.0,Hit+Run
47423174.338,FRAG0402,FRAG0384,0.007943056943056944,0.0055278055278055295,1557.123,1379.890,16.676,31.907,0.840747134759987,0.012581838161838162,Graze+Frag
47423321.989,FRAG0389,FRAG0399,0.005645021645021645,0.005527472527472526,1389.576,1379.863,3.3762,6.0584,0.9179080483561418,0.0,Hit+Run
47423513.992,FRAG0366,FRAG0389,0.074667921931402,0.005645021645021645,3286.284,1389.576,1.1025,4.0822,0.6171455175327765,0.0,Merge
47424113.565,FRAG0366,FRAG0399,0.08031294357642364,0.005527472527472526,3367.097,1379.863,1.3288,5.0484,0.8286944495193215,0.0,Hit+Run
47424117.748,FRAG0366,FRAG0399,0.08031294357642364,0.005527472527472526,3367.097,1379.863,1.0431,3.9629,0.7081815787041775,0.0,Merge
47424288.914,FRAG0366,FRAG0393,0.08584041610389617,0.005586413586413587,3442.636,1384.750,4.7315,18.396,0.5740833019873764,0.010151515151515151,Fragment
47424358.963,FRAG0366,FRAG0403,0.08127531453879461,0.007943056943056944,3380.493,1557.123,2.1625,8.2126,0.9430240481852977,0.0,Hit+Run
47424560.452,FRAG0388,FRAG0397,0.011231435231435232,0.0067708957708957716,1747.721,1476.417,3.5931,7.5854,0.9023903670752084,0.0,Hit+Run
47424911.072,FRAG0366,FRAG0397,0.08127531453879461,0.0067708957708957716,3380.493,1476.417,1.343,5.1086,0.9493673826752083,0.0,Hit+Run
47425928.487,FRAG0404,FRAG0397,0.010151515151515151,0.0067708957708957716,1689.808,1476.417,3.8877,8.0299,0.989742886905645,0.0,Hit+Run
47426106.06,FRAG0404,FRAG0397,0.010151515151515151,0.0067708957708957716,1689.808,1476.417,1.0505,2.1697,0.7402390855422647,0.0,Graze+Merge
47427102.424,FRAG0388,FRAG0402,0.011231435231435232,0.00552780552780553,1747.721,1379.890,7.9666,16.475,0.5823293884263971,0.011231435231435234,Graze+Frag
47427808.287,FRAG0404,FRAG0388,0.016922410922410924,0.005527805527805529,2003.616,1379.890,2.0908,4.8116,0.4787113943453103,0.0,Merge
47430141.54,FRAG0366,FRAG0405,0.08127531453879461,0.005615717615717617,3380.493,1387.167,1.6571,6.3203,0.7533619066524223,0.0,Hit+Run
47430167.1,FRAG0366,FRAG0405,0.08127531453879461,0.005615717615717617,3380.493,1387.167,1.0647,4.0608,0.8855990789730592,0.0,Hit+Run
47432163.194,FRAG0372,FRAG0391,0.011172827172827174,0.00552780552780553,1744.676,1379.890,6.568,13.566,0.9376211960445171,0.0,Hit+Run
47433567.002,FRAG0372,FRAG0406,0.011172827172827174,0.005615717615717617,1744.676,1387.167,4.0423,8.3616,0.9910389162054198,0.0,Hit+Run
47435964.458,FRAG0404,FRAG0405,0.022450216450216453,0.005615717615717617,2201.577,1387.167,2.7104,6.7718,0.984860326760323,0.0,Hit+Run
47436581.551,FRAG0404,FRAG0372,0.022450216450216453,0.011172827172827174,2201.577,1744.676,4.0814,10.643,0.9286087670255601,0.0,Hit+Run
47437458.86,FRAG0366,FRAG0405,0.08127531453879461,0.005615717615717617,3380.493,1387.167,1.6884,6.4397,0.4251442816270987,0.0,Merge
47437569.987,FRAG0404,FRAG0391,0.022450216450216453,0.00552780552780553,2201.577,1379.890,4.0405,10.089,0.7264686076685862,0.0,Hit+Run
47441362.436,FRAG0372,FRAG0391,0.011172827172827174,0.00552780552780553,1744.676,1379.890,4.0869,8.4415,0.16287762201416486,0.015826107226107226,Fragment
47441540.678,FRAG0407,FRAG0408,0.005586413586413587,0.005586413586413587,1384.750,1384.750,1.3364,2.3981,0.9464499999999999,0.0,Hit+Run
47441943.947,FRAG0366,FRAG0406,0.08689103215451223,0.005615717615717617,3456.624,1387.167,2.3832,9.3049,0.5559809398947576,0.0,Merge
47444574.175,FRAG0366,FRAG0407,0.09250674977022985,0.005586413586413587,3529.541,1384.750,1.0352,4.1320,0.9255697832286836,0.0,Hit+Run
47444837.581,FRAG0366,FRAG0407,0.09250674977022985,0.005586413586413587,3529.541,1384.750,1.1312,4.5152,0.8265991025978832,0.0,Hit+Run
47447325.894,FRAG0366,FRAG0407,0.09250674977022985,0.005586413586413587,3529.541,1384.750,1.2727,5.0801,0.8411789633874712,0.0,Hit+Run
47448722.654,FRAG0366,FRAG0407,0.09250674977022985,0.005586413586413587,3529.541,1384.750,1.0681,4.2634,0.7238218573274365,0.0,Graze+Merge
47451784.818,FRAG0404,FRAG0408,0.022450216450216453,0.005586413586413587,2201.577,1384.750,3.4197,8.5424,0.6884672129724788,0.0,Hit+Run
47451796.61,FRAG0366,FRAG0403,0.09809316335664343,0.007943056943056944,3599.206,1557.123,2.4574,9.9561,0.941415647956444,0.0,Hit+Run
47452907.741,FRAG0404,FRAG0403,0.022450216450216453,0.007943056943056944,2201.577,1557.123,1.6024,4.0709,0.9525113712898242,0.0,Hit+Run
47456971.614,FRAG0408,FRAG0372,0.005586413586413587,0.00552780552780553,1384.750,1379.890,2.1352,3.8248,0.4352136608141812,0.0,Merge
47458034.508,FRAG0366,FRAG0403,0.09809316335664343,0.007943056943056944,3599.206,1557.123,1.2938,5.2418,0.8778960928559498,0.0,Hit+Run
47463497.7,FRAG0366,FRAG0408,0.09809316335664343,0.011114219114219118,3599.206,1741.620,1.776,7.1750,0.7162255472911079,0.005586413586413587,Hit+Run+Frag
47463756.715,FRAG0366,FRAG0408,0.09809316335664343,0.005527805527805528,3599.206,1379.890,1.0244,4.1751,0.598024754672581,0.0,Merge
47471907.174,FRAG0366,FRAG0409,0.10362096888444897,0.005586413586413587,3665.583,1384.750,1.1371,4.7241,0.9572709209497491,0.0,Hit+Run
47471953.082,FRAG0366,FRAG0409,0.10362096888444897,0.005586413586413587,3665.583,1384.750,1.043,4.3331,0.48622017586188254,0.0,Merge
47524517.94,FRAG0404,FRAG0403,0.022450216450216453,0.007943056943056944,2201.577,1557.123,2.9127,7.3998,0.4452706582551496,0.01184948384948385,Fragment
47529237.116,FRAG0366,FRAG0411,0.10920738247086255,0.005924741924741925,3730.306,1412.159,1.3981,5.9102,0.9125438727737395,0.0,Hit+Run
47536934.018,FRAG0404,FRAG0410,0.018543789543789546,0.005924741924741925,2065.665,1412.159,3.6548,8.6610,0.9796072109789528,0.0,Hit+Run
47537345.083,FRAG0366,FRAG0411,0.10920738247086255,0.005924741924741925,3730.306,1412.159,1.5468,6.5388,0.9678913270604139,0.0,Hit+Run
47537354.13,FRAG0366,FRAG0411,0.10920738247086255,0.005924741924741925,3730.306,1412.159,1.0419,4.4044,0.5856094344119553,0.0,Merge
47540562.228,FRAG0366,FRAG0410,0.11513212439560447,0.005924741924741925,3796.581,1412.159,1.5082,6.4959,0.9705854233256297,0.0,Hit+Run
47540563.322,FRAG0366,FRAG0410,0.11513212439560447,0.005924741924741925,3796.581,1412.159,1.0504,4.5241,0.6274256025823837,0.0,Merge
48047551.078,E3,FRAG0313,0.5471626935331335,0.005992340992340993,6383.115,1417.509,1.9264,14.493,0.7699220504206573,0.0,Merge
49171819.192,P565,P25,0.0024355585714285716,0.0024355585714285716,1050.009,1050.009,17.407,23.685,0.62365,0.0,Graze+Frag
52571708.555,E3,P249,0.5531550345254745,0.0024355585714285716,6406.332,1050.009,1.5029,11.590,0.8109790232919952,0.0,Merge
56947617.281,E3,FRAG0317,0.5555905930969031,0.005992340992340993,6415.721,1417.509,3.2355,24.475,0.22859377162329253,0.0,Merge
58381398.366,E0,E15,0.8777690537129531,0.12246214531801533,7472.293,3875.500,1.2611,10.577,0.039772182216620225,0.033732267732267736,Fragment
58434930.771,E0,FRAG0416,0.9664989312987007,0.005622044622044622,7716.037,1387.688,1.0678,9.8582,0.4865047081339145,0.0,Merge
58543043.869,E0,FRAG0164,0.9721209759207453,0.005746586746586747,7730.969,1397.860,3.1103,28.760,0.21417445377648459,0.0,Merge
58807626.521,E0,FRAG0414,0.9778675626673321,0.005622044622044622,7746.173,1387.688,1.396,12.941,0.8836911311627837,0.0,Hit+Run
58951273.392,FRAG0412,FRAG0414,0.005622044622044622,0.005622044622044622,1387.688,1387.688,5.228,9.4014,0.1148,0.011038474858474858,Fragment
59995119.96,FRAG0418,FRAG0412,0.005715950715950715,0.005528138528138529,1395.372,1379.918,11.686,21.016,0.994959446768082,0.0,Hit+Run
60660328.028,E0,FRAG0418,0.9778675626673321,0.005715950715950715,7746.173,1395.372,1.7059,15.809,0.9798015368578884,0.0,Hit+Run
61787800.978,E0,FRAG0312,0.9778675626673321,0.005992340992340993,7746.173,1417.509,3.5455,32.822,0.552496073536229,0.0,Merge
62169641.688,E10,FRAG0415,0.14245555857142858,0.005622044622044622,4075.869,1387.688,3.6138,16.808,0.9875682341153321,0.0,Hit+Run
63873151.197,E10,FRAG0175,0.14245555857142858,0.006126540126540127,4075.869,1428.013,5.9662,27.695,0.510457250604672,0.01635964035964036,Fragment
64120289.855,E0,FRAG0418,0.9838599036596731,0.005715950715950715,7761.963,1395.372,1.587,14.739,0.2839535338020851,0.0,Merge
65446467.831,E3,P28,0.5615829340892441,0.0024355585714285716,6438.704,1050.009,3.1952,24.774,0.7508525967953776,0.0,Merge
66201653.704,E1,P569,0.2480242514718615,0.0024355585714285716,4903.338,1050.009,2.1972,12.732,0.9764098283562379,0.0,Hit+Run
70709263.735,E0,FRAG0417,0.9895758543756239,0.005622044622044622,7776.966,1387.688,1.9709,18.349,0.3631933438644,0.0,Merge
70823771.672,E3,FRAG0420,0.5640184926606726,0.00817982017982018,6447.999,1572.443,2.7764,20.951,0.8775065404823122,0.0,Hit+Run
73370156.196,E0,P803,0.9951978989976685,0.0024355585714285716,7791.666,1050.009,1.8297,17.364,0.4081036885660135,0.0,Merge
75431761.523,E0,P9,0.997633457569097,0.0024355585714285716,7798.017,1050.009,4.7246,44.876,0.5760362173524237,0.0,Merge
75786579.173,E0,FRAG0413,1.0000690161405257,0.005622044622044622,7804.357,1387.688,2.0288,18.959,0.6807552941310778,0.0,Merge
81576875.817,FRAG0321,P113,0.005992340992340993,0.0024355585714285716,1417.509,1050.009,15.073,24.888,0.812009745911477,0.0,Graze+Frag
88389656.561,E0,FRAG0415,1.0056910607625702,0.005622044622044622,7818.955,1387.688,3.6232,33.926,0.9230749855396163,0.0,Hit+Run
88390979.854,E0,FRAG0415,1.0056910607625702,0.005622044622044622,7818.955,1387.688,1.0504,9.8356,0.6474858487215047,0.0,Merge
116042787.596,E0,E3,1.0113131053846147,0.5640184926606726,7833.497,6447.999,1.447,13.577,0.8655985465133709,0.0,Hit+Run
116114740.004,E0,E3,1.0113131053846147,0.5640184926606726,7833.497,6447.999,1.0944,10.269,0.9072302109708608,0.0,Hit+Run
120859473.927,E0,E3,1.0113131053846147,0.5640184926606726,7833.497,6447.999,1.2322,11.562,0.7648378513771271,0.02514875124875125,Hit+Run
121531442.823,E0,E3,1.0113131053846147,0.5640184926606726,7833.497,6447.999,1.1153,10.465,0.836034031173994,0.008162910422910423,Hit+Run
121837528.607,E0,E3,1.0113131053846147,0.5640184926606726,7833.497,6447.999,1.0459,9.8140,0.6737308755353738,0.038712880452880453,Graze+Merge
136271880.949,E0,P708,1.5753315980452873,0.0024355585714285716,9080.669,1050.009,3.3922,37.821,0.6698449371729253,0.038712880452880453,Merge
136606435.46,E0,P715,1.577767156616716,0.0024355585714285716,9085.346,1050.009,2.9888,33.341,0.31696749507658395,0.0,Merge
145258772.382,M0,FRAG0404,0.16326760912087915,0.018543789543789546,4265.407,2065.665,13.839,66.261,0.5393175309116124,0.1762860472860474,Fragment
145258804.154,FRAG0429,FRAG0430,0.0056866466866466875,0.0056866466866466875,1392.983,1392.983,1.0288,1.8571,0.72805,0.0,Graze+Merge
145258811.314,FRAG0422,FRAG0446,0.0056866466866466875,0.0056866466866466875,1392.983,1392.983,1.8782,3.3904,0.70285,0.0,Hit+Run
145258990.097,FRAG0442,FRAG0444,0.0056866466866466875,0.0056866466866466875,1392.983,1392.983,1.0171,1.8360,0.25275,0.0,Merge
145259223.866,FRAG0442,FRAG0427,0.011373293373293375,0.0056866466866466875,1755.049,1392.983,1.7016,3.5390,0.8984219922196115,0.0,Hit+Run
145259398.795,FRAG0432,FRAG0439,0.0056866466866466875,0.0056866466866466875,1392.983,1392.983,0.9657,1.7432,0.9978,0.0,Perfect
145260423.95,FRAG0438,FRAG0445,0.0056866466866466875,0.0056866466866466875,1392.983,1392.983,3.1049,5.6048,0.60435,0.0,Hit+Run
145260887.065,FRAG0423,FRAG0425,0.0056866466866466875,0.0056866466866466875,1392.983,1392.983,1.6652,3.0059,0.47,0.0,Merge
145261021.905,FRAG0437,FRAG0448,0.0056866466866466875,0.0056866466866466875,1392.983,1392.983,4.6451,8.3850,0.73425,0.0,Hit+Run
145263520.748,FRAG0437,FRAG0441,0.0056866466866466875,0.0056866466866466875,1392.983,1392.983,1.386,2.5019,0.5874,0.0,Hit+Run
145271874.897,FRAG0421,FRAG0448,0.0056866466866466875,0.0056866466866466875,1392.983,1392.983,39.196,70.756,0.59205,0.011371248751248753,Graze+Frag
145272628.47,FRAG0442,FRAG0437,0.011373293373293375,0.0056866466866466875,1755.049,1392.983,1.5988,3.3252,0.3502256875658455,0.0,Merge
145272952.011,FRAG0428,FRAG0449,0.0056866466866466875,0.0056866466866466875,1392.983,1392.983,52.664,95.067,0.60515,0.0058451548451548445,Graze+Frag
145273111.306,FRAG0445,FRAG0428,0.0056866466866466875,0.0055281385281385305,1392.983,1379.918,39.032,70.131,0.8661116039197425,0.011115311355311356,Graze+Frag
145273498.821,FRAG0453,FRAG0447,0.0058451548451548445,0.0056866466866466875,1405.807,1392.983,37.295,67.636,0.25777574779324275,0.01153100233100233,Fragment
145274851.664,FRAG0442,FRAG0431,0.017059940059940062,0.0056866466866466875,2009.029,1392.983,2.7294,6.3054,0.739712203753061,0.0,Hit+Run
145274861.157,FRAG0442,FRAG0431,0.017059940059940062,0.0056866466866466875,2009.029,1392.983,1.047,2.4187,0.8901821618532368,0.0,Hit+Run
145286745.72,FRAG0455,FRAG0421,0.006003996003996004,0.0055281385281385305,1418.428,1379.918,7.6388,13.854,0.8825300578441448,0.0,Hit+Run
145287062.065,FRAG0455,FRAG0421,0.006003996003996004,0.0055281385281385305,1418.428,1379.918,0.9702,1.7596,0.6685250090693484,0.0,Perfect
145292394.558,FRAG0455,FRAG0453,0.011532134532134534,0.005527805527805527,1763.181,1379.890,3.8712,8.0577,0.7330245942756016,0.0,Hit+Run
145292475.335,FRAG0455,FRAG0453,0.011532134532134534,0.005527805527805527,1763.181,1379.890,1.0227,2.1287,0.6508980154113269,0.0,Graze+Merge
145293140.007,FRAG0366,FRAG0452,0.12105686632034639,0.0058451548451548445,3860.619,1405.807,9.5158,41.732,0.9381732264938503,0.0,Hit+Run
145295886.148,FRAG0366,FRAG0423,0.12105686632034639,0.011373293373293375,3860.619,1755.049,16.120,69.938,0.3955031102914168,0.13027268731268732,Fragment
145295902.128,FRAG0469,FRAG0477,0.0057682317682317685,0.0057682317682317685,1399.613,1399.613,2.021,3.6655,0.7075,0.0,Hit+Run
145295925.278,FRAG0470,FRAG0471,0.0057682317682317685,0.0057682317682317685,1399.613,1399.613,0.9449,1.7138,0.3788,0.0,Perfect
145295932.913,FRAG0474,FRAG0366,0.0057682317682317685,0.005529060792540841,1399.613,1379.995,2.3375,4.2102,0.5419985182967748,0.0,Hit+Run
145295960.485,FRAG0472,FRAG0366,0.0057682317682317685,0.005529060792540841,1399.613,1379.995,1.3736,2.4740,0.49975244278107483,0.0,Merge
145295979.355,FRAG0472,FRAG0456,0.01129729256077261,0.0057682317682317685,1751.131,1399.613,1.0123,2.1048,0.6981193647553884,0.0,Graze+Merge
145296049.112,FRAG0472,FRAG0467,0.017065524329004378,0.0057682317682317685,2009.248,1399.613,1.0113,2.3384,0.37640310207418803,0.0,Merge
145296096.536,FRAG0468,FRAG0469,0.0057682317682317685,0.0057682317682317685,1399.613,1399.613,1.0553,1.9140,0.5274,0.0,Graze+Merge
145296162.187,FRAG0463,FRAG0475,0.0057682317682317685,0.0057682317682317685,1399.613,1399.613,2.0525,3.7226,0.90775,0.0,Hit+Run
145296168.979,FRAG0463,FRAG0475,0.0057682317682317685,0.0057682317682317685,1399.613,1399.613,1.0384,1.8833,0.43915,0.0,Merge
145296370.614,FRAG0472,FRAG0460,0.022833756097236146,0.0057682317682317685,2214.044,1399.613,1.272,3.1971,0.9075133013080384,0.0,Hit+Run
145296496.223,FRAG0470,FRAG0473,0.011536463536463537,0.0057682317682317685,1763.402,1399.613,1.1021,2.3030,0.662039165845975,0.0,Graze+Merge
145296505.728,FRAG0470,FRAG0457,0.017304695304695306,0.0057682317682317685,2018.591,1399.613,2.3191,5.3830,0.4354062013628708,0.0055977355977355975,Fragment
145296679.862,FRAG0472,FRAG0438,0.022833756097236146,0.0056866466866466875,2214.044,1392.983,20.837,52.348,0.9511662644965327,0.0,Hit+Run
145296785.297,FRAG0465,FRAG0474,0.0057682317682317685,0.0057682317682317685,1399.613,1399.613,2.165,3.9267,0.69415,0.0,Hit+Run
145296818.556,FRAG0458,FRAG0464,0.0057682317682317685,0.0057682317682317685,1399.613,1399.613,2.2198,4.0261,0.8290000000000001,0.0,Hit+Run
145297093.425,FRAG0465,FRAG0474,0.0057682317682317685,0.0057682317682317685,1399.613,1399.613,1.0468,1.8986,0.6848,0.0,Graze+Merge
145297731.71,FRAG0470,FRAG0460,0.017475191475191477,0.0057682317682317685,2025.199,1399.613,7.8502,18.271,0.46738837204642514,0.017716283716283716,Fragment
145297752.898,FRAG0480,FRAG0461,0.005905427905427905,0.0057682317682317685,1410.623,1399.613,10.173,18.524,0.9441845985408692,0.0,Hit+Run
145297892.743,FRAG0481,FRAG0470,0.005905427905427905,0.00552713952713953,1410.623,1379.835,1.0869,1.9655,0.3332365212112375,0.0,Merge
145297933.442,FRAG0472,FRAG0466,0.022833756097236146,0.0057682317682317685,2214.044,1399.613,6.2377,15.678,0.9341039556941907,0.0,Hit+Run
145297998.529,FRAG0468,FRAG0476,0.011536463536463537,0.0057682317682317685,1763.402,1399.613,2.4199,5.0569,0.9289176068484746,0.0,Hit+Run
145298034.025,FRAG0479,FRAG0480,0.005905427905427905,0.005905427905427905,1410.623,1410.623,2.8977,5.2970,0.8583,0.0,Hit+Run
145298252.317,FRAG0476,FRAG0478,0.0057682317682317685,0.0055977355977355975,1399.613,1385.685,2.327,4.1997,0.8182714304953936,0.0,Hit+Run
145298316.192,FRAG0468,FRAG0458,0.011536463536463537,0.0057682317682317685,1763.402,1399.613,2.6727,5.5852,0.5712213299585566,0.0,Hit+Run
145298343.766,FRAG0472,FRAG0466,0.022833756097236146,0.0057682317682317685,2214.044,1399.613,1.2976,3.2615,0.805807111720451,0.0,Hit+Run
145298403.977,FRAG0476,FRAG0478,0.0057682317682317685,0.0055977355977355975,1399.613,1385.685,1.0395,1.8760,0.983091517207804,0.0,Hit+Run
145298456.209,FRAG0468,FRAG0478,0.011536463536463537,0.0055977355977355975,1763.402,1385.685,1.941,4.0450,0.8535659880752683,0.0,Hit+Run
145298504.217,FRAG0463,FRAG0478,0.011536463536463537,0.0055977355977355975,1763.402,1385.685,1.7375,3.6209,0.8661093706986929,0.0,Hit+Run
145298722.76,FRAG0461,FRAG0464,0.0057682317682317685,0.0057682317682317685,1399.613,1399.613,2.2314,4.0471,0.66735,0.0,Hit+Run
145299016.117,FRAG0465,FRAG0464,0.011536463536463537,0.0057682317682317685,1763.402,1399.613,3.1347,6.5506,0.8602885362668834,0.0,Hit+Run
145299025.142,FRAG0465,FRAG0464,0.011536463536463537,0.0057682317682317685,1763.402,1399.613,1.0656,2.2268,0.9683890787995441,0.0,Hit+Run
145299275.609,FRAG0480,FRAG0476,0.005905427905427905,0.0057682317682317685,1410.623,1399.613,6.4011,11.655,0.7927436132246648,0.0,Hit+Run
145299294.521,FRAG0459,FRAG0477,0.0057682317682317685,0.0057682317682317685,1399.613,1399.613,2.1773,3.9490,0.71665,0.0,Hit+Run
145299297.266,FRAG0459,FRAG0477,0.0057682317682317685,0.0057682317682317685,1399.613,1399.613,1.058,1.9189,0.7974,0.0,Hit+Run
145299562.431,FRAG0472,FRAG0466,0.022833756097236146,0.0057682317682317685,2214.044,1399.613,1.9651,4.9393,0.6215105946846301,0.0,Hit+Run
145299802.62,FRAG0462,FRAG0476,0.0057682317682317685,0.0057682317682317685,1399.613,1399.613,3.8213,6.9308,0.76325,0.0,Hit+Run
145299829.66,FRAG0463,FRAG0459,0.011536463536463537,0.0057682317682317685,1763.402,1399.613,4.5856,9.5826,0.5725035952903004,0.013367339327339328,Graze+Frag
145300035.039,FRAG0472,FRAG0463,0.022833756097236146,0.005527805527805529,2214.044,1379.890,3.4153,8.5716,0.9631943827630297,0.0,Hit+Run
145300548.129,FRAG0483,FRAG0478,0.0058884448884448885,0.0055977355977355975,1409.269,1385.685,3.6446,6.6009,0.6484761177390458,0.0,Hit+Run
145300675.931,FRAG0480,FRAG0466,0.005905427905427905,0.0057682317682317685,1410.623,1399.613,14.67,26.712,0.7975624181932945,0.011292753912753913,Graze+Frag
145300678.811,FRAG0484,FRAG0480,0.006145854145854146,0.005527805527805527,1429.512,1379.890,1.058,1.9268,0.8541242485861322,0.0,Hit+Run
145300681.552,FRAG0472,FRAG0461,0.022833756097236146,0.0057682317682317685,2214.044,1399.613,1.9819,4.9815,0.8090543575325849,0.0,Hit+Run
145300891.73,FRAG0484,FRAG0480,0.006145854145854146,0.005527805527805527,1429.512,1379.890,0.9938,1.8098,0.5582897209273825,0.0,Perfect
145300941.061,FRAG0483,FRAG0478,0.0058884448884448885,0.0055977355977355975,1409.269,1385.685,1.4756,2.6725,0.5414304138311076,0.0,Hit+Run
145301089.726,FRAG0472,FRAG0482,0.022833756097236146,0.0058884448884448885,2214.044,1409.269,1.9335,4.8635,0.5402337924898373,0.0,Merge
145301144.344,FRAG0472,FRAG0461,0.028722200985681033,0.0057682317682317685,2390.010,1399.613,1.6245,4.3785,0.7656991068959416,0.0,Hit+Run
145301227.097,FRAG0465,FRAG0476,0.011536463536463537,0.0057682317682317685,1763.402,1399.613,1.0865,2.2704,0.601047936588249,0.0,Graze+Merge
145301510.061,FRAG0484,FRAG0481,0.011673659673659673,0.011432567432567434,1770.365,1758.092,11.241,25.700,0.735148084734365,0.01757942057942058,Graze+Frag
145301580.13,FRAG0472,FRAG0461,0.028722200985681033,0.0057682317682317685,2390.010,1399.613,1.2695,3.4216,0.48013073888467206,0.0,Merge
145301761.222,FRAG0472,FRAG0468,0.0344904327539128,0.011536463536463537,2540.349,1763.402,2.0617,6.0237,0.19697106125926014,0.011962703962703963,Fragment
145302307.519,FRAG0472,FRAG0488,0.034064192327672375,0.005981351981351982,2529.840,1416.642,1.4118,4.0179,0.8120012329517559,0.0,Hit+Run
145302659.231,FRAG0472,FRAG0465,0.034064192327672375,0.017304695304695306,2529.840,2018.591,2.0026,6.0127,0.3108048860197631,0.015242757242757242,Fragment
145302672.305,FRAG0472,FRAG0490,0.03612613038961044,0.007621378621378621,2579.888,1535.813,1.0964,3.1936,0.629222542571202,0.0,Graze+Merge
145302759.066,FRAG0483,FRAG0484,0.0058884448884448885,0.005526806526806528,1409.269,1379.807,2.1755,3.9321,0.23364222002616689,0.0,Merge
145303058.042,FRAG0432,FRAG0441,0.011373293373293375,0.0056866466866466875,1755.049,1392.983,7.2058,14.986,0.3065171649533617,0.011531801531801533,Fragment
145303099.948,FRAG0472,FRAG0491,0.04374750901098906,0.007621378621378621,2749.866,1535.813,1.1134,3.4438,0.28168027650469724,0.0,Merge
145303115.634,FRAG0479,FRAG0487,0.005905427905427905,0.00585980685980686,1410.623,1406.981,16.686,30.463,0.7275892270575566,0.006237096237096237,Graze+Frag
145303552.434,FRAG0478,FRAG0479,0.0055977355977355975,0.005528138528138527,1385.685,1379.918,5.5687,9.9789,0.8665531471221322,0.0,Hit+Run
145303984.329,FRAG0492,FRAG0432,0.0057659007659007664,0.00552813852813853,1399.424,1379.918,1.2683,2.2841,0.6667971399695067,0.0,Hit+Run
145304160.792,FRAG0494,FRAG0489,0.006237096237096237,0.005981351981351982,1436.551,1416.642,2.3195,4.2883,0.5414520187713873,0.0,Hit+Run
145304438.142,FRAG0478,FRAG0479,0.0055977355977355975,0.005528138528138527,1385.685,1379.918,1.0701,1.9175,0.6112218468772993,0.0,Graze+Merge
145304553.481,FRAG0483,FRAG0458,0.011415251415251416,0.0057682317682317685,1757.204,1399.613,3.8177,7.9577,0.5438352572757509,0.010396270396270396,Fragment
145305598.28,FRAG0478,FRAG0483,0.011125874125874124,0.0067872127872127905,1742.228,1477.602,2.6801,5.6477,0.8793305369839434,0.0,Hit+Run
145305613.159,FRAG0478,FRAG0483,0.011125874125874124,0.0067872127872127905,1742.228,1477.602,1.0477,2.2078,0.6594302660896755,0.0,Graze+Merge
145305776.879,FRAG0495,FRAG0494,0.010396270396270396,0.006237096237096237,1703.281,1436.551,6.1034,12.550,0.63762521015387,0.011105561105561105,Graze+Frag
145306081.872,FRAG0493,FRAG0432,0.0057659007659007664,0.00552813852813853,1399.424,1379.918,1.0451,1.8822,0.8568214853780184,0.0,Graze+Merge
145306601.807,FRAG0472,FRAG0495,0.05136888763236768,0.005527805527805529,2901.085,1379.890,1.4958,4.8719,0.7434708023324726,0.0,Hit+Run
145306665.777,FRAG0472,FRAG0495,0.05136888763236768,0.005527805527805529,2901.085,1379.890,1.0161,3.3095,0.5296661918722637,0.0,Merge
145306728.241,FRAG0472,FRAG0496,0.056896693160173206,0.0055527805527805525,3001.623,1381.965,1.7382,5.8614,0.8383284059347226,0.0,Hit+Run
145307188.766,FRAG0472,FRAG0464,0.056896693160173206,0.0057682317682317685,3001.623,1399.613,1.4575,4.9134,0.34174791114155084,0.0,Merge
145307339.739,FRAG0472,FRAG0489,0.06266492492840497,0.005981351981351982,3099.812,1416.642,1.3815,4.8119,0.2734368453438389,0.0,Merge
145308456.808,FRAG0472,FRAG0497,0.06864627690975696,0.0055527805527805525,3195.456,1381.965,2.7007,9.7145,0.5441617503414086,0.0,Merge
145308825.654,FRAG0472,FRAG0496,0.07419905746253751,0.0055527805527805525,3279.391,1381.965,1.389,5.1330,0.973892650760511,0.0,Hit+Run
145309066.998,FRAG0478,FRAG0462,0.017913086913086913,0.0057682317682317685,2041.976,1399.613,4.5376,10.634,0.30520563819758756,0.022012274392274392,Fragment
145309860.796,FRAG0472,FRAG0500,0.07419905746253751,0.006051615051615052,3279.391,1422.168,1.7986,6.6388,0.36486823025656623,0.0,Merge
145310525.685,FRAG0472,FRAG0463,0.08025067251415256,0.005527805527805529,3366.227,1379.890,1.3864,5.2658,0.8652960182497135,0.0,Hit+Run
145310565.104,FRAG0472,FRAG0463,0.08025067251415256,0.005527805527805529,3366.227,1379.890,1.0455,3.9710,0.6371273878637028,0.0,Merge
145310666.317,FRAG0472,FRAG0498,0.0857784780419581,0.006051615051615052,3441.807,1422.168,1.5678,6.0861,0.10055166763743995,0.0,Merge
145311144.052,FRAG0472,FRAG0455,0.09183009309357315,0.017059940059940062,3520.914,2009.029,7.2516,28.749,0.8879416139111801,0.011531801531801533,Hit+Run+Frag
145311156.041,FRAG0472,FRAG0501,0.09183042609390615,0.0057659007659007664,3520.919,1399.424,1.0464,4.1636,0.8683611165449243,0.0,Hit+Run
145311469.75,FRAG0499,FRAG0496,0.006051615051615052,0.0055527805527805525,1422.168,1381.965,4.4012,7.9990,0.3346296932725572,0.011114758574758575,Fragment
145311581.174,FRAG0472,FRAG0455,0.09183042609390615,0.005527805527805528,3520.919,1379.890,1.0216,4.0680,0.9281476617529689,0.0,Graze+Merge
145311610.067,FRAG0485,FRAG0502,0.00585980685980686,0.0057659007659007664,1406.981,1399.424,4.5487,8.2714,0.3755584893634596,0.006097569097569098,Fragment
145311621.024,FRAG0504,FRAG0485,0.006097569097569098,0.005528138528138529,1425.758,1379.918,1.1018,2.0037,0.8678005305189563,0.0,Hit+Run
145311690.324,FRAG0503,FRAG0499,0.006076590076590077,0.005527805527805528,1424.121,1379.890,1.3597,2.4712,0.6493844181939468,0.0,Hit+Run
145311693.308,FRAG0503,FRAG0499,0.006076590076590077,0.005527805527805528,1424.121,1379.890,1.0571,1.9212,0.7321700119414937,0.0,Graze+Merge
145311713.613,FRAG0503,FRAG0488,0.011604395604395605,0.005981351981351982,1766.856,1416.642,4.2022,8.8239,0.7013593089213922,0.0,Hit+Run
145313534.42,FRAG0472,FRAG0485,0.09735823162171169,0.005528138528138529,3590.195,1379.918,1.4699,5.9750,0.8957223531751752,0.0,Hit+Run
145314137.911,FRAG0486,FRAG0452,0.00585980685980686,0.0058451548451548445,1406.981,1405.807,18.177,33.128,0.47634867813871007,0.011694072594072593,Fragment
145314156.433,FRAG0505,FRAG0486,0.006177156177156177,0.005527805527805526,1431.935,1379.890,1.1125,2.0279,0.23191451482924824,0.0,Merge
145314363.29,FRAG0472,FRAG0478,0.09735823162171169,0.005526473526473525,3590.195,1379.780,3.1232,12.695,0.9526706215567149,0.0,Hit+Run
145314643.981,FRAG0472,FRAG0485,0.09735823162171169,0.005528138528138529,3590.195,1379.918,1.1467,4.6612,0.553758674148459,0.0,Merge
145315062.824,FRAG0472,FRAG0438,0.10288637014985022,0.0056866466866466875,3656.900,1392.983,1.7061,7.0677,0.7497904596031812,0.0,Hit+Run
145315280.426,FRAG0438,FRAG0478,0.0056866466866466875,0.005526473526473525,1392.983,1379.780,2.8994,5.2092,0.9524136802806882,0.0,Hit+Run
145315590.066,FRAG0472,FRAG0478,0.10288637014985022,0.005526473526473525,3656.900,1379.780,1.0467,4.3385,0.9464109661120007,0.0,Hit+Run
145315762.566,FRAG0472,FRAG0438,0.10288637014985022,0.0056866466866466875,3656.900,1392.983,1.141,4.7267,0.9222842663227849,0.0,Hit+Run
145315997.54,FRAG0433,FRAG0478,0.0056866466866466875,0.005526473526473525,1392.983,1379.780,41.252,74.116,0.889113688870536,0.011031841491841492,Graze+Frag
145316053.491,FRAG0472,FRAG0504,0.10288637014985022,0.006097569097569098,3656.900,1425.758,1.7686,7.3168,0.9364105643160986,0.0,Hit+Run
145316067.531,FRAG0472,FRAG0504,0.10288637014985022,0.006097569097569098,3656.900,1425.758,1.0529,4.3559,0.6130737163686113,0.0,Merge
145316198.744,FRAG0472,FRAG0433,0.10898393924741932,0.005526473526473525,3727.760,1379.780,8.3406,35.283,0.731095063188928,0.012095238095238095,Graze+Frag
145316204.92,FRAG0472,FRAG0507,0.10241517467865476,0.006047619047619047,3651.309,1421.855,1.0717,4.4272,0.6924523682594707,0.0,Merge
145316242.265,FRAG0472,FRAG0488,0.1084627937262738,0.005981351981351982,3721.809,1416.642,1.3095,5.5213,0.4659457660306459,0.0,Merge
145316304.757,FRAG0472,FRAG0446,0.11444414570762579,0.0056866466866466875,3789.003,1392.983,11.355,48.846,0.81834495547156,0.009007659007659008,Graze+Frag
145316312.044,FRAG0472,FRAG0509,0.11112313338661346,0.009007659007659008,3751.992,1623.794,1.0491,4.4307,0.8851311870505694,0.0,Hit+Run
145316334.408,FRAG0472,FRAG0438,0.11112313338661346,0.0056866466866466875,3751.992,1392.983,1.1486,4.8896,0.8551957961751553,0.0,Hit+Run
145317357.356,FRAG0472,FRAG0508,0.11112313338661346,0.006047619047619047,3751.992,1421.855,1.2127,5.1560,0.6801502822426707,0.0,Merge
145318518.341,FRAG0472,FRAG0506,0.11717075243423251,0.0056866466866466875,3818.858,1392.983,7.7097,33.442,0.7880481556996232,0.006054945054945055,Graze+Frag
145318586.705,FRAG0472,FRAG0510,0.11680245406593415,0.006054945054945055,3814.853,1422.428,1.0594,4.5842,0.7620554551617233,0.0,Graze+Merge
145318827.065,FRAG0472,FRAG0477,0.1228573991208792,0.0057682317682317685,3879.665,1399.613,2.4135,10.643,0.7586957939061512,0.0,Hit+Run
145318942.361,FRAG0472,FRAG0438,0.1228573991208792,0.0056866466866466875,3879.665,1392.983,1.6399,7.2341,0.5198494633228131,0.0,Merge
145329253.398,FRAG0472,FRAG0477,0.12854404580752588,0.0057682317682317685,3938.623,1399.613,1.2283,5.5045,0.5405222189210135,0.0,Merge
145331712.189,FRAG0503,FRAG0501,0.011604395604395605,0.0057659007659007664,1766.856,1399.424,3.1384,6.5674,0.4128809477429174,0.010415251415251417,Fragment
145335989.589,FRAG0511,FRAG0503,0.010415251415251417,0.006955044955044953,1704.317,1489.682,3.4523,7.1928,0.3581520608838664,0.01564866466866467,Fragment
145336103.851,FRAG0513,FRAG0511,0.005921078921078921,0.005528138528138528,1411.868,1379.918,1.0444,1.8896,0.9166717786349307,0.0,Hit+Run
145336109.595,FRAG0513,FRAG0511,0.005921078921078921,0.005528138528138528,1411.868,1379.918,1.074,1.9431,0.9821627834529949,0.0,Hit+Run
145341807.746,FRAG0513,FRAG0511,0.005921078921078921,0.005528138528138528,1411.868,1379.918,2.7061,4.8960,0.5782931583741825,0.0,Hit+Run
145342281.44,FRAG0505,FRAG0512,0.011704961704961703,0.005921078921078921,1771.946,1411.868,9.9581,20.933,0.9611587630384936,0.0,Hit+Run
145342295.44,FRAG0505,FRAG0512,0.011704961704961703,0.005921078921078921,1771.946,1411.868,1.0424,2.1912,0.7988136494436304,0.0,Graze+Merge
145344885.109,FRAG0472,FRAG0445,0.13431227757575764,0.005528138528138531,3996.677,1379.918,10.450,47.617,0.663437335029284,0.027853812853812852,Fragment
145345242.965,FRAG0472,FRAG0517,0.1119866032500833,0.005570762570762571,3761.686,1383.456,1.1993,5.1216,0.8880111915701138,0.0,Hit+Run
145345243.017,FRAG0472,FRAG0517,0.1119866032500833,0.005570762570762571,3761.686,1383.456,1.0491,4.4802,0.7482952861617089,0.0,Graze+Merge
145345875.383,FRAG0515,FRAG0518,0.005570762570762571,0.005570762570762571,1383.456,1383.456,3.0716,5.5067,0.58195,0.0,Hit+Run
145346706.892,FRAG0472,FRAG0516,0.11755736582084587,0.005570762570762571,3823.054,1383.456,1.1428,4.9651,0.9719709617016394,0.0,Hit+Run
145347150.515,FRAG0472,FRAG0516,0.11755736582084587,0.005570762570762571,3823.054,1383.456,1.1117,4.8300,0.35040004753646775,0.0,Merge
145347353.215,FRAG0472,FRAG0509,0.12312812839160844,0.009007659007659008,3882.513,1623.794,1.5014,6.5710,0.6171059663668902,0.0,Merge
145349482.477,FRAG0472,FRAG0518,0.13213578739926746,0.005570762570762571,3974.971,1383.456,0.9893,4.4806,0.44709296339109644,0.0,Perfect
145350771.275,FRAG0513,FRAG0511,0.005921078921078921,0.005528138528138528,1411.868,1379.918,2.4588,4.4486,0.6791341341326539,0.0,Hit+Run
145351180.473,FRAG0472,FRAG0492,0.13770654997003004,0.0057659007659007664,4030.065,1399.424,12.530,57.546,0.4569320682843763,0.06735686313686313,Fragment
145351201.712,FRAG0472,FRAG0519,0.07611580737928746,0.005613053613053613,3307.390,1386.948,1.1569,4.3127,0.9595954012134787,0.0,Hit+Run
145351205.519,FRAG0472,FRAG0522,0.07611580737928746,0.005613053613053613,3307.390,1386.948,0.9925,3.6998,0.20044412015068627,0.0,Perfect
145351223.189,FRAG0472,FRAG0526,0.08172886099234107,0.005613053613053613,3386.769,1386.948,1.1754,4.4918,0.25043995572628514,0.0,Merge
145351479.144,FRAG0472,FRAG0527,0.08734191460539469,0.005613053613053613,3462.592,1386.948,1.1677,4.5674,0.47117139061485114,0.0,Merge
145351664.075,FRAG0528,FRAG0529,0.005613053613053613,0.005613053613053613,1386.948,1386.948,3.081,5.5375,0.62445,0.0,Hit+Run
145351993.799,FRAG0520,FRAG0528,0.005613053613053613,0.005613053613053613,1386.948,1386.948,1.8876,3.3926,0.38745,0.0,Merge
145353693.006,FRAG0530,FRAG0515,0.005613053613053613,0.005570762570762571,1386.948,1383.456,3.5376,6.3502,0.83780471391238,0.0,Hit+Run
145353790.365,FRAG0523,FRAG0525,0.005613053613053613,0.005613053613053613,1386.948,1386.948,1.0637,1.9118,0.72755,0.0,Graze+Merge
145354088.321,FRAG0523,FRAG0519,0.011226107226107226,0.005613053613053613,1747.445,1386.948,3.0798,6.3776,0.6861792044827166,0.0,Hit+Run
145354124.503,FRAG0513,FRAG0511,0.005921078921078921,0.005528138528138528,1411.868,1379.918,2.0599,3.7269,0.6410532641496404,0.0,Hit+Run
145354187.599,FRAG0472,FRAG0529,0.0929549682184483,0.005613053613053613,3535.233,1386.948,1.4293,5.7143,0.9938077686607164,0.0,Hit+Run
145354268.71,FRAG0520,FRAG0529,0.011226107226107226,0.005613053613053613,1747.445,1386.948,2.0719,4.2905,0.780788085698769,0.0,Hit+Run
145354282.369,FRAG0472,FRAG0520,0.0929549682184483,0.011226107226107226,3535.233,1747.445,1.0351,4.1068,0.466909390173447,0.0,Merge
145354746.376,FRAG0472,FRAG0529,0.10418107544455553,0.005613053613053613,3672.175,1386.948,0.9763,4.0634,0.2057064852877948,0.0,Perfect
145354998.814,FRAG0472,FRAG0524,0.10979412905760914,0.005613053613053613,3736.975,1386.948,1.0895,4.6195,0.6299858387076671,0.0,Merge
145355166.745,FRAG0505,FRAG0513,0.017626040626040625,0.005921078921078921,2031.010,1411.868,6.8466,15.997,0.8366193624659601,0.0,Hit+Run
145355181.426,FRAG0505,FRAG0513,0.017626040626040625,0.005921078921078921,2031.010,1411.868,1.0476,2.4477,0.9494113678978396,0.0,Hit+Run
145355362.346,FRAG0505,FRAG0513,0.017626040626040625,0.005921078921078921,2031.010,1411.868,1.3853,3.2367,0.592335003421288,0.0,Hit+Run
145356004.751,FRAG0530,FRAG0515,0.005613053613053613,0.005570762570762571,1386.948,1383.456,3.0045,5.3932,0.9702714765662285,0.0,Hit+Run
145356014.794,FRAG0530,FRAG0515,0.005613053613053613,0.005570762570762571,1386.948,1383.456,1.0812,1.9408,0.9415353005407905,0.0,Hit+Run
145356035.174,FRAG0530,FRAG0515,0.005613053613053613,0.005570762570762571,1386.948,1383.456,1.0908,1.9580,0.7256134761545285,0.0,Hit+Run
145356435.842,FRAG0505,FRAG0513,0.017626040626040625,0.005921078921078921,2031.010,1411.868,1.3172,3.0776,0.3492304770694178,0.0,Merge
145362376.521,FRAG0505,FRAG0511,0.023547119547119546,0.005528138528138528,2236.865,1379.918,4.1062,10.401,0.8939336674231692,0.0,Hit+Run
145362383.255,FRAG0505,FRAG0511,0.023547119547119546,0.005528138528138528,2236.865,1379.918,1.0687,2.7071,0.5410976654410756,0.0,Merge
145364315.624,FRAG0424,FRAG0450,0.0056866466866466875,0.0056866466866466875,1392.983,1392.983,4.2946,7.7523,0.66015,0.0058451548451548445,Graze+Frag
145366258.69,FRAG0505,FRAG0454,0.029075258075258074,0.0056866466866466875,2399.763,1392.983,13.228,35.779,0.6517060979722367,0.03379645021645022,Graze+Frag
145366644.906,FRAG0472,FRAG0523,0.11540718267066276,0.011226107226107226,3799.602,1747.445,1.435,6.1256,0.2496742659020356,0.0,Merge
145367226.746,FRAG0535,FRAG0505,0.005846819846819847,0.005527805527805522,1405.940,1379.890,3.7899,6.8418,0.2915510053364987,0.005846819846819847,Fragment
145368562.076,FRAG0472,FRAG0533,0.12663328989676997,0.005846819846819847,3919.011,1405.940,1.2676,5.6488,0.4885376452714072,0.0,Merge
145368674.861,FRAG0472,FRAG0535,0.1324801097435898,0.005527805527805521,3978.421,1379.890,1.3492,6.1174,0.42699826761987797,0.0,Merge
145368974.541,FRAG0472,FRAG0530,0.13800791527139533,0.005613053613053613,4033.002,1386.948,1.549,7.1239,0.913089010471459,0.0,Hit+Run
145368978.978,FRAG0472,FRAG0530,0.13800791527139533,0.005613053613053613,4033.002,1386.948,1.0559,4.8561,0.9985120553758053,0.0,Hit+Run
145371554.371,FRAG0472,FRAG0536,0.13800791527139533,0.005846819846819847,4033.002,1405.940,1.145,5.2609,0.09387450455464824,0.0,Merge
145371865.194,FRAG0472,FRAG0537,0.14385473511821517,0.005846819846819847,4089.170,1405.940,1.3537,6.3125,0.4173920346271611,0.0,Merge
145373033.861,FRAG0534,FRAG0519,0.005846819846819847,0.005613053613053613,1405.940,1386.948,2.5508,4.6163,0.9110033390762361,0.0,Hit+Run
145373842.489,FRAG0472,FRAG0530,0.149701554965035,0.005613053613053613,4143.836,1386.948,0.9765,4.6231,0.25803522842967136,0.0,Perfect
145375589.897,FRAG0532,FRAG0515,0.005846819846819847,0.005570762570762571,1405.940,1383.456,8.6548,15.643,0.13412249162606782,0.0058894438894438895,Fragment
145376297.321,FRAG0521,FRAG0532,0.005613053613053613,0.00552813852813853,1386.948,1379.918,7.9436,14.241,0.7849391770186145,0.007217655677655678,Graze+Frag
145379651.212,FRAG0538,FRAG0521,0.0058894438894438895,0.00552813852813853,1409.349,1379.918,3.4953,6.3180,0.8744806081411947,0.0,Hit+Run
145380269.538,FRAG0538,FRAG0521,0.0058894438894438895,0.00552813852813853,1409.349,1379.918,2.8734,5.1939,0.4326675592253452,0.006444868464868464,Fragment
145380575.974,FRAG0472,FRAG0539,0.15531460857808863,0.005613053613053613,4194.993,1386.948,1.2582,6.0357,0.7077904182624032,0.0,Merge
145383880.015,FRAG0540,FRAG0538,0.0058894438894438895,0.00552813852813853,1409.349,1379.918,3.524,6.3699,0.6839411516611319,0.0,Hit+Run
145383903.21,FRAG0472,FRAG0519,0.16092766219114224,0.005613053613053613,4244.932,1386.948,1.8891,9.1779,0.9472158280992695,0.0,Hit+Run
145384093.766,FRAG0472,FRAG0519,0.16092766219114224,0.005613053613053613,4244.932,1386.948,1.1035,5.3612,0.5542196215496084,0.0,Merge
145387642.285,FRAG0472,FRAG0540,0.16654071580419585,0.0058894438894438895,4293.722,1409.349,1.5947,7.8340,0.8896017497819778,0.0,Hit+Run
145388087.379,FRAG0540,FRAG0534,0.0058894438894438895,0.005846819846819847,1409.349,1405.940,3.7704,6.8777,0.5926666221779996,0.00680970362970363,Graze+Frag
145400122.435,FRAG0541,FRAG0514,0.006208458208458209,0.005570762570762571,1434.349,1383.456,4.2005,7.6729,0.8310435823061239,0.0,Hit+Run
145400128.576,FRAG0541,FRAG0514,0.006208458208458209,0.005570762570762571,1434.349,1383.456,1.0529,1.9233,0.49543961696591343,0.0,Merge
145405325.766,FRAG0442,FRAG0429,0.017059940059940062,0.011373293373293375,2009.029,1755.049,9.9995,24.553,0.9986227094139444,0.0,Hit+Run
145407005.268,FRAG0442,FRAG0429,0.017059940059940062,0.011373293373293375,2009.029,1755.049,1.0683,2.6232,0.8956113877052906,0.0,Hit+Run
145426391.274,FRAG0472,FRAG0431,0.16654071580419585,0.0056866466866466875,4293.722,1392.983,5.4827,26.957,0.8743428659807011,0.0,Hit+Run
145426392.971,FRAG0472,FRAG0431,0.16654071580419585,0.0056866466866466875,4293.722,1392.983,1.0453,5.1394,0.6666298068863222,0.0,Merge
145432087.641,FRAG0472,FRAG0541,0.17222736249084253,0.01177922077922078,4342.047,1775.685,1.0691,5.2383,0.2646649537048555,0.0,Merge
145456647.433,FRAG0435,FRAG0427,0.0056866466866466875,0.0056866466866466875,1392.983,1392.983,32.855,59.309,0.46820000000000006,0.0058451548451548445,Fragment
145466962.126,FRAG0422,FRAG0434,0.0056866466866466875,0.0056866466866466875,1392.983,1392.983,65.995,119.13,0.94605,0.010382877122877124,Graze+Frag
145466996.273,FRAG0543,FRAG0422,0.0058451548451548445,0.0055281385281385305,1405.807,1379.918,1.0142,1.8308,0.7847760748234173,0.0,Graze+Merge
145499636.044,FRAG0542,FRAG0435,0.0058451548451548445,0.0055281385281385305,1405.807,1379.918,1.6902,3.0511,0.25469518678115793,0.0,Merge
145514122.792,FRAG0472,FRAG0538,0.1840065832700633,0.00552813852813853,4438.861,1379.918,1.6912,8.6234,0.9489102167935288,0.0,Hit+Run
145514504.294,FRAG0472,FRAG0538,0.1840065832700633,0.00552813852813853,4438.861,1379.918,1.1337,5.7807,0.31688825794359016,0.0,Merge
145515222.48,FRAG0472,M0,0.18953472179820183,0.005525351378621285,4482.876,1379.686,19.743,101.74,0.8646027815141744,0.011056277056277057,Graze+Frag
145515390.575,FRAG0472,FRAG0545,0.18400379612054604,0.005528138528138529,4438.839,1379.918,1.0824,5.5191,0.8524085590893393,0.0,Hit+Run
145515795.066,FRAG0472,FRAG0545,0.18400379612054604,0.005528138528138529,4438.839,1379.918,1.0125,5.1627,0.5546682148862169,0.0,Merge
145555340.943,FRAG0472,FRAG0544,0.18953193464868456,0.005528138528138529,4482.854,1379.918,1.1133,5.7372,0.8970643697765045,0.0,Hit+Run
145561208.524,FRAG0472,FRAG0543,0.18953193464868456,0.011373293373293375,4482.854,1755.049,6.5555,33.238,0.9056397226491176,0.0058451548451548445,Hit+Run+Frag
145561214.311,FRAG0472,FRAG0546,0.18953226764901757,0.0058451548451548445,4482.857,1405.807,1.0604,5.4570,0.8325997763348234,0.0,Hit+Run
145561221.553,FRAG0472,FRAG0546,0.18953226764901757,0.0058451548451548445,4482.857,1405.807,1.0506,5.4065,0.5892221147326994,0.0,Merge
145561793.524,FRAG0472,FRAG0543,0.19537742249417242,0.005527805527805528,4528.475,1379.890,1.0587,5.5155,0.8132815162991281,0.0,Hit+Run
145564798.992,FRAG0472,FRAG0544,0.19537742249417242,0.005528138528138529,4528.475,1379.918,1.008,5.2514,0.6162239870570088,0.0,Merge
145567601.0,FRAG0472,FRAG0543,0.20090556102231094,0.005527805527805528,4570.789,1379.890,1.3924,7.3270,0.8504536634279286,0.0,Hit+Run
145567841.275,FRAG0472,FRAG0543,0.20090556102231094,0.005527805527805528,4570.789,1379.890,1.0633,5.5952,0.7191065026203277,0.0,Merge
145637585.957,FRAG0472,FRAG0493,0.20643336655011646,0.011294039294039295,4612.331,1750.962,12.696,66.354,0.9072020892915281,0.0057659007659007664,Hit+Run+Frag
145637608.966,FRAG0472,FRAG0547,0.20643369955044946,0.0057659007659007664,4612.333,1399.424,1.0507,5.5770,0.2773495680146085,0.0,Merge
145638136.72,FRAG0472,FRAG0493,0.21219960031635024,0.005527805527805528,4654.882,1379.890,1.0195,5.4710,0.47900422842134804,0.0,Merge
145657985.584,FRAG0472,FRAG0451,0.21772740584415576,0.0056866466866466875,4694.956,1392.983,20.282,109.77,0.7894668822979413,0.03507492507492508,Graze+Frag
145658011.549,FRAG0472,FRAG0551,0.18833912745587736,0.005845820845820846,4473.430,1405.860,1.0862,5.5771,0.8391736668086284,0.0,Hit+Run
145658032.158,FRAG0472,FRAG0553,0.18833912745587736,0.005845820845820846,4473.430,1405.860,1.1023,5.6598,0.8957069911751903,0.0,Hit+Run
145659536.917,FRAG0472,FRAG0553,0.18833912745587736,0.005845820845820846,4473.430,1405.860,1.1706,6.0105,0.293699370195059,0.0,Merge
145662024.522,FRAG0548,FRAG0552,0.005845820845820846,0.005845820845820846,1405.860,1405.860,16.133,29.391,0.6137,0.006163503163503164,Graze+Frag
145662274.507,FRAG0550,FRAG0551,0.005845820845820846,0.005845820845820846,1405.860,1405.860,1.8304,3.3346,0.8800000000000001,0.0,Hit+Run
145662973.995,FRAG0472,FRAG0548,0.19418494830169822,0.005528138528138529,4519.243,1379.918,2.8318,14.720,0.8999934241303884,0.0,Hit+Run
145663000.273,FRAG0472,FRAG0548,0.19418494830169822,0.005528138528138529,4519.243,1379.918,1.0468,5.4416,0.7195810548907675,0.0,Merge
145664987.86,FRAG0472,FRAG0554,0.19971308682983674,0.006163503163503164,4561.727,1430.879,7.5998,39.797,0.5362075124061048,0.020525474525474527,Fragment
145667846.06,FRAG0472,FRAG0550,0.18535111546786537,0.005845820845820846,4449.647,1405.860,0.9943,5.0761,0.5449299987506971,0.0,Perfect
145669402.995,FRAG0472,FRAG0557,0.19119693631368623,0.006841824841824842,4495.943,1481.555,1.2199,6.2733,0.07889997015619928,0.0,Merge
145670460.19,FRAG0542,FRAG0549,0.011373293373293375,0.005845820845820846,1755.049,1405.860,30.572,63.750,0.5874945642202998,0.011690975690975691,Graze+Frag
145670936.552,FRAG0472,FRAG0555,0.19803876115551106,0.006841824841824842,4548.943,1481.555,1.4752,7.6821,0.9647790624516998,0.0,Hit+Run
145670954.786,FRAG0472,FRAG0555,0.19803876115551106,0.006841824841824842,4548.943,1481.555,1.0422,5.4272,0.7405188472313008,0.0,Merge
145673071.446,FRAG0472,FRAG0559,0.20488058599733588,0.0058454878454878454,4600.737,1405.834,8.3439,44.154,0.8820687680140238,0.0,Hit+Run
145675497.723,FRAG0556,FRAG0542,0.006841824841824842,0.00552813852813853,1481.555,1379.918,22.563,41.913,0.7397747320845637,0.012322031302031302,Graze+Frag
145676784.607,FRAG0551,FRAG0558,0.005845820845820846,0.0058454878454878454,1405.860,1405.834,22.670,41.302,0.800707602039365,0.011582410922410922,Graze+Frag
145678484.381,FRAG0472,FRAG0561,0.20488058599733588,0.006163503163503164,4600.737,1430.879,4.2237,22.321,0.6749753204393732,0.0,Merge
145678769.424,FRAG0472,FRAG0556,0.21104408916083905,0.00552813852813853,4646.417,1379.918,2.4544,13.145,0.5723271399271713,0.0,Merge
145691941.399,FRAG0472,FRAG0560,0.21657222768897758,0.006841824841824842,4686.638,1481.555,2.9525,15.875,0.7680131960416939,0.0,Hit+Run
145692158.637,FRAG0472,FRAG0560,0.21657222768897758,0.006841824841824842,4686.638,1481.555,1.0558,5.6769,0.5458455481166927,0.0,Merge
145694278.335,FRAG0540,FRAG0551,0.005527805527805529,0.005527805527805528,1379.890,1379.890,22.189,39.678,0.99355,0.0,Hit+Run
145696655.211,FRAG0472,FRAG0551,0.22341405253080243,0.005527805527805528,4735.480,1379.890,4.3318,23.679,0.8403321640352454,0.0,Hit+Run
145697791.629,FRAG0559,FRAG0551,0.0058454878454878454,0.005527805527805528,1405.834,1379.890,3.5796,6.4619,0.9807998321631035,0.0,Hit+Run
145714979.968,FRAG0472,FRAG0559,0.22341405253080243,0.0058454878454878454,4735.480,1405.834,3.7218,20.316,0.6888109220563328,0.0,Merge
145773781.112,FRAG0472,FRAG0551,0.2292595403762903,0.005527805527805528,4776.425,1379.890,10.545,58.182,0.6269705976413934,0.02570762570762571,Fragment
145773785.226,FRAG0472,FRAG0565,0.2090797201964701,0.006426906426906427,4631.956,1450.979,1.0681,5.6799,0.08954855335977613,0.0,Merge
145773846.892,FRAG0472,FRAG0563,0.21550662662337652,0.006426906426906427,4678.939,1450.979,1.0335,5.5558,0.9161072739462482,0.0,Hit+Run
145774264.369,FRAG0472,FRAG0564,0.21550662662337652,0.006426906426906427,4678.939,1450.979,1.0981,5.9031,0.6570447770479341,0.0,Merge
145774678.383,FRAG0472,FRAG0563,0.22193353305028296,0.006426906426906427,4724.996,1450.979,1.0896,5.9194,0.7935975043160023,0.0,Hit+Run
145787094.339,FRAG0563,FRAG0540,0.006426906426906427,0.005527805527805529,1450.979,1379.890,4.9935,9.1679,0.9022008830763065,0.0,Hit+Run
145789967.95,FRAG0472,FRAG0540,0.22193353305028296,0.005527805527805529,4724.996,1379.890,2.2874,12.474,0.94702904212474,0.0,Hit+Run
145790060.405,FRAG0472,FRAG0540,0.22193353305028296,0.005527805527805529,4724.996,1379.890,1.046,5.7043,0.7805482093680943,0.0,Graze+Merge
145790100.427,FRAG0472,FRAG0562,0.22746133857808848,0.006426906426906427,4763.904,1450.979,1.062,5.8206,0.938234635569644,0.0,Hit+Run
145790107.957,FRAG0472,FRAG0562,0.22746133857808848,0.006426906426906427,4763.904,1450.979,1.0478,5.7427,0.4189095002768059,0.0,Merge
145820773.135,FRAG0472,FRAG0563,0.23388824500499492,0.006426906426906427,4808.356,1450.979,10.221,56.581,0.3012839556345098,0.035212787212787214,Fragment
145820773.16,FRAG0472,FRAG0567,0.20510236421911415,0.005868797868797869,4602.396,1407.700,1.0566,5.5929,0.9770554324427485,0.0,Hit+Run
145821364.653,FRAG0472,FRAG0571,0.20510236421911415,0.005868797868797869,4602.396,1407.700,1.0416,5.5135,0.5707339241316564,0.0,Merge
145822721.095,FRAG0568,FRAG0570,0.005868797868797869,0.005868797868797869,1407.700,1407.700,1.7578,3.2066,0.7004,0.0,Hit+Run
145824070.4,FRAG0472,FRAG0568,0.21097116208791203,0.005868797868797869,4645.882,1407.700,1.3734,7.3437,0.44528026812485644,0.0,Merge
145824944.032,FRAG0472,FRAG0570,0.2168399599567099,0.005868797868797869,4688.568,1407.700,1.358,7.3332,0.14066623432980993,0.0,Merge
145846966.85,FRAG0472,FRAG0566,0.22270875782550778,0.005868797868797869,4730.491,1407.700,1.605,8.7504,0.944296199381333,0.0,Hit+Run
145847064.06,FRAG0472,FRAG0566,0.22270875782550778,0.005868797868797869,4730.491,1407.700,1.0471,5.7087,0.7493178769758182,0.0,Merge
147343737.89,FRAG0472,FRAG0567,0.22857755569430566,0.005868797868797869,4771.684,1407.700,1.5145,8.3344,0.37358749895218024,0.0,Merge
148080039.156,FRAG0472,FRAG0429,0.23444635356310353,0.011373293373293375,4812.177,1755.049,10.057,54.976,0.905980072398896,0.0058451548451548445,Hit+Run+Frag
148080912.693,FRAG0472,FRAG0572,0.23444668656343653,0.0058451548451548445,4812.180,1405.807,1.024,5.6872,0.20175906400431756,0.0,Merge
148086515.283,FRAG0472,FRAG0429,0.2402918414085914,0.005527805527805528,4851.844,1379.890,1.1101,6.2290,0.5186057108896674,0.0,Merge
