time_yr,target,projectile,Mt_Mearth,Mp_Mearth,Rt_km,Rp_km,vimp/vesc,vimp_km/s,b,m_frag_Mearth,Regime
32046.244,M1,P659,0.05,0.0024355585714285716,2875.083,1050.009,2.3934,7.8155,0.37825677899347243,0.0,Merge
228011.141,M2,P535,0.05,0.0024355585714285716,2875.083,1050.009,3.2724,10.685,0.9763331927195961,0.0,Hit+Run
303088.937,M0,P592,0.05,0.0024355585714285716,2875.083,1050.009,6.238,20.369,0.934434881800877,0.0,Hit+Run
307389.574,M0,P592,0.05,0.0024355585714285716,2875.083,1050.009,1.0548,3.4444,0.5452640323058499,0.0,Merge
350636.925,M1,P556,0.05243555857142857,0.0024355585714285716,2921.028,1050.009,4.0395,13.415,0.9483872369574099,0.0,Hit+Run
367131.632,E0,P570,0.4524555555544456,0.0024355585714285716,5991.273,1050.009,1.0334,7.4208,0.8832114268456456,0.0,Hit+Run
558293.277,M1,P198,0.05243555857142857,0.0024355585714285716,2921.028,1050.009,9.6238,31.961,0.6233330835319237,0.013207459207459209,Fragment
629053.981,E3,P344,0.40336,0.0024355585714285716,5766.223,1050.009,2.7175,18.733,0.7243908626551845,0.0,Merge
828252.839,E6,P497,0.08018000000000002,0.0024355585714285716,3365.238,1050.009,1.49,5.7583,0.8915284475551278,0.0,Hit+Run
857091.613,E19,P697,0.041620000000000004,0.0024355585714285716,2704.547,1050.009,2.1903,6.7031,0.6193459341433346,0.0,Merge
877525.504,E0,E1,0.4524555555544456,0.23462666666666668,5991.273,4813.411,1.031,7.3453,0.45203412320551023,0.041219114219114214,Fragment
878147.252,P8,P532,0.0024355585714285716,0.0024355585714285716,1050.009,1050.009,1.2723,1.7312,0.61575,0.0,Hit+Run
878794.75,P8,P532,0.0024355585714285716,0.0024355585714285716,1050.009,1050.009,2.968,4.0385,0.89825,0.0,Hit+Run
878888.588,P8,P747,0.0024355585714285716,0.0024355585714285716,1050.009,1050.009,1.6254,2.2116,0.6839,0.0,Hit+Run
879998.265,P8,P284,0.0024355585714285716,0.0024355585714285716,1050.009,1050.009,2.7057,3.6816,0.77315,0.0,Hit+Run
880156.414,P8,P284,0.0024355585714285716,0.0024355585714285716,1050.009,1050.009,1.4423,1.9625,0.93095,0.0,Hit+Run
880207.659,P8,P620,0.0024355585714285716,0.0024355585714285716,1050.009,1050.009,1.8304,2.4906,0.8845,0.0,Hit+Run
880807.682,P8,P615,0.0024355585714285716,0.0024355585714285716,1050.009,1050.009,1.3395,1.8226,0.84855,0.0,Hit+Run
881093.781,P8,P615,0.0024355585714285716,0.0024355585714285716,1050.009,1050.009,0.9915,1.3491,0.4539,0.0,Perfect
881891.276,P8,P187,0.004871117142857143,0.0024355585714285716,1322.929,1050.009,2.2393,3.5106,0.6913082658096916,0.0,Hit+Run
883116.022,P8,P787,0.004871117142857143,0.0024355585714285716,1322.929,1050.009,1.4655,2.2975,0.9866752974435422,0.0,Hit+Run
883829.983,P8,P187,0.004871117142857143,0.0024355585714285716,1322.929,1050.009,1.7246,2.7037,0.546189280656254,0.0,Merge
884208.383,P8,P280,0.007306675714285714,0.0024355585714285716,1514.376,1050.009,1.7039,2.9671,0.5344400003165578,0.0,Merge
886915.748,P8,P717,0.009742234285714286,0.0024355585714285716,1666.786,1050.009,1.1065,2.0929,0.8775672650392118,0.0,Hit+Run
887115.879,P8,P173,0.009742234285714286,0.0024355585714285716,1666.786,1050.009,1.0151,1.9200,0.24472985320479693,0.0,Merge
887541.566,E0,FRAG0005,0.6458631080019981,0.0058884448884448885,6745.912,1409.269,1.025,8.1866,0.7748320226276333,0.0,Merge
888415.755,P8,P450,0.012177792857142858,0.0024355585714285716,1795.491,1050.009,1.3481,2.7294,0.7429942984110268,0.0,Hit+Run
888463.629,P8,P450,0.012177792857142858,0.0024355585714285716,1795.491,1050.009,1.0491,2.1240,0.7647635581096939,0.0,Graze+Merge
890438.524,P8,P269,0.01461335142857143,0.0024355585714285716,1907.994,1050.009,1.5383,3.2994,0.702306073268452,0.0,Hit+Run
891066.578,P8,P787,0.01461335142857143,0.0024355585714285716,1907.994,1050.009,1.1049,2.3698,0.8889770666592399,0.0,Hit+Run
891230.067,P8,P747,0.01461335142857143,0.0024355585714285716,1907.994,1050.009,1.3848,2.9702,0.9736046904770401,0.0,Hit+Run
891535.066,P8,P752,0.01461335142857143,0.0024355585714285716,1907.994,1050.009,1.67,3.5819,0.25704350679415694,0.0,Merge
891801.885,P8,P401,0.01704891,0.0024355585714285716,2008.596,1050.009,1.0509,2.3697,0.9862368418718847,0.0,Hit+Run
892693.002,P8,P69,0.01704891,0.0024355585714285716,2008.596,1050.009,1.5689,3.5378,0.5651587602310186,0.0,Merge
895679.289,P8,P230,0.019484468571428572,0.0024355585714285716,2100.019,1050.009,1.268,2.9884,0.7628,0.0,Hit+Run
896070.387,P8,P230,0.019484468571428572,0.0024355585714285716,2100.019,1050.009,1.1642,2.7437,0.3999333333333333,0.0,Merge
896573.045,P8,P284,0.021920027142857144,0.0024355585714285716,2184.108,1050.009,1.5637,3.8338,0.6456863700707185,0.0,Merge
898398.893,P8,P532,0.024355585714285716,0.0024355585714285716,2262.177,1050.009,1.5741,3.9997,0.7549044113727305,0.0,Hit+Run
898423.876,P8,P532,0.024355585714285716,0.0024355585714285716,2262.177,1050.009,1.0551,2.6809,0.8561912332369992,0.0,Hit+Run
898964.281,P8,P620,0.024355585714285716,0.0024355585714285716,2262.177,1050.009,1.3082,3.3240,0.9851389875726286,0.0,Hit+Run
899993.055,P8,P623,0.024355585714285716,0.0024355585714285716,2262.177,1050.009,1.2393,3.1489,0.5827919426620384,0.0,Merge
903507.657,P8,P787,0.02679114428571429,0.0024355585714285716,2335.201,1050.009,1.3272,3.4841,0.5100561519524052,0.0,Merge
911539.797,P8,P620,0.02922670285714286,0.0024355585714285716,2403.922,1050.009,1.1584,3.1335,0.162027827553013,0.0,Merge
915637.076,P8,P269,0.03166226142857143,0.0024355585714285716,2468.924,1050.009,1.0542,2.9318,0.4477684079723951,0.0,Merge
944229.637,E3,P57,0.40579555857142857,0.0024355585714285716,5777.805,1050.009,1.4747,10.187,0.5778808021953367,0.0,Merge
951339.758,P8,P231,0.03409782,0.0024355585714285716,2530.673,1050.009,1.5563,4.4413,0.8702300197427981,0.0,Hit+Run
951352.985,P8,P231,0.03409782,0.0024355585714285716,2530.673,1050.009,1.0516,3.0010,0.35083422545303744,0.0,Merge
992352.968,P8,P401,0.03653337857142857,0.0024355585714285716,2589.547,1050.009,1.6671,4.8736,0.574607908725263,0.0,Merge
1063591.988,P9,P581,0.0024355585714285716,0.0024355585714285716,1050.009,1050.009,23.836,32.434,0.5988,0.0,Graze+Frag
1080709.619,M0,P291,0.05243555857142857,0.0024355585714285716,2921.028,1050.009,5.7032,18.940,0.50313881181949,0.006308691308691309,Fragment
1082602.857,M0,FRAG0010,0.04856242583416583,0.006308691308691309,2847.261,1442.027,1.058,3.3808,0.6464819061643852,0.0,Merge
1130411.601,E8,P506,0.11363999999999999,0.0024355585714285716,3780.108,1050.009,2.5288,11.075,0.631489605896535,0.0,Merge
1165619.739,E0,P414,0.651751552890443,0.0024355585714285716,6766.351,1050.009,1.6383,13.390,0.6575592329276067,0.0,Merge
1173364.917,E3,E6,0.40823111714285715,0.08018000000000002,5789.342,3365.238,1.073,7.0021,0.6069127350814033,0.00872927072927073,Fragment
1198261.103,P8,P733,0.03896893714285714,0.0024355585714285716,2645.859,1050.009,3.0049,8.9857,0.6018540585726222,0.0,Merge
1218250.665,E3,E9,0.47968184641358647,0.07894000000000001,6109.114,3347.800,1.1064,7.5972,0.7699607876462623,0.0,Hit+Run
1315942.802,E0,P239,0.6541871114618715,0.0024355585714285716,6774.769,1050.009,1.3403,10.969,0.9194032669900492,0.0,Hit+Run
1352615.461,M1,P741,0.04166365793539793,0.0024355585714285716,2705.492,1050.009,3.0022,9.1913,0.9180154140526219,0.0,Hit+Run
1451584.159,E8,P724,0.11607555857142857,0.0024355585714285716,3806.923,1050.009,1.5527,6.8524,0.9709865039364936,0.0,Hit+Run
1462004.816,E3,P78,0.47968184641358647,0.0024355585714285716,6109.114,1050.009,1.2129,8.8926,0.8888312834190671,0.0,Hit+Run
1567585.786,E0,FRAG0004,0.6541871114618715,0.0058884448884448885,6774.769,1409.269,1.1326,9.0875,0.2902276214724792,0.0,Merge
1571995.201,P8,P717,0.041404495714285706,0.0024355585714285716,2699.871,1050.009,2.3696,7.2386,0.8230188271823418,0.0,Hit+Run
1572270.024,P8,P717,0.041404495714285706,0.0024355585714285716,2699.871,1050.009,1.0391,3.1742,0.9194972829976105,0.0,Hit+Run
1572311.263,P8,P717,0.041404495714285706,0.0024355585714285716,2699.871,1050.009,1.047,3.1983,0.762683792873987,0.0,Graze+Merge
1599356.098,P8,P452,0.043840054285714275,0.0024355585714285716,2751.804,1050.009,11.400,35.536,0.658597876778685,0.016710289710289712,Fragment
1599424.226,P8,FRAG0014,0.02956532314685313,0.005570096570096571,2413.170,1383.401,1.0961,2.9790,0.6065070499181608,0.0,Merge
1601899.258,P8,FRAG0012,0.0351354197169497,0.005570096570096571,2556.086,1383.401,1.3551,3.8916,0.9781871489605798,0.0,Hit+Run
1606237.298,P8,FRAG0012,0.0351354197169497,0.005570096570096571,2556.086,1383.401,1.127,3.2365,0.15221723610118867,0.0,Merge
1622615.653,E8,P333,0.11607555857142857,0.0024355585714285716,3806.923,1050.009,1.4275,6.2998,0.8280975471495847,0.0,Hit+Run
1657600.242,P8,P532,0.04070551628704627,0.0024355585714285716,2684.591,1050.009,2.9265,8.8864,0.9957411618703924,0.0,Hit+Run
1663131.356,P8,P532,0.04070551628704627,0.0024355585714285716,2684.591,1050.009,1.1414,3.4659,0.35575534291774275,0.0,Merge
1717102.313,E3,P651,0.47968184641358647,0.0024355585714285716,6109.114,1050.009,2.0054,14.702,0.6091088422662538,0.0,Merge
1764810.812,E0,E9,0.6600755563503163,0.07894000000000001,6795.035,3347.800,2.2541,17.190,0.9075602429017291,0.013779553779553779,Hit+Run+Frag
1964118.565,E12,FRAG0006,0.09854,0.0058884448884448885,3604.663,1409.269,3.4494,14.064,0.6842050322309807,0.0,Merge
1979315.604,E0,M1,0.6600744974092574,0.04166365793539793,6795.031,2705.492,1.3783,10.583,0.7458387621556181,0.034603396603396605,Hit+Run+Frag
1982852.079,E0,FRAG0017,0.6600731536796537,0.0057672327672327675,6795.027,1399.532,1.0299,8.2942,0.7159416326139624,0.0,Merge
2019379.936,E0,FRAG0002,0.6658403864468865,0.0066037296037296045,6814.760,1464.165,2.2246,17.912,0.13022160697608268,0.0,Merge
2046010.561,M0,P807,0.05487111714285714,0.0024355585714285716,2965.571,1050.009,4.503,15.198,0.43528140530555987,0.0,Merge
2046932.093,P8,P90,0.04314107485847484,0.0024355585714285716,2737.101,1050.009,8.1555,25.276,0.9625467226886903,0.0,Hit+Run
2046944.288,P8,P90,0.04314107485847484,0.0024355585714285716,2737.101,1050.009,1.0443,3.2366,0.9259037441331138,0.0,Hit+Run
2071718.945,P8,P90,0.04314107485847484,0.0024355585714285716,2737.101,1050.009,1.3382,4.1475,0.6704870060356645,0.0,Merge
2131931.287,E0,P634,0.672444116050616,0.0024355585714285716,6837.215,1050.009,3.0613,25.299,0.5766433083775561,0.0,Merge
2141551.395,E0,FRAG0007,0.6748796746220446,0.0058884448884448885,6845.460,1409.269,2.6717,21.676,0.26412482742538607,0.0,Merge
2192007.604,M0,P628,0.05730667571428571,0.0024355585714285716,3008.815,1050.009,5.0835,17.424,0.1871787674973928,0.0,Merge
2236466.083,E12,FRAG0011,0.1044284448884449,0.00872927072927073,3675.079,1606.891,3.8958,16.110,0.6732348905027856,0.00724908424908425,Fragment
2256703.156,P8,P410,0.04557663342990341,0.0024355585714285716,2787.669,1050.009,4.3677,13.802,0.9498335464371218,0.0,Hit+Run
2273398.828,E19,P106,0.04405555857142857,0.0024355585714285716,2756.305,1050.009,7.8549,24.526,0.6508571307231269,0.008253080253080252,Fragment
2288562.817,P8,P523,0.04557663342990341,0.0024355585714285716,2787.669,1050.009,2.2952,7.2530,0.7375084121272635,0.0,Hit+Run
2289324.082,M0,P582,0.05974223428571428,0.0024355585714285716,3050.851,1050.009,24.223,84.270,0.682652005230445,0.05643356643356642,Fragment
2335645.893,M0,FRAG0031,0.005744226423576422,0.0056433566433566435,1397.669,1389.439,2.1075,3.8059,0.24903315378030344,0.0,Merge
2348419.255,P8,P523,0.04557663342990341,0.0024355585714285716,2787.669,1050.009,1.7788,5.6211,0.9690830026780087,0.0,Hit+Run
2348774.987,P8,P523,0.04557663342990341,0.0024355585714285716,2787.669,1050.009,1.0571,3.3405,0.9857900779059482,0.0,Hit+Run
2350487.412,P8,P523,0.04557663342990341,0.0024355585714285716,2787.669,1050.009,0.9938,3.1404,0.8558380884155833,0.0,Perfect
2377775.125,E0,FRAG0015,0.6807681195104894,0.0068897768897768896,6865.311,1485.008,1.6666,13.512,0.8756019978794337,0.0,Hit+Run
2399577.573,P17,P468,0.0024355585714285716,0.0024355585714285716,1050.009,1050.009,9.7619,13.282,0.54345,0.0,Graze+Frag
2425284.836,P8,P410,0.04801219200133198,0.0024355585714285716,2836.466,1050.009,2.3796,7.6595,0.6934113666140297,0.0,Merge
2426998.688,M0,FRAG0029,0.011387583066933066,0.0056433566433566435,1755.783,1389.439,1.0313,2.1440,0.7343064989155385,0.0,Graze+Merge
2449416.933,P8,P747,0.05044775057276055,0.0024355585714285716,2883.640,1050.009,1.7748,5.8139,0.8478685964019379,0.0,Hit+Run
2450463.228,P8,P747,0.05044775057276055,0.0024355585714285716,2883.640,1050.009,1.0091,3.3056,0.9553366374122475,0.0,Graze+Merge
2465247.398,M0,FRAG0028,0.01703093971028971,0.0056433566433566435,2007.890,1389.439,1.8497,4.2693,0.9321569761424455,0.0,Hit+Run
2545015.812,E5,P149,0.0735,0.0024355585714285716,3269.060,1050.009,14.656,54.905,0.4604917839512595,0.032127872127872124,Fragment
2572200.575,E3,FRAG0019,0.48211740498501504,0.0057672327672327675,6119.436,1399.532,2.9177,20.997,0.6571971465215913,0.0,Merge
2645583.639,E9,P501,0.06516150516150516,0.0024355585714285716,3140.442,1050.009,2.1929,7.8688,0.5306700078613217,0.0,Merge
2656578.885,E0,P2,0.6807681195104894,0.0024355585714285716,6865.311,1050.009,2.7344,22.696,0.608355526901944,0.0,Merge
2678064.91,M0,FRAG0018,0.01703093971028971,0.0057672327672327675,2007.890,1399.532,15.590,36.028,0.9451293820445987,0.0,Hit+Run
2691417.542,E0,FRAG0015,0.683203678081918,0.0068897768897768896,6873.489,1485.008,1.2778,10.373,0.7440491496619679,0.0,Merge
2696774.556,E0,E9,0.6900934549716948,0.06759706373293374,6896.517,3179.092,1.4371,11.134,0.631087269222976,0.010146853146853149,Fragment
2701582.833,P8,FRAG0030,0.052883309144189115,0.0056433566433566435,2929.319,1389.439,21.458,70.575,0.13660519637176985,0.058228797868797866,Fragment
2701627.886,M0,FRAG0049,0.01703093971028971,0.005888777888777889,2007.890,1409.296,31.67,73.278,0.36577220598536636,0.022915517815517816,Fragment
2701638.138,P8,FRAG0052,0.005527664788544752,0.005797535797535797,1379.879,1401.979,28.997,52.271,0.7386349825680261,0.011306573426573426,Graze+Frag
2701691.974,P8,FRAG0053,0.005527664788544752,0.005797535797535797,1379.879,1401.979,1.0572,1.9057,0.9024729617112796,0.0,Hit+Run
2701768.551,P8,FRAG0053,0.005527664788544752,0.005797535797535797,1379.879,1401.979,1.0325,1.8612,0.5815429813731474,0.0,Graze+Merge
2703072.555,P8,FRAG0045,0.01132520058608055,0.005888777888777889,1752.571,1409.296,11.729,24.451,0.8180118723487491,0.011686313686313688,Graze+Frag
2703216.773,P8,FRAG0055,0.00552766478854475,0.005843156843156844,1379.879,1405.647,1.0254,1.8509,0.7684746975200545,0.0,Graze+Merge
2706426.894,P8,FRAG0054,0.011370821631701594,0.005843156843156844,1754.921,1405.647,4.3359,9.0405,0.7628093429425659,0.0,Hit+Run
2708839.402,M0,FRAG0041,0.005527110206460208,0.005888777888777889,1379.833,1409.296,28.471,51.461,0.22742197887420754,0.011414918414918415,Fragment
2709747.835,P8,FRAG0046,0.011370821631701594,0.005888777888777889,1754.921,1409.296,5.4203,11.310,0.761042338428256,0.0,Hit+Run
2713667.423,M0,FRAG0046,0.005527110206460208,0.005888777888777889,1379.833,1409.296,13.748,24.850,0.4355004742287685,0.011395018315018315,Fragment
2713675.504,M0,FRAG0057,0.005527110206460208,0.005888777888777889,1379.833,1409.296,1.0496,1.8971,0.45632811249416805,0.0,Merge
2714530.583,P45,FRAG0048,0.0024355585714285716,0.005888777888777889,1050.009,1409.296,7.0223,11.542,0.9763151107308798,0.0,Hit+Run
2721370.888,P8,FRAG0044,0.011370821631701594,0.005888777888777889,1754.921,1409.296,3.173,6.6207,0.5435224396295663,0.0073066933066933066,Fragment
2724357.197,P8,FRAG0047,0.009952906213786177,0.005888777888777889,1678.715,1409.296,1.2277,2.4843,0.8118473038507007,0.0,Hit+Run
2728031.117,M0,P45,0.011415888095238098,0.0024355585714285716,1757.237,1050.009,3.2411,6.4321,0.7074025795324492,0.0,Hit+Run
2730396.492,P8,FRAG0043,0.009952906213786177,0.005888777888777889,1678.715,1409.296,3.6808,7.4483,0.9697155622129905,0.0,Hit+Run
2730420.771,P8,FRAG0043,0.009952906213786177,0.005888777888777889,1678.715,1409.296,1.036,2.0964,0.4025531863542547,0.0,Merge
2735404.429,P8,FRAG0042,0.015841684102564067,0.005888777888777889,1960.022,1409.296,1.7792,4.0368,0.7696243279352613,0.0,Hit+Run
2735408.226,P8,FRAG0042,0.015841684102564067,0.005888777888777889,1960.022,1409.296,1.0411,2.3621,0.5112795327455034,0.0,Merge
2736528.879,P8,M0,0.021730461991341956,0.011415888095238098,2177.794,1757.237,2.9185,7.5676,0.9122864561170096,0.0,Hit+Run
2738196.432,P8,M0,0.021730461991341956,0.011415888095238098,2177.794,1757.237,1.106,2.8678,0.6161973672899044,0.0,Graze+Merge
2739115.593,P45,FRAG0027,0.0024355585714285716,0.0056433566433566435,1050.009,1389.439,30.075,48.898,0.5221104033044733,0.0,Graze+Frag
2747915.39,P8,FRAG0051,0.033146350086580054,0.005797535797535797,2506.912,1401.979,18.307,51.626,0.8260404907305516,0.02640959040959041,Graze+Frag
2748173.798,P8,FRAG0062,0.012534295474525437,0.006602397602397603,1812.844,1464.067,1.1536,2.4906,0.782470560015586,0.0,Hit+Run
2750999.476,P8,FRAG0061,0.012534295474525437,0.006602397602397603,1812.844,1464.067,1.4948,3.2273,0.1354275969257745,0.0,Merge
2752200.304,P8,FRAG0062,0.01913669307692304,0.006602397602397603,2087.450,1464.067,1.0998,2.6452,0.6918556945078662,0.0,Hit+Run
2755266.749,P8,FRAG0047,0.01913669307692304,0.005888777888777889,2087.450,1409.296,3.7545,8.9736,0.3475555384549406,0.017733752913752912,Fragment
2755383.722,P8,FRAG0064,0.0072922042324341935,0.005911088911088912,1513.375,1411.073,1.0756,2.0418,0.051179844425570435,0.0,Merge
2756827.226,P8,FRAG0065,0.013203293143523104,0.005911088911088912,1844.539,1411.073,1.6236,3.5147,0.7966003226074645,0.0,Hit+Run
2763674.321,P8,FRAG0065,0.013203293143523104,0.005911088911088912,1844.539,1411.073,2.5343,5.4862,0.9061753598708241,0.0,Hit+Run
2763977.117,P8,FRAG0065,0.013203293143523104,0.005911088911088912,1844.539,1411.073,1.0783,2.3343,0.6839657961961104,0.0,Graze+Merge
2775662.285,P8,FRAG0056,0.019114382054612016,0.005888777888777889,2086.638,1409.296,4.3992,10.511,0.6889140026662157,0.006754911754911755,Graze+Frag
2777331.003,P8,FRAG0066,0.01824824818847815,0.006754911754911755,2054.632,1475.254,1.7315,4.1171,0.8137885406439085,0.0,Hit+Run
2777720.954,P8,FRAG0058,0.01824824818847815,0.0073066933066933066,2054.632,1514.377,2.2399,5.3548,0.9085492371504191,0.0,Hit+Run
2777858.318,P8,FRAG0063,0.01824824818847815,0.005911088911088912,2054.632,1411.073,2.437,5.7485,0.23115095319869916,0.008433566433566434,Fragment
2778793.38,P8,FRAG0067,0.01572577066600063,0.008433566433566434,1955.229,1588.538,1.311,3.0582,0.5657517076694725,0.0,Hit+Run
2778956.234,P8,FRAG0054,0.01572577066600063,0.005843156843156844,1955.229,1405.647,7.4685,16.903,0.273544387966,0.021295870795870794,Fragment
2779333.33,P8,FRAG0066,0.00552630346653343,0.006754911754911755,1379.765,1475.254,1.6539,3.0646,0.9726916365730309,0.0,Hit+Run
2780793.607,P8,FRAG0058,0.00552630346653343,0.0073066933066933066,1379.765,1514.377,2.3909,4.4980,0.673258091497972,0.0,Hit+Run
2782917.236,P8,FRAG0069,0.00552630346653343,0.008021312021312023,1379.765,1562.220,1.8628,3.5713,0.6027006876588893,0.0,Hit+Run
2783728.241,P8,FRAG0058,0.00552630346653343,0.0073066933066933066,1379.765,1514.377,1.4963,2.8150,0.7082987866722398,0.0,Hit+Run
2783795.44,P8,FRAG0058,0.00552630346653343,0.0073066933066933066,1379.765,1514.377,1.0107,1.9014,0.8822150533330954,0.0,Graze+Merge
2783876.936,P8,FRAG0066,0.012832996773226735,0.006754911754911755,1827.131,1475.254,1.1114,2.4182,0.5043112064195852,0.0,Merge
2785548.373,P8,FRAG0067,0.019587908528138492,0.008433566433566434,2103.729,1588.538,1.4998,3.6913,0.25189366443268496,0.0,Merge
2791853.194,P8,FRAG0013,0.02802147496170493,0.005570096570096571,2370.413,1383.401,3.4623,9.2533,0.5486193730908012,0.008168165168165169,Fragment
2793211.758,P8,FRAG0068,0.025423406363636332,0.008021312021312023,2294.766,1562.220,1.3112,3.4495,0.8142670065257466,0.0,Hit+Run
2794915.823,P9,FRAG0039,0.004871128871128871,0.006425574425574425,1322.930,1450.878,15.817,28.518,0.9874490230679778,0.0,Hit+Run
2803031.33,P8,FRAG0032,0.025423406363636332,0.0056433566433566435,2294.766,1389.439,21.660,56.195,0.565001655258688,0.030982797202797202,Fragment
2814981.907,P8,FRAG0060,0.005526969467199435,0.006602397602397603,1379.821,1464.067,4.4159,8.1477,0.42361784741447345,0.011459140859140859,Fragment
2824182.787,P8,FRAG0075,0.005526969467199436,0.006602397602397603,1379.821,1464.067,1.192,2.1993,0.2848054935657953,0.0,Merge
2829418.797,P8,FRAG0059,0.012129367069597038,0.006602397602397603,1793.108,1464.067,2.7942,5.9866,0.5916883379625794,0.0,Hit+Run
2839054.653,P17,FRAG0024,0.004871128871128871,0.008253080253080252,1322.930,1577.124,8.4772,16.111,0.777275484167319,0.010702937062937063,Graze+Frag
2841127.589,P8,FRAG0074,0.012129367069597038,0.006384948384948385,1793.108,1447.814,2.436,5.2018,0.04492559697245492,0.009542097902097903,Fragment
2841732.893,P8,FRAG0077,0.008972523912753884,0.009541791541791541,1621.680,1655.276,1.2618,2.6795,0.6438805509771495,0.0,Hit+Run
2847182.716,P8,FRAG0048,0.008972523912753884,0.005888777888777889,1621.680,1409.296,8.4893,16.794,0.6449855350108497,0.014435311355311356,Graze+Frag
2884917.699,P8,FRAG0070,0.0055269694671994385,0.008168165168165169,1379.821,1571.696,4.2914,8.2587,0.9620590273980825,0.0,Hit+Run
2897415.056,P45,FRAG0050,0.008078921078921079,0.005797535797535797,1565.951,1401.979,19.494,37.660,0.914688891282564,0.0,Hit+Run
2897796.221,P8,FRAG0070,0.0055269694671994385,0.008168165168165169,1379.821,1571.696,2.1204,4.0807,0.5047549112598813,0.0,Hit+Run
2898181.194,P45,FRAG0050,0.008078921078921079,0.005797535797535797,1565.951,1401.979,1.0321,1.9938,0.6300357666592694,0.0,Graze+Merge
2898767.81,P8,FRAG0077,0.0055269694671994385,0.009541791541791541,1379.821,1655.276,4.5434,9.0446,0.53899953664414,0.009541791541791541,Graze+Frag
2902341.602,P8,FRAG0078,0.0055269694671994385,0.009334332334332335,1379.821,1643.191,4.4809,8.8762,0.6403840338613175,0.009191635031635031,Hit+Run
2906180.532,P8,FRAG0072,0.0055269694671994385,0.006384948384948385,1379.821,1447.814,4.2022,7.7057,0.7040044250871259,0.0,Hit+Run
2908370.516,P49,FRAG0001,0.0024355585714285716,0.0066037296037296045,1050.009,1464.165,20.612,34.917,0.8452531506133093,0.008717349317349318,Graze+Frag
2910743.978,P8,FRAG0018,0.0055269694671994385,0.0057672327672327675,1379.821,1399.532,41.602,74.925,0.5509646479254339,0.011293859473859474,Graze+Frag
2917225.963,P8,FRAG0071,0.0055269694671994385,0.006384948384948385,1379.821,1447.814,18.804,34.482,0.8164831247354122,0.011655930735930737,Graze+Frag
2920309.836,P8,FRAG0072,0.0055269694671994385,0.006384948384948385,1379.821,1447.814,6.3563,11.655,0.3848674638290817,0.011717842157842159,Fragment
2920535.395,P8,FRAG0082,0.0055269694671994385,0.006384948384948385,1379.821,1447.814,1.0157,1.8625,0.8728932665112987,0.0,Graze+Merge
2933206.412,P8,FRAG0068,0.011911917852147824,0.008021312021312023,1782.328,1562.220,5.1185,11.164,0.7937627230348724,0.0,Hit+Run
2936500.438,P8,FRAG0080,0.011911917852147824,0.0057672327672327675,1782.328,1399.532,18.720,39.424,0.42790074864095995,0.01766354978354978,Fragment
2942291.105,P8,FRAG0083,0.005527302467532441,0.006075924075924076,1379.849,1424.069,9.8291,17.863,0.3928549823589315,0.011552007992007991,Fragment
2976757.406,P45,P288,0.013876456876456876,0.0024355585714285716,1875.368,1050.009,10.134,21.379,0.9934642433901547,0.0,Hit+Run
2983672.104,P9,P77,0.004871128871128871,0.0024355585714285716,1322.930,1050.009,30.667,48.078,0.7073089583114778,0.007296703296703297,Graze+Frag
2997837.543,P8,FRAG0085,0.005527302467532441,0.006075924075924076,1379.849,1424.069,8.2017,14.906,0.9747311331057693,0.0,Hit+Run
3000071.148,E8,P70,0.11607555857142857,0.0024355585714285716,3806.923,1050.009,3.3652,14.851,0.8016046961380787,0.0,Hit+Run
3000343.128,P8,FRAG0085,0.005527302467532441,0.006075924075924076,1379.849,1424.069,5.056,9.1890,0.7738500059619439,0.0,Hit+Run
3000694.548,P8,FRAG0085,0.005527302467532441,0.006075924075924076,1379.849,1424.069,1.0123,1.8398,0.7686828040143443,0.0,Graze+Merge
3003194.415,P8,P331,0.011603226543456517,0.0024355585714285716,1766.797,1050.009,6.5984,13.160,0.9809940597747203,0.0,Hit+Run
3003411.882,P8,FRAG0068,0.011603226543456517,0.008021312021312023,1766.797,1562.220,2.3667,5.1338,0.7069805496960457,0.0,Hit+Run
3003543.817,P8,FRAG0068,0.011603226543456517,0.008021312021312023,1766.797,1562.220,0.9973,2.1633,0.9656565649515465,0.0,Perfect
3005254.813,P45,P288,0.013876456876456876,0.0024355585714285716,1875.368,1050.009,1.3612,2.8717,0.501572190764959,0.0,Merge
3024386.344,P8,FRAG0084,0.01962453856476854,0.006075924075924076,2105.039,1424.069,5.3202,12.826,0.7174449554901176,0.008177156177156178,Graze+Frag
3026233.641,P8,FRAG0086,0.01752330646353644,0.008177156177156178,2027.056,1572.272,3.1412,7.4991,0.9109374308556624,0.0,Hit+Run
3026337.969,P8,FRAG0086,0.01752330646353644,0.008177156177156178,2027.056,1572.272,0.9911,2.3661,0.6065970366458323,0.0,Perfect
3030184.826,P8,FRAG0070,0.025700462640692617,0.008168165168165169,2303.071,1571.696,2.5895,6.8398,0.9371536795504313,0.0,Hit+Run
3031544.94,P8,FRAG0079,0.025700462640692617,0.009541791541791541,2303.071,1655.276,2.4731,6.5928,0.7612036213473652,0.0,Hit+Run
3038011.847,P8,FRAG0073,0.025700462640692617,0.006384948384948385,2303.071,1447.814,1.3692,3.5777,0.8120861080375564,0.0,Hit+Run
3038704.178,P8,FRAG0073,0.025700462640692617,0.006384948384948385,2303.071,1447.814,0.9937,2.5965,0.6033236123980819,0.0,Perfect
3070566.394,E0,P338,0.7475436655577754,0.0024355585714285716,7082.817,1050.009,5.4392,46.665,0.9637295212331927,0.0,Hit+Run
3080474.859,P8,FRAG0081,0.032085411025641004,0.006384948384948385,2479.874,1447.814,2.7405,7.6626,0.9310367512411125,0.0,Hit+Run
3088873.202,P8,FRAG0059,0.032085411025641004,0.006602397602397603,2479.874,1464.067,3.066,8.5792,0.8624355999021156,0.0,Hit+Run
3091184.422,P8,FRAG0069,0.032085411025641004,0.008021312021312023,2479.874,1562.220,2.7714,7.7994,0.46847790967353203,0.010063922743922744,Fragment
3101339.48,P147,P677,0.0024355585714285716,0.0024355585714285716,1050.009,1050.009,24.749,33.676,0.5698,0.0,Graze+Frag
3102017.471,P8,FRAG0078,0.030043119983349964,0.009334332334332335,2426.100,1643.191,1.071,2.9765,0.5945278395447482,0.0,Merge
3104113.997,E0,P338,0.7475436655577754,0.0024355585714285716,7082.817,1050.009,1.2134,10.410,0.9481405474124136,0.0,Hit+Run
3145942.554,P8,FRAG0033,0.0393774523176823,0.0056433566433566435,2655.072,1389.439,19.329,57.617,0.8423733024959116,0.021544622044622045,Graze+Frag
3146589.127,P8,FRAG0090,0.023476353416583395,0.0071814851814851815,2234.621,1505.677,0.9985,2.5540,0.3290725283968365,0.0,Perfect
3146783.62,P8,FRAG0089,0.030657838598068577,0.0071814851814851815,2442.536,1505.677,1.3922,3.8506,0.8750710671891606,0.0,Hit+Run
3147044.202,P8,FRAG0089,0.030657838598068577,0.0071814851814851815,2442.536,1505.677,1.0651,2.9459,0.5007299553078166,0.0,Merge
3147779.141,P8,FRAG0088,0.037839323779553756,0.0071814851814851815,2620.042,1505.677,1.4364,4.2392,0.6897923612534914,0.0,Hit+Run
3151815.637,P8,FRAG0088,0.037839323779553756,0.0071814851814851815,2620.042,1505.677,1.2532,3.6985,0.8349015074019197,0.0,Hit+Run
3152292.456,P8,FRAG0088,0.037839323779553756,0.0071814851814851815,2620.042,1505.677,1.2126,3.5787,0.5046750041319735,0.0,Merge
3167331.775,P45,P502,0.016312015447885447,0.0024355585714285716,1979.230,1050.009,20.504,45.573,0.8244288281894716,0.013219447219447221,Graze+Frag
3168263.443,P45,FRAG0081,0.005528126799866797,0.006384948384948385,1379.917,1447.814,10.036,18.404,0.9338749652989385,0.0,Hit+Run
3183157.861,P8,FRAG0070,0.04502080896103894,0.008168165168165169,2776.290,1571.696,4.8101,15.030,0.7526273012622783,0.006322703962703962,Hit+Run
3183214.773,P8,FRAG0070,0.04502080896103894,0.008168165168165169,2776.290,1571.696,1.0394,3.2479,0.2893787163248193,0.0,Merge
3194894.165,P8,P45,0.053188974129204106,0.005528126799866797,2934.952,1379.917,4.0677,13.406,0.8122206622666374,0.0,Hit+Run
3196518.099,P8,P45,0.053188974129204106,0.005528126799866797,2934.952,1379.917,1.0795,3.5577,0.9591427483981118,0.0,Hit+Run
3196627.768,P8,P45,0.053188974129204106,0.005528126799866797,2934.952,1379.917,1.0292,3.3919,0.4899443455578753,0.0,Merge
3207005.184,P91,FRAG0023,0.0024355585714285716,0.00724908424908425,1050.009,1510.386,16.604,28.851,0.8363508632152779,0.0,Graze+Frag
3208493.101,P8,FRAG0059,0.058717100929070905,0.006602397602397603,3033.300,1464.067,3.5343,12.033,0.6418173248227546,0.005855144855144856,Fragment
3211710.683,P8,FRAG0093,0.059464353676323654,0.005855144855144856,3046.113,1406.607,1.3267,4.5398,0.3612740128428127,0.0,Merge
3212545.599,P8,FRAG0062,0.06531949853146851,0.006602397602397603,3142.978,1464.067,4.5336,16.003,0.8299100044849157,0.0,Hit+Run
3213042.784,P8,FRAG0062,0.06531949853146851,0.006602397602397603,3142.978,1464.067,1.0349,3.6532,0.9008599760972719,0.0,Hit+Run
3215200.729,P8,FRAG0062,0.06531949853146851,0.006602397602397603,3142.978,1464.067,1.0752,3.7954,0.8584264353829589,0.0,Hit+Run
3216317.366,P8,FRAG0062,0.06531949853146851,0.006602397602397603,3142.978,1464.067,1.0151,3.5833,0.9702408617989701,0.0,Graze+Merge
3228875.295,P8,FRAG0087,0.07192189613386611,0.010063603063603065,3245.494,1684.916,3.8975,14.199,0.49856647431397255,0.02052947052947053,Fragment
3228886.786,P8,FRAG0096,0.06145602866799864,0.006843156843156843,3079.749,1481.651,1.0874,3.7592,0.9753595753768951,0.0,Hit+Run
3229521.379,P8,FRAG0094,0.06145602866799864,0.006843156843156843,3079.749,1481.651,1.0836,3.7461,0.9656370377294996,0.0,Hit+Run
3230060.941,P134,P718,0.0024355585714285716,0.0024355585714285716,1050.009,1050.009,9.2099,12.531,0.85625,0.0,Hit+Run
3232601.496,P8,FRAG0094,0.06145602866799864,0.006843156843156843,3079.749,1481.651,1.4398,4.9775,0.8790794456186607,0.0,Hit+Run
3232814.569,P8,FRAG0094,0.06145602866799864,0.006843156843156843,3079.749,1481.651,1.0317,3.5667,0.4986176425417672,0.0,Merge
3241197.23,P8,FRAG0096,0.06829918551115548,0.006843156843156843,3190.061,1481.651,1.0706,3.8360,0.32312282952486854,0.0,Merge
3242654.893,P8,FRAG0079,0.07514234235431232,0.009541791541791541,3293.230,1655.276,2.3569,8.7108,0.8795245722481707,0.0,Hit+Run
3242660.03,P8,FRAG0079,0.07514234235431232,0.009541791541791541,3293.230,1655.276,1.0502,3.8814,0.23052914030475657,0.0,Merge
3244913.907,P8,FRAG0081,0.08468413389610385,0.006384948384948385,3427.108,1447.814,3.0866,11.918,0.8484599898099362,0.0,Hit+Run
3247415.554,P8,FRAG0081,0.08468413389610385,0.006384948384948385,3427.108,1447.814,1.038,4.0082,0.823643818097043,0.0,Graze+Merge
3303405.779,P8,FRAG0095,0.09106908228105223,0.006843156843156843,3511.161,1481.651,2.3058,9.1227,0.9436116999174892,0.0,Hit+Run
3304432.838,P8,FRAG0095,0.09106908228105223,0.006843156843156843,3511.161,1481.651,1.1225,4.4410,0.7943834969643729,0.0,Hit+Run
3304591.523,P8,FRAG0095,0.09106908228105223,0.006843156843156843,3511.161,1481.651,1.0684,4.2270,0.5292608178252365,0.0,Merge
3339618.47,P3,P556,0.0024355585714285716,0.0024355585714285716,1050.009,1050.009,32.042,43.600,0.8812,0.0,Graze+Frag
3378412.612,E3,P110,0.48788463775224783,0.0024355585714285716,6143.741,1050.009,2.5363,18.707,0.7726487323566783,0.0,Merge
3392085.723,P8,P331,0.09791223912420907,0.0024355585714285716,3596.992,1050.009,5.1267,21.284,0.7629769032252119,0.0,Merge
3394785.043,P8,FRAG0025,0.10034779769563765,0.0056433566433566435,3626.573,1389.439,11.445,47.003,0.8533559499763038,0.0,Hit+Run
3395066.889,P8,FRAG0025,0.10034779769563765,0.0056433566433566435,3626.573,1389.439,1.0296,4.2284,0.7740429382738548,0.0,Graze+Merge
3460490.127,E21,P788,0.02186,0.0024355585714285716,2182.113,1050.009,14.085,34.502,0.5534740836043044,0.018768231768231773,Fragment
3473462.761,E10,P681,0.14002,0.0024355585714285716,4052.507,1050.009,5.3433,25.224,0.9301873091224816,0.0,Hit+Run
3598869.604,P8,P315,0.1059911543389943,0.0024355585714285716,3693.321,1050.009,10.888,46.510,0.493031359187105,0.012987678987678988,Fragment
3601850.571,P8,P299,0.09543903392274389,0.0024355585714285716,3566.447,1050.009,5.2562,21.622,0.7010125417753156,0.0,Merge
3621004.209,E0,P645,0.7475436655577754,0.0024355585714285716,7082.817,1050.009,1.8022,15.461,0.765862769720287,0.0,Merge
3621252.838,P147,P99,0.004871128871128871,0.0024355585714285716,1322.930,1050.009,11.112,17.421,0.7720355052177303,0.0,Graze+Frag
3691042.552,P8,FRAG0091,0.09787459249417246,0.006609723609723611,3596.531,1464.608,6.0146,24.415,0.8789619589175997,0.0,Hit+Run
3691052.375,P8,FRAG0091,0.09787459249417246,0.006609723609723611,3596.531,1464.608,1.0475,4.2521,0.581142444824006,0.0,Merge
3697329.402,E3,P482,0.4903201963236764,0.0024355585714285716,6153.947,1050.009,1.3157,9.7217,0.9085754142829149,0.0,Hit+Run
3795035.775,P8,FRAG0100,0.10448431610389608,0.006493839493839494,3675.735,1455.998,1.2798,5.3172,0.7209312566580018,0.0,Hit+Run
3795041.369,P8,FRAG0100,0.10448431610389608,0.006493839493839494,3675.735,1455.998,1.0489,4.3579,0.3688102375093941,0.0,Merge
3814758.027,P203,P400,0.0024355585714285716,0.0024355585714285716,1050.009,1050.009,24.693,33.599,0.36135,0.0,Merge
3832290.821,E3,P847,0.4903201963236764,0.0024355585714285716,6153.947,1050.009,3.3199,24.530,0.45915690595812964,0.0,Merge
3931962.226,M1,P118,0.0070616050616050625,0.0024355585714285716,1497.252,1050.009,15.531,26.793,0.6294630836499215,0.0,Graze+Frag
4115298.795,P182,P857,0.0024355585714285716,0.0024355585714285716,1050.009,1050.009,5.2699,7.1707,0.23125,0.0,Merge
4132453.384,M4,P580,0.05,0.0024355585714285716,2875.083,1050.009,3.8395,12.537,0.3977409585465832,0.0,Merge
4259566.348,P147,FRAG0034,0.0073066933066933066,0.0056433566433566435,1514.377,1389.439,21.178,39.958,0.8847984338740568,0.007422244422244422,Graze+Frag
4306214.972,P8,P811,0.11097815559773558,0.0024355585714285716,3750.360,1050.009,19.662,85.384,0.6614188001911973,0.033145188145188145,Fragment
4308533.171,P8,FRAG0106,0.08026852602397601,0.006629037629037629,3366.476,1466.033,1.1855,4.4913,0.4236909755795497,0.0,Merge
4321002.105,P8,FRAG0104,0.08689756365301364,0.006629037629037629,3456.710,1466.033,1.1316,4.4067,0.890379163786876,0.0,Hit+Run
4322731.459,P203,FRAG0101,0.004871117142857143,0.006493839493839494,1322.929,1455.998,34.950,63.147,0.16024093342476156,0.011364062604062605,Fragment
4329905.521,P8,FRAG0103,0.08689756365301364,0.006629037629037629,3456.710,1466.033,2.0209,7.8698,0.7836460148155785,0.0,Hit+Run
4330031.801,P8,FRAG0103,0.08689756365301364,0.006629037629037629,3456.710,1466.033,1.0666,4.1535,0.5698988401651643,0.0,Merge
4331930.949,P8,FRAG0105,0.09352660128205127,0.006629037629037629,3542.465,1466.033,1.4039,5.6088,0.39212199831370514,0.0,Merge
4343610.733,P203,FRAG0107,0.005527793799533799,0.006629037629037629,1379.889,1466.033,13.577,25.071,0.7225948860500706,0.006629037629037629,Graze+Frag
4348948.403,P8,FRAG0109,0.1001556389110889,0.006629037629037629,3624.257,1466.033,2.2024,9.0123,0.9132748100667307,0.0,Hit+Run
4350028.954,P8,FRAG0109,0.1001556389110889,0.006629037629037629,3624.257,1466.033,1.0338,4.2303,0.15058674852195647,0.0,Merge
4358378.709,E3,M3,0.492755754895105,0.05,6164.120,2875.083,1.4604,10.110,0.35071749264008417,0.015231435231435232,Fragment
4359309.825,P8,P203,0.10678467654012654,0.005527793799533799,3702.515,1379.889,2.173,9.1263,0.8536523749749013,0.0,Hit+Run
4409033.807,P8,FRAG0104,0.10678467654012654,0.006629037629037629,3702.515,1466.033,1.6583,6.9401,0.5486561702512013,0.0,Merge
4423694.56,E10,P112,0.14002,0.0024355585714285716,4052.507,1050.009,3.6829,17.385,0.14534176705038776,0.0,Merge
4487781.856,P116,P782,0.0024355585714285716,0.0024355585714285716,1050.009,1050.009,23.428,31.878,0.1194,0.0,Merge
4515088.363,P8,P203,0.11341371416916417,0.005527793799533799,3777.597,1379.889,2.3609,10.129,0.6458737010600416,0.0,Merge
4590630.744,P147,FRAG0102,0.005527805527805528,0.007422244422244422,1379.890,1522.318,2.1253,4.0109,0.5450698415961436,0.0,Hit+Run
4590724.53,P147,FRAG0102,0.005527805527805528,0.007422244422244422,1379.890,1522.318,1.0531,1.9874,0.6870903943567577,0.0,Graze+Merge
4595771.408,P8,P840,0.11894150796869797,0.0024355585714285716,3838.000,1050.009,9.33,41.537,0.8794875587016936,0.0,Hit+Run
4598547.559,P8,P840,0.11894150796869797,0.0024355585714285716,3838.000,1050.009,1.0404,4.6319,0.7757644031758533,0.0,Merge
4610064.876,P195,P273,0.0024355585714285716,0.0024355585714285716,1050.009,1050.009,24.007,32.667,0.83235,0.0,Graze+Frag
4656076.317,P147,P550,0.01295004995004995,0.0024355585714285716,1832.670,1050.009,11.454,23.643,0.8614442460292631,0.0,Hit+Run
4668427.098,E3,P150,0.5275243196636697,0.0024355585714285716,6305.816,1050.009,1.5208,11.532,0.6374545765052241,0.0,Merge
4680676.445,P8,FRAG0026,0.12137706654012655,0.0056433566433566435,3864.020,1389.439,6.0682,26.658,0.9844923587593054,0.0,Hit+Run
4682042.723,P8,FRAG0026,0.12137706654012655,0.0056433566433566435,3864.020,1389.439,1.0114,4.4431,0.8632052538213827,0.0,Graze+Merge
4706918.365,P147,P550,0.01295004995004995,0.0024355585714285716,1832.670,1050.009,1.3355,2.7565,0.5798060165156369,0.0,Merge
4816320.236,E8,P375,0.11607555857142857,0.0024355585714285716,3806.923,1050.009,2.6945,11.891,0.9711432663685144,0.0,Hit+Run
4855325.842,P147,P339,0.015385608521478522,0.0024355585714285716,1941.029,1050.009,7.3997,16.137,0.3491989902734434,0.01686201798201798,Fragment
4910029.678,E0,FRAG0009,0.7499792241292039,0.0058884448884448885,7090.501,1409.269,2.676,22.545,0.8806640031087212,0.0,Hit+Run
5014688.317,P8,P514,0.1270204231834832,0.0024355585714285716,3923.000,1050.009,8.9819,40.942,0.7304039024520121,0.0,Merge
5202412.341,E3,P853,0.5299598782350983,0.0024355585714285716,6315.506,1050.009,3.0084,22.851,0.9922324183909393,0.0,Hit+Run
5276326.89,P147,FRAG0112,0.005528126799866801,0.006146520146520147,1379.917,1429.564,2.4699,4.4982,0.2548652577625929,0.006442657342657343,Fragment
5348213.134,P9,P761,0.0073066933066933066,0.0024355585714285716,1514.377,1050.009,21.846,38.043,0.5993407011774993,0.009722304362304361,Graze+Frag
5420142.371,E3,P853,0.5299598782350983,0.0024355585714285716,6315.506,1050.009,1.4536,11.041,0.9202929957302066,0.0,Hit+Run
5532026.483,P100,P682,0.0024355585714285716,0.0024355585714285716,1050.009,1050.009,22.847,31.088,0.63295,0.0,Graze+Frag
5574122.973,P147,FRAG0114,0.005528126799866802,0.006146520146520147,1379.917,1429.564,11.685,21.282,0.2759362147061566,0.01165040293040293,Fragment
5579529.152,E3,P321,0.5299598782350983,0.0024355585714285716,6315.506,1050.009,3.2745,24.872,0.7704120531664871,0.0,Merge
5580371.284,P147,FRAG0115,0.005528126799866802,0.006146520146520147,1379.917,1429.564,1.0743,1.9565,0.33836322234081756,0.0,Merge
5776142.476,E19,P706,0.03823803688977689,0.0024355585714285716,2629.212,1050.009,14.102,41.892,0.36309381790622014,0.035144855144855144,Fragment
5860427.13,P17,FRAG0016,0.005527805527805527,0.0068897768897768896,1379.890,1485.008,11.933,22.196,0.8484339725943449,0.0076764635364635365,Graze+Frag
5873463.494,P91,P31,0.009684648684648686,0.0024355585714285716,1663.496,1050.009,8.1764,15.438,0.8815559915276089,0.0,Hit+Run
5929645.479,E3,P325,0.5323954368065268,0.0024355585714285716,6325.166,1050.009,1.0312,7.8455,0.7770978049567416,0.0,Merge
5965629.949,P167,P482,0.0024355585714285716,0.0024355585714285716,1050.009,1050.009,21.242,28.904,0.81645,0.0,Graze+Frag
6015998.657,E10,P491,0.14245555857142858,0.0024355585714285716,4075.869,1050.009,5.8252,27.669,0.8633795084329758,0.0,Hit+Run
6037051.504,E10,P491,0.14245555857142858,0.0024355585714285716,4075.869,1050.009,1.0118,4.8060,0.6525043512802542,0.0,Merge
6119341.431,P147,FRAG0039,0.011674646946386948,0.006425574425574425,1770.415,1450.878,35.574,75.338,0.7578399742390591,0.012572094572094574,Graze+Frag
6224550.819,E10,P238,0.14489111714285716,0.0024355585714285716,4098.967,1050.009,4.1282,19.728,0.20228242444945493,0.0,Merge
6306020.707,P147,FRAG0113,0.005528126799866801,0.006146520146520147,1379.917,1429.564,24.295,44.247,0.804429214036567,0.006146520146520147,Graze+Frag
6307882.227,P147,FRAG0124,0.005528126799866802,0.006286047286047287,1379.917,1440.300,10.530,19.256,0.8198621711819527,0.008822930402930404,Graze+Frag
6308912.913,P147,FRAG0126,0.005528126799866802,0.006286047286047287,1379.917,1440.300,1.1134,2.0359,0.08934520915363128,0.0,Merge
6313508.611,E12,P724,0.10590863136863136,0.0024355585714285716,3692.362,1050.009,7.2783,31.080,0.9204487865785443,0.0,Hit+Run
6319962.055,E0,FRAG0116,0.7499792241292039,0.005857475857475858,7090.501,1406.794,2.2599,19.042,0.6855776145847914,0.0,Merge
6382115.257,P147,FRAG0123,0.011814174085914089,0.006286047286047287,1777.440,1440.300,16.727,35.445,0.8021221129833753,0.012572094572094574,Graze+Frag
6382286.91,P147,FRAG0127,0.005528126799866801,0.006286047286047287,1379.917,1440.300,1.1029,2.0167,0.5732087213772127,0.0,Graze+Merge
6446652.045,M4,P597,0.05243555857142857,0.0024355585714285716,2921.028,1050.009,3.0954,10.280,0.5688999372239671,0.0,Merge
6509758.285,P116,FRAG0119,0.004871117142857143,0.005857475857475858,1322.929,1406.794,3.6867,6.5299,0.8351776082182991,0.0,Hit+Run
6538425.551,P147,FRAG0128,0.011814174085914089,0.006286047286047287,1777.440,1440.300,4.0728,8.6301,0.6433106623376069,0.00796803196803197,Graze+Frag
6540061.93,P147,FRAG0129,0.010132189403929405,0.00796803196803197,1688.735,1558.753,1.0761,2.2697,0.8118957149604006,0.0,Hit+Run
6544221.122,P147,FRAG0129,0.010132189403929405,0.00796803196803197,1688.735,1558.753,1.1088,2.3387,0.9654554437939409,0.0,Hit+Run
6546227.39,P147,FRAG0125,0.010132189403929405,0.006146520146520147,1688.735,1429.564,16.954,34.609,0.804698840232707,0.015776909756909756,Graze+Frag
6601445.735,M1,P3,0.009497169497169498,0.004871128871128871,1652.691,1322.930,18.646,36.607,0.985020493846245,0.0,Hit+Run
6617010.49,P147,FRAG0130,0.005527793799533802,0.010750915750915751,1379.889,1722.433,1.601,3.2765,0.4414120734860661,0.0,Merge
6634606.973,M4,P412,0.05487111714285714,0.0024355585714285716,2965.571,1050.009,5.3471,18.046,0.4449559665704103,0.0,Merge
6669365.642,P8,FRAG0108,0.12945598175491177,0.005837162837162838,3947.915,1405.166,6.9446,31.191,0.10760173047314768,0.02222843822843823,Fragment
6669518.737,P8,FRAG0131,0.11306470636363639,0.0055571095571095575,3773.718,1382.325,1.0756,4.6092,0.9515457943274676,0.0,Hit+Run
6669805.831,P8,FRAG0131,0.11306470636363639,0.0055571095571095575,3773.718,1382.325,1.0595,4.5402,0.5414611019486659,0.0,Merge
6669825.859,P8,FRAG0134,0.11862181592074594,0.0055571095571095575,3834.558,1382.325,1.0083,4.3950,0.21793597533028464,0.0,Merge
6672402.234,P8,FRAG0133,0.1241789254778555,0.0055571095571095575,3893.526,1382.325,1.0137,4.4910,0.43069106005006264,0.0,Merge
6699743.83,P8,FRAG0132,0.12973603503496506,0.0055571095571095575,3950.760,1382.325,1.2545,5.6451,0.7432466705569284,0.0,Hit+Run
6699773.414,P8,FRAG0132,0.12973603503496506,0.0055571095571095575,3950.760,1382.325,1.0452,4.7033,0.6006422809603883,0.0,Merge
6787204.824,E3,P608,0.5348309953779553,0.0024355585714285716,6334.797,1050.009,2.9271,22.305,0.19575334942978828,0.0,Merge
6801650.104,E0,P477,0.7558366999866798,0.0024355585714285716,7108.912,1050.009,2.6423,22.758,0.7963730690165138,0.0,Merge
6921760.773,P49,P265,0.00903929403929404,0.0024355585714285716,1625.693,1050.009,31.095,57.532,0.8041877838156217,0.005947052947052948,Graze+Frag
6959512.228,E0,P683,0.7582722585581083,0.0024355585714285716,7116.540,1050.009,3.5286,30.426,0.5455995232602328,0.0,Merge
7037946.896,P147,FRAG0129,0.016278709550449553,0.00796803196803197,1977.882,1558.753,4.2724,9.9944,0.6014790500537852,0.014076590076590078,Graze+Frag
7050158.729,P147,FRAG0136,0.010170151441891446,0.007038295038295039,1690.841,1495.603,1.4134,2.9345,0.6949206926452561,0.0,Hit+Run
7061305.638,P147,FRAG0136,0.010170151441891446,0.007038295038295039,1690.841,1495.603,1.4675,3.0468,0.9188490160236146,0.0,Hit+Run
7084731.806,E19,FRAG0040,0.005528740316350311,0.010146853146853149,1379.968,1689.549,6.4932,13.109,0.7222369927837469,0.012056696636696635,Graze+Frag
7158056.44,P147,FRAG0137,0.010170151441891446,0.007038295038295039,1690.841,1495.603,5.3182,11.041,0.535252369174763,0.01628989010989011,Graze+Frag
7158532.558,P147,FRAG0140,0.005528126799866801,0.005840159840159841,1379.917,1405.406,1.1482,2.0724,0.9065275046673302,0.0,Hit+Run
7178887.227,P147,FRAG0140,0.005528126799866801,0.005840159840159841,1379.917,1405.406,2.5866,4.6687,0.6375616164369806,0.0,Hit+Run
7248623.207,P147,FRAG0139,0.005528126799866801,0.005840159840159841,1379.917,1405.406,9.419,17.000,0.9795035137598528,0.0,Hit+Run
7248648.253,P147,FRAG0139,0.005528126799866801,0.005840159840159841,1379.917,1405.406,1.0614,1.9157,0.7091008948684827,0.0,Graze+Merge
7261024.139,P147,FRAG0140,0.011368286640026641,0.005840159840159841,1754.791,1405.406,4.3579,9.0854,0.8264215796353865,0.0,Hit+Run
7265354.377,P147,FRAG0140,0.011368286640026641,0.005840159840159841,1754.791,1405.406,1.0993,2.2918,0.24398954652408042,0.0,Merge
7395581.048,P8,FRAG0092,0.13529314459207462,0.006609723609723611,4006.382,1464.608,7.4708,33.992,0.6125652373687769,0.023058275058275058,Fragment
7395854.325,P8,FRAG0143,0.11884459314352318,0.0057645687645687645,3836.957,1399.317,0.9979,4.3491,0.815933570478708,0.0,Perfect
7396756.923,P8,FRAG0142,0.12460916190809194,0.0057645687645687645,3898.018,1399.317,1.1043,4.8945,0.38558282908182845,0.0,Merge
7398559.828,P8,FRAG0144,0.1303737306726607,0.0057645687645687645,3957.223,1399.317,1.0159,4.5756,0.9278146698631766,0.0,Graze+Merge
7403675.655,P8,FRAG0141,0.13613829943722947,0.0057645687645687645,4014.707,1399.317,1.9099,8.7358,0.5752114105893747,0.0,Merge
7452065.313,E0,P795,0.7607078171295368,0.0024355585714285716,7124.151,1050.009,3.5263,30.440,0.7114423865130021,0.0,Merge
7454000.528,P8,P371,0.14190286820179823,0.0024355585714285716,4070.592,1050.009,16.145,76.584,0.8072656869420874,0.006881118881118881,Graze+Frag
7454048.849,P8,FRAG0145,0.13745730789210792,0.006881118881118881,4027.632,1484.386,1.0526,4.8123,0.7127248553100132,0.0,Merge
7457720.972,E0,P100,0.7631433757009654,0.004871128871128871,7131.746,1322.930,2.0568,17.514,0.27532713946645665,0.0,Merge
7501740.512,P9,P698,0.009742257742257742,0.0024355585714285716,1666.788,1050.009,21.299,40.288,0.5889101503098733,0.00665001665001665,Fragment
7529333.201,P147,FRAG0136,0.017208446480186483,0.007038295038295039,2014.842,1495.603,4.9031,11.512,0.648685443920226,0.012947226107226107,Graze+Frag
7529333.258,P147,FRAG0147,0.011299688571428575,0.006473526473526474,1751.254,1454.479,1.1219,2.3601,0.9206049739712749,0.0,Hit+Run
7529599.989,P147,FRAG0147,0.011299688571428575,0.006473526473526474,1751.254,1454.479,1.0172,2.1398,0.4252307807614767,0.0,Merge
7543306.716,P147,FRAG0148,0.01777321504495505,0.006473526473526474,2036.647,1454.479,1.7649,4.1554,0.9734250051056376,0.0,Hit+Run
7544749.094,P147,FRAG0148,0.01777321504495505,0.006473526473526474,2036.647,1454.479,1.1,2.5899,0.27261267223172986,0.0,Merge
7578190.15,P9,FRAG0146,0.005527799663669664,0.00665001665001665,1379.890,1467.578,3.1598,5.8381,0.5448869506597872,0.0,Hit+Run
7724921.795,P8,P55,0.1443384267732268,0.0024355585714285716,4093.748,1050.009,8.963,42.775,0.769842336230934,0.0,Merge
7830821.371,P8,P239,0.14677398534465538,0.0024355585714285716,4116.646,1050.009,12.861,61.751,0.865851990167431,0.0,Hit+Run
7832889.464,P8,P239,0.14677398534465538,0.0024355585714285716,4116.646,1050.009,1.0106,4.8521,0.43886194550862334,0.0,Merge
7873777.846,E12,P759,0.10590863136863136,0.0024355585714285716,3692.362,1050.009,7.3482,31.379,0.7497819163213824,0.0,Merge
8000093.651,P147,FRAG0028,0.024246741518481524,0.0056433566433566435,2258.802,1389.439,13.335,34.102,0.9301463623357292,0.0,Hit+Run
8000770.008,P147,FRAG0028,0.024246741518481524,0.0056433566433566435,2258.802,1389.439,1.0436,2.6687,0.7707156971547064,0.0,Graze+Merge
8159176.542,P147,P723,0.029890098161838168,0.0024355585714285716,2421.974,1050.009,28.72,78.293,0.5033711841757803,0.026797202797202796,Fragment
8192553.794,P147,FRAG0152,0.005528453936063944,0.006699300699300699,1379.944,1471.195,1.1443,2.1171,0.8158746781187426,0.0,Hit+Run
8204287.529,P147,FRAG0149,0.005528453936063944,0.006699300699300699,1379.944,1471.195,1.9037,3.5222,0.9956797697252638,0.0,Hit+Run
8213557.39,M1,P538,0.009497169497169498,0.0024355585714285716,1652.691,1050.009,33.406,62.712,0.825947950904473,0.011753772893772893,Graze+Frag
8238211.681,P8,P147,0.14920954391608396,0.005528453936063944,4139.291,1379.944,2.1919,10.369,0.9100201636473388,0.0,Hit+Run
8241714.035,P8,P147,0.14920954391608396,0.005528453936063944,4139.291,1379.944,1.0278,4.8621,0.6519536247392712,0.0,Merge
8334296.041,E0,M2,0.7680145045720942,0.05,7146.888,2875.083,2.3056,18.609,0.5264266194844915,0.02472993672993673,Fragment
8499277.736,E4,P552,0.0574,0.0024355585714285716,3010.448,1050.009,5.0571,17.344,0.2753582079224721,0.0,Merge
8549973.52,P3,FRAG0157,0.004871128871128871,0.0061824841824841825,1322.930,1432.346,17.322,30.997,0.18471149035941636,0.0,Fragment
8674314.892,M1,FRAG0151,0.005527799663669665,0.006699300699300699,1379.890,1471.195,21.118,39.072,0.8594653614319216,0.01170070596070596,Graze+Frag
8709675.756,M1,FRAG0158,0.005527799663669664,0.006699300699300699,1379.890,1471.195,1.0214,1.8897,0.7692500537559952,0.0,Graze+Merge
8783978.373,M1,P9,0.012227100362970363,0.005527799663669664,1797.911,1379.890,20.194,42.645,0.8277245197060576,0.012227106227106228,Graze+Frag
9270437.19,P8,P134,0.1547379978521479,0.0024355585714285716,4189.795,1050.009,11.572,56.626,0.6389675530410643,0.01009124209124209,Fragment
9270775.869,P8,FRAG0161,0.14708231433233437,0.01009124209124209,4119.526,1686.457,1.0684,4.9664,0.5642901393848078,0.0,Merge
9375145.301,E0,P646,0.7932845678421575,0.0024355585714285716,7224.428,1050.009,3.496,30.629,0.6212120615418923,0.0,Merge
9449294.887,P3,FRAG0022,0.011053613053613054,0.0057672327672327675,1738.448,1399.532,8.9881,18.591,0.8482883018381916,0.0,Hit+Run
9471769.884,P435,FRAG0160,0.0024355585714285716,0.006113553113553114,1050.009,1427.003,22.161,36.783,0.2959680615620609,0.008544329004329004,Fragment
9477285.625,P338,FRAG0022,0.0024355585714285716,0.0057672327672327675,1050.009,1399.532,27.898,45.612,0.7498470825534046,0.008182257742257741,Graze+Frag
9479960.279,E0,P256,0.795720126413586,0.0024355585714285716,7231.814,1050.009,3.0048,26.354,0.28999475307522393,0.0,Merge
9514260.481,P433,P825,0.0024355585714285716,0.0024355585714285716,1050.009,1050.009,43.698,59.459,0.22355,0.0,Merge
9531521.466,E12,E17,0.10834418994005994,0.040959999999999996,3720.452,2690.174,5.5871,24.089,0.9848658121820227,0.0,Hit+Run
9588702.681,P8,P558,0.15717355642357647,0.0024355585714285716,4211.663,1050.009,13.322,65.554,0.5777589227667473,0.013744921744921744,Fragment
9588915.103,P8,FRAG0162,0.1458641932500833,0.006872460872460872,4108.122,1483.763,1.0625,4.9611,0.9782703490907969,0.0,Hit+Run
9589314.735,P8,FRAG0163,0.1458641932500833,0.006872460872460872,4108.122,1483.763,1.1294,5.2734,0.9743766626608021,0.0,Hit+Run
9596258.225,P8,FRAG0163,0.1458641932500833,0.006872460872460872,4108.122,1483.763,1.1929,5.5699,0.033500396454295846,0.0,Merge
9652694.379,M1,FRAG0009,0.0055277937995338,0.0058884448884448885,1379.889,1409.269,24.572,44.415,0.9622067279440062,0.0,Hit+Run
9652964.115,M1,FRAG0009,0.0055277937995338,0.0058884448884448885,1379.889,1409.269,1.0438,1.8866,0.9316322121401398,0.0,Hit+Run
9655213.923,P338,FRAG0162,0.008202797202797202,0.006872460872460872,1573.914,1483.763,19.246,38.181,0.2629301150458524,0.015068797868797869,Fragment
9698683.028,P435,FRAG0159,0.00854911754911755,0.006113553113553114,1595.760,1427.003,12.588,24.770,0.4676792540423699,0.014620492840492839,Fragment
9698711.379,P435,FRAG0165,0.005527805527805529,0.009134865134865135,1379.890,1631.402,1.0531,2.0761,0.741017573426089,0.0,Graze+Merge
9855561.778,M1,FRAG0009,0.0055277937995338,0.0058884448884448885,1379.889,1409.269,3.9635,7.1640,0.9783845057237218,0.0,Hit+Run
9966043.029,E0,FRAG0122,0.7981556849850145,0.0068897768897768896,7239.185,1485.008,1.8271,15.680,0.5577799613242297,0.0,Merge
9973522.179,P8,P570,0.15273665412254417,0.0024355585714285716,4171.653,1050.009,17.780,86.598,0.5621150319437808,0.02511754911754912,Fragment
9973573.813,P8,FRAG0168,0.13005466357642362,0.00627938727938728,3953.992,1439.791,1.0765,4.8353,0.5158576049269479,0.0,Merge
9974434.243,P8,FRAG0167,0.1363340508558109,0.00627938727938728,4016.631,1439.791,1.0826,4.9448,0.481722844648402,0.0,Merge
9976328.55,P8,FRAG0166,0.1426134381351982,0.00627938727938728,4077.375,1439.791,1.2063,5.5987,0.36560024508036626,0.0,Merge
9981155.174,P8,FRAG0169,0.14889282541458548,0.00627938727938728,4136.361,1439.791,1.3468,6.3474,0.7662740438071346,0.0,Hit+Run
9981822.412,P8,FRAG0169,0.14889282541458548,0.00627938727938728,4136.361,1439.791,1.0151,4.7841,0.8012125795896284,0.0,Graze+Merge
9995228.686,P435,FRAG0149,0.014662670662670664,0.006699300699300699,1910.138,1471.195,7.4151,16.651,0.9331695704311205,0.0,Hit+Run
9998932.339,P3,P343,0.011053613053613054,0.0024355585714285716,1738.448,1050.009,14.295,28.090,0.9809273697355432,0.0,Hit+Run
10008384.745,P435,FRAG0149,0.014662670662670664,0.006699300699300699,1910.138,1471.195,0.9851,2.2121,0.32414353139619645,0.0,Perfect
10086650.27,P49,FRAG0164,0.005527799663669664,0.009547452547452548,1379.890,1655.603,14.611,29.092,0.2609318682461765,0.009547452547452548,Fragment
10129473.704,P435,FRAG0152,0.021361971361971363,0.006699300699300699,2165.414,1471.195,1.7155,4.2574,0.39436562574721334,0.0,Merge
10245006.767,P279,P796,0.0024355585714285716,0.0024355585714285716,1050.009,1050.009,19.908,27.088,0.8541000000000001,0.0,Graze+Frag
10258669.722,P435,FRAG0150,0.028061272061272062,0.006699300699300699,2371.535,1471.195,6.0998,16.390,0.5576553695965858,0.03004859806859807,Fragment
10260296.729,P435,FRAG0175,0.005526473526473525,0.005846819846819847,1379.780,1405.940,1.2426,2.2431,0.5527102610937664,0.0,Hit+Run
10272230.6,P167,FRAG0171,0.004871128871128871,0.005846819846819847,1322.930,1405.940,29.346,51.961,0.9922688783383254,0.0,Hit+Run
10277352.919,P167,FRAG0171,0.004871128871128871,0.005846819846819847,1322.930,1405.940,1.6173,2.8635,0.6258158564817979,0.0,Hit+Run
10280310.916,P338,FRAG0174,0.005527805527805527,0.005846819846819847,1379.890,1405.940,6.3221,11.413,0.8007416734862668,0.0,Hit+Run
10293872.614,P435,FRAG0173,0.005526473526473525,0.005846819846819847,1379.780,1405.940,1.0936,1.9741,0.9790188207527007,0.0,Hit+Run
10313089.382,P167,FRAG0171,0.004871128871128871,0.005846819846819847,1322.930,1405.940,2.0796,3.6821,0.780415497532263,0.0,Hit+Run
10361094.777,P435,FRAG0172,0.005526473526473525,0.005846819846819847,1379.780,1405.940,4.2146,7.6083,0.8416213600237727,0.0,Hit+Run
10362861.923,P435,FRAG0172,0.005526473526473525,0.005846819846819847,1379.780,1405.940,0.9916,1.7900,0.9305780433219539,0.0,Perfect
10370099.972,P167,FRAG0171,0.004871128871128871,0.005846819846819847,1322.930,1405.940,1.7715,3.1366,0.37954236117406437,0.0,Merge
10391214.072,E0,FRAG0156,0.8050454618747914,0.0061824841824841825,7259.956,1432.346,2.5346,21.876,0.8986095875087223,0.0,Hit+Run
10464810.215,M4,P362,0.05730667571428571,0.0024355585714285716,3008.815,1050.009,9.2105,31.570,0.9327803688790863,0.0,Hit+Run
10481322.092,P338,FRAG0175,0.005527805527805527,0.005846819846819847,1379.890,1405.940,4.2736,7.7151,0.5375757381137235,0.010283929403929404,Graze+Frag
10485539.098,P338,FRAG0176,0.005527805527805528,0.005846819846819847,1379.890,1405.940,1.1155,2.0138,0.8499769341225002,0.0,Hit+Run
10488459.381,P49,FRAG0170,0.005527799663669664,0.009547452547452548,1379.890,1655.603,1.0693,2.1289,0.7429284882834952,0.0,Graze+Merge
10539433.324,P49,M1,0.015075252211122213,0.0055277937995338,1927.889,1379.889,23.623,52.675,0.9743251051458405,0.0,Hit+Run
10541379.126,P49,M1,0.015075252211122213,0.0055277937995338,1927.889,1379.889,1.123,2.5040,0.9625518401318153,0.0,Hit+Run
10547645.007,P435,P338,0.011373293373293372,0.005527805527805528,1755.049,1379.890,6.5152,13.515,0.9417543943846184,0.0,Hit+Run
10571887.209,P435,M1,0.011373293373293372,0.0055277937995338,1755.049,1379.889,7.7873,16.154,0.8766458597286599,0.0,Hit+Run
10577649.375,P338,FRAG0173,0.005527805527805528,0.005846819846819847,1379.890,1405.940,4.9508,8.9376,0.7905875201357359,0.0,Hit+Run
10578359.929,P338,FRAG0173,0.005527805527805528,0.005846819846819847,1379.890,1405.940,1.0365,1.8711,0.5510980984293087,0.0,Graze+Merge
10666754.807,P435,P338,0.011373293373293372,0.011374625374625375,1755.049,1755.117,7.6603,17.422,0.8404335958542988,0.005846819846819847,Hit+Run+Frag
10666848.571,P435,P338,0.011373293373293372,0.005527805527805528,1755.049,1379.890,1.0924,2.2661,0.9815586610834334,0.0,Hit+Run
10667271.22,P435,FRAG0177,0.011373293373293372,0.005846819846819847,1755.049,1405.940,1.1857,2.4725,0.369166657105538,0.0,Merge
10667858.192,M1,FRAG0176,0.0055277937995338,0.005846819846819847,1379.889,1405.940,8.5037,15.351,0.9257612604120541,0.0,Hit+Run
10668347.941,P338,FRAG0176,0.005527805527805528,0.005846819846819847,1379.890,1405.940,4.4671,8.0644,0.980346356652245,0.0,Hit+Run
10668555.721,P435,M1,0.017220113220113218,0.0055277937995338,2015.297,1379.889,3.7836,8.7498,0.2000346881290509,0.01915163503163503,Fragment
10670535.71,P338,FRAG0180,0.005527805527805528,0.00574025974025974,1379.890,1397.347,1.2197,2.1949,0.836956029595583,0.0,Hit+Run
10671671.884,E3,FRAG0120,0.5372665539493838,0.005857475857475858,6344.398,1406.794,1.209,9.0416,0.6301678144547064,0.0,Merge
10683679.86,P435,FRAG0180,0.005527127798867798,0.00574025974025974,1379.834,1397.347,1.1795,2.1225,0.7264400397032761,0.0,Hit+Run
10696281.011,P338,FRAG0174,0.005527805527805528,0.005846819846819847,1379.890,1405.940,4.8954,8.8376,0.6152426281314438,0.010052867132867132,Graze+Frag
10696389.344,P338,FRAG0181,0.005527805527805528,0.005846819846819847,1379.890,1405.940,1.0377,1.8733,0.5150384709210815,0.0,Graze+Merge
10705442.855,P338,FRAG0178,0.011374625374625375,0.00574025974025974,1755.117,1397.347,3.4899,7.2649,0.7881275546843011,0.0,Hit+Run
10726938.594,P49,FRAG0176,0.015075252211122213,0.005846819846819847,1927.889,1405.940,4.6909,10.498,0.7000086085656753,0.006982350982350983,Graze+Frag
10754976.112,P338,FRAG0179,0.011374625374625375,0.00574025974025974,1755.117,1397.347,4.6372,9.6532,0.8709711405397856,0.0,Hit+Run
10755174.036,P338,FRAG0179,0.011374625374625375,0.00574025974025974,1755.117,1397.347,1.0119,2.1064,0.9235278240395016,0.0,Graze+Merge
10763560.507,E3,P31,0.5431240298068597,0.0024355585714285716,6367.371,1050.009,3.2729,25.077,0.5715488716035689,0.0,Merge
10771864.713,P338,P167,0.017114885114885115,0.01071794871794872,2011.184,1720.670,6.0247,14.699,0.3942225279810589,0.022304362304362304,Fragment
10819034.669,P435,FRAG0178,0.005527127798867798,0.00574025974025974,1379.834,1397.347,8.0131,14.420,0.5653622332113794,0.011077169497169496,Graze+Frag
10822578.449,P383,FRAG0184,0.0024355585714285716,0.005576090576090576,1050.009,1383.897,40.759,66.069,0.7842587971391697,0.008001498501498502,Graze+Frag
10834933.825,P338,FRAG0186,0.0055284715284715305,0.005576090576090576,1379.946,1383.897,5.7935,10.375,0.4747703814391058,0.010784195804195805,Fragment
10835077.65,P338,FRAG0188,0.005528471528471531,0.005576090576090576,1379.946,1383.897,1.0323,1.8486,0.4444637643885709,0.0,Merge
10839199.839,P338,FRAG0185,0.011104562104562107,0.005576090576090576,1741.115,1383.897,1.5678,3.2361,0.9467173761784944,0.0,Hit+Run
10842112.077,P338,FRAG0185,0.011104562104562107,0.005576090576090576,1741.115,1383.897,1.0164,2.0979,0.39569131389004636,0.0,Merge
10847267.679,P435,FRAG0180,0.005527127798867798,0.00574025974025974,1379.834,1397.347,8.321,14.974,0.6405848732572558,0.00574025974025974,Graze+Frag
10856741.015,P435,FRAG0183,0.005527127798867798,0.005576090576090576,1379.834,1383.897,2.2474,4.0245,0.8477020978805758,0.0,Hit+Run
10877953.493,P338,P435,0.016680652680652684,0.005527127798867798,1994.029,1379.834,1.1167,2.5596,0.8199845487740964,0.0,Hit+Run
10878116.474,P338,P435,0.016680652680652684,0.005527127798867798,1994.029,1379.834,1.0591,2.4276,0.019976558850053668,0.0,Merge
10940808.131,P49,FRAG0189,0.013939721075591077,0.00574025974025974,1878.214,1397.347,6.1516,13.471,0.8683603796315891,0.0,Hit+Run
10972672.391,P383,FRAG0183,0.008011655011655011,0.005576090576090576,1561.593,1383.897,10.928,20.969,0.9443813337055856,0.0,Hit+Run
10976121.744,P383,FRAG0183,0.008011655011655011,0.005576090576090576,1561.593,1383.897,1.117,2.1434,0.8589718951719473,0.0,Hit+Run
10976278.398,P383,FRAG0183,0.008011655011655011,0.005576090576090576,1561.593,1383.897,1.1175,2.1443,0.7284985070705917,0.0,Hit+Run
10982870.647,P338,P383,0.022207780479520482,0.008011655011655011,2193.624,1561.593,3.9159,9.9246,0.5832190625456001,0.013366786546786547,Fragment
10991694.105,P338,FRAG0191,0.016852802124542127,0.0066833166833166835,2000.865,1470.024,2.3093,5.3726,0.5933034027989019,0.0,Hit+Run
10991707.462,P338,FRAG0191,0.016852802124542127,0.0066833166833166835,2000.865,1470.024,1.047,2.4358,0.8433186435624892,0.0,Hit+Run
10995895.403,P338,FRAG0183,0.016852802124542127,0.005576090576090576,2000.865,1383.897,3.3891,7.7943,0.7413475417336114,0.0,Hit+Run
10998488.659,P338,FRAG0183,0.016852802124542127,0.005576090576090576,2000.865,1383.897,1.0406,2.3932,0.6307454166571752,0.0,Graze+Merge
11028585.337,P338,FRAG0190,0.022428892700632704,0.0066833166833166835,2200.880,1470.024,2.415,6.0761,0.3660235273105085,0.008070929070929071,Fragment
11030592.191,P338,FRAG0192,0.021041280313020314,0.008070929070929071,2154.523,1565.434,1.06,2.6493,0.35856999956581787,0.0,Merge
11075787.912,P338,FRAG0189,0.029112209383949386,0.00574025974025974,2400.779,1397.347,1.3803,3.7356,0.5423380655211866,0.0,Merge
11110508.467,P281,FRAG0008,0.0024355585714285716,0.0058884448884448885,1050.009,1409.269,8.6502,14.218,0.9637730813423451,0.0,Hit+Run
11129591.532,E0,FRAG0156,0.8050454618747914,0.0061824841824841825,7259.956,1432.346,1.1702,10.100,0.48743243356268273,0.0,Merge
11140430.555,P308,P448,0.0024355585714285716,0.0024355585714285716,1050.009,1050.009,34.895,47.481,0.16585,0.0,Merge
11299551.522,P8,FRAG0187,0.15517221269397277,0.00574025974025974,4193.711,1397.347,3.59,17.206,0.26500136732482965,0.0,Merge
11332505.806,P338,FRAG0191,0.034852469124209126,0.0066833166833166835,2549.206,1470.024,2.9505,8.4740,0.9616533830807172,0.0,Hit+Run
11332824.271,E19,P718,0.005528740316350311,0.0024355585714285716,1379.968,1050.009,16.380,26.494,0.5256988940080641,0.007945114885114886,Fragment
11354704.34,P338,FRAG0191,0.034852469124209126,0.0066833166833166835,2549.206,1470.024,1.4072,4.0415,0.10744234473939684,0.0,Merge
11459978.994,P194,P304,0.0024355585714285716,0.0024355585714285716,1050.009,1050.009,34.708,47.227,0.5601,0.0,Graze+Frag
11621701.676,P8,FRAG0153,0.1609124724342325,0.006404928404928405,4244.798,1449.323,6.864,33.242,0.6003272077869986,0.017954045954045955,Fragment
11622894.571,P8,FRAG0195,0.14936335488511496,0.005984681984681985,4140.713,1416.905,1.2232,5.7778,0.38057241680748655,0.0,Merge
11627633.892,P8,FRAG0193,0.15534803686979695,0.005984681984681985,4195.294,1416.905,1.5035,7.2020,0.9835267747053547,0.0,Hit+Run
11627637.188,P8,FRAG0193,0.15534803686979695,0.005984681984681985,4195.294,1416.905,1.0633,5.0934,0.6294212543147438,0.0,Merge
11628923.295,P8,FRAG0194,0.16133271885447895,0.005984681984681985,4248.490,1416.905,1.0676,5.1834,0.9236540266867651,0.0,Hit+Run
11630516.489,P8,FRAG0194,0.16133271885447895,0.005984681984681985,4248.490,1416.905,1.2739,6.1851,0.027746365987992457,0.0,Merge
11942696.337,P497,FRAG0099,0.0024355585714285716,0.006256077256077257,1050.009,1438.007,18.388,30.705,0.4548181785943483,0.0,Graze+Frag
12229500.732,P338,P49,0.04153578580752581,0.013939721075591077,2702.721,1878.214,5.6181,17.467,0.8550182819985004,0.008411588411588412,Hit+Run+Frag
12231295.985,P49,FRAG0196,0.005527805527805528,0.008411588411588412,1379.890,1587.156,1.2667,2.4529,0.8748469948441263,0.0,Hit+Run
12247655.2,P338,P49,0.04153611294372295,0.005527805527805528,2702.728,1379.890,1.1912,3.6134,0.12617881140570167,0.0,Merge
12322940.777,P338,FRAG0196,0.04706391847152847,0.008411588411588412,2817.668,1587.156,1.9239,6.0999,0.947362636855648,0.0,Hit+Run
12334738.625,P338,FRAG0196,0.04706391847152847,0.008411588411588412,2817.668,1587.156,1.0943,3.4696,0.7885946378903731,0.0,Hit+Run
12793665.976,E4,FRAG0035,0.05983555857142857,0.006425574425574425,3052.438,1450.878,8.5806,29.406,0.580891737906565,0.044516523476523476,Fragment
12994920.967,P343,FRAG0200,0.0024355585714285716,0.005564435564435565,1050.009,1382.932,15.030,24.350,0.9376945120649229,0.0,Hit+Run
13260974.517,P17,P569,0.005527805527805527,0.0024355585714285716,1379.890,1050.009,21.686,35.075,0.23328491513136806,0.00796003996003996,Fragment
13323261.684,E0,FRAG0197,0.8112279460572756,0.005564435564435565,7278.493,1382.932,1.8502,16.052,0.9010064808489266,0.0,Hit+Run
13540957.025,P338,FRAG0196,0.04706391847152847,0.008411588411588412,2817.668,1587.156,2.918,9.2518,0.7756731488529092,0.0,Hit+Run
13541297.385,P338,FRAG0196,0.04706391847152847,0.008411588411588412,2817.668,1587.156,1.0651,3.3770,0.7415143610013958,0.0,Graze+Merge
13685340.862,P263,FRAG0199,0.0024355585714285716,0.005564435564435565,1050.009,1382.932,15.467,25.058,0.9153818106916287,0.0,Hit+Run
13820707.925,P338,P194,0.055475506883116886,0.004871128871128871,2976.420,1322.930,10.780,36.083,0.546082519703457,0.05468105228105228,Fragment
13835189.109,P338,FRAG0213,0.005666316073926085,0.006075591075591076,1391.321,1424.043,1.6029,2.9245,0.18546897669457643,0.0,Merge
13838131.76,P338,FRAG0210,0.011741907149517162,0.006075591075591076,1773.808,1424.043,1.8954,3.9971,0.8990928541821028,0.0,Hit+Run
13840418.155,P338,FRAG0212,0.011741907149517162,0.006075591075591076,1773.808,1424.043,1.2706,2.6795,0.8613741089884555,0.0,Hit+Run
13843182.119,P338,FRAG0205,0.011741907149517162,0.006075591075591076,1773.808,1424.043,1.2514,2.6390,0.7866022435163428,0.0,Hit+Run
13858029.508,P338,FRAG0208,0.011741907149517162,0.006075591075591076,1773.808,1424.043,1.5429,3.2537,0.6636835091793979,0.0,Hit+Run
13859632.34,P338,FRAG0205,0.011741907149517162,0.006075591075591076,1773.808,1424.043,2.0343,4.2900,0.7558170911891748,0.0,Hit+Run
13866745.259,P338,FRAG0210,0.011741907149517162,0.006075591075591076,1773.808,1424.043,1.1661,2.4591,0.6367811688574583,0.0,Hit+Run
13891752.638,P338,FRAG0212,0.011741907149517162,0.006075591075591076,1773.808,1424.043,1.7674,3.7272,0.14521716899554232,0.0,Merge
13896186.698,P338,FRAG0211,0.01781749822510824,0.006075591075591076,2038.337,1424.043,1.1026,2.5877,0.6444605116686768,0.0,Graze+Merge
13917269.664,P338,FRAG0209,0.023893089300699315,0.006075591075591076,2247.766,1424.043,1.3238,3.3788,0.7800863369196326,0.0,Hit+Run
13966421.166,P338,FRAG0205,0.023893089300699315,0.006075591075591076,2247.766,1424.043,2.5737,6.5691,0.925660009461019,0.0,Hit+Run
13982588.98,P338,FRAG0210,0.023893089300699315,0.006075591075591076,2247.766,1424.043,1.9102,4.8756,0.7046671760403272,0.0,Hit+Run
13982711.856,P338,FRAG0210,0.023893089300699315,0.006075591075591076,2247.766,1424.043,1.0719,2.7359,0.7893912983268196,0.0,Hit+Run
13998599.949,E0,P398,0.8112279460572756,0.0024355585714285716,7278.493,1050.009,3.0749,27.153,0.9233025456935782,0.0,Hit+Run
14013954.137,E0,P398,0.8112279460572756,0.0024355585714285716,7278.493,1050.009,1.0402,9.1857,0.731301060327862,0.0,Merge
14014712.67,P338,FRAG0206,0.023893089300699315,0.006075591075591076,2247.766,1424.043,2.842,7.2539,0.21768712344708574,0.01115018315018315,Fragment
14059686.949,P121,P513,0.0024355585714285716,0.0024355585714285716,1050.009,1050.009,11.079,15.075,0.9282,0.0,Hit+Run
14096921.664,P338,FRAG0215,0.01881849722610724,0.005575091575091575,2075.815,1383.814,1.9873,4.7145,0.7768341083929765,0.0,Hit+Run
14112304.612,P338,FRAG0207,0.01881849722610724,0.006075591075591076,2075.815,1424.043,2.2329,5.3204,0.778758710936881,0.0,Hit+Run
14193483.563,E0,FRAG0204,0.8136635046287041,0.005564435564435565,7285.770,1382.932,2.3551,20.454,0.6264010765587128,0.0,Merge
14240174.083,P338,FRAG0214,0.01881849722610724,0.005575091575091575,2075.815,1383.814,1.5406,3.6548,0.5112692853646832,0.0,Merge
14270910.082,E0,FRAG0202,0.8192279401931396,0.005564435564435565,7302.340,1382.932,2.3601,20.547,0.9406565457008041,0.0,Hit+Run
14287173.433,E0,FRAG0202,0.8192279401931396,0.005564435564435565,7302.340,1382.932,1.0137,8.8256,0.7401322463178565,0.0,Merge
14313391.26,M4,P621,0.05730667571428571,0.0024355585714285716,3008.815,1050.009,4.3407,14.878,0.6967497963199979,0.0,Merge
14314376.314,P338,FRAG0207,0.024393588801198816,0.006075591075591076,2263.353,1424.043,3.4766,8.9285,0.9848547459835174,0.0,Hit+Run
14326344.734,P338,FRAG0209,0.024393588801198816,0.006075591075591076,2263.353,1424.043,2.8049,7.2035,0.8605586499650304,0.0,Hit+Run
14352309.729,P338,FRAG0205,0.024393588801198816,0.006075591075591076,2263.353,1424.043,2.0806,5.3433,0.6150354973359206,0.0,Hit+Run
14572213.614,P338,FRAG0210,0.024393588801198816,0.006075591075591076,2263.353,1424.043,2.304,5.9171,0.9815401834230244,0.0,Hit+Run
14686431.534,P338,FRAG0209,0.024393588801198816,0.006075591075591076,2263.353,1424.043,2.1347,5.4823,0.4042538708038296,0.0,Merge
14714830.11,P8,FRAG0009,0.16731740083916094,0.0058884448884448885,4300.387,1409.269,5.7248,28.170,0.42946203198400323,0.012458208458208457,Fragment
14717126.463,P8,FRAG0216,0.16074763726939736,0.006229104229104229,4243.348,1435.938,1.024,4.9606,0.9941740873974345,0.0,Hit+Run
14718707.198,P8,FRAG0217,0.16074763726939736,0.006229104229104229,4243.348,1435.938,1.1989,5.8079,0.8088778498545488,0.0,Hit+Run
14718823.682,P8,FRAG0217,0.16074763726939736,0.006229104229104229,4243.348,1435.938,1.0428,5.0517,0.5131510320340883,0.0,Merge
14724361.718,P8,FRAG0216,0.16697674149850159,0.006229104229104229,4297.466,1435.938,1.1563,5.6780,0.6797658060535258,0.0,Merge
14879899.601,E3,P559,0.5455595883782882,0.0024355585714285716,6376.875,1050.009,3.9932,30.645,0.7817738956294994,0.0,Merge
14982265.506,P338,FRAG0205,0.030469179876789893,0.006075591075591076,2437.515,1424.043,2.0722,5.6953,0.864021775647179,0.0,Hit+Run
14993375.613,P338,FRAG0205,0.030469179876789893,0.006075591075591076,2437.515,1424.043,1.1324,3.1123,0.49462847998036924,0.0,Merge
15110354.063,E16,P70,0.04256,0.0024355585714285716,2724.756,1050.009,2.7494,8.4807,0.29775672678269655,0.0,Merge
15232462.929,M4,P263,0.05974223428571428,0.0024355585714285716,3050.851,1050.009,7.9066,27.505,0.7730423917120263,0.0,Graze+Frag
15404818.752,P338,FRAG0208,0.03654477095238097,0.006075591075591076,2589.816,1424.043,5.7051,16.609,0.5722441586086584,0.021363862803862804,Fragment
15420905.355,P338,FRAG0219,0.02125672566433568,0.007121212121212121,2161.852,1501.453,1.5737,3.9132,0.6251321349480101,0.0,Hit+Run
15517820.249,P338,FRAG0220,0.02125672566433568,0.007121212121212121,2161.852,1501.453,1.1099,2.7599,0.5947990926216364,0.0,Graze+Merge
15524756.35,P8,FRAG0207,0.1732058457276058,0.006075591075591076,4350.254,1424.043,2.9181,14.526,0.44027665790370935,0.0,Merge
15578753.643,P338,FRAG0218,0.028377937785547803,0.007121212121212121,2380.422,1501.453,1.8555,5.0131,0.591506744829304,0.0,Merge
15685933.95,P338,FRAG0219,0.035499149906759925,0.007121212121212121,2564.876,1501.453,3.4311,9.9242,0.563394484592085,0.009683316683316684,Fragment
15716709.781,P338,FRAG0210,0.03293704534465536,0.006075591075591076,2501.624,1424.043,4.1367,11.650,0.566895837457648,0.011692414252414253,Fragment
15717880.933,P338,FRAG0222,0.027320328727938742,0.0058461538461538455,2350.476,1405.887,0.9973,2.6475,0.41761337769050316,0.0,Perfect
15732003.151,E0,E5,0.8247923757575751,0.04380768644355645,7318.836,2751.126,4.6922,38.934,0.84788339523901,0.038279720279720285,Hit+Run+Frag
15737779.121,P338,FRAG0223,0.03316648257409259,0.0058461538461538455,2507.419,1405.887,1.5343,4.3281,0.9950720355665815,0.0,Hit+Run
15810638.076,P338,FRAG0221,0.03316648257409259,0.009683316683316684,2507.419,1663.419,1.4867,4.2573,0.6545632803343934,0.0,Hit+Run
15819627.211,P338,FRAG0223,0.03316648257409259,0.0058461538461538455,2507.419,1405.887,2.5966,7.3247,0.5279071797188065,0.0,Merge
15848342.379,P308,FRAG0200,0.004871117142857143,0.005564435564435565,1322.929,1382.932,27.827,48.824,0.7287240272031683,0.0,Graze+Frag
15853383.164,E0,P349,0.8247925363936058,0.0024355585714285716,7318.837,1050.009,3.7778,33.556,0.5987930956810065,0.0,Merge
15879176.206,E0,FRAG0225,0.8272280949650344,0.00637995337995338,7326.034,1447.437,0.9992,8.7017,0.7930196021592794,0.0,Perfect
15898776.449,P338,FRAG0221,0.03901263642024644,0.009683316683316684,2646.847,1663.419,1.6457,4.9419,0.36500895352616003,0.0,Merge
16291075.914,E0,P853,0.8336080483449877,0.0024355585714285716,7344.819,1050.009,3.4837,31.060,0.89941965146724,0.0,Hit+Run
16813497.838,P228,FRAG0119,0.0024355585714285716,0.005857475857475858,1050.009,1406.794,46.237,75.897,0.7672904971917335,0.008287286047286048,Graze+Frag
16946907.07,E0,FRAG0197,0.8336080483449877,0.005564435564435565,7344.819,1382.932,1.9333,16.936,0.7092564198289073,0.0,Merge
16951977.367,E0,P853,0.8391724839094232,0.0024355585714285716,7361.126,1050.009,1.5446,13.803,0.6570733740138318,0.0,Merge
17156891.767,P308,E5,0.010435564435564437,0.005527805527805528,1705.424,1379.890,3.5284,7.1704,0.2176750408832387,0.010435564435564437,Fragment
17179755.006,P17,P308,0.007963369963369965,0.005527805527805529,1558.449,1379.890,11.183,21.409,0.6159883215584057,0.013361258741258741,Graze+Frag
17214300.464,M4,FRAG0230,0.06217782217782218,0.010435564435564437,3091.759,1705.424,5.6675,19.699,0.9149246139130109,0.0,Hit+Run
18041320.602,M4,P622,0.06217782217782218,0.0024355585714285716,3091.759,1050.009,6.9729,24.605,0.5794199269069372,0.0074302364302364305,Fragment
18045428.627,M4,FRAG0232,0.05718314431901433,0.0074302364302364305,3006.652,1522.864,1.0502,3.5437,0.840890292210313,0.0,Hit+Run
18130578.114,P228,FRAG0155,0.008293040293040293,0.0061824841824841825,1579.665,1432.346,14.83,29.046,0.9182161257524263,0.0,Hit+Run
18371760.03,M4,P778,0.05718314431901433,0.0024355585714285716,3006.652,1050.009,11.314,38.753,0.5960441531696594,0.01944655344655345,Fragment
18453872.556,E0,M4,0.8416080424808517,0.04017214944388944,7368.240,2672.814,1.2094,10.125,0.8549636272962896,0.026365634365634365,Hit+Run+Frag
18456987.714,E0,FRAG0237,0.8416073647519141,0.006591408591408591,7368.238,1463.254,1.0475,9.1715,0.8484973530857166,0.0,Hit+Run
18471056.884,E0,FRAG0236,0.8416073647519141,0.006591408591408591,7368.238,1463.254,1.0305,9.0227,0.6140551149174901,0.0,Merge
18513336.024,E0,FRAG0231,0.8481987733433227,0.007963369963369965,7387.424,1558.449,1.5372,13.435,0.9395026813306899,0.0,Hit+Run
18571111.906,E0,P228,0.8481987733433227,0.008293040293040293,7387.424,1579.665,2.1855,19.082,0.7057815470893154,0.0,Merge
18575046.795,E0,FRAG0230,0.8564918136363631,0.010435564435564437,7411.422,1705.424,2.5726,22.412,0.9517053849677655,0.0,Hit+Run
18600242.33,E0,FRAG0234,0.8564918136363631,0.006482184482184483,7411.422,1455.127,1.1561,10.190,0.5520189452671048,0.0,Merge
18601699.052,E0,M4,0.8629739981185476,0.013807192807192807,7430.073,1872.243,1.1053,9.5871,0.5915421310465524,0.0,Merge
18601918.271,E0,FRAG0237,0.8767811909257404,0.006591408591408591,7469.489,1463.254,1.1216,9.9649,0.9040072041238342,0.0,Hit+Run
18653517.489,E0,FRAG0231,0.8767811909257404,0.007963369963369965,7469.489,1558.449,1.0751,9.5086,0.6769580657348029,0.0,Merge
18664291.404,E0,FRAG0237,0.8847445608891104,0.006591408591408591,7492.035,1463.254,1.0858,9.6780,0.12155862399960396,0.0,Merge
18806561.94,E0,FRAG0230,0.891335969480519,0.010435564435564437,7510.594,1705.424,1.0021,8.8561,0.49508211548243797,0.0,Merge
19020980.514,E0,P343,0.9017715339160834,0.0024355585714285716,7539.791,1050.009,4.048,37.105,0.9798444633588099,0.0,Hit+Run
19076374.414,E3,FRAG0111,0.5479951469497167,0.007615717615717616,6386.350,1535.432,2.7471,20.554,0.6412322893753215,0.0,Merge
19113446.491,E0,P362,0.9017715339160834,0.0024355585714285716,7539.791,1050.009,1.7902,16.409,0.6232979964445856,0.0,Merge
19155999.758,P17,FRAG0239,0.005527805527805529,0.006591408591408591,1379.890,1463.254,4.8669,8.9773,0.3820592724684941,0.006591408591408591,Fragment
19362610.468,E0,P343,0.904207092487512,0.0024355585714285716,7546.573,1050.009,1.0745,9.8586,0.7355566388541614,0.0,Merge
19489708.776,E0,FRAG0232,0.9066426510589405,0.0074302364302364305,7553.343,1522.864,1.9818,17.768,0.3035082746773241,0.0,Merge
19969203.086,E0,FRAG0224,0.9140728874891769,0.00637995337995338,7573.921,1447.437,1.6192,14.612,0.6327721692841936,0.0,Merge
20009668.978,E0,FRAG0240,0.9204528408691303,0.006591408591408591,7591.501,1463.254,1.427,12.900,0.802515839881415,0.0,Merge
20273764.122,E3,P472,0.5556108645654344,0.0024355585714285716,6415.799,1050.009,4.008,30.958,0.1293333075109055,0.0,Merge
20281797.84,P121,P687,0.0024355585714285716,0.0024355585714285716,1050.009,1050.009,13.024,17.721,0.933,0.0,Hit+Run
20291962.037,E0,P116,0.9270442494605389,0.004871117142857143,7609.579,1322.929,1.4621,13.342,0.742258040979335,0.0,Merge
20399811.852,E0,FRAG0233,0.931915366603396,0.006482184482184483,7622.884,1455.127,1.8008,16.357,0.6184453800282668,0.0,Merge
20880673.079,E0,FRAG0110,0.9383975510855805,0.007615717615717616,7640.518,1535.432,3.1188,28.292,0.9292571794641583,0.0,Hit+Run
21037869.674,E0,FRAG0235,0.9383975510855805,0.006482184482184483,7640.518,1455.127,2.6501,24.131,0.9053728531156432,0.0,Hit+Run
21111130.016,E0,FRAG0198,0.9383975510855805,0.005564435564435565,7640.518,1382.932,2.5776,23.553,0.9800171045695459,0.0,Hit+Run
21135043.288,E0,FRAG0199,0.9383975510855805,0.005564435564435565,7640.518,1382.932,2.0192,18.451,0.773835866481863,0.0,Merge
21191249.022,E0,FRAG0235,0.9439619866500161,0.006482184482184483,7655.590,1455.127,1.0898,9.9446,0.6226504524965771,0.0,Merge
21326354.314,P17,FRAG0198,0.0055278055278055295,0.005564435564435565,1379.890,1382.932,13.898,24.880,0.9359186297105689,0.0,Hit+Run
21392440.483,P185,FRAG0155,0.0024355585714285716,0.0061824841824841825,1050.009,1432.346,21.949,36.538,0.851096401060584,0.008332061272061273,Graze+Frag
21431511.451,E13,P709,0.02222,0.0024355585714285716,2194.026,1050.009,14.200,34.975,0.5927998378473506,0.023777855477855478,Fragment
21741342.534,E0,FRAG0238,0.9504441711322006,0.006591408591408591,7673.074,1463.254,1.1342,10.371,0.7821450006869791,0.0,Merge
22513292.976,E0,FRAG0226,0.9570355797236092,0.00637995337995338,7690.771,1447.437,2.3452,21.513,0.7190681916455226,0.0,Merge
22579115.196,P562,P647,0.0024355585714285716,0.0024355585714285716,1050.009,1050.009,8.168,11.114,0.9471,0.0,Hit+Run
23037667.518,E3,FRAG0242,0.5580464231368629,0.006375957375957376,6425.160,1447.134,4.3523,32.925,0.4894593729359634,0.0,Merge
24523944.476,E0,P56,0.9634155331035625,0.0024355585714285716,7707.823,1050.009,2.9902,28.055,0.8442858776956165,0.0,Merge
24532524.208,E12,P800,0.10834418994005994,0.0024355585714285716,3720.452,1050.009,4.8231,20.765,0.8957076469720419,0.0,Hit+Run
24943768.94,E0,P647,0.9658510916749911,0.0024355585714285716,7714.312,1050.009,3.7429,35.148,0.23518809828505746,0.0,Merge
25146464.998,P512,FRAG0243,0.0024355585714285716,0.006375957375957376,1050.009,1447.134,13.928,23.376,0.5735404416344866,0.0,Graze+Frag
25240079.474,P338,P185,0.048695953103563124,0.008618048618048619,2849.868,1600.037,11.527,36.961,0.27589871187575105,0.05668322344322345,Fragment
25240101.925,P338,FRAG0252,0.005528786936396975,0.005753912753912753,1379.972,1398.454,1.4244,2.5644,0.8242802972625429,0.0,Hit+Run
25247628.124,P338,FRAG0249,0.005528786936396975,0.005753912753912753,1379.972,1398.454,1.6892,3.0412,0.5878634368763231,0.0,Hit+Run
25296049.828,P338,FRAG0248,0.005528786936396975,0.005753912753912753,1379.972,1398.454,3.1702,5.7075,0.7406403827897711,0.0,Hit+Run
25348297.678,P338,FRAG0245,0.005528786936396975,0.005753912753912753,1379.972,1398.454,1.2909,2.3241,0.8446936018042944,0.0,Hit+Run
25386304.713,P338,FRAG0182,0.005528786936396975,0.006982350982350983,1379.972,1491.629,7.5755,14.127,0.8317023704599594,0.0,Hit+Run
25478199.312,P338,FRAG0249,0.005528786936396975,0.005753912753912753,1379.972,1398.454,5.8891,10.602,0.7620967028920499,0.0,Hit+Run
25480139.725,P338,FRAG0249,0.005528786936396975,0.005753912753912753,1379.972,1398.454,1.0426,1.8770,0.8175751972305808,0.0,Graze+Merge
25537514.906,P338,FRAG0247,0.011282699690309728,0.005753912753912753,1750.376,1398.454,3.239,6.7310,0.6539945149816536,0.0,Hit+Run
25557516.159,P338,FRAG0247,0.011282699690309728,0.005753912753912753,1750.376,1398.454,1.4351,2.9823,0.5750593504024825,0.0,Hit+Run
25584812.092,P338,FRAG0244,0.011282699690309728,0.005753912753912753,1750.376,1398.454,1.5978,3.3204,0.3244124087915793,0.0,Merge
25634322.926,P338,FRAG0251,0.01703661244422248,0.005753912753912753,2008.113,1398.454,4.0574,9.3761,0.5875965721633843,0.010124875124875126,Fragment
25638381.042,E15,E16,0.11428,0.04499555857142857,3787.191,2775.771,5.5714,24.521,0.32442038887250757,0.15425894105894106,Fragment
25638804.462,P338,FRAG0247,0.01266565007326011,0.005753912753912753,1819.154,1398.454,4.6379,9.9140,0.5350140986338117,0.016093100233100233,Fragment
25651062.634,P338,FRAG0245,0.005528453936063972,0.005753912753912753,1379.944,1398.454,2.2223,4.0009,0.435280761838484,0.0,Merge
25678709.95,P338,FRAG0248,0.011282366689976725,0.005753912753912753,1750.359,1398.454,1.9127,3.9748,0.7643336413112641,0.0,Hit+Run
25678793.577,P338,FRAG0248,0.011282366689976725,0.005753912753912753,1750.359,1398.454,1.0356,2.1521,0.34775790982132865,0.0,Merge
25695317.543,P338,FRAG0252,0.01703627944388948,0.005753912753912753,2008.100,1398.454,3.7609,8.6909,0.1460734762518348,0.01726173826173826,Fragment
25706779.368,P338,FRAG0246,0.005528453936063972,0.005753912753912753,1379.944,1398.454,8.2888,14.922,0.683019287631542,0.010857162837162837,Graze+Frag
25722012.792,P338,FRAG0284,0.005528453936063972,0.005753912753912753,1379.944,1398.454,1.9924,3.5870,0.8077825548312535,0.0,Hit+Run
25757419.398,P338,FRAG0182,0.005528453936063972,0.006982350982350983,1379.944,1491.629,3.6539,6.8139,0.8144898864098256,0.0,Hit+Run
25793114.15,E4,P499,0.02174564848151847,0.0024355585714285716,2178.301,1050.009,13.427,32.833,0.779807995125532,0.01029004329004329,Graze+Frag
25813767.252,P338,FRAG0281,0.005528453936063972,0.006445554445554447,1379.944,1452.381,1.9334,3.5516,0.5990765932505798,0.0,Hit+Run
25815162.608,P338,FRAG0281,0.005528453936063972,0.006445554445554447,1379.944,1452.381,1.4136,2.5967,0.5490398608767716,0.0,Hit+Run
25933976.119,P338,FRAG0283,0.005528453936063972,0.005753912753912753,1379.944,1398.454,7.214,12.987,0.8589394677355937,0.0,Hit+Run
25970941.425,P338,FRAG0283,0.005528453936063972,0.005753912753912753,1379.944,1398.454,2.2919,4.1262,0.9789843788907302,0.0,Hit+Run
25983712.608,P338,FRAG0282,0.005528453936063972,0.006445554445554447,1379.944,1452.381,2.4956,4.5843,0.3846056137866036,0.005544388944388944,Fragment
26011387.824,P121,FRAG0269,0.0024355585714285716,0.005694305694305695,1050.009,1393.608,6.2402,10.169,0.9178278920017836,0.0,Hit+Run
26163285.558,E0,P10,0.9682866502464196,0.0024355585714285716,7720.791,1050.009,3.4058,32.011,0.9080124065416295,0.0,Hit+Run
26169768.224,P338,FRAG0250,0.0064298858374958745,0.005753912753912753,1451.203,1398.454,2.8829,5.3257,0.9529695042254386,0.0,Hit+Run
26182200.123,P338,FRAG0288,0.0064298858374958745,0.005544122544122544,1451.203,1381.247,2.8782,5.2870,0.6452011246153946,0.0,Hit+Run
26183751.936,P338,FRAG0253,0.0064298858374958745,0.010124875124875126,1451.203,1688.328,4.2368,8.6920,0.9989833975928714,0.0,Hit+Run
26184052.009,P338,FRAG0253,0.0064298858374958745,0.010124875124875126,1451.203,1688.328,1.0117,2.0755,0.672552676058499,0.0,Graze+Merge
26197944.052,P338,FRAG0286,0.016554760962371,0.005753912753912753,1989.000,1398.454,2.9099,6.6716,0.9735809673384794,0.0,Hit+Run
26199102.808,P338,FRAG0284,0.016554760962371,0.005753912753912753,1989.000,1398.454,1.4879,3.4113,0.28988415872082945,0.0,Merge
26199649.857,P338,FRAG0286,0.022308673716283756,0.005753912753912753,2196.941,1398.454,1.7999,4.4925,0.5053936554715553,0.0,Merge
26215463.487,P338,FRAG0182,0.028062586470196507,0.006982350982350983,2371.572,1491.629,1.4263,3.8380,0.9046863398201747,0.0,Hit+Run
26224019.47,P338,FRAG0288,0.028062586470196507,0.005544122544122544,2371.572,1381.247,2.1374,5.7144,0.6240448404831964,0.0,Merge
26247718.218,P338,FRAG0250,0.03360670901431905,0.005753912753912753,2518.464,1398.454,1.0522,2.9799,0.8880070139391922,0.0,Hit+Run
26248656.87,P338,FRAG0250,0.03360670901431905,0.005753912753912753,2518.464,1398.454,1.0038,2.8429,0.9517897203201695,0.0,Graze+Merge
26278556.641,P338,FRAG0283,0.0393606217682318,0.005753912753912753,2654.694,1398.454,1.8707,5.5760,0.2524912711790331,0.0,Merge
26315626.953,P338,FRAG0281,0.045114534522144555,0.006445554445554447,2778.216,1452.381,1.0893,3.3975,0.9105089266428186,0.0,Hit+Run
26316212.173,P338,FRAG0281,0.045114534522144555,0.006445554445554447,2778.216,1452.381,1.0147,3.1648,0.027646899251109018,0.0,Merge
26607618.282,E0,FRAG0110,0.9682866502464196,0.007615717615717616,7720.791,1535.432,2.1244,19.488,0.6894826780213278,0.0,Merge
26643523.062,P338,FRAG0285,0.051560088967699,0.005753912753912753,2904.680,1398.454,2.3943,7.8068,0.6121036116126539,0.0,Merge
26917216.992,E3,P39,0.5644223805128203,0.0024355585714285716,6449.537,1050.009,3.8299,29.748,0.8250746374949445,0.0,Merge
27488966.56,E0,P10,0.9759023678621372,0.0024355585714285716,7740.980,1050.009,1.2605,11.880,0.867966425847424,0.0,Merge
27979198.335,P306,FRAG0287,0.0024355585714285716,0.01029004329004329,1050.009,1697.460,13.279,25.532,0.7905638261950172,0.007197802197802198,Graze+Frag
28415721.193,E3,P808,0.5668579390842489,0.0024355585714285716,6458.801,1050.009,2.7273,21.216,0.7140212816119039,0.0,Merge
28418410.025,P801,FRAG0215,0.0024355585714285716,0.005575091575091575,1050.009,1383.814,15.949,25.852,0.7905842181256861,0.0,Graze+Frag
28529663.277,P338,FRAG0182,0.05731400172161175,0.006982350982350983,3008.943,1491.629,2.9505,9.9635,0.8175929743127243,0.0,Hit+Run
28529668.684,P338,FRAG0182,0.05731400172161175,0.006982350982350983,3008.943,1491.629,1.0498,3.5450,0.9402085205462295,0.0,Hit+Run
28538792.127,P338,FRAG0182,0.05731400172161175,0.006982350982350983,3008.943,1491.629,1.0304,3.4795,0.9758432458147455,0.0,Hit+Run
28543859.999,P338,FRAG0182,0.05731400172161175,0.006982350982350983,3008.943,1491.629,1.0264,3.4660,0.7515383616198653,0.0,Graze+Merge
29536637.41,E3,P537,0.5692934976556774,0.0024355585714285716,6468.038,1050.009,3.523,27.448,0.4520198941094673,0.0,Merge
29795055.051,E19,P375,0.007963369963369965,0.0024355585714285716,1558.449,1050.009,13.757,24.540,0.6061827170496898,0.0,Graze+Frag
30201043.774,E0,P79,0.9783379264335658,0.0024355585714285716,7747.414,1050.009,4.1277,38.937,0.28620987518288277,0.0,Merge
30782747.964,E3,E12,0.5717290562271059,0.10834418994005994,6477.249,3720.452,1.3043,9.5161,0.5808607422745796,0.019603396603396606,Fragment
31530743.216,E0,P772,0.9807734850049943,0.0024355585714285716,7753.838,1050.009,4.1927,39.585,0.2527703297347954,0.0,Merge
31767503.159,E3,P281,0.6604698495637692,0.0024355585714285716,6796.388,1050.009,1.6057,13.185,0.9262922298478259,0.0,Hit+Run
31817229.811,E3,P281,0.6604698495637692,0.0024355585714285716,6796.388,1050.009,1.0255,8.4213,0.776443196966141,0.0,Merge
33464315.233,E0,FRAG0290,0.9832090435764228,0.006534465534465535,7760.251,1459.028,1.114,10.312,0.5566437019291084,0.0,Merge
33465089.137,E3,E19,0.6629054081351977,0.0103989343989344,6804.732,1703.426,1.0297,8.1838,0.7360458447432101,0.0,Merge
33999526.044,E14,P503,0.044980000000000006,0.0024355585714285716,2775.451,1050.009,2.6421,8.3104,0.7908901553343477,0.0,Hit+Run
37593004.175,P8,P306,0.1792814368031969,0.005527799663669664,4400.536,1379.890,14.37,72.593,0.22244667566917875,0.065996336996337,Fragment
37593029.851,P8,FRAG0298,0.11881289947052956,0.005999666999666999,3836.616,1418.087,1.0853,4.7256,0.8895173228327414,0.0,Hit+Run
37593100.816,P8,FRAG0299,0.11881289947052956,0.005999666999666999,3836.616,1418.087,1.1111,4.8379,0.3768930822016425,0.0,Merge
37593207.011,P8,FRAG0298,0.12481256647019656,0.005999666999666999,3900.137,1418.087,0.9865,4.3711,0.8378561547042166,0.0,Perfect
37593207.068,P8,FRAG0302,0.13081223346986356,0.005999666999666999,3961.654,1418.087,1.1159,5.0276,0.9265414966976531,0.0,Hit+Run
37593458.864,P8,FRAG0301,0.13081223346986356,0.005999666999666999,3961.654,1418.087,1.2885,5.8052,0.38631669779652583,0.0,Merge
37593615.671,P8,FRAG0302,0.13681190046953057,0.005999666999666999,4021.318,1418.087,0.98,4.4863,0.6187888630209698,0.0,Perfect
37593643.254,P8,FRAG0293,0.14281156746919757,0.005999666999666999,4079.262,1418.087,1.2167,5.6556,0.4918994256893267,0.0,Merge
37598409.194,P8,FRAG0297,0.14881123446886457,0.005999666999666999,4135.605,1418.087,1.0626,5.0122,0.781221436814372,0.0,Graze+Merge
37601204.451,P8,FRAG0296,0.15481090146853158,0.005999666999666999,4190.453,1418.087,1.1582,5.5408,0.9576295636206057,0.0,Hit+Run
37606420.962,P8,FRAG0294,0.15481090146853158,0.005999666999666999,4190.453,1418.087,1.2792,6.1196,0.2791373995230228,0.0,Merge
37608378.23,P8,FRAG0295,0.16081056846819858,0.005999666999666999,4243.902,1418.087,1.1966,5.8027,0.9120434500213158,0.0,Hit+Run
37608893.608,P8,FRAG0303,0.16081056846819858,0.005999666999666999,4243.902,1418.087,1.5317,7.4277,0.4803818598937058,0.0,Merge
37608935.093,P8,FRAG0295,0.16681023546786558,0.005999666999666999,4296.037,1418.087,1.0002,4.9142,0.3647868346540044,0.0,Merge
37616768.216,P8,FRAG0300,0.17280990246753258,0.005999666999666999,4346.937,1418.087,1.8725,9.3169,0.8545296195212927,0.0,Hit+Run
37617729.838,P8,FRAG0300,0.17280990246753258,0.005999666999666999,4346.937,1418.087,1.0225,5.0876,0.7472327300322961,0.0,Merge
37669881.888,P8,FRAG0296,0.17880956946719959,0.005999666999666999,4396.672,1418.087,1.5222,7.6669,0.8733974806005574,0.0,Hit+Run
37683454.801,P8,FRAG0296,0.17880956946719959,0.005999666999666999,4396.672,1418.087,1.1422,5.7530,0.76444018083903,0.0,Hit+Run
37683681.904,P8,FRAG0296,0.17880956946719959,0.005999666999666999,4396.672,1418.087,1.0784,5.4316,0.514087911921322,0.0,Merge
38473587.468,P562,FRAG0265,0.0024355585714285716,0.005694305694305695,1050.009,1393.608,11.836,19.288,0.8182246591525263,0.0,Graze+Frag
39243537.019,E4,FRAG0118,0.013891163762903752,0.005857475857475858,1876.031,1406.794,13.332,29.215,0.7942839342327735,0.018361158841158843,Graze+Frag
40441685.323,E0,FRAG0292,0.9897435091108884,0.006534465534465535,7777.405,1459.028,2.6497,24.586,0.7684415858613609,0.0,Merge
42278772.008,P338,P801,0.06429635270396274,0.00801065601065601,3126.482,1561.528,9.7621,34.252,0.35826417563847734,0.06678121878121879,Fragment
42326799.923,P338,FRAG0311,0.005525789933399958,0.005565101565101566,1379.723,1382.987,2.2384,4.0069,0.8095423914943756,0.0,Hit+Run
42328465.618,P338,FRAG0307,0.005525789933399958,0.005565101565101566,1379.723,1382.987,1.2472,2.2325,0.8516425911260694,0.0,Hit+Run
42350830.62,P338,FRAG0310,0.005525789933399958,0.005565101565101566,1379.723,1382.987,1.3778,2.4663,0.19851517619926856,0.0,Merge
42386205.12,P338,FRAG0315,0.011090891498501523,0.005565101565101566,1740.401,1382.987,2.3488,4.8459,0.9543433192787824,0.0,Hit+Run
42392069.248,P338,FRAG0314,0.011090891498501523,0.005565101565101566,1740.401,1382.987,3.1547,6.5086,0.262281427211142,0.012932301032301034,Fragment
42394487.211,P338,FRAG0309,0.005525789933399958,0.005565101565101566,1379.723,1382.987,1.7845,3.1944,0.8365104909025782,0.0,Hit+Run
42452406.788,P338,FRAG0312,0.005525789933399958,0.005565101565101566,1379.723,1382.987,6.5374,11.702,0.6549752291455112,0.010433732933732934,Graze+Frag
42454971.174,P338,FRAG0308,0.005525789933399958,0.005565101565101566,1379.723,1382.987,2.4112,4.3162,0.3890398044257363,0.0,Merge
42455944.291,P338,FRAG0315,0.011090891498501523,0.005565101565101566,1740.401,1382.987,2.3704,4.8904,0.856830572811925,0.0,Hit+Run
42460119.529,P338,FRAG0318,0.011090891498501523,0.005565101565101566,1740.401,1382.987,1.6847,3.4757,0.35973845210858985,0.0,Merge
42468745.861,P338,FRAG0315,0.01665599306360309,0.005565101565101566,1993.046,1382.987,1.904,4.3641,0.8141536333925808,0.0,Hit+Run
42477723.541,P338,FRAG0315,0.01665599306360309,0.005565101565101566,1993.046,1382.987,1.4122,3.2369,0.9560150778884384,0.0,Hit+Run
42478250.24,P338,FRAG0315,0.01665599306360309,0.005565101565101566,1993.046,1382.987,1.0302,2.3613,0.7531703324503333,0.0,Graze+Merge
42481053.29,P338,FRAG0319,0.022221094628704655,0.005565101565101566,2194.062,1382.987,1.1673,2.9066,0.7451243989379983,0.0,Hit+Run
42488975.679,P338,FRAG0311,0.022221094628704655,0.005565101565101566,2194.062,1382.987,1.9535,4.8643,0.8438159661005961,0.0,Hit+Run
42516512.716,P338,FRAG0320,0.022221094628704655,0.005565101565101566,2194.062,1382.987,1.4414,3.5891,0.586199693830297,0.0,Merge
42547595.47,P338,FRAG0307,0.02778619619380622,0.005565101565101566,2363.760,1382.987,1.1909,3.1744,0.9478390678479723,0.0,Hit+Run
42576995.806,P338,FRAG0317,0.02778619619380622,0.005565101565101566,2363.760,1382.987,1.4552,3.8789,0.6857701456008692,0.0,Hit+Run
42590351.892,P338,FRAG0317,0.02778619619380622,0.005565101565101566,2363.760,1382.987,1.1678,3.1128,0.956419080709216,0.0,Hit+Run
42605953.238,P338,FRAG0316,0.02778619619380622,0.005565101565101566,2363.760,1382.987,2.0143,5.3692,0.8392009638254612,0.0,Hit+Run
42621442.11,P338,FRAG0307,0.02778619619380622,0.005565101565101566,2363.760,1382.987,4.3906,11.703,0.9303636004761745,0.0,Hit+Run
42621857.341,P338,FRAG0307,0.02778619619380622,0.005565101565101566,2363.760,1382.987,1.0157,2.7073,0.8568656961868452,0.0,Graze+Merge
42667923.532,P338,FRAG0316,0.033351297758907786,0.005565101565101566,2512.068,1382.987,1.1656,3.2916,0.9335473297902114,0.0,Hit+Run
42677242.594,P338,FRAG0316,0.033351297758907786,0.005565101565101566,2512.068,1382.987,1.2927,3.6506,0.22940434211148752,0.0,Merge
42727913.934,P338,FRAG0313,0.03891639932400935,0.005565101565101566,2644.669,1382.987,1.2854,3.8164,0.9146161761601671,0.0,Hit+Run
42746002.329,P338,FRAG0313,0.03891639932400935,0.005565101565101566,2644.669,1382.987,1.0211,3.0317,0.3330413701977434,0.0,Merge
42748567.809,P338,FRAG0309,0.04448150088911092,0.005565101565101566,2765.160,1382.987,1.8803,5.8350,0.5086833967533642,0.0,Merge
42798447.914,P338,FRAG0317,0.05004660245421248,0.005565101565101566,2875.976,1382.987,1.1776,3.8017,0.3753859962105115,0.0,Merge
42901348.022,P338,FRAG0319,0.05561170401931405,0.005565101565101566,2978.854,1382.987,2.2318,7.4674,0.4095561103375088,0.0,Merge
44170995.0,P338,FRAG0311,0.061176805584415614,0.005565101565101566,3075.077,1382.987,3.5975,12.436,0.7275094568785875,0.0,Hit+Run
44180630.928,P338,FRAG0311,0.061176805584415614,0.005565101565101566,3075.077,1382.987,1.1216,3.8772,0.850910842898858,0.0,Hit+Run
44180644.539,P338,FRAG0311,0.061176805584415614,0.005565101565101566,3075.077,1382.987,1.0467,3.6183,0.4558056784918656,0.0,Merge
44886174.729,E3,P105,0.6733043425341321,0.0024355585714285716,6840.129,1050.009,1.1894,9.8340,0.951532766967719,0.0,Hit+Run
45313273.529,P338,FRAG0306,0.06674190714951718,0.005565101565101566,3165.629,1382.987,4.4065,15.696,0.686767694808295,0.0,Merge
45332914.256,P673,FRAG0279,0.0024355585714285716,0.005694305694305695,1050.009,1393.608,8.4029,13.693,0.6687768404080412,0.0,Graze+Frag
45562349.5,E3,P105,0.6733043425341321,0.0024355585714285716,6840.129,1050.009,1.02,8.4334,0.6394411159943418,0.0,Merge
45662705.038,E0,FRAG0291,0.996277974645354,0.006534465534465535,7794.483,1459.028,2.2413,20.845,0.7183364903582098,0.0,Merge
45815713.468,E10,FRAG0272,0.14732667571428573,0.005694305694305695,4121.806,1393.608,1.2249,5.7642,0.30842096182743645,0.0,Merge
45928128.479,E0,FRAG0254,1.0028124401798195,0.005694305694305695,7811.487,1393.608,5.0968,47.662,0.4879476920117238,0.0,Merge
47572807.139,P680,FRAG0229,0.0024355585714285716,0.00637995337995338,1050.009,1447.437,27.411,46.011,0.2109734324104697,0.0,Fragment
49719442.338,P454,FRAG0268,0.0024355585714285716,0.005694305694305695,1050.009,1393.608,8.0729,13.155,0.9115973187648801,0.0,Hit+Run
50085702.603,P8,FRAG0305,0.1848092364668666,0.007110223110223111,4445.306,1500.680,5.8324,29.604,0.3658078100850629,0.01680065934065934,Fragment
50085763.092,P8,FRAG0322,0.17511925977688989,0.0056000666000666005,4366.215,1385.877,1.0595,5.3057,0.785253250818499,0.0,Graze+Merge
50096138.043,P8,FRAG0323,0.18071932637695648,0.0056000666000666005,4412.269,1385.877,1.2707,6.4355,0.7898964291963853,0.0,Hit+Run
50097156.825,P8,FRAG0321,0.18071932637695648,0.0056000666000666005,4412.269,1385.877,1.6294,8.2521,0.46160999417199167,0.0,Merge
50469294.44,P338,FRAG0304,0.07230700871461875,0.007110223110223111,3251.277,1500.680,7.0557,25.770,0.8089950081288539,0.0,Hit+Run
50478117.071,P338,FRAG0304,0.07230700871461875,0.007110223110223111,3251.277,1500.680,1.0779,3.9369,0.80420562631483,0.0,Hit+Run
50487503.718,P338,FRAG0304,0.07230700871461875,0.007110223110223111,3251.277,1500.680,1.0274,3.7524,0.6760554529195877,0.0,Merge
50488395.692,P8,FRAG0323,0.18631939297702307,0.0056000666000666005,4457.382,1385.877,1.0291,5.2692,0.7785387476154307,0.0,Graze+Merge
50640413.088,E0,E4,1.0085067458741253,0.005528193399933389,7826.245,1379.923,3.6506,34.230,0.25622280568365363,0.0,Merge
50822024.081,P738,FRAG0261,0.0024355585714285716,0.005694305694305695,1050.009,1393.608,11.26,18.349,0.9267225724158457,0.0,Hit+Run
51702927.943,E0,P680,1.0140349392740586,0.008815517815517817,7840.519,1612.166,1.3883,12.902,0.47510831496698464,0.0,Merge
53146074.464,E3,FRAG0241,0.6757399011055606,0.006375957375957376,6848.367,1447.134,3.521,28.525,0.4836082865808189,0.0,Merge
53882818.622,E3,P800,0.682115858481518,0.0024355585714285716,6869.839,1050.009,1.4829,12.317,0.5910603078675644,0.0,Merge
53917130.887,E10,E20,0.15302098140859144,0.02242,4174.240,2200.589,3.9169,18.358,0.5272452007847999,0.042836829836829834,Fragment
55126488.453,E0,FRAG0274,1.0228504570895764,0.005694305694305695,7863.174,1393.608,1.5483,14.581,0.5552005317327512,0.0,Merge
56037074.012,P687,FRAG0280,0.0024355585714285716,0.005694305694305695,1050.009,1393.608,7.7643,12.652,0.7499891398407833,0.0,Graze+Frag
56768880.41,E0,FRAG0264,1.0285447627838822,0.005694305694305695,7877.738,1393.608,1.8852,17.789,0.7835809107753373,0.0,Merge
58430906.704,E3,FRAG0270,0.6845514170529465,0.005694305694305695,6878.005,1393.608,1.6124,13.159,0.5561200192931985,0.0,Merge
59727057.623,P189,P319,0.0024355585714285716,0.0024355585714285716,1050.009,1050.009,22.608,30.763,0.97915,0.0,Hit+Run
59996408.346,FRAG0261,P454,0.005694305694305695,0.0024355585714285716,1393.608,1050.009,3.1763,5.1761,0.9298257513484514,0.0,Hit+Run
62475125.173,E3,P536,0.6902457227472523,0.0024355585714285716,6897.024,1050.009,4.6856,39.082,0.9622119012939653,0.0,Hit+Run
63161295.55,E3,FRAG0289,0.6902457227472523,0.007197802197802198,6897.024,1506.816,2.087,16.986,0.43152354838583423,0.0,Merge
64149101.858,E3,FRAG0271,0.6974435249450545,0.005694305694305695,6920.915,1393.608,2.2477,18.467,0.7431565954467999,0.0,Merge
66887161.393,E0,P536,1.034239068478188,0.0024355585714285716,7892.250,1050.009,1.9948,19.189,0.598476761437468,0.0,Merge
67563920.76,E0,P816,1.0366746270496165,0.0024355585714285716,7898.440,1050.009,2.8264,27.211,0.6416056583039849,0.0,Merge
72150291.608,E0,FRAG0227,1.0391101856210452,0.00637995337995338,7904.621,1447.437,1.693,15.992,0.6682372293385063,0.0,Merge
72389353.199,E3,P92,0.7031378306393602,0.0024355585714285716,6939.699,1050.009,4.981,41.819,0.8725751863535482,0.0,Hit+Run
72954025.096,FRAG0262,P535,0.005694305694305695,0.0024355585714285716,1393.608,1050.009,7.1856,11.709,0.9587972602839894,0.0,Hit+Run
73860642.628,P8,FRAG0255,0.19191945957708967,0.005694305694305695,4501.599,1393.608,13.291,68.752,0.40325883491432046,0.05630733266733266,Fragment
73860881.936,P8,FRAG0335,0.14130673896436907,0.00563070263070263,4064.883,1388.400,1.1036,5.1180,0.8428995248330273,0.0,Hit+Run
73860990.042,P8,FRAG0336,0.14130673896436907,0.00563070263070263,4064.883,1388.400,1.0373,4.8105,0.5161902378377002,0.0,Merge
73862240.549,P8,FRAG0334,0.14693744159507172,0.00563070263070263,4118.173,1388.400,1.0692,5.0281,0.6616361225221307,0.0,Merge
73862976.463,P8,FRAG0331,0.15256814422577436,0.00563070263070263,4170.119,1388.400,1.0339,4.9278,0.7469202265655716,0.0,Merge
73863159.776,P8,FRAG0332,0.158198846856477,0.00563070263070263,4220.801,1388.400,0.9928,4.7936,0.8829578054395556,0.0,Perfect
73864520.089,P8,FRAG0335,0.16382954948717965,0.00563070263070263,4270.295,1388.400,1.235,6.0380,0.7135150048516795,0.0,Merge
73864841.491,P8,FRAG0340,0.1694602521178823,0.00563070263070263,4318.667,1388.400,1.4086,6.9706,0.7303887134455469,0.0,Merge
73866459.09,P8,FRAG0337,0.17509095474858494,0.00563070263070263,4365.980,1388.400,1.5706,7.8637,0.44301828941062765,0.0,Merge
73867844.025,P8,FRAG0339,0.18072165737928758,0.00563070263070263,4412.288,1388.400,1.2272,6.2144,0.597413774182195,0.0,Merge
73871166.76,P8,FRAG0333,0.18635236000999023,0.00563070263070263,4457.645,1388.400,1.4215,7.2778,0.2669533717917834,0.0,Merge
73917028.051,P8,FRAG0338,0.19198306264069287,0.00563070263070263,4502.096,1388.400,3.2208,16.666,0.37878622291610886,0.0,Merge
73970927.117,P338,FRAG0275,0.07941723182484185,0.005694305694305695,3354.533,1393.608,12.608,47.692,0.5543151280330548,0.07736363636363634,Fragment
73971532.246,P338,FRAG0342,0.007747901155511203,0.005951048951048951,1544.265,1414.246,1.1401,2.1918,0.6225580453829879,0.0,Hit+Run
73972470.549,FRAG0346,FRAG0348,0.005951048951048951,0.005951048951048951,1414.246,1414.246,1.3917,2.5505,0.9588500000000001,0.0,Hit+Run
73973703.027,FRAG0342,FRAG0351,0.005951048951048951,0.005951048951048951,1414.246,1414.246,1.5886,2.9114,0.8312000000000002,0.0,Hit+Run
73973759.693,FRAG0344,FRAG0347,0.005951048951048951,0.005951048951048951,1414.246,1414.246,1.3941,2.5549,0.65985,0.0,Hit+Run
73980401.675,P338,FRAG0349,0.007747901155511203,0.005951048951048951,1544.265,1414.246,1.8475,3.5518,0.24125624933010564,0.0,Merge
73981159.137,FRAG0347,FRAG0352,0.005951048951048951,0.005951048951048951,1414.246,1414.246,1.0025,1.8372,0.36715,0.0,Merge
73982984.367,FRAG0344,FRAG0345,0.005951048951048951,0.005951048951048951,1414.246,1414.246,1.1953,2.1906,0.75875,0.0,Hit+Run
73989963.011,FRAG0347,FRAG0344,0.011902097902097902,0.005951048951048951,1781.838,1414.246,2.3163,4.8910,0.9715111161290071,0.0,Hit+Run
73990564.769,FRAG0347,FRAG0344,0.011902097902097902,0.005951048951048951,1781.838,1414.246,1.197,2.5275,0.38601761552147623,0.0,Merge
73991246.434,FRAG0347,FRAG0353,0.017853146853146852,0.005951048951048951,2039.696,1414.246,1.4342,3.3638,0.3828480134864359,0.0,Merge
73993964.699,FRAG0347,FRAG0341,0.023804195804195804,0.005951048951048951,2244.975,1414.246,1.4887,3.7927,0.5817318796911218,0.0,Merge
74007800.632,P338,FRAG0343,0.013698950106560154,0.005951048951048951,1867.338,1414.246,2.1286,4.6536,0.7264876635911713,0.0,Hit+Run
74009050.987,FRAG0343,FRAG0350,0.005951048951048951,0.005951048951048951,1414.246,1414.246,2.3333,4.2762,0.7813,0.0,Hit+Run
74028363.355,P338,FRAG0351,0.013698950106560154,0.005951048951048951,1867.338,1414.246,1.3241,2.8947,0.8579917750158755,0.0,Hit+Run
74039786.434,FRAG0345,FRAG0346,0.005951048951048951,0.005951048951048951,1414.246,1414.246,6.5323,11.971,0.5175,0.011613366633366635,Graze+Frag
74040447.367,FRAG0347,P338,0.029755244755244756,0.013698950106560154,2418.327,1867.338,1.805,5.1350,0.6522544704965242,0.0,Hit+Run
74045172.026,P338,FRAG0354,0.013698950106560154,0.006374292374292375,1867.338,1447.008,2.6941,5.9235,0.9660800992540397,0.0,Hit+Run
74055740.274,P338,FRAG0343,0.013698950106560154,0.005951048951048951,1867.338,1414.246,1.5349,3.3556,0.4831111665927035,0.0,Merge
74067068.121,FRAG0347,P338,0.029755244755244756,0.019649999057609106,2418.327,2105.949,1.3476,3.9786,0.828616512938603,0.0,Hit+Run
74068563.466,FRAG0347,P338,0.029755244755244756,0.019649999057609106,2418.327,2105.949,1.1917,3.5183,0.7686965599645239,0.0,Hit+Run
74069965.701,FRAG0347,P338,0.029755244755244756,0.019649999057609106,2418.327,2105.949,1.1547,3.4090,0.6817297771912619,0.0,Hit+Run
74071643.867,FRAG0345,FRAG0354,0.005527805527805527,0.006374292374292375,1379.890,1447.008,5.6911,10.433,0.4523000687449057,0.011565274725274726,Fragment
74082407.476,FRAG0347,P338,0.029755244755244756,0.019649999057609106,2418.327,2105.949,1.0081,2.9762,0.8976233454894825,0.0,Graze+Merge
74107096.452,FRAG0347,FRAG0351,0.04940524381285386,0.005951048951048951,2863.638,1414.246,1.2396,3.9838,0.5376663021716758,0.0,Merge
74113241.951,FRAG0347,FRAG0350,0.05535629276390281,0.005951048951048951,2974.286,1414.246,1.6284,5.4376,0.2010178494807475,0.0,Merge
74116470.087,FRAG0347,FRAG0345,0.06130734171495176,0.005527805527805527,3077.263,1379.890,1.8066,6.2501,0.8903525842731987,0.0,Hit+Run
74116856.454,FRAG0347,FRAG0345,0.06130734171495176,0.005527805527805527,3077.263,1379.890,1.0514,3.6374,0.49764744319488335,0.0,Merge
74308950.527,FRAG0347,FRAG0348,0.06683514724275728,0.005951048951048951,3167.102,1414.246,3.1333,11.158,0.2223923483833375,0.007650682650682651,Fragment
74432666.214,P8,FRAG0355,0.19761376527139551,0.006374292374292375,4545.687,1447.008,1.762,9.1844,0.8992467268844951,0.0,Hit+Run
74432971.513,P8,FRAG0355,0.19761376527139551,0.006374292374292375,4545.687,1447.008,1.0574,5.5117,0.61024377206122,0.0,Merge
75492468.113,FRAG0347,FRAG0356,0.06513551354312358,0.007650682650682651,3140.025,1537.778,1.0392,3.6623,0.6891160376929166,0.0,Graze+Merge
77855752.533,FRAG0324,FRAG0276,0.00611954711954712,0.005694305694305695,1427.469,1393.608,6.4018,11.704,0.5608520589347744,0.006286047286047287,Graze+Frag
77965586.899,E0,FRAG0330,1.0454901390009985,0.00611954711954712,7920.765,1427.469,1.8566,17.592,0.7768051998891283,0.0,Merge
82194619.763,FRAG0347,FRAG0342,0.07278619619380623,0.005951048951048951,3258.443,1414.246,2.1229,7.7856,0.277540472315864,0.0,Merge
83581359.997,E3,P319,0.7031378306393602,0.0024355585714285716,6939.699,1050.009,1.8143,15.232,0.7481077125286792,0.0,Merge
85337883.817,E3,FRAG0262,0.7055733892107887,0.005694305694305695,6947.703,1393.608,2.608,21.516,0.9434563411230248,0.0,Hit+Run
85429851.127,E3,FRAG0262,0.7055733892107887,0.005694305694305695,6947.703,1393.608,1.041,8.5883,0.29169101320851354,0.0,Merge
85823423.621,E13,P189,0.0055276864435564455,0.0024355585714285716,1379.881,1050.009,18.326,29.640,0.25929299347049656,0.0,Fragment
86209983.552,E3,FRAG0228,0.7112676949050944,0.00637995337995338,6966.343,1447.437,1.4349,11.839,0.931215933884779,0.0,Hit+Run
95140587.734,E10,FRAG0257,0.13260415157176159,0.005694305694305695,3979.662,1393.608,1.4969,6.7848,0.4297937209830918,0.0,Merge
97046348.468,E0,E13,1.0516096861205457,0.007963369963369965,7936.189,1558.449,3.1634,29.856,0.9808817525541135,0.0,Hit+Run
97137495.124,E0,E13,1.0516096861205457,0.007963369963369965,7936.189,1558.449,1.1162,10.534,0.6533082043428164,0.0,Merge
97757585.188,FRAG0267,P535,0.005694305694305695,0.0024355585714285716,1393.608,1050.009,11.334,18.471,0.9708307019875299,0.0,Hit+Run
98077590.296,E10,FRAG0273,0.1382984572660673,0.005694305694305695,4035.830,1393.608,1.0645,4.8977,0.5275368224320814,0.0,Merge
105571224.227,E3,FRAG0277,0.7112676949050944,0.005694305694305695,6966.343,1393.608,4.9028,40.564,0.58789277087406,0.0,Merge
110083754.998,P673,FRAG0357,0.00812987012987013,0.006286047286047287,1569.236,1440.300,14.162,27.692,0.925366298566703,0.0,Hit+Run
115318642.559,FRAG0357,FRAG0263,0.006286047286047287,0.005694305694305695,1440.300,1393.608,9.9721,18.318,0.7407061631560383,0.0114607992007992,Graze+Frag
120491558.577,E3,P738,0.7169620005994002,0.0024355585714285716,6984.884,1050.009,2.9829,25.216,0.804815319705406,0.0,Merge
120976627.942,P601,P92,0.0024355585714285716,0.0024355585714285716,1050.009,1050.009,11.762,16.005,0.558,0.0,Graze+Frag
121198474.261,E3,FRAG0358,0.7193975591708287,0.006452880452880453,6992.784,1452.931,1.2627,10.458,0.9038929519555158,0.0,Hit+Run
121634248.047,E3,FRAG0358,0.7193975591708287,0.006452880452880453,6992.784,1452.931,1.0336,8.5608,0.8454383926369673,0.0,Graze+Merge
125551863.265,E0,P673,1.0595730560839156,0.00812987012987013,7956.171,1569.236,1.3924,13.170,0.44343838072073455,0.0,Merge
133633726.465,E3,P535,0.7258504396237092,0.0024355585714285716,7013.630,1050.009,2.1209,18.007,0.7092223963098078,0.0,Merge
147133766.421,E0,E15,1.0677029262137858,0.0055293048251747745,7976.468,1380.015,1.2496,11.956,0.6351177341793831,0.0,Merge
202744524.727,E0,FRAG0256,1.0732322310389606,0.005694305694305695,7990.214,1393.608,2.8453,27.257,0.9523043934048341,0.0,Hit+Run
