time_yr,target,projectile,Mt_Mearth,Mp_Mearth,Rt_km,Rp_km,vimp/vesc,vimp_km/s,b,m_frag_Mearth,Regime
390.707,E10,E8,0.14002,0.11363999999999999,4052.507,3780.108,1.0081,5.1254,0.8968417352055689,0.0,Graze+Merge
76470.646,E3,E9,0.40336,0.07894000000000001,5766.223,3347.800,1.0455,6.7949,0.8775847659187093,0.0,Hit+Run
84583.935,E0,P538,0.4524555555544456,0.0024355585714285716,5991.273,1050.009,1.2577,9.0315,0.9689799353485753,0.0,Hit+Run
107441.76,M1,P710,0.05,0.0024355585714285716,2875.083,1050.009,2.6139,8.5356,0.15396896774676203,0.0,Merge
118900.085,E15,E16,0.11428,0.04256,3787.191,2724.756,1.0036,4.4003,0.9853057252698652,0.0,Graze+Merge
123018.262,M1,P732,0.05243555857142857,0.0024355585714285716,2921.028,1050.009,5.5626,18.473,0.8882165427953715,0.0,Hit+Run
222416.117,E10,P5,0.25366,0.0024355585714285716,4940.199,1050.009,1.1065,6.4638,0.40262456231568483,0.0,Merge
309148.478,E1,E6,0.23462666666666668,0.08018000000000002,4813.411,3365.238,1.1493,6.3704,0.643738186408966,0.0,Hit+Run
406962.413,E10,P646,0.25609555857142857,0.0024355585714285716,4955.960,1050.009,3.5856,21.017,0.9556320763221727,0.0,Hit+Run
426935.012,M0,P680,0.05,0.0024355585714285716,2875.083,1050.009,4.3229,14.116,0.4089480242293875,0.0,Merge
453936.712,M0,P62,0.05243555857142857,0.0024355585714285716,2921.028,1050.009,4.9895,16.570,0.758753924549421,0.0,Hit+Run
475674.696,E0,P279,0.4524555555544456,0.0024355585714285716,5991.273,1050.009,1.0545,7.5723,0.5900839349879144,0.0,Merge
489916.748,M0,P62,0.05243555857142857,0.0024355585714285716,2921.028,1050.009,1.0394,3.4519,0.8557037716222408,0.0,Hit+Run
532493.904,E5,P416,0.0735,0.0024355585714285716,3269.060,1050.009,2.062,7.7245,0.3994107731608803,0.0,Merge
532831.406,M0,P62,0.05243555857142857,0.0024355585714285716,2921.028,1050.009,1.3654,4.5345,0.9148446495027773,0.0,Hit+Run
881929.202,M2,P612,0.05,0.0024355585714285716,2875.083,1050.009,4.2867,13.998,0.49699307619494787,0.0,Merge
910725.859,M1,P436,0.05243555857142857,0.0024355585714285716,2921.028,1050.009,5.671,18.833,0.8356959124387758,0.0,Hit+Run
949334.103,E10,P607,0.25609555857142857,0.0024355585714285716,4955.960,1050.009,1.3724,8.0445,0.804377988082941,0.0,Merge
952379.929,M1,P307,0.05243555857142857,0.0024355585714285716,2921.028,1050.009,5.2107,17.305,0.8431988596325751,0.0,Hit+Run
954754.752,E12,P845,0.09854,0.0024355585714285716,3604.663,1050.009,4.9552,20.619,0.9513726763374276,0.0,Hit+Run
980371.709,M1,P436,0.05243555857142857,0.0024355585714285716,2921.028,1050.009,1.0752,3.5708,0.799284551057102,0.0,Hit+Run
981250.325,M1,P436,0.05243555857142857,0.0024355585714285716,2921.028,1050.009,1.0615,3.5253,0.593836202897477,0.0,Merge
1075735.196,M2,M3,0.05243555857142857,0.05,2921.028,2875.083,2.6531,9.9647,0.7123018881993471,0.014393606393606394,Hit+Run+Frag
1103914.669,M0,P206,0.05243555857142857,0.0024355585714285716,2921.028,1050.009,8.2334,27.343,0.6558458547050544,0.008296703296703296,Fragment
1116300.742,M0,FRAG0003,0.04657441384615384,0.008296703296703296,2807.865,1579.897,1.1259,3.5571,0.9983562397022754,0.0,Hit+Run
1249549.918,E1,P553,0.23462666666666668,0.0024355585714285716,4813.411,1050.009,1.5663,8.8979,0.20186471466928543,0.0,Merge
1276875.005,E0,M3,0.4548911141258742,0.03560772560772561,6002.004,2567.489,1.515,10.240,0.5621346068881599,0.007432567432567433,Fragment
1315906.655,M1,P448,0.05487111714285714,0.0024355585714285716,2965.571,1050.009,5.1326,17.323,0.5996012435825993,0.0,Merge
1327505.997,M1,P148,0.05730667571428571,0.0024355585714285716,3008.815,1050.009,4.4275,15.175,0.8343354567062001,0.0,Hit+Run
1351958.648,E0,P28,0.4830662723010324,0.0024355585714285716,6123.448,1050.009,2.1004,15.437,0.4456779872776053,0.0,Merge
1360570.555,M1,P822,0.05730667571428571,0.0024355585714285716,3008.815,1050.009,7.6368,26.176,0.6966756661150485,0.0,Merge
1413650.272,M0,P7,0.04657441384615384,0.0024355585714285716,2807.865,1050.009,9.9392,31.650,0.7434024128894855,0.006874458874458874,Graze+Frag
1442388.253,M0,P375,0.04213551354312354,0.0024355585714285716,2715.667,1050.009,6.6016,20.291,0.5009920012629373,0.00973026973026973,Fragment
1445458.031,M0,FRAG0006,0.034840802384282374,0.00973026973026973,2548.922,1666.104,0.9844,2.8599,0.9822511047936017,0.0,Perfect
1469634.88,M0,FRAG0005,0.04457107211455211,0.006874458874458874,2767.015,1483.907,1.1739,3.6485,0.9924594835476864,0.0,Hit+Run
1518141.727,E4,P88,0.0574,0.0024355585714285716,3010.448,1050.009,2.818,9.6647,0.7586066729840427,0.0,Hit+Run
1524117.651,E14,P839,0.044980000000000006,0.0024355585714285716,2775.451,1050.009,1.9566,6.1542,0.20916762845875833,0.0,Merge
1668656.735,M1,P732,0.05974223428571428,0.0024355585714285716,3050.851,1050.009,4.0599,14.123,0.7218583703957071,0.0,Merge
1722552.782,M1,P772,0.062177792857142845,0.0024355585714285716,3091.758,1050.009,3.5761,12.619,0.9413147368120793,0.0,Hit+Run
1781395.299,M1,P772,0.062177792857142845,0.0024355585714285716,3091.758,1050.009,1.3632,4.8104,0.4027274389453741,0.0,Merge
1874002.579,E0,P60,0.48550183087246096,0.0024355585714285716,6133.722,1050.009,2.2042,16.229,0.6553184071183671,0.0,Merge
2001409.58,M1,FRAG0002,0.06461335142857141,0.007196803196803197,3131.611,1506.747,4.5949,16.152,0.597377253638225,0.013454545454545455,Fragment
2004963.344,M1,FRAG0007,0.05835560917082916,0.006727272727272728,3027.062,1473.240,1.0107,3.4339,0.8606368983549461,0.0,Graze+Merge
2055559.417,M1,P738,0.06508288189810188,0.0024355585714285716,3139.179,1050.009,3.6868,13.223,0.8209156396484225,0.0,Hit+Run
2081958.131,M0,P148,0.04457107211455211,0.0024355585714285716,2767.015,1050.009,4.108,12.879,0.250675287979416,0.0,Merge
2103175.335,E14,P576,0.047415558571428575,0.0024355585714285716,2824.668,1050.009,1.227,3.9320,0.8004499217246606,0.0,Hit+Run
2103564.164,E0,P664,0.48793738944388954,0.0024355585714285716,6143.962,1050.009,2.594,19.134,0.8675369856031846,0.0,Hit+Run
2116559.497,E3,P584,0.40336,0.0024355585714285716,5766.223,1050.009,1.4091,9.7136,0.8192223652870264,0.0,Merge
2127924.517,M1,P738,0.06508288189810188,0.0024355585714285716,3139.179,1050.009,1.9738,7.0795,0.471942190644068,0.0,Merge
2315131.383,E3,P801,0.40579555857142857,0.0024355585714285716,5777.805,1050.009,1.8244,12.603,0.996419160323633,0.0,Hit+Run
2337355.283,M0,P691,0.047006630685980676,0.0024355585714285716,2816.524,1050.009,9.7547,31.164,0.5914175499917702,0.016078175158175157,Fragment
2346792.386,M1,P149,0.06751844046953046,0.0024355585714285716,3177.859,1050.009,9.7321,35.367,0.36146637190901587,0.015198801198801199,Fragment
2346840.114,P30,P508,0.0024355585714285716,0.0024355585714285716,1050.009,1050.009,0.9639,1.3115,0.3355,0.0,Perfect
2348945.863,P30,P709,0.004871117142857143,0.0024355585714285716,1322.929,1050.009,2.7866,4.3686,0.7459439190752964,0.0,Hit+Run
2348954.26,P30,P709,0.004871117142857143,0.0024355585714285716,1322.929,1050.009,1.0287,1.6127,0.7585435697263441,0.0,Graze+Merge
2349132.469,P30,P377,0.007306675714285714,0.0024355585714285716,1514.376,1050.009,1.0345,1.8014,0.4747953151983563,0.0,Merge
2349427.353,P30,P751,0.009742234285714286,0.0024355585714285716,1666.786,1050.009,1.7165,3.2468,0.6461506176868693,0.0,Hit+Run
2349440.397,P30,P751,0.009742234285714286,0.0024355585714285716,1666.786,1050.009,1.0212,1.9316,0.7632700184810427,0.0,Graze+Merge
2349569.807,P30,P517,0.012177792857142858,0.0024355585714285716,1795.491,1050.009,1.3754,2.7847,0.47532705307263395,0.0,Merge
2349598.837,M0,FRAG0011,0.033364267179487164,0.0075994005994005995,2512.393,1534.335,1.0727,3.0491,0.3541923869250949,0.0,Merge
2349833.321,P30,P733,0.01461335142857143,0.0024355585714285716,1907.994,1050.009,1.913,4.1031,0.455066986306845,0.0,Merge
2350337.74,P30,P469,0.01704891,0.0024355585714285716,2008.596,1050.009,2.4299,5.4793,0.8206819691618684,0.0,Hit+Run
2351080.328,P30,P712,0.01704891,0.0024355585714285716,2008.596,1050.009,1.4256,3.2146,0.9824279634041412,0.0,Hit+Run
2351890.89,P30,P544,0.01704891,0.0024355585714285716,2008.596,1050.009,1.246,2.8096,0.12930485694804503,0.0,Merge
2352362.427,P30,P459,0.019484468571428572,0.0024355585714285716,2100.019,1050.009,1.1625,2.7397,0.5021333333333333,0.0,Merge
2353116.964,P30,P21,0.021920027142857144,0.0024355585714285716,2184.108,1050.009,1.1394,2.7935,0.8810400987284379,0.0,Hit+Run
2354230.955,P30,P299,0.021920027142857144,0.0024355585714285716,2184.108,1050.009,1.3559,3.3243,0.14850583911573165,0.0,Merge
2355122.586,P30,P21,0.024355585714285716,0.0024355585714285716,2262.177,1050.009,1.3717,3.4854,0.9120594869692793,0.0,Hit+Run
2357246.845,P30,P21,0.024355585714285716,0.0024355585714285716,2262.177,1050.009,1.1646,2.9591,0.4892228624502732,0.0,Merge
2360375.342,P30,P605,0.02679114428571429,0.0024355585714285716,2335.201,1050.009,1.785,4.6858,0.6409158382187985,0.0,Merge
2367293.256,P30,P308,0.02922670285714286,0.0024355585714285716,2403.922,1050.009,1.3273,3.5903,0.8363085807031806,0.0,Hit+Run
2413635.31,P30,P469,0.02922670285714286,0.0024355585714285716,2403.922,1050.009,1.4076,3.8075,0.7278028319251963,0.0,Hit+Run
2415527.465,P30,P469,0.02922670285714286,0.0024355585714285716,2403.922,1050.009,0.9941,2.6890,0.5577710524097278,0.0,Perfect
2485162.996,E0,P725,0.48793738944388954,0.0024355585714285716,6143.962,1050.009,1.8074,13.331,0.6840031224351156,0.0,Merge
2500321.192,P18,P286,0.0024355585714285716,0.0024355585714285716,1050.009,1050.009,12.264,16.687,0.97495,0.0,Hit+Run
2503006.404,P18,P286,0.0024355585714285716,0.0024355585714285716,1050.009,1050.009,0.9826,1.3370,0.80525,0.0,Perfect
2505352.531,E11,P230,0.020565714285714288,0.0024355585714285716,2138.167,1050.009,6.9235,16.614,0.5729407030826809,0.011655011655011656,Fragment
2530454.819,P18,P537,0.004871117142857143,0.0024355585714285716,1322.929,1050.009,15.695,24.606,0.2631431463404633,0.007299467199467199,Fragment
2616951.298,P30,P408,0.03166226142857143,0.0024355585714285716,2468.924,1050.009,1.1591,3.2235,0.10482074608441842,0.0,Merge
2656354.483,M0,P40,0.04096366777888776,0.0024355585714285716,2690.255,1050.009,6.382,19.422,0.5043511344345614,0.009194139194139195,Fragment
2658591.153,M0,P293,0.034205087156177136,0.0024355585714285716,2533.324,1050.009,9.4076,26.876,0.32973269336699806,0.024124448884448885,Fragment
2660713.9,M0,FRAG0015,0.01251676960372958,0.009194139194139195,1811.998,1634.923,1.1622,2.6059,0.8407821214720615,0.0,Hit+Run
2678221.652,P30,P827,0.03409782,0.0024355585714285716,2530.673,1050.009,8.2537,23.554,0.6813138463673006,0.00826040626040626,Fragment
2685232.647,M1,P191,0.054755197842157835,0.0024355585714285716,2963.482,1050.009,5.8444,19.710,0.8353292644987792,0.0,Hit+Run
2698802.415,E0,P558,0.4903729480153181,0.0024355585714285716,6154.168,1050.009,2.725,20.135,0.9063591134811889,0.0,Hit+Run
2726766.124,P30,P668,0.02827297231102231,0.0024355585714285716,2377.484,1050.009,1.57,4.1985,0.757605486931839,0.0,Hit+Run
2728746.835,P30,P234,0.02827297231102231,0.0024355585714285716,2377.484,1050.009,7.6798,20.537,0.8561039113452441,0.0,Hit+Run
2753817.125,M1,FRAG0005,0.054755197842157835,0.006874458874458874,2963.482,1483.907,2.7595,9.1776,0.6200312146400485,0.0,Merge
2759976.109,P30,FRAG0020,0.02827297231102231,0.00826040626040626,2377.484,1577.590,1.6032,4.3532,0.7370963477928296,0.0,Hit+Run
2760682.615,P30,FRAG0020,0.02827297231102231,0.00826040626040626,2377.484,1577.590,1.053,2.8592,0.691771715087252,0.0,Graze+Merge
2762635.216,P18,P510,0.0073066933066933066,0.0024355585714285716,1514.377,1050.009,11.489,20.007,0.999964143564745,0.0,Hit+Run
2763768.784,P18,P510,0.0073066933066933066,0.0024355585714285716,1514.377,1050.009,1.0598,1.8455,0.4948738866752827,0.0,Merge
2807088.219,P30,P712,0.03653337857142857,0.0024355585714285716,2589.547,1050.009,2.5271,7.3877,0.6063408368197983,0.0,Merge
2817836.73,E5,P445,0.07593555857142857,0.0024355585714285716,3304.777,1050.009,4.5468,17.232,0.946631641504141,0.0,Hit+Run
2819292.519,E0,P558,0.4903729480153181,0.0024355585714285716,6154.168,1050.009,1.1672,8.6248,0.47410867858818084,0.0,Merge
2861929.801,P18,P109,0.009742251878121878,0.0024355585714285716,1666.787,1050.009,19.429,36.752,0.3576161058401603,0.00665001665001665,Fragment
2866334.952,P18,FRAG0021,0.0055277937995338,0.00665001665001665,1379.889,1467.578,1.0627,1.9634,0.21375808442880806,0.0,Merge
2904327.439,M2,FRAG0001,0.05243422657009657,0.007196803196803197,2921.003,1506.747,2.233,7.3213,0.8970651290656637,0.0,Hit+Run
2919420.245,E4,P495,0.0574,0.0024355585714285716,3010.448,1050.009,3.4856,11.954,0.8188829850575402,0.0,Hit+Run
2927047.66,M1,P745,0.06162965671661671,0.0024355585714285716,3082.646,1050.009,3.6108,12.701,0.9030153054230328,0.0,Hit+Run
2977896.142,E0,FRAG0015,0.4928085065867467,0.009194139194139195,6164.340,1634.923,2.0842,14.939,0.9858342241785257,0.0,Hit+Run
3023093.804,M1,FRAG0010,0.06162965671661671,0.00803896103896104,3082.646,1563.365,1.195,4.1343,0.8638819640806971,0.0,Hit+Run
3036652.857,M1,FRAG0010,0.06162965671661671,0.00803896103896104,3082.646,1563.365,1.1064,3.8277,0.8837207280791709,0.0,Hit+Run
3038183.676,P18,P365,0.01217781044955045,0.0024355585714285716,1795.492,1050.009,12.759,25.834,0.9570904051676347,0.0,Hit+Run
3040424.112,P18,P365,0.01217781044955045,0.0024355585714285716,1795.492,1050.009,1.1005,2.2281,0.3657867272387117,0.0,Merge
3060634.71,M0,FRAG0009,0.01251676960372958,0.00803896103896104,1811.998,1563.365,3.1875,7.0277,0.8403546579397954,0.0,Hit+Run
3082399.925,E0,P171,0.4928085065867467,0.0024355585714285716,6164.340,1050.009,2.4907,18.436,0.6521203402906991,0.0,Merge
3087972.418,M1,FRAG0019,0.06162965671661671,0.006030969030969031,3082.646,1420.549,1.6938,5.8657,0.7998925539443443,0.0,Hit+Run
3105007.296,M0,FRAG0017,0.01251676960372958,0.006030969030969031,1811.998,1420.549,1.1436,2.4473,0.7150913425877932,0.0,Hit+Run
3174262.324,E15,P194,0.15684,0.0024355585714285716,4208.682,1050.009,1.689,8.3046,0.7018082390445021,0.0,Merge
3177015.362,M0,P191,0.01251676960372958,0.0024355585714285716,1811.998,1050.009,4.5576,9.3070,0.8762399782945476,0.0,Hit+Run
3287895.792,P18,P668,0.014613369020979022,0.0024355585714285716,1907.995,1050.009,5.9005,12.655,0.690695674484744,0.0,Graze+Frag
3298008.522,M1,P387,0.06162965671661671,0.0024355585714285716,3082.646,1050.009,9.8188,34.539,0.2845699149338238,0.016671328671328672,Fragment
3312352.534,P30,P200,0.03896893714285714,0.0024355585714285716,2645.859,1050.009,2.0961,6.2680,0.9475604043377218,0.0,Hit+Run
3312694.179,P30,P200,0.03896893714285714,0.0024355585714285716,2645.859,1050.009,1.0675,3.1922,0.188495508055396,0.0,Merge
3323746.229,P30,P242,0.041404495714285706,0.0024355585714285716,2699.871,1050.009,5.2017,15.890,0.5126317950781447,0.005985680985680986,Fragment
3324162.156,P30,FRAG0025,0.03785437330003329,0.005985680985680986,2620.389,1416.984,1.0132,2.9828,0.23047168082057531,0.0,Merge
3349435.458,M1,FRAG0010,0.047393886616716605,0.00803896103896104,2824.238,1563.365,1.3301,4.2238,0.47928844760747447,0.0,Merge
3358981.961,E0,P456,0.49524406515817526,0.0024355585714285716,6174.478,1050.009,2.2542,16.715,0.9637141896117829,0.0,Hit+Run
3377212.118,E12,P160,0.09854,0.0024355585714285716,3604.663,1050.009,1.8479,7.6895,0.6796293534828869,0.0,Merge
3419778.197,P30,P234,0.043840054285714275,0.0024355585714285716,2751.804,1050.009,1.7253,5.3777,0.160614209096813,0.0,Merge
3449496.88,M0,FRAG0022,0.01251676960372958,0.0055571095571095575,1811.998,1382.325,3.4829,7.4017,0.7604631839529918,0.0,Hit+Run
3465703.045,M0,FRAG0018,0.01251676960372958,0.006030969030969031,1811.998,1420.549,4.2896,9.1800,0.6635769627306024,0.00760957708957709,Graze+Frag
3466972.542,M0,FRAG0026,0.010938348025308001,0.00760939060939061,1732.385,1535.007,1.0572,2.2503,0.8540528507186165,0.0,Hit+Run
3577080.882,M1,M0,0.055432847655677644,0.010938348025308001,2975.657,1732.385,1.0499,3.5218,0.6851281846637532,0.0,Graze+Merge
3682069.098,E0,FRAG0015,0.49524406515817526,0.009194139194139195,6174.478,1634.923,1.5854,11.383,0.9721792214485342,0.0,Hit+Run
3707464.726,E0,FRAG0015,0.49524406515817526,0.009194139194139195,6174.478,1634.923,1.0131,7.2745,0.6741844682247602,0.0,Merge
3753017.68,M1,P651,0.06637119568098565,0.0024355585714285716,3159.757,1050.009,5.4111,19.544,0.4562761777913454,0.0,Merge
3762103.131,M1,FRAG0023,0.06880675425241423,0.0055571095571095575,3197.944,1382.325,2.8091,10.112,0.6507224430826458,0.0,Merge
3767353.576,M1,FRAG0012,0.07436386380952378,0.0075994005994005995,3281.818,1534.335,1.6837,6.2055,0.9376324305125743,0.0,Hit+Run
3768680.118,M1,FRAG0012,0.07436386380952378,0.0075994005994005995,3281.818,1534.335,1.0192,3.7564,0.9126243562394555,0.0,Graze+Merge
3784447.707,M2,P42,0.05243422657009657,0.0024355585714285716,2921.003,1050.009,2.4966,8.2912,0.44179019559595617,0.0,Merge
3797414.027,M1,FRAG0009,0.08196326440892439,0.00803896103896104,3390.004,1563.365,1.5718,5.9859,0.33185754549560753,0.0,Merge
3806536.354,P30,P434,0.046275612857142844,0.0024355585714285716,2801.848,1050.009,6.0734,19.296,0.758970948899907,0.0,Hit+Run
3806572.492,P30,P434,0.046275612857142844,0.0024355585714285716,2801.848,1050.009,1.0429,3.3134,0.1555912267296244,0.0,Merge
3919126.2,E0,P456,0.5044382043523145,0.0024355585714285716,6212.453,1050.009,1.1019,8.2244,0.4974265011548565,0.0,Merge
4073173.46,M1,FRAG0022,0.09000222544788543,0.0055571095571095575,3497.397,1382.325,2.1444,8.4781,0.42114498880627316,0.0,Merge
4118452.77,P18,P247,0.01704895104895105,0.0024355585714285716,2008.598,1050.009,10.013,22.580,0.41352610895853864,0.013956709956709957,Fragment
4119128.682,P18,FRAG0027,0.005527799663669666,0.006978354978354979,1379.890,1491.345,1.1239,2.0956,0.4823693306525354,0.0,Graze+Merge
4120334.338,P18,FRAG0028,0.012506154642024644,0.006978354978354979,1811.486,1491.345,1.3409,2.9097,0.7722930954738503,0.0,Hit+Run
4121786.32,P18,FRAG0028,0.012506154642024644,0.006978354978354979,1811.486,1491.345,0.9975,2.1645,0.9804902824931484,0.0,Perfect
4133788.553,E3,E12,0.40579555857142857,0.10097555857142858,5777.805,3634.120,1.0267,6.7308,0.528613237350434,0.014383616383616385,Fragment
4160294.725,E3,P45,0.49238750075924076,0.0024355585714285716,6162.584,1050.009,1.8608,13.770,0.9830955827880077,0.0,Hit+Run
4174419.492,P67,P803,0.0024355585714285716,0.0024355585714285716,1050.009,1050.009,45.893,62.447,0.88165,0.0,Graze+Frag
4259528.341,E4,P814,0.0574,0.0024355585714285716,3010.448,1050.009,4.6626,15.991,0.6141066333392128,0.0,Merge
4266812.857,M1,P140,0.09555933500499499,0.0024355585714285716,3567.945,1050.009,3.2714,13.463,0.8926131028138317,0.0,Hit+Run
4277231.551,M1,P140,0.09555933500499499,0.0024355585714285716,3567.945,1050.009,1.1266,4.6366,0.923749870790459,0.0,Hit+Run
4484851.244,P62,FRAG0016,0.0024355585714285716,0.006030969030969031,1050.009,1420.549,8.4061,13.902,0.2114845008363646,0.00839065601065601,Fragment
4537933.748,P67,P832,0.004871128871128871,0.0024355585714285716,1322.930,1050.009,33.498,52.516,0.993477231584341,0.0,Hit+Run
4541649.149,P67,P832,0.004871128871128871,0.0024355585714285716,1322.930,1050.009,1.6102,2.5243,0.6304287617708041,0.0,Hit+Run
4542655.581,P65,P265,0.0024355585714285716,0.0024355585714285716,1050.009,1050.009,9.8805,13.444,0.3023,0.0,Merge
4586746.116,P18,P832,0.019484509620379623,0.0024355585714285716,2100.021,1050.009,19.398,45.717,0.33020007729431444,0.016392274392274392,Fragment
4623341.594,M1,FRAG0017,0.09555933500499499,0.006030969030969031,3567.945,1420.549,2.8764,11.597,0.9971090207590944,0.0,Hit+Run
4632698.234,M1,FRAG0017,0.09555933500499499,0.006030969030969031,3567.945,1420.549,1.0704,4.3156,0.43722311483396775,0.0,Merge
4657960.973,M1,P150,0.10159030403596402,0.0024355585714285716,3641.480,1050.009,3.235,13.609,0.5996831592618084,0.0,Merge
4663582.755,E0,P774,0.506873762923743,0.0024355585714285716,6222.436,1050.009,1.8886,14.120,0.9831051535174605,0.0,Hit+Run
4700291.28,M1,FRAG0019,0.10402586260739259,0.006030969030969031,3670.351,1420.549,1.0852,4.5079,0.5987598584435584,0.0,Merge
4728360.088,P67,FRAG0032,0.004871128871128871,0.008196137196137196,1322.930,1573.488,31.689,60.136,0.6466623188372953,0.00753946053946054,Graze+Frag
4728550.505,P67,FRAG0033,0.005527805527805527,0.00753946053946054,1379.890,1530.290,1.0622,2.0109,0.9996709625255108,0.0,Hit+Run
4729704.576,P67,FRAG0033,0.005527805527805527,0.00753946053946054,1379.890,1530.290,1.0966,2.0760,0.9556215234425436,0.0,Hit+Run
4729708.376,P67,FRAG0033,0.005527805527805527,0.00753946053946054,1379.890,1530.290,1.0487,1.9853,0.060076038017351535,0.0,Merge
4742790.722,P67,P191,0.013067266067266067,0.0024355585714285716,1838.183,1050.009,20.803,43.062,0.48140886314787995,0.009975024975024975,Fragment
4747618.001,P67,FRAG0034,0.005527799663669664,0.009975024975024975,1379.890,1679.958,0.9849,1.9806,0.721682295641988,0.0,Perfect
4757948.758,P67,FRAG0031,0.015502824638694639,0.008196137196137196,1945.946,1573.488,5.615,13.017,0.9755068621716647,0.0,Hit+Run
4758841.641,P67,FRAG0031,0.015502824638694639,0.008196137196137196,1945.946,1573.488,1.0451,2.4229,0.8742129455192534,0.0,Hit+Run
4760063.368,P67,FRAG0031,0.015502824638694639,0.008196137196137196,1945.946,1573.488,1.0291,2.3858,0.21646598454923016,0.0,Merge
4918532.001,E3,P221,0.49238750075924076,0.0024355585714285716,6162.584,1050.009,1.6446,12.170,0.811357174878752,0.0,Merge
4988404.693,P30,P308,0.04871117142857141,0.0024355585714285716,2850.165,1050.009,4.7687,15.428,0.6072040977708625,0.0,Merge
5046826.793,M1,P62,0.11005683163836162,0.008466533466533466,3739.953,1590.605,2.0881,8.7967,0.8509080982741024,0.0,Hit+Run
5266306.88,P62,P745,0.008466533466533466,0.0024355585714285716,1590.605,1050.009,9.6209,17.465,0.9254081739670403,0.0,Hit+Run
5290116.117,E0,P73,0.506873762923743,0.0024355585714285716,6222.436,1050.009,2.0463,15.299,0.8663132880212608,0.0,Hit+Run
5333237.936,P62,P140,0.008466533466533466,0.0024355585714285716,1590.605,1050.009,6.565,11.917,0.690969027115532,0.006124255744255745,Graze+Frag
5349643.61,P18,P138,0.005527793799533803,0.0024355585714285716,1379.889,1050.009,17.12,27.689,0.8075812473742838,0.007635004995004995,Graze+Frag
5350987.659,P67,P18,0.023698961834831833,0.007963369963369965,2241.662,1558.449,5.5584,14.334,0.4060828841370116,0.030188451548451546,Fragment
5380545.762,E5,P310,0.07593555857142857,0.0024355585714285716,3304.777,1050.009,1.8674,7.0776,0.3270030257528735,0.0,Merge
5384667.008,P67,FRAG0038,0.005528465664335663,0.006533466533466534,1379.945,1458.954,1.6497,3.0380,0.9020272830958126,0.0,Hit+Run
5384674.878,P67,FRAG0038,0.005528465664335663,0.006533466533466534,1379.945,1458.954,1.051,1.9355,0.8532729928040037,0.0,Hit+Run
5473846.832,P67,FRAG0035,0.005528465664335663,0.006533466533466534,1379.945,1458.954,2.8978,5.3365,0.6634569373807591,0.0,Hit+Run
5475513.273,P67,FRAG0037,0.005528465664335663,0.006533466533466534,1379.945,1458.954,1.1954,2.2014,0.5883082506498152,0.0,Hit+Run
5476998.939,P67,FRAG0036,0.005528465664335663,0.006533466533466534,1379.945,1458.954,1.2069,2.2226,0.554379542151627,0.0,Hit+Run
5477750.685,P67,FRAG0036,0.005528465664335663,0.006533466533466534,1379.945,1458.954,1.0564,1.9454,0.29524781578509274,0.0,Merge
5490173.104,P67,FRAG0035,0.012061932197802196,0.006533466533466534,1789.779,1458.954,1.2703,2.7152,0.5170346307350328,0.0,Merge
5552139.508,E0,P73,0.506873762923743,0.0024355585714285716,6222.436,1050.009,1.259,9.4131,0.7545695690922962,0.0,Merge
5635511.979,E6,P678,0.08018000000000002,0.0024355585714285716,3365.238,1050.009,2.0302,7.8460,0.9996825782793073,0.0,Hit+Run
5651652.55,P62,P745,0.010902097902097903,0.0024355585714285716,1730.469,1050.009,7.2638,14.213,0.5762465396413128,0.012304342324342325,Fragment
5722716.209,P30,P251,0.05114672999999998,0.0024355585714285716,2896.897,1050.009,10.289,33.871,0.36206564228147814,0.021262737262737266,Fragment
5724409.324,P30,FRAG0040,0.03231955130869128,0.007087579087579088,2485.892,1499.085,0.994,2.7926,0.7281177905061779,0.0,Perfect
5724727.521,P30,FRAG0041,0.03940713039627037,0.007087579087579088,2655.739,1499.085,1.4187,4.2400,0.6841293527621022,0.0,Hit+Run
5741594.912,P30,FRAG0042,0.03940713039627037,0.007087579087579088,2655.739,1499.085,1.3567,4.0547,0.7192850235104117,0.0,Hit+Run
5741619.527,P30,FRAG0042,0.03940713039627037,0.007087579087579088,2655.739,1499.085,1.0556,3.1548,0.915517585687339,0.0,Hit+Run
5744740.656,M1,FRAG0039,0.11005683163836162,0.0078098568098568105,3739.953,1548.370,1.3898,5.8620,0.7162618815148364,0.0,Hit+Run
5748916.868,P30,FRAG0042,0.03940713039627037,0.007087579087579088,2655.739,1499.085,1.1898,3.5559,0.8292263938505794,0.0,Hit+Run
5758520.96,M1,FRAG0039,0.11005683163836162,0.0078098568098568105,3739.953,1548.370,1.064,4.4878,0.40190721491398257,0.0,Merge
5759387.967,P30,FRAG0042,0.03940713039627037,0.007087579087579088,2655.739,1499.085,1.262,3.7717,0.6969771524355753,0.0,Hit+Run
5759690.855,P30,FRAG0042,0.03940713039627037,0.007087579087579088,2655.739,1499.085,1.0473,3.1300,0.9394873611975502,0.0,Hit+Run
5760495.298,P30,FRAG0042,0.03940713039627037,0.007087579087579088,2655.739,1499.085,1.0363,3.0971,0.723184106993406,0.0,Graze+Merge
5771409.693,E3,P93,0.49482305933066933,0.0024355585714285716,6172.728,1050.009,1.1189,8.2944,0.9718788729314015,0.0,Hit+Run
5844751.867,M1,FRAG0026,0.11786668844821843,0.00760939060939061,3826.404,1535.007,3.5207,15.216,0.9666263921150231,0.0,Hit+Run
5854404.325,P83,P364,0.0024355585714285716,0.0024355585714285716,1050.009,1050.009,21.567,29.346,0.81555,0.0,Graze+Frag
5871403.963,P67,FRAG0038,0.01859539873126873,0.006533466533466534,2067.580,1458.954,2.349,5.6021,0.9986316952965508,0.0,Hit+Run
5877104.988,M1,FRAG0026,0.11786668844821843,0.00760939060939061,3826.404,1535.007,1.0294,4.4492,0.44199034601065695,0.0,Merge
5882861.912,P67,FRAG0038,0.01859539873126873,0.006533466533466534,2067.580,1458.954,1.0323,2.4619,0.7719124581855451,0.0,Graze+Merge
5887736.309,P30,FRAG0041,0.046494709483849456,0.007087579087579088,2806.262,1499.085,1.7726,5.5869,0.9901623072664087,0.0,Hit+Run
5888073.437,P30,FRAG0041,0.046494709483849456,0.007087579087579088,2806.262,1499.085,1.064,3.3535,0.4174181696882418,0.0,Merge
5892082.28,E3,P602,0.49482305933066933,0.0024355585714285716,6172.728,1050.009,1.4435,10.700,0.6670343478042199,0.0,Merge
5904854.634,P62,P413,0.005527799663669664,0.0024355585714285716,1379.890,1050.009,14.508,23.466,0.8375654059192923,0.0,Graze+Frag
5911936.707,M1,P62,0.12547607905760905,0.007963369963369965,3907.036,1558.449,1.4017,6.1878,0.8405993652561644,0.0,Hit+Run
6028374.873,E3,P63,0.4972586179020979,0.0024355585714285716,6182.839,1050.009,1.2121,9.0010,0.516999749922488,0.0,Merge
6035856.242,E0,P577,0.5093093214951715,0.0024355585714285716,6232.386,1050.009,1.5691,11.751,0.7077592877125715,0.0,Merge
6050732.522,E1,FRAG0001,0.23706222523809525,0.007196803196803197,4830.009,1506.747,1.8613,10.324,0.8093263300518251,0.0,Hit+Run
6107921.15,E4,P807,0.05983555857142857,0.0024355585714285716,3052.438,1050.009,3.7592,13.085,0.7311063751925982,0.0,Merge
6118677.499,M1,P639,0.12547607905760905,0.0024355585714285716,3907.036,1050.009,7.8129,35.457,0.49458190635289984,0.005771228771228772,Fragment
6126551.47,M1,FRAG0043,0.12214040885780886,0.005771228771228772,3872.103,1399.855,1.1145,4.9046,0.7202961502315451,0.0,Merge
6310591.865,E19,P666,0.041620000000000004,0.0024355585714285716,2704.547,1050.009,5.1114,15.642,0.2810035460680564,0.006155844155844157,Fragment
6453378.155,M1,FRAG0008,0.12791163762903762,0.006727272727272728,3932.154,1473.240,3.5375,15.773,0.793429738077341,0.0,Hit+Run
6461765.911,M1,FRAG0008,0.12791163762903762,0.006727272727272728,3932.154,1473.240,1.0944,4.8798,0.5308930254413161,0.0,Merge
6567689.105,E1,P664,0.23706222523809525,0.0024355585714285716,4830.009,1050.009,4.8113,27.433,0.8403203094868976,0.0,Hit+Run
6589803.226,M1,P62,0.13463891035631034,0.007963369963369965,3999.914,1558.449,1.2316,5.5733,0.6201691986306015,0.0,Merge
6695964.399,E6,P443,0.08018000000000002,0.0024355585714285716,3365.238,1050.009,5.8349,22.549,0.6477052874517805,0.0,Merge
6769795.222,E4,M2,0.06227111714285714,0.054869785141525136,3093.304,2965.547,2.8839,11.329,0.3356309746750622,0.08023776223776226,Fragment
6820804.405,E1,E4,0.23706222523809525,0.036903140046620014,4830.009,2598.254,1.0608,5.7556,0.8265603262304214,0.0,Hit+Run
6835612.434,E0,FRAG0004,0.5117448800666,0.007432567432567433,6242.305,1523.024,1.5635,11.421,0.4723532489783124,0.0,Merge
6889165.525,M1,P700,0.1426022803196803,0.0024355585714285716,4077.268,1050.009,1.4779,7.0226,0.6235250069656306,0.0,Merge
6953235.889,E0,P340,0.5191774474991675,0.0024355585714285716,6272.381,1050.009,2.646,19.952,0.9093696111202866,0.0,Hit+Run
6970746.646,E0,P307,0.5191774474991675,0.0024355585714285716,6272.381,1050.009,2.373,17.893,0.5680990260879559,0.0,Merge
6985251.557,E0,P340,0.521613006070596,0.0024355585714285716,6282.174,1050.009,1.1254,8.5002,0.8841261393540097,0.0,Hit+Run
7037264.886,E6,FRAG0045,0.08261555857142859,0.005731268731268732,3398.973,1396.617,2.7383,10.500,0.5152761840121132,0.0,Merge
7097205.295,M1,P239,0.14503783889110888,0.0024355585714285716,4100.350,1050.009,5.3514,25.583,0.7872122036355057,0.0,Merge
7140555.825,M1,P83,0.14747339746253746,0.004871128871128871,4123.174,1322.930,4.0233,19.011,0.5014943326898638,0.0,Merge
7283295.016,E0,FRAG0054,0.521613006070596,0.005731268731268732,6282.174,1396.617,1.3764,10.190,0.8594352335870415,0.0,Hit+Run
7406171.007,E0,P379,0.521613006070596,0.0024355585714285716,6282.174,1050.009,2.6315,19.876,0.1860100638179625,0.0,Merge
7524182.026,E0,FRAG0054,0.5240485646420245,0.005731268731268732,6291.937,1396.617,1.0531,7.8100,0.6795587599469627,0.0,Merge
7531553.925,E13,FRAG0030,0.02222,0.007191808191808193,2194.026,1506.398,5.1523,12.977,0.9858348254607231,0.0,Hit+Run
7794569.653,P50,FRAG0003,0.0024355585714285716,0.008296703296703296,1050.009,1579.897,10.765,19.430,0.7162276469261326,0.010317649017649018,Graze+Frag
8101271.935,E4,FRAG0052,0.036903140046620014,0.005731268731268732,2598.254,1396.617,5.2785,15.406,0.3616860058856368,0.0284998334998335,Fragment
8124612.661,E4,P274,0.014134575278055245,0.0024355585714285716,1886.925,1050.009,1.4919,3.1660,0.9253655618293448,0.0,Hit+Run
8203633.861,E0,P340,0.5297798333732933,0.0024355585714285716,6314.791,1050.009,1.4961,11.362,0.822016815940897,0.0,Merge
8288139.463,E0,E4,0.5322153919447218,0.014134575278055245,6324.453,1886.925,1.1109,8.0957,0.19925229323720176,0.0,Merge
8351147.599,P67,FRAG0037,0.02512886526473526,0.006533466533466534,2285.869,1458.954,3.9797,10.338,0.6165728714351822,0.009548118548118548,Graze+Frag
8351558.489,P67,FRAG0064,0.02211421325008325,0.009548118548118548,2190.539,1655.642,1.0578,2.7115,0.4236779226957366,0.0,Merge
8391897.541,E3,P721,0.4996941764735265,0.0024355585714285716,6192.917,1050.009,1.299,9.6631,0.3924585983007965,0.0,Merge
8505419.624,E0,P851,0.5463499672227771,0.0024355585714285716,6379.953,1050.009,2.2859,17.551,0.4914219876119578,0.0,Merge
8571900.927,E17,FRAG0048,0.040959999999999996,0.005731268731268732,2690.174,1396.617,2.2971,6.9368,0.9419711037709446,0.0,Hit+Run
8714254.533,E13,P502,0.02222,0.0024355585714285716,2194.026,1050.009,6.8935,16.978,0.5524908015259563,0.012209124209124211,Fragment
8804944.291,E1,FRAG0066,0.23706222523809525,0.0061045621045621055,4830.009,1426.303,1.132,6.3051,0.909287134380719,0.0,Hit+Run
8849153.761,E1,FRAG0066,0.23706222523809525,0.0061045621045621055,4830.009,1426.303,1.052,5.8595,0.2630277862824851,0.0,Merge
9336053.224,E0,FRAG0030,0.5487855257942056,0.007191808191808193,6389.419,1506.398,2.0759,15.563,0.6725391240123385,0.0,Merge
9570833.877,E15,P692,0.15927555857142858,0.0024355585714285716,4230.355,1050.009,2.6441,13.072,0.061367957314015155,0.0,Merge
9703444.004,E0,P487,0.5559773339860138,0.0024355585714285716,6417.209,1050.009,1.3434,10.379,0.8227743247595926,0.0,Merge
9766043.535,E1,FRAG0063,0.24316678734265737,0.0056999666999667,4871.117,1394.070,1.7512,9.8607,0.484686943513264,0.0,Merge
9924783.695,E5,P778,0.07837111714285715,0.0024355585714285716,3339.739,1050.009,2.053,7.8695,0.23478415043075934,0.0,Merge
10051174.776,E13,FRAG0061,0.012446434362304361,0.0056999666999667,1808.598,1394.070,3.2278,6.8644,0.5479440204833578,0.00733999333999334,Fragment
10131865.382,E0,P774,0.5584128925574423,0.0024355585714285716,6426.566,1050.009,1.9184,14.844,0.8321401014143506,0.0,Merge
10164411.623,P6,P664,0.0024355585714285716,0.0024355585714285716,1050.009,1050.009,38.582,52.498,0.73765,0.0,Graze+Frag
10362445.652,P118,P355,0.0024355585714285716,0.0024355585714285716,1050.009,1050.009,15.269,20.777,0.2995,0.0,Merge
10437823.41,M1,P6,0.15234452633366632,0.004871128871128871,4168.080,1322.930,2.9045,13.885,0.35418365972914173,0.0,Merge
10576540.122,E13,P143,0.010806407722277723,0.0024355585714285716,1725.391,1050.009,7.2815,14.209,0.9117452944285571,0.0,Hit+Run
10756098.102,P182,P205,0.0024355585714285716,0.0024355585714285716,1050.009,1050.009,5.5052,7.4908,0.9394499999999999,0.0,Hit+Run
10769343.249,P110,FRAG0053,0.0024355585714285716,0.005731268731268732,1050.009,1396.617,7.8559,12.823,0.6487706340650572,0.007826267066267066,Graze+Frag
10919743.333,P88,FRAG0049,0.0024355585714285716,0.005731268731268732,1050.009,1396.617,9.5218,15.542,0.49572994602669024,0.00807999333999334,Graze+Frag
10920781.88,E1,P541,0.24886675404262407,0.0024355585714285716,4908.884,1050.009,2.6462,15.353,0.3980558885086417,0.0,Merge
11008966.625,P110,P687,0.008166833166833167,0.0024355585714285716,1571.611,1050.009,4.3643,7.8413,0.9831482977817946,0.0,Hit+Run
11063460.966,P110,FRAG0029,0.008166833166833167,0.007191808191808193,1571.611,1506.398,10.121,20.199,0.5441903359465282,0.015242370962370962,Graze+Frag
11543948.85,E1,FRAG0051,0.2513023126140526,0.005731268731268732,4924.846,1396.617,1.2887,7.3416,0.8654659787887002,0.0,Hit+Run
12000566.119,E0,P514,0.5608484511288708,0.0024355585714285716,6435.896,1050.009,2.3766,18.418,0.6962994569253146,0.0,Merge
12060793.531,E0,FRAG0059,0.5632840097002993,0.0056999666999667,6445.198,1394.070,1.3608,10.357,0.7887060998545176,0.0,Merge
12918928.977,E1,FRAG0046,0.2513023126140526,0.005731268731268732,4924.846,1396.617,3.5332,20.128,0.593805175112744,0.0,Merge
12934965.046,E3,FRAG0014,0.5021297350449551,0.005827505827505828,6202.962,1404.391,1.3154,9.6031,0.5180990077144069,0.0,Merge
13565196.249,M1,P588,0.1572156552047952,0.0024355585714285716,4212.039,1050.009,2.934,14.438,0.8375972661576416,0.0,Hit+Run
13669428.492,P77,P227,0.0024355585714285716,0.0024355585714285716,1050.009,1050.009,10.486,14.269,0.5022,0.0,Graze+Frag
13909839.656,E3,P440,0.5079572408724609,0.0024355585714285716,6226.866,1050.009,2.0138,15.067,0.983120586825425,0.0,Hit+Run
13937258.433,E0,P530,0.5689839764002661,0.0024355585714285716,6466.866,1050.009,2.4227,18.871,0.5309851820256032,0.0,Merge
13993672.437,P146,P777,0.0024355585714285716,0.0024355585714285716,1050.009,1050.009,12.476,16.976,0.152,0.0,Merge
14036979.995,E13,P647,0.010806407722277723,0.0024355585714285716,1725.391,1050.009,12.209,23.826,0.37194682234870163,0.007714285714285714,Fragment
14089031.672,E3,P274,0.5079572408724609,0.0024355585714285716,6226.866,1050.009,1.5423,11.540,0.6204723975168558,0.0,Merge
14114502.137,E0,P396,0.5714195349716946,0.0024355585714285716,6476.080,1050.009,2.3969,18.699,0.7469001244792272,0.0,Merge
14283117.827,E0,FRAG0024,0.5738550935431231,0.0055571095571095575,6485.268,1382.325,2.065,15.832,0.8906576714024682,0.0,Hit+Run
14368604.058,P143,P289,0.0024355585714285716,0.0024355585714285716,1050.009,1050.009,21.422,29.148,0.7387,0.0,Graze+Frag
14444961.239,M1,P588,0.1572156552047952,0.0024355585714285716,4212.039,1050.009,1.2199,6.0033,0.44041094785926455,0.0,Merge
14762326.168,E0,FRAG0057,0.5738550935431231,0.005731268731268732,6485.268,1396.617,2.2326,17.104,0.47549998541675204,0.0,Merge
14809712.088,E0,FRAG0051,0.5795863622743919,0.005731268731268732,6506.786,1396.617,1.2232,9.4046,0.9145918990401997,0.0,Hit+Run
14892036.818,E3,P782,0.5103927994438894,0.0024355585714285716,6236.803,1050.009,1.3892,10.412,0.1562878382327926,0.0,Merge
14999040.009,E0,P556,0.5795863622743919,0.0024355585714285716,6506.786,1050.009,1.9017,14.910,0.6758388744080438,0.0,Merge
15234695.617,P43,P828,0.0024355585714285716,0.0024355585714285716,1050.009,1050.009,10.635,14.472,0.4312,0.0,Merge
15305117.921,E1,P687,0.25703358134532134,0.0024355585714285716,4962.004,1050.009,1.2767,7.4934,0.8244401911781163,0.0,Merge
15393949.23,E3,P418,0.5128283580153179,0.0024355585714285716,6246.707,1050.009,2.6132,19.619,0.8085848732904515,0.0,Merge
15971738.688,M1,P50,0.15965121377622377,0.010732267732267731,4233.679,1721.436,3.6373,17.382,0.13514807097868545,0.015237429237429238,Fragment
16010853.215,M1,FRAG0071,0.15514605227106226,0.007618714618714619,4193.475,1535.634,1.0459,4.9806,0.2086816159271748,0.0,Merge
16046352.375,M1,FRAG0070,0.16276476688977687,0.007618714618714619,4261.024,1535.634,1.1409,5.5262,0.8574741524926511,0.0,Hit+Run
16063999.178,E0,FRAG0068,0.5820219208458204,0.009830835830835832,6515.888,1671.824,2.0042,15.223,0.5708366716452291,0.0,Merge
16275037.462,E1,E6,0.2594691399167499,0.08834682730269733,4977.627,3475.821,2.4493,14.036,0.5116915306015416,0.07666666666666666,Fragment
16287333.754,E1,FRAG0083,0.2711493005527806,0.005897435897435898,5051.224,1409.986,1.0318,6.0363,0.6109585369424733,0.0,Merge
16549774.475,E0,FRAG0072,0.5918527566766563,0.005897435897435898,6552.369,1409.986,1.148,8.8866,0.29098396359221484,0.0,Merge
16668119.774,E19,P519,0.037899714415584415,0.0024355585714285716,2621.435,1050.009,10.234,30.308,0.944559064311194,0.0,Hit+Run
16749300.286,E0,FRAG0079,0.5977501925740921,0.005897435897435898,6574.061,1409.986,1.0374,8.0590,0.8356682075325014,0.0,Graze+Merge
16822652.503,P93,P441,0.0024355585714285716,0.0024355585714285716,1050.009,1050.009,9.7979,13.331,0.5137,0.0,Graze+Frag
17226313.986,E19,P564,0.037899714415584415,0.0024355585714285716,2621.435,1050.009,6.1167,18.113,0.9768321535143583,0.0,Hit+Run
17271165.179,E0,FRAG0080,0.603647628471528,0.005897435897435898,6595.610,1409.986,1.7248,13.446,0.7979228635259272,0.0,Merge
17307811.559,M1,P806,0.16276476688977687,0.0024355585714285716,4261.024,1050.009,5.5658,27.733,0.7311328229751042,0.0,Merge
17505249.24,P143,FRAG0078,0.004871128871128871,0.005897435897435898,1322.930,1409.986,17.292,30.667,0.9209967720162247,0.0,Hit+Run
17517767.909,E0,FRAG0051,0.6095450643689638,0.005731268731268732,6617.020,1396.617,1.7688,13.847,0.913989381041432,0.0,Hit+Run
17751162.509,E15,FRAG0073,0.16171111714285716,0.005897435897435898,4251.809,1409.986,5.6611,27.518,0.2511226347361249,0.012565254745254745,Fragment
17997816.804,E15,P80,0.1550437844755245,0.0024355585714285716,4192.553,1050.009,6.3394,31.041,0.7047883236111205,0.0,Merge
18244915.057,E13,P495,0.00552768057942058,0.0024355585714285716,1379.880,1050.009,13.786,22.298,0.9363167374185529,0.0,Hit+Run
18277517.364,M1,P67,0.16520032546120544,0.0316623317982018,4282.172,2468.926,11.563,55.787,0.3716954963167213,0.19482142524142523,Fragment
18277529.228,M1,FRAG0088,0.005531987928737964,0.005627372627372628,1380.238,1388.126,1.5851,2.8432,0.6745226381863869,0.0,Hit+Run
18277674.52,M1,FRAG0089,0.005531987928737964,0.005627372627372628,1380.238,1388.126,1.0514,1.8859,0.8225496699533603,0.0,Hit+Run
18278215.669,P30,FRAG0119,0.05358228857142854,0.005627372627372628,2942.168,1388.126,6.834,22.577,0.738617450368564,0.009223776223776224,Graze+Frag
18278838.422,P30,FRAG0105,0.049985884975024944,0.005627372627372628,2874.813,1388.126,7.6055,24.542,0.7576585225923117,0.009659007659007658,Graze+Frag
18278856.421,P30,FRAG0122,0.04595424994338992,0.009659007659007658,2795.347,1662.026,1.0561,3.3328,0.6143352768474037,0.0,Merge
18279841.331,P30,FRAG0121,0.055613257602397576,0.009223776223776224,2978.881,1636.678,1.1479,3.8437,0.3035315281009515,0.0,Merge
18281008.638,P30,FRAG0120,0.0648370338261738,0.005627372627372628,3135.221,1388.126,5.418,19.105,0.3489857497931456,0.021259740259740263,Fragment
18281856.725,P30,FRAG0125,0.04920466619380617,0.007086580086580087,2859.758,1499.015,1.134,3.6408,0.32706205185287957,0.0,Merge
18282702.595,P30,FRAG0123,0.05629124628038625,0.007086580086580087,2990.938,1499.015,1.1776,3.9527,0.7785845903054787,0.0,Hit+Run
18285101.203,M1,FRAG0115,0.005531987928737964,0.005627372627372628,1380.238,1388.126,1.2079,2.1666,0.3228275617012976,0.0,Merge
18321124.612,M1,FRAG0114,0.011159360556110592,0.005627372627372628,1743.975,1388.126,2.4739,5.1168,0.28809177065749514,0.0078035298035298035,Fragment
18323495.893,M1,FRAG0107,0.008983203379953416,0.005627372627372628,1622.324,1388.126,6.0683,11.943,0.8304947851510696,0.0,Hit+Run
18330937.085,P30,FRAG0111,0.05629124628038625,0.005627372627372628,2990.938,1388.126,7.0642,23.732,0.7679064034155297,0.007343323343323344,Graze+Frag
18335862.087,P30,FRAG0127,0.054575295564435536,0.007343323343323344,2960.232,1516.903,1.398,4.6448,0.8163698653862215,0.0,Hit+Run
18335867.203,P30,FRAG0127,0.054575295564435536,0.007343323343323344,2960.232,1516.903,1.0461,3.4756,0.7663178699138502,0.0,Graze+Merge
18348393.309,P30,FRAG0126,0.06191861890775888,0.0078035298035298035,3087.457,1547.952,8.5485,29.620,0.6101768523527518,0.04902031302031302,Fragment
18349157.346,P30,FRAG0135,0.02070183569097566,0.006127539127539128,2142.874,1428.091,1.0857,2.6587,0.701736713602888,0.0,Graze+Merge
18350225.647,P30,FRAG0130,0.026829374818514787,0.006127539127539128,2336.311,1428.091,1.3114,3.4667,0.6327350705441857,0.0,Hit+Run
18350533.823,P30,FRAG0131,0.026829374818514787,0.006127539127539128,2336.311,1428.091,1.5313,4.0480,0.791989429643389,0.0,Hit+Run
18350554.704,P30,FRAG0131,0.026829374818514787,0.006127539127539128,2336.311,1428.091,1.0311,2.7257,0.46106805679968166,0.0,Merge
18350838.143,P30,FRAG0128,0.03295691394605391,0.006127539127539128,2502.127,1428.091,1.1102,3.1278,0.8899565814689556,0.0,Hit+Run
18356464.721,P30,FRAG0128,0.03295691394605391,0.006127539127539128,2502.127,1428.091,1.3945,3.9288,0.40732113944047355,0.0,Merge
18364232.542,P30,FRAG0104,0.03908445307359304,0.005627372627372628,2648.470,1388.126,13.227,39.331,0.8716483549400419,0.00575990675990676,Graze+Frag
18390821.403,E0,M1,0.6095450643689638,0.008983203379953416,6617.020,1622.324,3.2284,24.990,0.5840145722023484,0.0,Merge
18401630.015,P30,FRAG0134,0.03895191894105891,0.006127539127539128,2645.473,1428.091,2.3426,6.9623,0.5182409524961775,0.0,Merge
18419045.18,P30,FRAG0124,0.04507945806859804,0.007086580086580087,2777.495,1499.015,4.8911,15.262,0.9005648612752524,0.0,Hit+Run
18419045.226,P30,FRAG0124,0.04507945806859804,0.007086580086580087,2777.495,1499.015,1.0477,3.2692,0.1768525975228986,0.0,Merge
18420010.14,P30,FRAG0132,0.052166038155178125,0.006127539127539128,2916.015,1428.091,3.762,12.312,0.5626483017988855,0.008991341991341993,Fragment
18420446.357,P30,FRAG0137,0.04930223529137526,0.008991341991341993,2861.646,1622.813,1.0125,3.2614,0.6343601608650749,0.0,Merge
18454402.278,P30,FRAG0130,0.05829357728271725,0.006127539127539128,3025.989,1428.091,10.050,34.150,0.8971142630234151,0.0,Hit+Run
18454402.322,P30,FRAG0130,0.05829357728271725,0.006127539127539128,3025.989,1428.091,1.0447,3.5496,0.8052628064836456,0.0,Graze+Merge
18509802.99,P30,FRAG0136,0.06442111641025638,0.00575990675990676,3128.503,1398.939,3.7181,13.078,0.4868848457582439,0.009366633366633367,Fragment
18535242.445,E5,P454,0.08080667571428572,0.0024355585714285716,3373.983,1050.009,3.3741,13.076,0.4271634202225486,0.0,Merge
18538764.473,P30,FRAG0138,0.060814389803529774,0.009366633366633367,3068.993,1645.085,1.556,5.3638,0.7105311174750113,0.0,Hit+Run
18604841.213,P30,FRAG0106,0.060814389803529774,0.005627372627372628,3068.993,1388.126,18.005,62.107,0.5253022333878951,0.06534142524142524,Fragment
18605455.33,P30,FRAG0141,0.005526011515151495,0.005537795537795538,1379.741,1380.721,0.9878,1.7668,0.5459560991091791,0.0,Perfect
18607756.789,P30,FRAG0146,0.011063807052947034,0.005537795537795538,1738.983,1380.721,1.0955,2.2578,0.5167275305916503,0.0,Merge
18609179.842,P30,FRAG0144,0.016601602590742573,0.005537795537795538,1990.874,1380.721,1.3642,3.1232,0.7494426030897563,0.0,Hit+Run
18612037.981,P30,FRAG0144,0.016601602590742573,0.005537795537795538,1990.874,1380.721,1.3433,3.0753,0.3766108511272033,0.0,Merge
18622025.09,P30,FRAG0094,0.022139398128538112,0.005627372627372628,2191.370,1388.126,8.225,20.466,0.7364773836467263,0.015261405261405262,Graze+Frag
18624047.302,P30,FRAG0150,0.012505365494505477,0.007630702630702631,1811.448,1536.439,1.3439,2.9445,0.7069106542141759,0.0,Hit+Run
18667495.181,P30,FRAG0147,0.012505365494505477,0.005537795537795538,1811.448,1380.721,2.5441,5.4038,0.6878256961369155,0.0,Hit+Run
18681065.314,P30,FRAG0151,0.012505365494505477,0.007630702630702631,1811.448,1536.439,1.3303,2.9148,0.9384353912507206,0.0,Hit+Run
18681073.18,P30,FRAG0151,0.012505365494505477,0.007630702630702631,1811.448,1536.439,1.0509,2.3026,0.2263304452030538,0.0,Merge
18687835.188,P30,FRAG0138,0.020136068125208108,0.009366633366633367,2123.173,1645.085,1.5565,3.8910,0.3782347305249607,0.0,Merge
18775448.752,E13,P511,0.00552768057942058,0.0024355585714285716,1379.880,1050.009,9.292,15.028,0.8175167243981979,0.0,Graze+Frag
18827490.599,P30,FRAG0150,0.029502701491841476,0.007630702630702631,2411.465,1536.439,4.1275,11.309,0.9474454634780244,0.0,Hit+Run
18845257.716,P30,FRAG0087,0.029502701491841476,0.005627372627372628,2411.465,1388.126,14.822,40.266,0.6730615354990759,0.03424917748917749,Graze+Frag
18845545.975,P30,FRAG0155,0.005526344515484501,0.005920745920745921,1379.769,1411.841,1.389,2.5129,0.5902400336438126,0.0,Hit+Run
18848170.343,P30,FRAG0154,0.005526344515484501,0.005920745920745921,1379.769,1411.841,2.1261,3.8464,0.860153015031257,0.0,Hit+Run
18848410.228,P30,FRAG0152,0.005526344515484501,0.005920745920745921,1379.769,1411.841,1.8677,3.3789,0.8602518661506079,0.0,Hit+Run
18853503.587,P30,FRAG0148,0.005526344515484501,0.005537795537795538,1379.769,1380.721,13.226,23.656,0.956969741854173,0.0,Hit+Run
18854881.791,P30,FRAG0148,0.005526344515484501,0.005537795537795538,1379.769,1380.721,3.1732,5.6757,0.8565044132671633,0.0,Hit+Run
18856312.283,P30,FRAG0153,0.005526344515484501,0.005920745920745921,1379.769,1411.841,6.8182,12.335,0.6034366580771486,0.011047872127872128,Graze+Frag
18875731.444,P30,FRAG0150,0.005526344515484502,0.007630702630702631,1379.769,1536.439,2.292,4.3495,0.8426589706764113,0.0,Hit+Run
18889563.497,P30,FRAG0157,0.005526344515484502,0.005920745920745921,1379.769,1411.841,4.5606,8.2508,0.9413592095779647,0.0,Hit+Run
18891094.083,P30,FRAG0148,0.005526344515484502,0.005537795537795538,1379.769,1380.721,5.0758,9.0787,0.3267372402852151,0.010765401265401266,Fragment
18894729.244,P30,FRAG0145,0.005526344515484502,0.005537795537795538,1379.769,1380.721,3.5196,6.2952,0.9683158262269348,0.0,Hit+Run
18896780.266,P30,FRAG0154,0.005526344515484502,0.005920745920745921,1379.769,1411.841,1.7415,3.1506,0.845523049367334,0.0,Hit+Run
18903881.185,P30,FRAG0149,0.005526344515484502,0.005537795537795538,1379.769,1380.721,19.579,35.020,0.46309018376051986,0.011057822177822177,Fragment
18925854.687,P30,FRAG0143,0.005526344515484502,0.005537795537795538,1379.769,1380.721,45.614,81.587,0.26295925059515324,0.011065008325008325,Fragment
18926506.007,P30,FRAG0159,0.005526344515484502,0.005537795537795538,1379.769,1380.721,12.684,22.687,0.1771388679165982,0.011050636030636031,Fragment
18927848.763,P30,FRAG0158,0.005526344515484502,0.005537795537795538,1379.769,1380.721,18.349,32.820,0.9833606341397159,0.0,Hit+Run
18928054.396,P30,FRAG0158,0.005526344515484502,0.005537795537795538,1379.769,1380.721,0.9918,1.7739,0.7631866180074881,0.0,Perfect
18935281.591,P30,FRAG0161,0.01106414005328004,0.005537795537795538,1739.000,1380.721,12.45,25.659,0.472805002745535,0.011075591075591076,Fragment
18935290.571,P30,FRAG0162,0.005526344515484503,0.005537795537795538,1379.769,1380.721,1.1579,2.0710,0.9706150327518116,0.0,Hit+Run
18936735.82,P30,FRAG0163,0.005526344515484503,0.005537795537795538,1379.769,1380.721,1.0557,1.8882,0.8993896132311706,0.0,Hit+Run
18936897.709,P30,FRAG0163,0.005526344515484503,0.005537795537795538,1379.769,1380.721,1.3176,2.3567,0.9984054420524969,0.0,Hit+Run
18959233.234,P30,FRAG0163,0.005526344515484503,0.005537795537795538,1379.769,1380.721,2.6741,4.7830,0.6683193574810481,0.0,Hit+Run
18961838.574,P30,FRAG0163,0.005526344515484503,0.005537795537795538,1379.769,1380.721,1.958,3.5021,0.3129420011359541,0.0,Merge
18991943.719,P30,FRAG0162,0.01106414005328004,0.005537795537795538,1739.000,1380.721,49.158,101.31,0.9437147720445541,0.007704628704628705,Graze+Frag
18992041.111,P30,FRAG0164,0.008897306886446875,0.007704628704628705,1617.136,1541.384,1.019,2.0872,0.9863519065597772,0.0,Graze+Merge
19004195.72,P30,FRAG0157,0.01660193559107558,0.005920745920745921,1990.887,1411.841,24.341,55.949,0.30828156286392994,0.016996003996003997,Fragment
19005594.162,P30,FRAG0165,0.005526677515817504,0.005665334665334666,1379.797,1391.241,1.3883,2.4927,0.8878182530287884,0.0,Hit+Run
19007185.065,P30,FRAG0167,0.005526677515817504,0.005665334665334666,1379.797,1391.241,1.3432,2.4117,0.5059020443506724,0.0,Hit+Run
19020289.844,P30,FRAG0167,0.005526677515817504,0.005665334665334666,1379.797,1391.241,1.9578,3.5152,0.7463051024338463,0.0,Hit+Run
19020297.769,P30,FRAG0167,0.005526677515817504,0.005665334665334666,1379.797,1391.241,1.0512,1.8874,0.8044141266225504,0.0,Graze+Merge
19037254.328,P30,FRAG0139,0.01119201218115217,0.005537795537795538,1745.674,1380.721,13.513,27.927,0.9779786668838183,0.0,Hit+Run
19058659.588,P30,FRAG0150,0.01119201218115217,0.007630702630702631,1745.674,1536.439,8.0724,17.271,0.8338205626163662,0.005813593073593074,Hit+Run
19058935.085,P30,FRAG0150,0.01119201218115217,0.007630702630702631,1745.674,1536.439,1.018,2.1780,0.42363850106776524,0.0,Merge
19064323.81,P30,FRAG0145,0.018822714811854803,0.005537795537795538,2075.970,1380.721,20.162,47.821,0.4187744417695303,0.018834165834165837,Fragment
19069045.203,P30,FRAG0154,0.005526344515484505,0.005920745920745921,1379.769,1411.841,20.784,37.603,0.8766611519628459,0.010540419580419581,Graze+Frag
19076256.226,P30,FRAG0169,0.005526344515484506,0.006278055278055279,1379.769,1439.689,9.4378,17.253,0.9334805089949534,0.0,Hit+Run
19077219.989,P30,FRAG0170,0.005526344515484506,0.006278055278055279,1379.769,1439.689,6.1378,11.220,0.2580468007302956,0.011643769563769562,Fragment
19078984.049,P30,FRAG0172,0.005526344515484506,0.006278055278055279,1379.769,1439.689,1.407,2.5721,0.9220780996321317,0.0,Hit+Run
19082355.45,P30,FRAG0169,0.005526344515484506,0.006278055278055279,1379.769,1439.689,2.3505,4.2969,0.6133811113888727,0.0,Hit+Run
19095100.332,P30,FRAG0166,0.005526344515484506,0.005665334665334666,1379.769,1391.241,6.2664,11.251,0.6125037690840882,0.010654845154845155,Graze+Frag
19103430.225,P30,FRAG0092,0.005526344515484506,0.005627372627372628,1379.769,1388.126,33.200,59.543,0.9700621829080472,0.0,Hit+Run
19103624.427,P30,FRAG0092,0.005526344515484506,0.005627372627372628,1379.769,1388.126,1.0451,1.8743,0.8805831686058918,0.0,Hit+Run
19104495.028,P30,FRAG0092,0.005526344515484506,0.005627372627372628,1379.769,1388.126,0.9829,1.7627,0.42755515636188707,0.0,Perfect
19242219.27,P30,FRAG0172,0.011153717142857133,0.006278055278055279,1743.681,1439.689,19.055,39.838,0.739567701017197,0.011905427905427906,Graze+Frag
19244327.518,P30,FRAG0174,0.005526344515484505,0.005952713952713953,1379.769,1414.378,1.2408,2.2469,0.743821374614338,0.0,Hit+Run
19251480.896,P30,FRAG0169,0.005526344515484505,0.006278055278055279,1379.769,1439.689,14.507,26.520,0.3491682008743902,0.01179080919080919,Fragment
19276883.257,P30,FRAG0176,0.005526344515484504,0.006278055278055279,1379.769,1439.689,1.0454,1.9110,0.4722946470411687,0.0,Merge
19298709.863,P30,FRAG0142,0.011804399793539783,0.005537795537795538,1776.949,1380.721,21.847,45.742,0.7805774098908076,0.011815517815517816,Graze+Frag
19298818.122,P30,FRAG0177,0.005526677515817506,0.005907758907758908,1379.797,1410.808,1.0471,1.8936,0.24292013302295715,0.0,Merge
19303549.828,E0,P143,0.6185282677489172,0.004871128871128871,6649.368,1322.930,2.4253,19.160,0.3156913605552884,0.0,Merge
19309589.471,E0,P110,0.6233993966200461,0.005527805527805527,6666.777,1379.890,1.7299,13.663,0.8836930415304087,0.0,Hit+Run
19326233.419,E0,P110,0.6233993966200461,0.005527805527805527,6666.777,1379.890,1.0052,7.9396,0.9075542449769451,0.0,Graze+Merge
19327550.2,P30,FRAG0173,0.011434436423576413,0.005665334665334666,1758.188,1391.241,11.279,23.480,0.6986017891358123,0.011573093573093574,Graze+Frag
19329009.586,P30,FRAG0179,0.005526677515817506,0.005786546786546787,1379.797,1401.093,1.3994,2.5217,0.838628226818403,0.0,Hit+Run
19331465.735,P30,FRAG0165,0.005526677515817506,0.005665334665334666,1379.797,1391.241,11.877,21.326,0.4627808661609399,0.011157322677322678,Fragment
19331652.113,P30,FRAG0181,0.005526677515817505,0.005665334665334666,1379.797,1391.241,1.0327,1.8542,0.16232683706527481,0.0,Merge
19340196.229,P30,FRAG0160,0.01119201218115217,0.005537795537795538,1745.674,1380.721,11.357,23.473,0.6027006411843525,0.011203463203463203,Graze+Frag
19347257.629,P30,FRAG0139,0.0055263445154845065,0.005537795537795538,1379.769,1380.721,9.8013,17.531,0.45249384064587017,0.011005308025308025,Fragment
19351670.015,P30,FRAG0178,0.005526344515484506,0.005907758907758908,1379.769,1410.808,19.017,34.392,0.6339691264776658,0.011412707292707292,Graze+Frag
19356032.557,P30,FRAG0182,0.005526344515484506,0.005601731601731602,1379.769,1386.015,3.8294,6.8626,0.9952973371637233,0.0,Hit+Run
19356163.437,P30,FRAG0184,0.005526344515484506,0.005537795537795538,1379.769,1380.721,4.2088,7.5280,0.418905432282452,0.010388404928404928,Fragment
19356662.431,P30,FRAG0179,0.005526344515484506,0.005786546786546787,1379.769,1401.093,7.4127,13.357,0.8850112595744852,0.0,Hit+Run
19357111.967,P30,FRAG0182,0.005526344515484506,0.005601731601731602,1379.769,1386.015,1.488,2.6666,0.48944224223915034,0.0,Merge
19370842.187,P30,FRAG0183,0.011128076117216107,0.005601731601731602,1742.343,1386.015,2.7233,5.6265,0.9331720697349402,0.0,Hit+Run
19391190.918,E0,FRAG0024,0.6289272021478516,0.0055571095571095575,6686.425,1382.325,2.6182,20.742,0.9956609897508032,0.0,Hit+Run
19391214.36,E0,FRAG0024,0.6289272021478516,0.0055571095571095575,6686.425,1382.325,1.0476,8.2996,0.8656408405274149,0.0,Hit+Run
19391225.183,E0,FRAG0024,0.6289272021478516,0.0055571095571095575,6686.425,1382.325,1.0487,8.3083,0.04798066692182397,0.0,Merge
19398692.625,P30,FRAG0186,0.011128076117216107,0.005537795537795538,1742.343,1380.721,2.5085,5.1771,0.48815846339632496,0.0,Merge
19403813.341,P30,FRAG0185,0.016665871655011644,0.005907758907758908,1993.440,1410.808,5.7236,13.167,0.9864582413167142,0.0,Hit+Run
19411522.193,P30,FRAG0179,0.016665871655011644,0.005786546786546787,1993.440,1401.093,2.5101,5.7675,0.5312851984567319,0.0,Merge
19418218.561,P30,FRAG0183,0.02245241844155843,0.005601731601731602,2201.649,1386.015,3.154,7.8797,0.37771516794222465,0.01108891108891109,Fragment
19418218.59,P30,FRAG0188,0.01696523895437894,0.005544455544455545,2005.305,1381.275,1.0832,2.4949,0.8431379108129704,0.0,Hit+Run
19418285.826,P30,FRAG0187,0.01696523895437894,0.005544455544455545,2005.305,1381.275,1.1374,2.6198,0.28748048015991096,0.0,Merge
19430408.967,P30,FRAG0185,0.022509694498834484,0.005907758907758908,2203.520,1410.808,3.7121,9.2994,0.5876535460733533,0.008669663669663671,Fragment
19441773.57,P30,FRAG0180,0.01974778973692972,0.005786546786546787,2109.437,1401.093,2.048,4.9347,0.08965256621710431,0.005751914751914751,Fragment
19441900.597,P30,FRAG0190,0.019782421771561753,0.005751914751914751,2110.670,1398.292,1.0508,2.5325,0.9675260956167089,0.0,Hit+Run
19464069.635,P30,FRAG0190,0.019782421771561753,0.005751914751914751,2110.670,1398.292,2.1813,5.2570,0.7980812083706865,0.0,Hit+Run
19480569.639,P30,FRAG0112,0.019782421771561753,0.005627372627372628,2110.670,1388.126,26.432,63.640,0.7664367329989183,0.025194079254079252,Graze+Frag
19492569.811,P30,FRAG0192,0.005526677515817497,0.006627705627705628,1379.797,1465.935,2.1578,3.9841,0.7753965927305646,0.0,Hit+Run
19492634.942,P30,FRAG0192,0.005526677515817497,0.006627705627705628,1379.797,1465.935,1.0913,2.0149,0.5281152881454044,0.0,Graze+Merge
19498317.15,P30,FRAG0190,0.012154383143523125,0.005751914751914751,1794.340,1398.292,3.3379,7.0625,0.735072878709887,0.0,Hit+Run
19502563.009,P30,FRAG0133,0.012154383143523125,0.006127539127539128,1794.340,1428.091,7.2693,15.469,0.7822878096977415,0.00795174825174825,Graze+Frag
19505165.409,P30,FRAG0194,0.010330207319347303,0.007951714951714952,1699.665,1557.689,1.0752,2.2757,0.9386016877997924,0.0,Hit+Run
19505196.198,P30,FRAG0194,0.010330207319347303,0.007951714951714952,1699.665,1557.689,1.0349,2.1904,0.7293625968459807,0.0,Graze+Merge
19505238.038,P30,FRAG0193,0.018281922271062255,0.006627705627705628,2055.895,1465.935,3.48,8.2686,0.19987859937022573,0.019383616383616385,Fragment
19529350.955,P30,FRAG0188,0.005526011515151499,0.005544455544455545,1379.741,1381.275,7.1958,12.873,0.974408558792435,0.0,Hit+Run
19538375.868,P30,FRAG0189,0.005526011515151499,0.008669663669663671,1379.741,1603.225,2.7034,5.2689,0.7472796520453241,0.0,Hit+Run
19538624.943,P30,FRAG0196,0.005526011515151499,0.006461205461205461,1379.741,1453.555,4.2245,7.7632,0.7774536963486763,0.0,Hit+Run
19553408.229,P30,FRAG0191,0.005526011515151499,0.006627705627705628,1379.741,1465.935,5.3334,9.8474,0.9484738781975711,0.0,Hit+Run
19618171.073,P30,FRAG0197,0.005526011515151499,0.006461205461205461,1379.741,1453.555,5.5379,10.176,0.5409305141898588,0.011446979686979688,Graze+Frag
19618797.581,P30,FRAG0198,0.005526011515151498,0.006461205461205461,1379.741,1453.555,1.4058,2.5834,0.45059687142588795,0.0,Merge
19633542.682,P30,FRAG0188,0.011987216976356959,0.005544455544455545,1786.076,1381.275,4.5334,9.5289,0.6584121605156226,0.008111222111222111,Graze+Frag
19635971.339,P30,FRAG0199,0.009420450409590391,0.008111222111222111,1648.229,1568.035,1.1055,2.3059,0.21938709910639698,0.0,Merge
19638054.334,P30,FRAG0189,0.017531672520812502,0.008669663669663671,2027.379,1603.225,7.0224,16.854,0.6329060188297889,0.020675324675324673,Graze+Frag
19638792.221,P30,FRAG0200,0.005526011515151502,0.006891774891774892,1379.741,1485.151,1.6533,3.0752,0.9392223911204562,0.0,Hit+Run
19638820.305,P30,FRAG0201,0.005526011515151502,0.006891774891774892,1379.741,1485.151,1.2872,2.3942,0.8890393467379564,0.0,Hit+Run
19638878.518,P30,FRAG0201,0.005526011515151502,0.006891774891774892,1379.741,1485.151,1.0003,1.8606,0.7171551956811976,0.0,Graze+Merge
19638966.829,P30,FRAG0202,0.012417786406926394,0.006891774891774892,1807.209,1485.151,1.4202,3.0728,0.6483723286144254,0.0,Hit+Run
19649099.737,P30,FRAG0202,0.012417786406926394,0.006891774891774892,1807.209,1485.151,1.9457,4.2098,0.23647036841101796,0.0061348651348651344,Fragment
19654577.126,P30,FRAG0203,0.013174696163836151,0.0061348651348651344,1843.206,1428.659,2.4282,5.2702,0.4665103047736115,0.0058561571761571755,Fragment
19659249.856,P30,FRAG0200,0.013453417442557429,0.006891774891774892,1856.114,1485.151,2.7019,5.9566,0.528014394115646,0.006582084582084582,Fragment
19660049.707,P30,FRAG0205,0.013763107752247738,0.006582084582084582,1870.248,1462.564,0.9744,2.1508,0.8472987804237728,0.0,Perfect
19667997.884,E11,FRAG0109,0.011346261202131204,0.005627372627372628,1753.657,1388.126,12.926,26.842,0.8249789623660108,0.011445887445887445,Graze+Frag
19673319.797,P30,FRAG0204,0.02034519233433232,0.005856143856143857,2130.497,1406.687,4.2127,10.243,0.6940468664517924,0.005927465867465868,Graze+Frag
19677600.564,P30,FRAG0191,0.02027393026307025,0.006627705627705628,2128.007,1465.935,2.627,6.4212,0.7572487024301122,0.0,Hit+Run
19680525.281,P30,FRAG0155,0.02027393026307025,0.005920745920745921,2128.007,1411.841,11.142,27.080,0.7934079123956865,0.01616849816849817,Graze+Frag
19680717.777,P30,FRAG0209,0.010026178015318,0.008084249084249085,1682.825,1566.295,1.3743,2.8988,0.7138145170776153,0.0,Hit+Run
19694494.433,P30,FRAG0195,0.010026178015318,0.006461205461205461,1682.825,1453.555,3.8476,7.8814,0.8919070401449636,0.0,Hit+Run
19694545.366,P30,FRAG0195,0.010026178015318,0.006461205461205461,1682.825,1453.555,1.0504,2.1516,0.9378893738635603,0.0,Hit+Run
19694716.014,P30,FRAG0191,0.010026178015318,0.006627705627705628,1682.825,1465.935,4.8426,9.9500,0.7126763290409228,0.007109890109890111,Graze+Frag
19694947.318,P30,FRAG0195,0.009543993533133517,0.006461205461205461,1655.403,1453.555,2.4751,5.0173,0.800290808665813,0.0,Hit+Run
19698609.116,P30,FRAG0211,0.009543993533133517,0.007109890109890111,1655.403,1500.657,1.8838,3.8661,0.6921509975773135,0.0,Hit+Run
19701848.114,P30,FRAG0195,0.009543993533133517,0.006461205461205461,1655.403,1453.555,2.3872,4.8391,0.8170633705240785,0.0,Hit+Run
19701885.851,P30,FRAG0195,0.009543993533133517,0.006461205461205461,1655.403,1453.555,1.0316,2.0911,0.7679703481960758,0.0,Graze+Merge
19711957.11,P30,FRAG0211,0.016005198994338977,0.007109890109890111,1966.742,1500.657,5.6655,13.068,0.7690795805268487,0.0,Hit+Run
19713275.196,P30,FRAG0211,0.016005198994338977,0.007109890109890111,1966.742,1500.657,1.7234,3.9754,0.5423658786782009,0.0,Merge
19737102.962,P30,FRAG0208,0.02311508910422909,0.005927405927405928,2223.100,1412.370,5.7256,14.458,0.2557304123305429,0.02351648351648352,Fragment
19740486.237,P30,FRAG0212,0.005526011515151495,0.00587912087912088,1379.741,1408.525,2.3867,4.3125,0.43011357134384975,0.0,Merge
19741481.123,P30,FRAG0213,0.011405132394272375,0.00587912087912088,1756.685,1408.525,1.3442,2.8063,0.7828800653358179,0.0,Hit+Run
19743113.139,P30,FRAG0214,0.011405132394272375,0.00587912087912088,1756.685,1408.525,1.315,2.7454,0.3506476855800154,0.0,Merge
19743188.562,P30,FRAG0190,0.017284253273393255,0.005751914751914751,2017.796,1398.292,2.8167,6.5348,0.6762632173570727,0.0,Hit+Run
19743191.409,P30,FRAG0190,0.017284253273393255,0.005751914751914751,2017.796,1398.292,1.0482,2.4318,0.4295975526105327,0.0,Merge
19744620.175,P30,FRAG0213,0.02303616802530801,0.00587912087912088,2220.567,1408.525,1.1922,3.0065,0.6987663650814655,0.0,Hit+Run
19755982.738,P30,FRAG0210,0.02303616802530801,0.008084249084249085,2220.567,1566.295,4.2155,10.796,0.5086320986109114,0.020977022977022978,Fragment
19757069.067,P30,FRAG0218,0.010143394132534116,0.006992340992340993,1689.357,1492.340,1.0183,2.1113,0.5412615848742327,0.0,Graze+Merge
19758366.953,P30,FRAG0217,0.01713573512487511,0.006992340992340993,2012.000,1492.340,1.1552,2.7081,0.7950187457605898,0.0,Hit+Run
19758368.296,P30,FRAG0217,0.01713573512487511,0.006992340992340993,2012.000,1492.340,1.0508,2.4634,0.4245229007116199,0.0,Merge
19763799.464,P30,FRAG0168,0.024128076117216103,0.006278055278055279,2255.111,1439.689,2.7387,7.0191,0.9641654987646471,0.0,Hit+Run
19764447.822,E11,FRAG0175,0.005527746383616387,0.005952713952713953,1379.886,1414.378,36.690,66.444,0.3270129417120618,0.01147959373959374,Fragment
19764460.849,P30,FRAG0168,0.024128076117216103,0.006278055278055279,2255.111,1439.689,1.2181,3.1219,0.8363587915156017,0.0,Hit+Run
19764544.307,E11,FRAG0219,0.005527746383616387,0.005952713952713953,1379.886,1414.378,1.0465,1.8951,0.7844458742217005,0.0,Graze+Merge
19765884.576,P30,FRAG0168,0.024128076117216103,0.006278055278055279,2255.111,1439.689,0.9872,2.5301,0.7651923060082535,0.0,Perfect
19808088.738,P30,FRAG0174,0.03040613139527138,0.005952713952713953,2435.833,1414.378,6.4616,17.740,0.8569866629628504,0.0,Hit+Run
19808186.799,P30,FRAG0174,0.03040613139527138,0.005952713952713953,2435.833,1414.378,1.0489,2.8797,0.6508695399794628,0.0,Graze+Merge
19813039.832,P30,FRAG0209,0.036358845347985336,0.008084249084249085,2585.416,1566.295,1.4634,4.2776,0.5806381340853828,0.0,Merge
19818706.525,P30,FRAG0213,0.04444309443223442,0.00587912087912088,2764.364,1408.525,5.2426,16.265,0.8786181161643777,0.0,Hit+Run
19819537.701,P30,FRAG0213,0.04444309443223442,0.00587912087912088,2764.364,1408.525,1.2464,3.8670,0.7618930071632742,0.0,Hit+Run
19822063.783,P30,FRAG0213,0.04444309443223442,0.00587912087912088,2764.364,1408.525,1.4786,4.5874,0.22265215173252456,0.0,Merge
19833921.114,P30,FRAG0171,0.0503222153113553,0.005920745920745921,2881.246,1411.841,14.427,46.653,0.8411349029822178,0.012513486513486514,Graze+Frag
19838441.405,P793,P564,0.0024355585714285716,0.0024355585714285716,1050.009,1050.009,23.599,32.111,0.9858,0.0,Hit+Run
19852479.209,P30,FRAG0215,0.04372947471861471,0.00587912087912088,2749.488,1408.525,4.0088,12.371,0.22866041214970634,0.016025108225108227,Fragment
19853115.739,P30,FRAG0223,0.03358395357309356,0.008012321012321013,2517.896,1561.636,1.0057,2.8691,0.647444990458205,0.0,Graze+Merge
19853349.666,P30,FRAG0222,0.041596274585414574,0.008012321012321013,2704.033,1561.636,1.1999,3.6558,0.9062318499784667,0.0,Hit+Run
19856306.874,P30,FRAG0222,0.041596274585414574,0.008012321012321013,2704.033,1561.636,1.5049,4.5851,0.7345067463416686,0.0,Hit+Run
19862497.729,P30,FRAG0196,0.041596274585414574,0.006461205461205461,2704.033,1453.555,2.6364,8.0080,0.26249535134496726,0.008244721944721945,Fragment
19862623.394,P30,FRAG0224,0.03981305780219779,0.008244422244422244,2664.827,1576.572,1.043,3.1366,0.8768409237412782,0.0,Hit+Run
19862649.427,P30,FRAG0224,0.03981305780219779,0.008244422244422244,2664.827,1576.572,1.048,3.1516,0.4770602704189973,0.0,Merge
19866549.75,P30,FRAG0222,0.04805748004662004,0.008012321012321013,2837.358,1561.636,4.5647,14.559,0.6007544025898519,0.01588145188145188,Fragment
19867283.323,P30,FRAG0226,0.040188349177489174,0.00794072594072594,2673.174,1556.971,1.261,3.8001,0.9920737182049956,0.0,Hit+Run
19869695.756,P30,FRAG0225,0.040188349177489174,0.00794072594072594,2673.174,1556.971,1.3447,4.0523,0.8544384192528023,0.0,Hit+Run
19869968.699,P30,FRAG0225,0.040188349177489174,0.00794072594072594,2673.174,1556.971,1.0652,3.2100,0.9866390828928335,0.0,Hit+Run
19872005.893,P30,FRAG0226,0.040188349177489174,0.00794072594072594,2673.174,1556.971,1.1495,3.4641,0.6644789570625854,0.0,Hit+Run
19879893.367,P30,FRAG0226,0.040188349177489174,0.00794072594072594,2673.174,1556.971,1.5731,4.7406,0.2381760522271882,0.0,Merge
19891516.384,P30,FRAG0216,0.04812907511821511,0.006992340992340993,2838.766,1492.340,1.5278,4.8695,0.7570293295494339,0.0,Hit+Run
19895379.589,P30,FRAG0220,0.04812907511821511,0.006256743256743257,2838.766,1438.058,3.2282,10.284,0.7909311255156053,0.0,Hit+Run
19907197.904,P30,FRAG0220,0.04812907511821511,0.006256743256743257,2838.766,1438.058,1.5179,4.8359,0.49071448564424885,0.0,Merge
19910743.852,P30,FRAG0221,0.05438581837495837,0.006256743256743257,2956.803,1438.058,2.1513,7.1396,0.6745356040081124,0.0,Hit+Run
19919290.577,P30,FRAG0216,0.05438581837495837,0.006992340992340993,2956.803,1492.340,1.2139,4.0281,0.32743756542746594,0.0,Merge
19923409.719,E11,FRAG0140,0.01148046033633034,0.005537795537795538,1760.544,1380.721,6.6629,13.855,0.36906088422243966,0.01149050949050949,Fragment
19923970.267,E11,FRAG0227,0.005527746383616389,0.005745254745254745,1379.886,1397.752,1.2186,2.1933,0.6177507471921079,0.0,Hit+Run
19958109.066,E11,FRAG0225,0.005527746383616389,0.00794072594072594,1379.886,1556.971,4.0129,7.6777,0.4390290021357548,0.012354092574092574,Fragment
19960459.285,E11,FRAG0229,0.005527746383616389,0.00794072594072594,1379.886,1556.971,1.0024,1.9178,0.4655286122817913,0.0,Merge
19971730.095,P30,FRAG0152,0.061378159367299366,0.005920745920745921,3078.447,1411.841,6.0844,21.044,0.75989568130412,0.0061794871794871795,Graze+Frag
19990696.501,P30,FRAG0221,0.06111941810855811,0.006256743256743257,3074.116,1438.058,1.1721,4.0465,0.8915408710460009,0.0,Hit+Run
20022897.748,E11,FRAG0107,0.01346847232434233,0.005627372627372628,1856.806,1388.126,27.323,59.218,0.31174392001929024,0.01909138195138195,Fragment
20033494.662,P30,FRAG0221,0.06111941810855811,0.006256743256743257,3074.116,1438.058,1.2198,4.2112,0.8012013329895284,0.0,Hit+Run
20033984.838,P30,FRAG0221,0.06111941810855811,0.006256743256743257,3074.116,1438.058,1.0261,3.5424,0.5006145743883551,0.0,Merge
20034072.009,P30,FRAG0230,0.06737616136530136,0.0061794871794871795,3175.625,1432.115,1.6635,5.9380,0.2534854048854432,0.0,Merge
20044969.642,P30,FRAG0088,0.07355564854478855,0.005627372627372628,3269.885,1388.126,15.942,58.726,0.8079923549469002,0.02212853812853813,Graze+Frag
20044974.665,P30,FRAG0236,0.05705448304362305,0.005532134532134533,3004.395,1380.251,1.0968,3.7021,0.27387769237893045,0.0,Merge
20046033.221,P30,FRAG0233,0.06258661757575759,0.005532134532134533,3098.520,1380.251,1.0108,3.5218,0.4251948612384113,0.0,Merge
20046311.902,P623,FRAG0048,0.0024355585714285716,0.005731268731268732,1050.009,1396.617,19.012,31.034,0.1881464880426811,0.0,Fragment
20047044.264,P30,FRAG0234,0.06811875210789213,0.005532134532134533,3187.249,1380.251,1.1245,4.0342,0.8130887117560918,0.0,Hit+Run
20050639.263,P30,FRAG0234,0.06811875210789213,0.005532134532134533,3187.249,1380.251,1.3885,4.9814,0.643102091275673,0.0,Merge
20059531.16,P30,FRAG0235,0.07365088664002667,0.005532134532134533,3271.296,1380.251,1.3137,4.8425,0.7908980438200893,0.0,Hit+Run
20069183.678,E11,FRAG0231,0.0055274133832833895,0.006784215784215784,1379.858,1477.385,4.3677,8.1001,0.946501178625781,0.0,Hit+Run
20075763.72,P30,FRAG0235,0.07365088664002667,0.005532134532134533,3271.296,1380.251,1.0381,3.8266,0.5322351409950592,0.0,Merge
20082348.38,E11,FRAG0231,0.0055274133832833895,0.006784215784215784,1379.858,1477.385,1.5449,2.8651,0.775639340267803,0.0,Hit+Run
20086609.537,E11,FRAG0232,0.0055274133832833895,0.006784215784215784,1379.858,1477.385,1.1142,2.0663,0.2948308431813048,0.0,Merge
20098038.058,E11,FRAG0147,0.012311629167499174,0.005537795537795538,1802.045,1380.721,10.255,21.697,0.9727114085444027,0.0,Hit+Run
20115070.161,P616,FRAG0013,0.0024355585714285716,0.005827505827505828,1050.009,1404.391,27.933,45.791,0.8502663467149246,0.008135824175824176,Graze+Frag
20184169.907,E11,FRAG0147,0.012311629167499174,0.005537795537795538,1802.045,1380.721,12.172,25.753,0.4861858477980668,0.01776857808857809,Fragment
20193859.33,E11,FRAG0238,0.005527746383616387,0.006160839160839162,1379.886,1430.673,1.8456,3.3626,0.9069594927865544,0.0,Hit+Run
20227394.733,E11,FRAG0237,0.005527746383616387,0.006160839160839162,1379.886,1430.673,4.4986,8.1963,0.8231026848138682,0.0,Hit+Run
20228668.798,P30,FRAG0237,0.07918302117216121,0.006160839160839162,3351.232,1430.673,1.7537,6.6190,0.7138504013326495,0.0,Hit+Run
20236441.533,E11,FRAG0100,0.005527746383616387,0.005627372627372628,1379.886,1388.126,27.965,50.156,0.22677286619039322,0.011154005994005994,Fragment
20244968.953,P30,FRAG0237,0.07918302117216121,0.006160839160839162,3351.232,1430.673,1.3206,4.9844,0.951496848507106,0.0,Hit+Run
20245097.249,P30,FRAG0237,0.07918302117216121,0.006160839160839162,3351.232,1430.673,1.0072,3.8015,0.5291855861440051,0.0,Merge
20284493.734,P30,FRAG0239,0.08534386033300037,0.005627372627372628,3435.985,1388.126,12.673,49.170,0.8657427875461038,0.0,Hit+Run
20293558.507,P30,FRAG0239,0.08534386033300037,0.005627372627372628,3435.985,1388.126,2.0088,7.7935,0.9267828178979762,0.0,Hit+Run
20295765.385,P616,FRAG0113,0.008263070263070263,0.005627372627372628,1577.760,1388.126,14.830,28.673,0.7612478182908731,0.01361111555111555,Graze+Frag
20300504.136,P30,FRAG0239,0.08534386033300037,0.005627372627372628,3435.985,1388.126,1.1916,4.6230,0.7999306661398841,0.0,Hit+Run
20300700.543,P30,FRAG0239,0.08534386033300037,0.005627372627372628,3435.985,1388.126,1.0273,3.9856,0.5828361357868997,0.0,Merge
20388592.143,P30,FRAG0228,0.090971232960373,0.005745254745254745,3509.903,1397.752,7.1426,28.328,0.911794971989968,0.0,Hit+Run
20392876.955,P30,FRAG0228,0.090971232960373,0.005745254745254745,3509.903,1397.752,1.2556,4.9799,0.4638718478568462,0.0,Merge
20395036.74,P30,E11,0.09671648770562774,0.005527746383616387,3582.289,1379.886,8.2743,33.556,0.4455684962781467,0.03596003996003996,Fragment
20395360.322,P30,FRAG0245,0.06628419412920417,0.005993339993339994,3158.376,1417.588,1.2248,4.3489,0.9419294767266276,0.0,Hit+Run
20396108.305,P30,FRAG0246,0.06628419412920417,0.005993339993339994,3158.376,1417.588,1.26,4.4739,0.8613129581645479,0.0,Hit+Run
20397603.656,P30,FRAG0241,0.06628419412920417,0.005993339993339994,3158.376,1417.588,1.1552,4.1018,0.7668922412185505,0.0,Hit+Run
20397685.078,P30,FRAG0241,0.06628419412920417,0.005993339993339994,3158.376,1417.588,1.0851,3.8528,0.9694688525025436,0.0,Hit+Run
20397735.798,P30,FRAG0241,0.06628419412920417,0.005993339993339994,3158.376,1417.588,1.0502,3.7289,0.15785100852009945,0.0,Merge
20398153.279,P30,FRAG0245,0.07227753412254416,0.005993339993339994,3250.835,1417.588,1.0107,3.6973,0.5278297975377064,0.0,Merge
20398472.139,P30,FRAG0246,0.07827087411588415,0.005993339993339994,3338.314,1417.588,1.1605,4.3642,0.6008527203862244,0.0,Merge
20433389.482,P30,FRAG0244,0.08426421410922415,0.005993339993339994,3421.434,1417.588,2.1975,8.4790,0.6241843556445866,0.0,Merge
20471364.0,P30,FRAG0243,0.09025755410256414,0.005993339993339994,3500.701,1417.588,1.359,5.3712,0.7762586206613246,0.0,Hit+Run
20471365.949,P30,FRAG0243,0.09025755410256414,0.005993339993339994,3500.701,1417.588,1.05,4.1499,0.41240073795266036,0.0,Merge
20480688.708,P30,FRAG0242,0.09625089409590414,0.005993339993339994,3576.531,1417.588,4.2118,17.026,0.6407380878063622,0.00640959040959041,Fragment
20481556.594,P30,FRAG0247,0.09583464367965372,0.00640959040959041,3571.368,1449.674,1.05,4.2332,0.9176936736165263,0.0,Hit+Run
20481565.015,P30,FRAG0247,0.09583464367965372,0.00640959040959041,3571.368,1449.674,1.0484,4.2267,0.49725596591638005,0.0,Merge
20536800.701,P845,FRAG0050,0.0024355585714285716,0.005731268731268732,1050.009,1396.617,7.1684,11.700,0.6149523328384073,0.0,Graze+Frag
20575412.081,P30,FRAG0238,0.10224423408924413,0.006160839160839162,3649.276,1430.673,4.4391,18.320,0.3549459370958263,0.012007499167499169,Fragment
20575972.64,P30,FRAG0249,0.09639774724275729,0.006003663003663003,3578.349,1418.401,0.991,4.0081,0.7969152751797415,0.0,Perfect
20673843.735,P30,FRAG0231,0.1024014102464203,0.006784215784215784,3651.145,1477.385,2.9852,12.306,0.9010163170821759,0.0,Hit+Run
20676521.807,P30,FRAG0231,0.1024014102464203,0.006784215784215784,3651.145,1477.385,1.2836,5.2914,0.5989451861261336,0.0,Merge
20685112.137,P30,FRAG0248,0.10918562603063608,0.006003663003663003,3730.058,1418.401,1.3866,5.8597,0.15583991052696772,0.0,Merge
20724921.528,E10,P198,0.25853111714285715,0.0024355585714285716,4971.622,1050.009,3.5958,21.148,0.6216145934244044,0.0,Merge
20770004.287,P256,P847,0.0024355585714285716,0.0024355585714285716,1050.009,1050.009,10.837,14.746,0.58035,0.0,Graze+Frag
20816075.366,P30,FRAG0116,0.11518928903429909,0.005627372627372628,3797.209,1388.126,17.644,76.091,0.9604083785296706,0.0,Hit+Run
20817472.96,P30,FRAG0116,0.11518928903429909,0.005627372627372628,3797.209,1388.126,1.025,4.4203,0.9548429163285074,0.0,Hit+Run
20817601.075,P30,FRAG0116,0.11518928903429909,0.005627372627372628,3797.209,1388.126,1.0452,4.5074,0.987723081174853,0.0,Hit+Run
20820205.155,P30,FRAG0116,0.11518928903429909,0.005627372627372628,3797.209,1388.126,1.0597,4.5699,0.8118984134775796,0.0,Hit+Run
20820914.607,P30,FRAG0116,0.11518928903429909,0.005627372627372628,3797.209,1388.126,1.0471,4.5156,0.553177650889297,0.0,Merge
20919123.819,P30,FRAG0095,0.12081666166167172,0.005627372627372628,3858.064,1388.126,15.716,68.936,0.1655392056710836,0.11263403263403257,Fragment
20919199.309,P30,FRAG0253,0.013810001655011783,0.005631701631701631,1872.370,1388.482,1.4401,3.1416,0.7308947608665417,0.0,Hit+Run
20919262.068,P30,FRAG0255,0.013810001655011783,0.005631701631701631,1872.370,1388.482,1.0301,2.2471,0.9681527663579828,0.0,Graze+Merge
20920023.039,P30,FRAG0267,0.019441703286713415,0.005631701631701631,2098.482,1388.482,1.795,4.3003,0.9290105537391258,0.0,Hit+Run
20920717.101,P30,FRAG0259,0.019441703286713415,0.005631701631701631,2098.482,1388.482,1.3999,3.3538,0.7894513470201369,0.0,Hit+Run
20926111.388,P30,FRAG0269,0.019441703286713415,0.005631701631701631,2098.482,1388.482,1.4084,3.3741,0.6184175973455501,0.0,Hit+Run
20926519.038,P30,FRAG0269,0.019441703286713415,0.005631701631701631,2098.482,1388.482,1.2217,2.9268,0.5911557083228239,0.0,Merge
20929928.268,P30,FRAG0252,0.025073404918415046,0.005631701631701631,2284.186,1388.482,1.4289,3.6912,0.7252464223322745,0.0,Hit+Run
20929970.663,P30,FRAG0252,0.025073404918415046,0.005631701631701631,2284.186,1388.482,1.1359,2.9343,0.9587855970049176,0.0,Hit+Run
20933451.379,P30,FRAG0263,0.025073404918415046,0.005631701631701631,2284.186,1388.482,1.1688,3.0193,0.7319633945998233,0.0,Hit+Run
20933521.093,P30,FRAG0263,0.025073404918415046,0.005631701631701631,2284.186,1388.482,1.0844,2.8013,0.244485351701241,0.0,Merge
20935134.823,P30,FRAG0260,0.030705106550116677,0.005631701631701631,2443.790,1388.482,1.7085,4.7002,0.7261979620097746,0.0,Hit+Run
20935175.818,P30,FRAG0260,0.030705106550116677,0.005631701631701631,2443.790,1388.482,1.1885,3.2696,0.7886275198608079,0.0,Hit+Run
20935620.81,P30,FRAG0260,0.030705106550116677,0.005631701631701631,2443.790,1388.482,1.1218,3.0861,0.9225417910428002,0.0,Hit+Run
20935872.529,P30,FRAG0260,0.030705106550116677,0.005631701631701631,2443.790,1388.482,1.1947,3.2867,0.8573064103670011,0.0,Hit+Run
20936225.864,P30,FRAG0260,0.030705106550116677,0.005631701631701631,2443.790,1388.482,1.1024,3.0327,0.4019978883482278,0.0,Merge
20938025.98,P30,FRAG0253,0.03633680818181831,0.005631701631701631,2584.894,1388.482,1.1474,3.3316,0.6422914999001803,0.0,Merge
20938598.355,P30,FRAG0252,0.04196850981351994,0.005631701631701631,2712.075,1388.482,2.2386,6.8142,0.6158880290981742,0.0,Merge
20939701.454,P30,FRAG0257,0.04760021144522157,0.005631701631701631,2828.330,1388.482,1.6637,5.2811,0.4120946936200166,0.0,Merge
20939944.921,P30,FRAG0256,0.0532319130769232,0.005631701631701631,2935.741,1388.482,1.0223,3.3698,0.916862568153131,0.0,Graze+Merge
20940941.623,P30,FRAG0268,0.058863614708624834,0.005631701631701631,3035.821,1388.482,1.0528,3.5912,0.20688002982891157,0.0,Merge
20946107.547,P30,FRAG0267,0.06449531634032646,0.005631701631701631,3129.703,1388.482,1.4692,5.1712,0.77643656224479,0.0,Hit+Run
20946434.805,P30,FRAG0267,0.06449531634032646,0.005631701631701631,3129.703,1388.482,1.1635,4.0952,0.6587484795207379,0.0,Merge
20947218.399,P30,FRAG0264,0.07012701797202808,0.005631701631701631,3218.268,1388.482,0.9857,3.5712,0.955053791856071,0.0,Perfect
20948470.137,P30,FRAG0258,0.07575871960372971,0.005631701631701631,3302.210,1388.482,1.1941,4.4439,0.4104273511256638,0.0,Merge
20952876.636,P30,FRAG0261,0.08139042123543133,0.005631701631701631,3382.088,1388.482,1.1835,4.5160,0.9510542258103374,0.0,Hit+Run
20952880.963,P30,FRAG0261,0.08139042123543133,0.005631701631701631,3382.088,1388.482,1.0535,4.0199,0.6739972064687945,0.0,Merge
20953286.34,P30,FRAG0259,0.08702212286713296,0.005631701631701631,3458.361,1388.482,1.2015,4.6933,0.7817418810465281,0.0,Hit+Run
20954214.995,P30,FRAG0259,0.08702212286713296,0.005631701631701631,3458.361,1388.482,1.0411,4.0667,0.2819151307059906,0.0,Merge
20980082.891,P30,FRAG0250,0.09265382449883458,0.005631701631701631,3531.411,1388.482,1.8338,7.3227,0.15633292476530858,0.0,Merge
20995960.402,P30,FRAG0266,0.0982855261305362,0.005631701631701631,3601.557,1388.482,1.0274,4.1887,0.9287469222272757,0.0,Hit+Run
20996157.929,P30,FRAG0266,0.0982855261305362,0.005631701631701631,3601.557,1388.482,1.0572,4.3102,0.945274979826751,0.0,Hit+Run
20997088.509,P30,FRAG0266,0.0982855261305362,0.005631701631701631,3601.557,1388.482,1.092,4.4521,0.6419959491149843,0.0,Merge
21025361.402,P30,FRAG0251,0.10391722776223783,0.005631701631701631,3669.073,1388.482,1.0542,4.3834,0.5410508484196049,0.0,Merge
21038897.563,P30,FRAG0265,0.10954892939393945,0.005631701631701631,3734.191,1388.482,1.5235,6.4541,0.6301074623201223,0.0,Merge
21411650.109,P30,FRAG0262,0.11518063102564108,0.005631701631701631,3797.114,1388.482,1.2353,5.3270,0.9894792806419941,0.0,Hit+Run
21412216.009,P30,FRAG0262,0.11518063102564108,0.005631701631701631,3797.114,1388.482,1.0629,4.5835,0.8636800203635255,0.0,Hit+Run
21413420.069,P30,FRAG0262,0.11518063102564108,0.005631701631701631,3797.114,1388.482,1.0651,4.5930,0.6604827285866046,0.0,Merge
21449341.852,E1,P175,0.2770467364502165,0.0024355585714285716,5087.583,1050.009,5.4533,32.877,0.32825293766669145,0.0,Merge
21474669.338,E3,P845,0.5152639165867464,0.008166833166833167,6256.581,1571.611,2.7383,20.004,0.9622014737744419,0.0,Hit+Run
21594737.096,P528,P661,0.0024355585714285716,0.0024355585714285716,1050.009,1050.009,13.283,18.075,0.6081,0.0,Graze+Frag
21862854.837,P30,FRAG0118,0.1208123326573427,0.005627372627372628,3858.018,1388.126,7.4737,32.780,0.9691109542989641,0.0,Hit+Run
21868002.233,P30,FRAG0118,0.1208123326573427,0.005627372627372628,3858.018,1388.126,1.0342,4.5361,0.8300466945797852,0.0,Graze+Merge
21936020.258,P30,FRAG0254,0.12643970528471532,0.005631701631701631,3917.012,1388.482,1.0477,4.6702,0.6590008086136057,0.0,Merge
22151681.705,P616,FRAG0227,0.005527805527805527,0.005745254745254745,1379.890,1397.752,16.015,28.825,0.407214472265851,0.005745254745254745,Fragment
22166341.544,P616,FRAG0270,0.005527805527805527,0.005745254745254745,1379.890,1397.752,1.4412,2.5939,0.8972429649376032,0.0,Hit+Run
22176372.299,E15,FRAG0069,0.15747934304695307,0.007714285714285714,4214.393,1542.028,2.2505,10.771,0.9284017408361324,0.0,Hit+Run
22178294.224,P304,P754,0.0024355585714285716,0.0024355585714285716,1050.009,1050.009,21.970,29.895,0.9852,0.0,Hit+Run
22379955.201,P30,FRAG0270,0.13207140691641694,0.005745254745254745,3974.325,1397.752,7.5394,34.117,0.8341375616244663,0.0,Hit+Run
22457170.43,P30,FRAG0270,0.13207140691641694,0.005745254745254745,3974.325,1397.752,1.2957,5.8632,0.2784650804394227,0.0,Merge
22468252.432,E1,FRAG0060,0.27948229502164507,0.0056999666999667,5102.448,1394.070,3.6106,21.372,0.8483242950170864,0.0,Hit+Run
22774690.393,E5,P291,0.0832422342857143,0.0024355585714285716,3407.546,1050.009,7.3322,28.719,0.4774709138952764,0.007243090243090244,Fragment
22845576.445,E0,E9,0.6344843117049611,0.07894000000000001,6706.060,3347.800,4.4784,33.704,0.5282746615239101,0.18812946386946386,Fragment
22849497.459,E0,FRAG0290,0.525297771578421,0.005533133533133534,6296.932,1380.334,1.0896,8.0946,0.967677859004233,0.0,Hit+Run
22863857.586,E0,FRAG0281,0.525297771578421,0.005533133533133534,6296.932,1380.334,1.1752,8.7305,0.6578044100028776,0.0,Merge
22871681.412,E0,FRAG0291,0.5308309051115545,0.005533133533133534,6318.964,1380.334,1.19,8.8737,0.9336504975328667,0.0,Hit+Run
22872752.97,E0,FRAG0304,0.5308309051115545,0.005533133533133534,6318.964,1380.334,1.2496,9.3182,0.33386869057346186,0.0,Merge
22877111.978,E0,FRAG0298,0.5363640386446881,0.005533133533133534,6340.844,1380.334,1.1518,8.6208,0.6348909967600085,0.0,Merge
22884599.738,E0,FRAG0276,0.5418971721778216,0.005533133533133534,6362.573,1380.334,1.1191,8.4069,0.34323629689654933,0.0,Merge
22888200.194,E0,FRAG0291,0.5474303057109552,0.005533133533133534,6384.155,1380.334,1.0054,7.5803,0.9904519261087346,0.0,Graze+Merge
22925486.918,E0,FRAG0305,0.5529634392440888,0.005533133533133534,6405.592,1380.334,1.0415,7.8808,0.7563211785578237,0.0,Merge
22987293.266,E0,FRAG0274,0.5584965727772223,0.005533133533133534,6426.887,1380.334,1.1432,8.6812,0.9805931863662851,0.0,Hit+Run
22998779.908,E0,FRAG0292,0.5584965727772223,0.005533133533133534,6426.887,1380.334,1.0265,7.7950,0.6468688094750057,0.0,Merge
22999194.334,P30,FRAG0207,0.1378166616616717,0.0057229437229437225,4031.138,1395.940,20.633,94.804,0.9548466774393637,0.0,Hit+Run
23003367.249,P30,FRAG0207,0.1378166616616717,0.0057229437229437225,4031.138,1395.940,1.0506,4.8272,0.9002521766289451,0.0,Hit+Run
23003395.986,P30,FRAG0207,0.1378166616616717,0.0057229437229437225,4031.138,1395.940,1.0544,4.8446,0.7352059442469718,0.0,Merge
23018063.261,E0,FRAG0274,0.5640297063103559,0.005533133533133534,6448.041,1380.334,1.1081,8.4444,0.9525807628108314,0.0,Hit+Run
23021775.226,E0,FRAG0274,0.5640297063103559,0.005533133533133534,6448.041,1380.334,1.0168,7.7486,0.4661179884778638,0.0,Merge
23035646.772,E0,FRAG0287,0.5695628398434894,0.005533133533133534,6469.058,1380.334,1.2003,9.1790,0.3412795395961409,0.0,Merge
23081997.363,E10,FRAG0067,0.2609666757142857,0.00733999333999334,4987.185,1516.674,2.2132,12.700,0.9277560879692124,0.0,Hit+Run
23115932.819,E0,FRAG0288,0.575095973376623,0.005533133533133534,6489.939,1380.334,0.9962,7.6446,0.5775597881881551,0.0,Perfect
23205854.881,E0,FRAG0277,0.5806291069097566,0.005533133533133534,6510.686,1380.334,1.0736,8.2668,0.8768075574741561,0.0,Hit+Run
23258914.8,E10,P373,0.2609666757142857,0.0024355585714285716,4987.185,1050.009,2.6765,15.794,0.3983341133853792,0.0,Merge
23268811.557,E0,FRAG0290,0.5806291069097566,0.005533133533133534,6510.686,1380.334,0.9993,7.6947,0.468725297262697,0.0,Perfect
23280133.562,E0,FRAG0296,0.5861622404428901,0.005533133533133534,6531.302,1380.334,1.156,8.9316,0.828007741980496,0.0,Hit+Run
23404158.158,P278,FRAG0303,0.0024355585714285716,0.005533133533133534,1050.009,1380.334,20.503,33.169,0.8417035591409148,0.007722344322344322,Graze+Frag
23414810.392,E0,FRAG0286,0.5861622404428901,0.005533133533133534,6531.302,1380.334,1.0563,8.1613,0.8708528085894569,0.0,Hit+Run
23414823.271,E0,FRAG0286,0.5861622404428901,0.005533133533133534,6531.302,1380.334,1.0488,8.1033,0.5124071838956071,0.0,Merge
23438248.237,E0,P278,0.5916953739760237,0.00796869796869797,6551.789,1558.797,1.844,14.165,0.6215267670859868,0.0,Merge
23737024.643,E3,E1,0.5152639165867464,0.27948229502164507,6256.581,5102.448,1.0876,8.1277,0.3755371073033957,0.06436630036630035,Fragment
23737127.577,E3,FRAG0311,0.7303799112420911,0.0058514818514818516,7028.189,1406.314,1.0449,8.7218,0.09699221800831784,0.0,Merge
23762064.883,E3,FRAG0313,0.736231393093573,0.0058514818514818516,7046.908,1406.314,1.0996,9.2046,0.8784852968680866,0.0,Hit+Run
23807073.967,E3,FRAG0295,0.736231393093573,0.005533133533133534,7046.908,1380.334,1.342,11.248,0.42161492257273775,0.0,Merge
24251657.665,E0,FRAG0299,0.5996640719447216,0.005533133533133534,6581.070,1380.334,2.0341,15.844,0.9374717564522255,0.0,Hit+Run
24489439.982,P423,FRAG0156,0.0024355585714285716,0.005920745920745921,1050.009,1411.841,28.012,46.109,0.6869406488533113,0.008345880785880786,Graze+Frag
24825650.766,E0,FRAG0300,0.5996640719447216,0.005533133533133534,6581.070,1380.334,1.88,14.644,0.5321790995537807,0.0,Merge
24838321.655,E0,FRAG0282,0.6051972054778552,0.005533133533133534,6601.249,1380.334,2.1153,16.531,0.6754599984128958,0.0,Merge
25272559.237,FRAG0076,P415,0.005897435897435898,0.0024355585714285716,1409.986,1050.009,8.6674,14.252,0.6503715473793673,0.0,Graze+Frag
25306808.067,P552,P730,0.0024355585714285716,0.0024355585714285716,1050.009,1050.009,20.286,27.603,0.969,0.0,Hit+Run
25344140.218,E0,FRAG0299,0.6107303390109887,0.005533133533133534,6621.306,1380.334,1.2115,9.4989,0.9286133239510939,0.0,Hit+Run
25445583.391,E0,FRAG0272,0.6107303390109887,0.005533133533133534,6621.306,1380.334,2.5979,20.369,0.8631585797659826,0.0,Hit+Run
25452780.083,E0,FRAG0272,0.6107303390109887,0.005533133533133534,6621.306,1380.334,1.1029,8.6474,0.6968323650857386,0.0,Merge
25691862.75,E5,P13,0.07843470261405262,0.0024355585714285716,3340.642,1050.009,7.4385,28.521,0.877339951101155,0.0,Hit+Run
25902857.357,E0,FRAG0299,0.6162634725441223,0.005533133533133534,6641.242,1380.334,1.1447,9.0041,0.48913651499748345,0.0,Merge
25919949.846,E3,FRAG0271,0.7417645266267066,0.007243090243090244,7064.518,1509.970,3.5559,29.692,0.593784467027873,0.0,Merge
26110285.844,P30,FRAG0103,0.1435396053846154,0.005627372627372628,4086.182,1388.126,15.754,73.474,0.2941676295044499,0.09852980352980352,Fragment
26111013.815,P30,FRAG0328,0.05063717448218451,0.005795870795870796,2887.245,1401.845,1.1566,3.7482,0.4847426946528059,0.0,Merge
26111341.493,P30,FRAG0320,0.0564330452780553,0.005795870795870796,2993.447,1401.845,1.0001,3.3620,0.16733585371281734,0.0,Merge
26111635.266,P30,FRAG0333,0.0622289160739261,0.005795870795870796,3092.606,1401.845,1.1961,4.1573,0.9218398442148317,0.0,Hit+Run
26111705.146,P30,FRAG0326,0.0622289160739261,0.005795870795870796,3092.606,1401.845,1.7244,5.9936,0.8952105973900844,0.0,Hit+Run
26112386.949,P30,FRAG0324,0.0622289160739261,0.005795870795870796,3092.606,1401.845,1.2137,4.2185,0.6349045489714303,0.0,Merge
26114911.617,P30,FRAG0331,0.06802478686979689,0.005795870795870796,3185.783,1401.845,1.1137,3.9913,0.3588115781946638,0.0,Merge
26114994.875,P30,FRAG0323,0.07382065766566769,0.005795870795870796,3273.807,1401.845,1.038,3.8267,0.6875786444455964,0.0,Merge
26115144.229,P30,FRAG0333,0.07961652846153848,0.005795870795870796,3357.336,1401.845,1.3291,5.0304,0.8751739313221935,0.0,Hit+Run
26115284.483,P30,FRAG0333,0.07961652846153848,0.005795870795870796,3357.336,1401.845,1.0035,3.7981,0.9711143268242235,0.0,Graze+Merge
26117016.373,P30,FRAG0318,0.08541239925740927,0.005795870795870796,3436.904,1401.845,1.1072,4.2947,0.27630192425061356,0.0,Merge
26129750.67,P30,FRAG0325,0.09120827005328007,0.005795870795870796,3512.949,1401.845,2.0038,7.9534,0.9272715635982498,0.0,Hit+Run
26130672.443,P30,FRAG0325,0.09120827005328007,0.005795870795870796,3512.949,1401.845,1.0839,4.3021,0.6633068766046218,0.0,Merge
26133077.86,P30,FRAG0319,0.09700414084915086,0.005795870795870796,3585.837,1401.845,1.5001,6.0844,0.8511513697721366,0.0,Hit+Run
26133095.585,P30,FRAG0319,0.09700414084915086,0.005795870795870796,3585.837,1401.845,1.0546,4.2775,0.6791812644849543,0.0,Merge
26137263.751,P30,FRAG0321,0.10280001164502166,0.005795870795870796,3655.877,1401.845,1.3533,5.6024,0.39827972202592,0.0,Merge
26139790.228,P30,FRAG0326,0.10859588244089245,0.005795870795870796,3723.330,1401.845,1.1566,4.8818,0.9872117940305325,0.0,Hit+Run
26139794.099,P30,FRAG0326,0.10859588244089245,0.005795870795870796,3723.330,1401.845,1.048,4.4234,0.819031993958365,0.0,Graze+Merge
26140636.71,P30,FRAG0327,0.11439175323676325,0.005795870795870796,3788.425,1401.845,1.3087,5.6264,0.843263903248012,0.0,Hit+Run
26143234.431,P30,FRAG0322,0.11439175323676325,0.005795870795870796,3788.425,1401.845,1.7557,7.5481,0.6137075130710019,0.0,Merge
26145132.188,P30,FRAG0327,0.12018762403263404,0.005795870795870796,3851.356,1401.845,1.3441,5.8807,0.9014013079353114,0.0,Hit+Run
26170503.946,P30,FRAG0329,0.12018762403263404,0.005795870795870796,3851.356,1401.845,1.5649,6.8468,0.9280144575717911,0.0,Hit+Run
26170538.951,P30,FRAG0329,0.12018762403263404,0.005795870795870796,3851.356,1401.845,1.0533,4.6084,0.42038512400984757,0.0,Merge
26213617.55,P30,FRAG0330,0.12598349482850485,0.005795870795870796,3912.296,1401.845,2.3172,10.309,0.47750240319822007,0.0,Merge
26325814.004,FRAG0283,P120,0.005533133533133534,0.0024355585714285716,1380.334,1050.009,29.927,48.415,0.7948009030583122,0.0,Graze+Frag
26328715.405,P30,FRAG0332,0.13177936562437564,0.005795870795870796,3971.394,1401.845,2.1522,9.7295,0.39364791926664683,0.0,Merge
26330605.518,FRAG0078,FRAG0293,0.005897435897435898,0.005533133533133534,1409.986,1380.334,17.801,32.189,0.9474121194233852,0.0,Hit+Run
26512052.883,P30,FRAG0317,0.13757523642024644,0.005795870795870796,4028.783,1401.845,6.3001,28.920,0.9242131476214268,0.0,Hit+Run
26513074.836,P30,FRAG0317,0.13757523642024644,0.005795870795870796,4028.783,1401.845,1.0402,4.7750,0.847578681295136,0.0,Hit+Run
26517336.941,P30,FRAG0317,0.13757523642024644,0.005795870795870796,4028.783,1401.845,1.1251,5.1648,0.847949612884324,0.0,Hit+Run
26519471.543,P30,FRAG0317,0.13757523642024644,0.005795870795870796,4028.783,1401.845,1.1233,5.1565,0.31247277073217616,0.0,Merge
26630439.128,E0,FRAG0280,0.6217966060772558,0.005533133533133534,6661.059,1380.334,3.6568,28.856,0.8721659218870539,0.0,Hit+Run
27147456.191,E3,FRAG0284,0.7490076168697968,0.005533133533133534,7087.437,1380.334,1.8114,15.276,0.867707209193126,0.0,Hit+Run
27346448.721,FRAG0047,FRAG0312,0.005731268731268732,0.0058514818514818516,1396.617,1406.314,9.6147,17.461,0.8288226050742276,0.006211042291042291,Graze+Frag
27355788.469,E0,P458,0.6217966060772558,0.0024355585714285716,6661.059,1050.009,3.0596,24.594,0.5004172019245096,0.0,Merge
27601920.292,P30,FRAG0327,0.14337110721611723,0.005795870795870796,4084.583,1401.845,1.3567,6.3202,0.5155583183402144,0.0,Merge
27652006.616,E0,FRAG0078,0.6242321646486844,0.005897435897435898,6669.745,1409.986,3.3254,26.237,0.3188045975213205,0.0,Merge
27840641.489,P708,FRAG0302,0.0024355585714285716,0.005533133533133534,1050.009,1380.334,23.263,37.635,0.9176132785439836,0.0,Hit+Run
27853705.137,E0,FRAG0301,0.6301296005461202,0.005533133533133534,6690.683,1380.334,2.2529,17.862,0.7350534087334052,0.0,Merge
27990319.809,E5,FRAG0334,0.07843470261405262,0.006054945054945055,3340.642,1422.428,4.6848,17.628,0.299902841942616,0.01575957375957376,Fragment
28032306.462,P423,P616,0.008356310356310357,0.005527805527805527,1583.672,1379.890,31.855,61.602,0.31624677321672046,0.013882530802530803,Fragment
28032511.419,P423,FRAG0337,0.005527805527805527,0.008356310356310357,1379.890,1583.672,1.006,1.9453,0.13931315554842388,0.0,Merge
28166140.907,E10,FRAG0307,0.2634022342857143,0.0058514818514818516,5002.652,1406.314,1.6551,9.5844,0.2342492950507675,0.0,Merge
28179962.265,FRAG0278,P146,0.005533133533133534,0.004871117142857143,1380.334,1322.929,7.5434,13.221,0.12040364260087526,0.0,Fragment
28404391.018,FRAG0275,FRAG0279,0.005533133533133534,0.005533133533133534,1380.334,1380.334,5.234,9.3623,0.62225,0.010082717282717283,Graze+Frag
28505819.45,FRAG0285,P833,0.005533133533133534,0.0024355585714285716,1380.334,1050.009,10.261,16.601,0.4995193613261295,0.007903103563103564,Fragment
28759721.217,E0,FRAG0280,0.6356627340792538,0.005533133533133534,6710.209,1380.334,1.3106,10.423,0.9547928508998231,0.0,Hit+Run
28789595.815,E0,FRAG0280,0.6356627340792538,0.005533133533133534,6710.209,1380.334,1.2457,9.9078,0.39437456619428934,0.0,Merge
28804704.356,E3,FRAG0284,0.7490076168697968,0.005533133533133534,7087.437,1380.334,2.4263,20.462,0.8008317331494,0.0,Merge
28959046.983,P30,P141,0.14916697801198803,0.0024355585714285716,4138.898,1050.009,16.776,81.014,0.9248675088669209,0.0,Hit+Run
28960028.379,P30,P141,0.14916697801198803,0.0024355585714285716,4138.898,1050.009,1.0526,5.0831,0.6673084587477931,0.0,Merge
29006786.07,E3,FRAG0310,0.7545407504029303,0.0058514818514818516,7104.847,1406.314,2.6132,22.067,0.7611416495563588,0.0,Merge
29092640.97,E3,P412,0.7603922322544122,0.0024355585714285716,7123.166,1050.009,1.9299,16.657,0.9074367892814751,0.0,Hit+Run
29344156.39,E15,P678,0.15747934304695307,0.0024355585714285716,4214.393,1050.009,11.287,55.579,0.980267735401866,0.0,Hit+Run
29451066.889,E3,FRAG0309,0.7603922322544122,0.0058514818514818516,7123.166,1406.314,3.565,30.188,0.7607971209049963,0.0,Merge
29666623.278,E3,FRAG0297,0.7662437141058941,0.005533133533133534,7141.391,1380.334,1.1173,9.4996,0.8933311865936666,0.0,Hit+Run
29869573.183,E3,FRAG0297,0.7662437141058941,0.005533133533133534,7141.391,1380.334,1.2014,10.214,0.1482460477564912,0.0,Merge
30151629.038,FRAG0065,FRAG0074,0.0061045621045621055,0.005897435897435898,1426.303,1409.986,13.352,24.540,0.993382293085149,0.0,Hit+Run
30209367.644,E3,P412,0.7717768476390277,0.0024355585714285716,7158.539,1050.009,1.1227,9.7413,0.45269848541846647,0.0,Merge
30374700.078,P88,P519,0.008166833166833167,0.0024355585714285716,1571.611,1050.009,39.456,70.890,0.7505497980626872,0.0,Graze+Frag
30408596.545,FRAG0086,P618,0.006282384282384283,0.0024355585714285716,1440.020,1050.009,4.2719,7.1413,0.07147966476272162,0.008200499500499501,Fragment
30412674.799,E0,FRAG0076,0.6411958676123873,0.008333000333000334,6729.623,1582.198,2.829,22.342,0.5150150541209684,0.0,Merge
30797848.878,FRAG0099,FRAG0294,0.005627372627372628,0.005533133533133534,1388.126,1380.334,26.426,47.405,0.8571057408145714,0.005633033633033633,Graze+Frag
30839302.463,FRAG0099,FRAG0339,0.005527472527472528,0.005633033633033633,1379.863,1388.591,1.1056,1.9832,0.9815454963025758,0.0,Hit+Run
31010139.942,P845,P546,0.008166833166833167,0.0024355585714285716,1571.611,1050.009,11.285,20.276,0.7926932891200409,0.006888751248751249,Graze+Frag
31155696.297,E0,P304,0.6495288679453877,0.0024355585714285716,6758.650,1050.009,2.4903,20.329,0.984370288190994,0.0,Hit+Run
31157278.014,E0,P304,0.6495288679453877,0.0024355585714285716,6758.650,1050.009,1.0449,8.5301,0.6984848523433854,0.0,Merge
31160653.158,E3,P331,0.7742124062104562,0.0024355585714285716,7166.062,1050.009,1.5024,13.050,0.6381018869488057,0.0,Merge
31414608.49,E0,P118,0.6519644265168162,0.004871117142857143,6767.087,1322.929,2.9825,24.009,0.44851727028442556,0.0,Merge
31423351.211,E0,P497,0.6568355436596733,0.0024355585714285716,6783.899,1050.009,3.975,32.578,0.476541113367725,0.0,Merge
31640534.026,P754,P538,0.0024355585714285716,0.0024355585714285716,1050.009,1050.009,22.885,31.140,0.97615,0.0,Hit+Run
31998730.262,FRAG0055,FRAG0099,0.005731268731268732,0.005527472527472528,1396.617,1379.863,19.874,35.755,0.8283183439571745,0.010979880119880119,Graze+Frag
32080631.337,P708,FRAG0338,0.0024355585714285716,0.005538794538794539,1050.009,1380.804,17.946,29.040,0.2918308376896936,0.007966673326673326,Fragment
32447024.413,E5,FRAG0278,0.06873007390942391,0.010404262404262404,3196.755,1703.717,2.4321,8.7317,0.8740651563430072,0.0,Hit+Run
32685437.761,P470,P615,0.0024355585714285716,0.0024355585714285716,1050.009,1050.009,2.5235,3.4337,0.84045,0.0,Hit+Run
32747592.07,E3,P182,0.7766479647818847,0.0024355585714285716,7173.568,1050.009,1.7239,14.991,0.9844971452870468,0.0,Hit+Run
33093409.265,E15,FRAG0296,0.15747934304695307,0.005533133533133534,4214.393,1380.334,4.0209,19.391,0.7306810744453042,0.0,Merge
33144636.389,E0,FRAG0055,0.6592711022311019,0.005527472527472529,6792.274,1379.863,3.9865,32.123,0.6067396898407544,0.0,Merge
34074618.967,E10,FRAG0293,0.2692537161371962,0.005533133533133534,5039.426,1380.334,3.3425,19.537,0.077321185269071,0.0,Merge
34212308.732,E0,P88,0.6647985747585744,0.010602397602397602,6811.203,1714.464,2.5705,20.440,0.10106155101985416,0.0,Merge
34362214.123,FRAG0086,FRAG0273,0.008717948717948718,0.005533133533133534,1606.196,1380.334,12.188,23.787,0.4761262625300258,0.008723609723609724,Fragment
34473312.016,FRAG0082,FRAG0340,0.005897435897435898,0.005731268731268732,1409.986,1396.617,11.611,21.116,0.9437240424445007,0.0,Hit+Run
34874255.538,E0,P685,0.675400972360972,0.0024355585714285716,6847.222,1050.009,4.8245,39.933,0.5366115336126506,0.0,Merge
35177423.024,E0,FRAG0082,0.6778365309324005,0.005897435897435898,6855.442,1409.986,3.5642,28.962,0.9228862769491559,0.0,Hit+Run
35990963.418,E3,P624,0.7766479647818847,0.0024355585714285716,7173.568,1050.009,1.9182,16.680,0.3792835005943717,0.0,Merge
36008697.383,E0,P36,0.6778365309324005,0.0024355585714285716,6855.442,1050.009,4.1864,34.695,0.8137608045365264,0.0,Merge
36013289.927,FRAG0062,P137,0.0056999666999667,0.0024355585714285716,1394.070,1050.009,21.931,35.748,0.9170673500722548,0.0,Hit+Run
36213994.218,E15,P678,0.1630124765800866,0.0024355585714285716,4263.184,1050.009,2.8478,14.197,0.6705463894406669,0.0,Merge
36265826.066,E3,FRAG0084,0.7790835233533132,0.005897435897435898,7181.059,1409.986,3.7843,32.318,0.9422843801036641,0.0,Hit+Run
36589179.933,E0,E13,0.680272089503829,0.007963369963369965,6863.643,1558.449,3.7191,30.036,0.8343529362233683,0.0,Hit+Run
36596853.652,E0,E13,0.680272089503829,0.007963369963369965,6863.643,1558.449,1.0311,8.3275,0.43380159010714875,0.0,Merge
36817342.597,E3,FRAG0336,0.7790835233533132,0.00787978687978688,7181.059,1552.978,2.5623,21.729,0.7888936222338758,0.0,Merge
36932524.825,E3,FRAG0086,0.7869633102331001,0.005527472527472526,7205.188,1379.863,1.3909,11.939,0.976660141017669,0.0,Hit+Run
37029800.21,E3,FRAG0086,0.7869633102331001,0.005527472527472526,7205.188,1379.863,1.1,9.4422,0.5292445517966332,0.0,Merge
37497979.497,E3,FRAG0074,0.7924907827605726,0.005897435897435898,7222.018,1409.986,1.3689,11.761,0.6094202120991828,0.0,Merge
37621151.352,P754,FRAG0316,0.0024355585714285716,0.0058514818514818516,1050.009,1406.314,13.449,22.071,0.8507547331637816,0.0,Graze+Frag
37628880.26,E0,FRAG0340,0.688235459467199,0.005731268731268732,6890.322,1396.617,2.7814,22.740,0.3187015515578846,0.0,Merge
37644832.262,P30,P423,0.1516025365834166,0.013884115884115884,4161.303,1875.713,2.9709,13.896,0.8734782859037475,0.008356310356310357,Hit+Run+Frag
37644985.55,P30,FRAG0342,0.15160253658341663,0.008356310356310357,4161.303,1583.672,1.0497,4.9486,0.46625625279252336,0.0,Merge
37645711.279,P30,P423,0.15995884693972698,0.005527805527805528,4236.396,1379.890,1.0174,4.9340,0.9910065640203298,0.0,Graze+Merge
37830302.779,FRAG0077,P717,0.005897435897435898,0.0024355585714285716,1409.986,1050.009,11.418,18.775,0.7143368815536313,0.0,Graze+Frag
38014181.48,FRAG0084,FRAG0275,0.005897435897435898,0.005527472527472529,1409.986,1379.863,8.1684,14.768,0.26184706998531676,0.01136019314019314,Fragment
38097375.505,FRAG0341,FRAG0277,0.008723609723609724,0.005533133533133534,1606.543,1380.334,16.056,31.340,0.4967204075728395,0.014232993672993674,Fragment
38285593.509,E0,FRAG0343,0.6939667281984677,0.005897435897435898,6909.395,1409.986,2.3671,19.397,0.2344552012858884,0.0,Merge
38389637.381,E0,P538,0.6998641640959036,0.0024355585714285716,6928.912,1050.009,4.7531,39.840,0.4081489647479441,0.0,Merge
38704172.752,P562,P788,0.0024355585714285716,0.0024355585714285716,1050.009,1050.009,10.663,14.510,0.12415,0.0,Merge
39477532.751,E10,FRAG0075,0.27478684967032974,0.005897435897435898,5073.712,1409.986,2.3599,13.872,0.8397368382615964,0.0,Hit+Run
40244879.245,P708,FRAG0060,0.007974358974358975,0.0056999666999667,1559.166,1394.070,15.430,29.664,0.2367335593838606,0.013662524142524142,Fragment
40946847.179,E0,P708,0.7022997226673321,0.005527805527805527,6936.941,1379.890,2.1851,18.009,0.20401708089967766,0.0,Merge
41057742.527,P754,FRAG0289,0.008287046287046287,0.005533133533133534,1579.284,1380.334,8.9714,17.320,0.7765105017086357,0.008292374292374293,Graze+Frag
42207411.769,E14,P845,0.047415558571428575,0.010602397602397602,2824.668,1714.464,7.9345,25.343,0.35638690540080226,0.05661191475191476,Fragment
44342980.08,E3,FRAG0346,0.7983882186580085,0.008292374292374293,7239.888,1579.623,2.5877,22.110,0.4799770110309384,0.0,Merge
45244615.047,E0,FRAG0344,0.7078275281951376,0.00872893772893773,6955.094,1606.870,2.803,22.909,0.7071284917662797,0.0,Merge
45393037.654,E3,FRAG0313,0.8066805929503827,0.0058514818514818516,7264.867,1406.314,2.6776,23.157,0.6524922231896633,0.0,Merge
45399472.686,E3,FRAG0278,0.8125320748018646,0.010404262404262404,7282.391,1703.717,1.5918,13.609,0.41889855914119895,0.0,Merge
47047387.308,E0,FRAG0082,0.7165564659240753,0.005897435897435898,6983.567,1409.986,3.4768,28.818,0.8419165465711658,0.0,Hit+Run
48234882.063,E3,P376,0.822936337206127,0.0024355585714285716,7313.342,1050.009,3.0176,26.782,0.8689420423162492,0.0,Merge
48392481.484,E3,FRAG0084,0.8253718957775555,0.005527472527472528,7320.550,1379.863,1.5778,13.775,0.6886880050570894,0.0,Merge
48925026.99,E3,FRAG0354,0.8308993683050281,0.005832167832167833,7336.856,1404.765,1.0479,9.1595,0.7925523953718879,0.0,Merge
49165230.231,E19,E14,0.037899714415584415,0.00552844568431568,2621.435,1379.944,6.3979,18.831,0.9214444131930283,0.0,Hit+Run
49233283.756,E0,P591,0.7165564659240753,0.0024355585714285716,6983.567,1050.009,4.9108,41.506,0.8986795961929128,0.0,Hit+Run
49246306.491,E0,P591,0.7165564659240753,0.0024355585714285716,6983.567,1050.009,1.0344,8.7428,0.572519232010691,0.0,Merge
49778803.703,E10,FRAG0315,0.27478684967032974,0.0058514818514818516,5073.712,1406.314,2.4078,14.156,0.44105097026157236,0.0,Merge
51923399.559,E0,P137,0.7189920244955038,0.0024355585714285716,6991.470,1050.009,4.2317,35.809,0.6296381671981303,0.0,Merge
53346083.093,E0,P793,0.7214275830669323,0.0024355585714285716,6999.356,1050.009,4.611,39.066,0.355995293279842,0.0,Merge
53999730.832,E10,P702,0.2806383315218116,0.0024355585714285716,5109.473,1050.009,4.8094,29.129,0.7400233261068746,0.0,Merge
55379449.114,FRAG0345,FRAG0352,0.008146520146520148,0.005832167832167833,1570.306,1404.765,7.604,14.725,0.9169313494864936,0.0,Hit+Run
55512537.873,E0,FRAG0308,0.7238631416383609,0.0058514818514818516,7007.224,1406.314,3.623,30.144,0.9689388551953403,0.0,Hit+Run
55612188.312,E0,FRAG0308,0.7238631416383609,0.0058514818514818516,7007.224,1406.314,1.031,8.5783,0.8209412322211165,0.0,Merge
55742921.303,E10,FRAG0314,0.2830738900932402,0.0058514818514818516,5124.212,1406.314,3.3443,19.873,0.7809673911235326,0.0,Merge
56143056.467,E3,P237,0.8367315361371959,0.0024355585714285716,7353.982,1050.009,3.4753,31.026,0.8280675761087491,0.0,Merge
56724360.338,E10,E19,0.28892537194472206,0.037899714415584415,5159.279,2621.435,2.3458,13.583,0.680856236727474,0.032372627372627374,Hit+Run+Frag
57095090.508,E0,P754,0.7297146234898427,0.005527805527805529,7026.054,1379.890,4.4895,37.512,0.7967259877577204,0.0,Merge
57885549.869,E3,E10,0.8391670947086244,0.2889246534598736,7361.110,5159.275,1.1833,10.034,0.45217695930248564,0.06992607392607393,Fragment
57900642.264,E3,FRAG0370,1.0581656742424241,0.005827172827172827,7952.647,1404.364,1.0449,9.9548,0.8649566179855315,0.0,Hit+Run
58233733.617,E3,FRAG0371,1.0581656742424241,0.005827172827172827,7952.647,1404.364,1.4405,13.723,0.976380232624328,0.0,Hit+Run
58329203.663,E3,FRAG0366,1.0581656742424241,0.005827172827172827,7952.647,1404.364,1.1548,11.001,0.8958934568326116,0.0,Hit+Run
58635957.107,E3,FRAG0366,1.0581656742424241,0.005827172827172827,7952.647,1404.364,1.0726,10.218,0.8804250374090715,0.0,Hit+Run
59672956.256,E3,FRAG0366,1.0581656742424241,0.005827172827172827,7952.647,1404.364,1.0041,9.5661,0.12094264197635957,0.0,Merge
59681744.382,E0,P182,0.7352424290176482,0.0024355585714285716,7043.751,1050.009,2.9583,25.232,0.16717872049625082,0.0,Merge
59738413.479,E0,FRAG0363,0.7376779875890768,0.005827172827172827,7051.520,1404.364,2.9885,25.036,0.8031470993690165,0.0,Merge
60558199.408,FRAG0352,P384,0.005832167832167833,0.0024355585714285716,1404.765,1050.009,15.842,25.976,0.5558344698804583,0.0,Fragment
61197342.632,E0,P564,0.7435051604162496,0.0024355585714285716,7070.039,1050.009,6.1168,52.378,0.42864030728769204,0.0,Merge
61416605.157,E0,P785,0.7459407189876781,0.0024355585714285716,7077.751,1050.009,2.4055,20.622,0.8327574368179316,0.0,Merge
63536507.203,E0,FRAG0352,0.7483762775591066,0.008267732267732269,7085.445,1578.056,1.4164,11.826,0.6823322703309793,0.0,Merge
63551776.551,P30,FRAG0361,0.1654866524675325,0.005827172827172827,4284.645,1404.364,8.5502,41.919,0.5322470738238031,0.027194139194139193,Fragment
63551812.131,P30,FRAG0374,0.14411968610056614,0.006798534798534798,4091.679,1478.423,1.1024,5.1266,0.5108260596876004,0.0,Merge
63552453.94,P30,FRAG0373,0.15091822089910092,0.006798534798534798,4155.032,1478.423,1.0349,4.8922,0.7604280931547426,0.0,Graze+Merge
63553235.669,P30,FRAG0375,0.1577167556976357,0.006798534798534798,4216.509,1478.423,1.0441,5.0136,0.4107720656835955,0.0,Merge
63578725.862,P30,FRAG0376,0.1645152904961705,0.006798534798534798,4276.245,1478.423,1.0131,4.9385,0.26781014932196007,0.0,Merge
63831174.495,E3,P212,1.063992847069597,0.0024355585714285716,7967.219,1050.009,4.2933,41.713,0.6873175511660423,0.0,Merge
65035954.533,E3,P495,1.0664284056410256,0.0024355585714285716,7973.293,1050.009,2.1216,20.630,0.6542422741135668,0.0,Merge
65360237.948,FRAG0349,FRAG0351,0.005832167832167833,0.005832167832167833,1404.765,1404.765,12.852,23.397,0.9617000000000001,0.0,Hit+Run
65991538.631,E3,FRAG0001,1.0688639642124542,0.007196803196803197,7979.358,1506.747,1.4146,13.460,0.47937863897706845,0.0,Merge
66380489.077,E3,FRAG0065,1.0760607674092575,0.0061045621045621055,7997.227,1426.303,1.8615,17.822,0.9518396158740827,0.0,Hit+Run
67125034.579,E3,FRAG0368,1.0760607674092575,0.005827172827172827,7997.227,1404.364,1.6932,16.227,0.45644528215526436,0.0,Merge
68282469.322,E0,FRAG0345,0.7566440098268389,0.008146520146520148,7111.442,1570.306,3.3304,27.926,0.6975672908033832,0.0,Merge
70350533.324,E3,FRAG0356,1.0818879402364303,0.006474525474525475,8011.637,1454.553,2.3773,22.774,0.9679615947188843,0.0,Hit+Run
70528734.152,E3,FRAG0356,1.0818879402364303,0.006474525474525475,8011.637,1454.553,1.0186,9.7579,0.8241680518818306,0.0,Merge
71667928.72,E0,FRAG0065,0.7647905299733591,0.0061045621045621055,7136.873,1426.303,2.107,17.860,0.9196150039572829,0.0,Hit+Run
71690232.163,E0,FRAG0065,0.7647905299733591,0.0061045621045621055,7136.873,1426.303,1.0974,9.3025,0.7627620551220821,0.0,Merge
71798901.078,E3,FRAG0359,1.0883624657109559,0.006474525474525475,8027.587,1454.553,1.9641,18.855,0.7124991386913107,0.0,Merge
72151600.979,E0,FRAG0369,0.7708950920779212,0.005827172827172827,7155.812,1404.364,3.1363,26.691,0.4020881618743759,0.0,Merge
73307831.773,E0,E14,0.776722264905094,0.00552844568431568,7173.797,1379.944,3.4508,29.483,0.6449400078297033,0.0,Merge
73898480.814,E3,FRAG0341,1.0948369911854814,0.005527805527805527,8043.474,1379.890,2.4025,23.194,0.4498298462792527,0.0,Merge
75072468.666,E3,P344,1.100364796713287,0.0024355585714285716,8056.988,1050.009,3.4744,34.158,0.14615293083312786,0.0,Merge
76145781.326,P671,P836,0.0024355585714285716,0.0024355585714285716,1050.009,1050.009,1.4046,1.9112,0.2749,0.0,Merge
76309899.014,E0,FRAG0077,0.7822507105894096,0.008333000333000334,7190.777,1582.198,2.9971,25.419,0.5914600685682099,0.0,Merge
76648664.035,E0,P562,0.79058371092241,0.004871117142857143,7216.220,1322.929,4.8296,41.645,0.17729669368619053,0.0,Merge
78226478.047,E3,FRAG0357,1.1028003552847156,0.006474525474525475,8062.928,1454.553,3.9652,38.245,0.8501354029739269,0.0,Hit+Run
78228314.699,P30,FRAG0372,0.1713138252947053,0.005827172827172827,4334.356,1404.364,15.158,75.243,0.6141958823340898,0.0703056943056943,Fragment
78228314.737,P30,FRAG0388,0.10683530381618381,0.005858807858807859,3703.100,1406.901,1.103,4.6277,0.3732810895651383,0.0,Merge
78228346.172,P30,FRAG0387,0.11269411167499166,0.005858807858807859,3769.591,1406.901,1.0891,4.6565,0.4953307642551443,0.0,Merge
78228578.561,P30,FRAG0382,0.11855291953379951,0.005858807858807859,3833.816,1406.901,1.1059,4.8140,0.8522489329487378,0.0,Hit+Run
78228615.318,P30,FRAG0378,0.11855291953379951,0.005858807858807859,3833.816,1406.901,1.0218,4.4479,0.4166143925444688,0.0,Merge
78228647.158,P30,FRAG0380,0.12441172739260736,0.005858807858807859,3895.958,1406.901,1.1884,5.2624,0.5635807606985173,0.0,Merge
78229673.081,P30,FRAG0385,0.13027053525141521,0.005858807858807859,3956.178,1406.901,1.5312,6.8922,0.7676923118773479,0.0,Hit+Run
78229680.553,P30,FRAG0385,0.13027053525141521,0.005858807858807859,3956.178,1406.901,1.0498,4.7253,0.4133160395357722,0.0,Merge
78230603.805,P30,FRAG0386,0.13612934311022307,0.005858807858807859,4014.619,1406.901,1.0215,4.6704,0.6674099104665081,0.0,Merge
78231440.556,P30,FRAG0383,0.14198815096903092,0.005858807858807859,4071.407,1406.901,1.1047,5.1272,0.9902222705498442,0.0,Hit+Run
78232112.356,P30,FRAG0381,0.14198815096903092,0.005858807858807859,4071.407,1406.901,1.3896,6.4495,0.9731289710732257,0.0,Hit+Run
78233019.142,P30,FRAG0381,0.14198815096903092,0.005858807858807859,4071.407,1406.901,1.0185,4.7271,0.49340180532726036,0.0,Merge
78234594.298,P30,FRAG0383,0.14784695882783877,0.005858807858807859,4126.653,1406.901,1.1645,5.4832,0.4184408344423237,0.0,Merge
78241496.622,FRAG0377,FRAG0384,0.005858807858807859,0.005858807858807859,1406.901,1406.901,1.6268,2.9659,0.9682,0.0,Hit+Run
78245942.343,FRAG0377,FRAG0384,0.005858807858807859,0.005858807858807859,1406.901,1406.901,1.282,2.3373,0.9092,0.0,Hit+Run
78250690.824,FRAG0377,FRAG0384,0.005858807858807859,0.005858807858807859,1406.901,1406.901,1.7602,3.2091,0.4741000000000001,0.0,Merge
78252753.711,P30,FRAG0382,0.15370576668664662,0.005858807858807859,4180.458,1406.901,1.0822,5.1668,0.953280693635487,0.0,Hit+Run
78271860.467,FRAG0377,FRAG0382,0.011717615717615718,0.005858807858807859,1772.584,1406.901,2.2091,4.6404,0.7720909817095502,0.0,Hit+Run
78286135.496,P30,FRAG0382,0.15370576668664662,0.005858807858807859,4180.458,1406.901,1.0134,4.8384,0.9874734004082222,0.0,Graze+Merge
78484252.4,P30,FRAG0377,0.15956457454545447,0.011717615717615718,4232.913,1772.584,2.1676,10.342,0.7938609511837595,0.006189810189810191,Hit+Run+Frag
78484589.235,P30,FRAG0377,0.15956457454545447,0.005527805527805528,4232.913,1379.890,1.0469,5.0726,0.5568665828709246,0.0,Merge
78485088.838,P30,FRAG0389,0.16509238007326,0.006189810189810191,4281.239,1432.912,1.2513,6.1206,0.3183497240634215,0.0,Merge
95398969.763,FRAG0360,FRAG0365,0.006474525474525475,0.005827172827172827,1454.553,1404.364,11.566,21.434,0.8298673266897589,0.006773559773559774,Graze+Frag
99014090.078,E0,FRAG0371,0.7954548280652671,0.005827172827172827,7231.011,1404.364,2.5677,22.098,0.4040313990266211,0.0,Merge
100371118.026,E3,P552,1.1028003552847156,0.0024355585714285716,8062.928,1050.009,1.4227,13.998,0.9718402928129795,0.0,Hit+Run
101358092.642,E15,FRAG0347,0.16544803515151518,0.005832167832167833,4284.311,1404.765,5.3416,26.185,0.7114315835025651,0.0,Merge
103399299.784,E15,FRAG0390,0.17128020298368302,0.006773559773559774,4334.073,1476.611,1.5026,7.4312,0.7818313938729509,0.0,Hit+Run
103800896.993,E3,P552,1.1028003552847156,0.0024355585714285716,8062.928,1050.009,1.1382,11.198,0.26348692570985555,0.0,Merge
106386673.305,E0,FRAG0062,0.80128200089244,0.0056999666999667,7248.625,1394.070,4.7306,40.839,0.9876526604933812,0.0,Hit+Run
109656964.212,E3,FRAG0062,1.1052359138561443,0.0056999666999667,8068.860,1394.070,1.6741,16.205,0.514934009270901,0.0,Merge
118404376.465,FRAG0357,FRAG0355,0.006474525474525475,0.005832167832167833,1454.553,1404.765,18.638,34.546,0.36138497837250544,0.00677888777888778,Fragment
119813294.419,E0,FRAG0357,0.80128200089244,0.005527805527805529,7248.625,1379.890,3.185,27.515,0.37828705070101887,0.0,Merge
132309375.195,P30,FRAG0379,0.17128219026307018,0.005858807858807859,4334.089,1406.901,2.1574,10.706,0.5920220471312112,0.0,Merge
132658727.765,E0,E19,0.8068098064202455,0.005527805527805528,7265.255,1379.890,3.55,30.744,0.3361541912007983,0.0,Merge
133362571.77,P30,FRAG0339,0.17714099812187803,0.005633033633033633,4382.953,1388.591,16.089,80.891,0.6188409834287621,0.07280952380952381,Fragment
133362933.684,P30,FRAG0398,0.10996450794538785,0.005600732600732601,3738.907,1385.932,1.2384,5.2540,0.6318038692534917,0.0,Merge
133363652.072,FRAG0397,FRAG0399,0.005600732600732601,0.005600732600732601,1385.932,1385.932,4.4795,8.0452,0.5472,0.005673659673659674,Graze+Frag
133363842.668,FRAG0403,FRAG0404,0.005600732600732601,0.005600732600732601,1385.932,1385.932,3.7371,6.7118,0.4051,0.010264582084582084,Fragment
133364209.949,FRAG0405,FRAG0402,0.005673659673659674,0.005600732600732601,1391.922,1385.932,3.7394,6.7305,0.7475082752471403,0.0,Hit+Run
133364380.722,FRAG0406,FRAG0403,0.005673659673659674,0.005527805527805527,1391.922,1379.890,1.1059,1.9862,0.9254998144753928,0.0,Hit+Run
133364524.225,FRAG0397,FRAG0403,0.005527805527805527,0.005527805527805527,1379.890,1379.890,4.8564,8.6841,0.99885,0.0,Hit+Run
133364846.752,P30,FRAG0405,0.11556524054612045,0.005673659673659674,3801.336,1391.922,1.0121,4.3689,0.6472124434429561,0.0,Merge
133365086.896,FRAG0392,FRAG0401,0.005600732600732601,0.005600732600732601,1385.932,1385.932,4.0447,7.2643,0.79435,0.0,Hit+Run
133366559.914,FRAG0394,FRAG0400,0.005600732600732601,0.005600732600732601,1385.932,1385.932,2.9443,5.2879,0.77055,0.0,Hit+Run
133366614.531,P30,FRAG0402,0.12123890021978012,0.005600732600732601,3862.553,1385.932,1.1655,5.1189,0.9766615759079561,0.0,Hit+Run
133367095.599,P30,FRAG0395,0.12123890021978012,0.005600732600732601,3862.553,1385.932,1.0628,4.6678,0.2742836028489905,0.0,Merge
133367113.465,FRAG0401,FRAG0397,0.005600732600732601,0.005527805527805527,1385.932,1379.890,2.5737,4.6123,0.5780098607299133,0.0,Hit+Run
133368047.273,P30,FRAG0392,0.12683963282051272,0.005600732600732601,3921.138,1385.932,1.0587,4.7251,0.18146197447157575,0.0,Merge
133368188.023,FRAG0406,FRAG0401,0.005673659673659674,0.005600732600732601,1391.922,1385.932,4.0527,7.2944,0.6957970177022248,0.0,Hit+Run
133368414.879,FRAG0406,FRAG0401,0.005673659673659674,0.005600732600732601,1391.922,1385.932,1.0853,1.9534,0.6809651066234506,0.0,Graze+Merge
133372770.01,P30,FRAG0396,0.13244036542124532,0.005600732600732601,3978.023,1385.932,1.0933,4.9551,0.7075065903490468,0.0,Merge
133373971.109,FRAG0402,FRAG0393,0.005600732600732601,0.005600732600732601,1385.932,1385.932,16.174,29.048,0.5627,0.005673659673659674,Graze+Frag
133374159.891,FRAG0407,FRAG0402,0.005673659673659674,0.005527805527805527,1391.922,1379.890,1.0568,1.8980,0.45356019122852675,0.0,Merge
133375330.453,P30,FRAG0394,0.13804109802197792,0.005600732600732601,4033.325,1385.932,1.2069,5.5513,0.36982174239558374,0.0,Merge
133379720.28,FRAG0406,FRAG0400,0.011274392274392274,0.005600732600732601,1749.947,1385.932,4.019,8.3295,0.7563119217974118,0.0,Hit+Run
133382382.016,P30,FRAG0400,0.14364183062271052,0.005600732600732601,4087.152,1385.932,1.0084,4.7045,0.9985849139074701,0.0,Graze+Merge
133383162.951,FRAG0407,FRAG0397,0.011201465201465201,0.005527805527805527,1746.165,1379.890,9.1695,18.951,0.5491440822357506,0.011201465201465201,Fragment
133383424.508,P30,FRAG0409,0.14924256322344312,0.005600732600732601,4139.597,1385.932,3.9244,18.560,0.9566234901550821,0.0,Hit+Run
133383538.451,P30,FRAG0409,0.14924256322344312,0.005600732600732601,4139.597,1385.932,1.0576,5.0019,0.2613127679270833,0.0,Merge
133383787.397,P30,FRAG0406,0.15484329582417572,0.011274392274392274,4190.745,1749.947,1.0345,4.8873,0.34382681787815317,0.0,Merge
133390335.198,P30,FRAG0403,0.166117688098568,0.005527805527805527,4290.084,1379.890,7.481,36.774,0.7808441404585248,0.0,Hit+Run
133390400.914,P30,FRAG0403,0.166117688098568,0.005527805527805527,4290.084,1379.890,0.9933,4.8827,0.6865678033450247,0.0,Perfect
133397861.087,FRAG0408,FRAG0407,0.005600732600732601,0.005527805527805527,1385.932,1379.890,33.606,60.227,0.29233719354124965,0.005600732600732601,Fragment
152982676.502,E0,FRAG0358,0.812337611948051,0.006474525474525475,7281.810,1454.553,5.438,47.035,0.6498844777606466,0.0,Merge
156408926.203,E15,P93,0.17128020298368302,0.004871128871128871,4334.073,1322.930,6.5055,32.433,0.8621405876044707,0.0,Hit+Run
