time_yr,target,projectile,Mt_Mearth,Mp_Mearth,Rt_km,Rp_km,vimp/vesc,vimp_km/s,b,m_frag_Mearth,Regime
1972.737,E0,PI97,0.4524555555544456,0.000625,5991.273,667.2478,1.0132,7.4670,0.6867200241776895,0.0,Merge
8885.534,E1,PI149,0.23462666666666668,0.000625,4813.411,667.2478,1.0488,6.1390,0.8309161907453166,0.0,Merge
20274.585,E0,PI125,0.4530805555544456,0.000625,5994.031,667.2478,1.0983,8.0981,0.9499525046521846,0.0,Hit+Run
22309.711,E6,EI10,0.08018000000000002,0.00625,3365.238,1437.541,1.1396,4.3191,0.9186687406210314,0.0,Hit+Run
24263.565,E0,PI85,0.4530805555544456,0.000625,5994.031,667.2478,0.9962,7.3453,0.6126055367691647,0.0,Perfect
24271.116,E1,PI101,0.23525166666666666,0.000625,4817.681,667.2478,1.1656,6.8291,0.9296444434000042,0.0,Hit+Run
26208.285,E1,PI188,0.23525166666666666,0.000625,4817.681,667.2478,1.0086,5.9092,0.9405359693808809,0.0,Graze+Merge
28784.802,E0,PI120,0.4537055555544456,0.000625,5996.786,667.2478,1.0045,7.4101,0.9577351303666907,0.0,Graze+Merge
33119.67,E1,PI134,0.23587666666666665,0.000625,4821.944,667.2478,1.1722,6.8741,0.33749793048465015,0.0,Merge
35759.887,EI3,EI4,0.00625,0.00625,1437.541,1437.541,1.6,2.9806,0.4318,0.0,Merge
36693.236,E0,PI122,0.45433055555444557,0.000625,5999.538,667.2478,1.1452,8.4521,0.8512292347113428,0.0,Merge
45248.091,E1,PI138,0.23650166666666664,0.000625,4826.199,667.2478,1.1221,6.5865,0.6498541841331024,0.0,Merge
46819.184,E0,EI13,0.45495555555444556,0.00625,6002.288,1437.541,1.0659,7.4978,0.15861247326407227,0.0,Merge
49311.183,E0,EI8,0.46120555555444553,0.00625,6029.648,1437.541,1.0833,7.6576,0.6351681555334264,0.0,Merge
50959.637,E19,P537,0.041620000000000004,0.0024355585714285716,2704.547,1050.009,1.4229,4.3546,0.7083796134409809,0.0,Merge
57442.759,E0,PI162,0.4674555555544455,0.000625,6056.763,667.2478,1.0699,7.9752,0.8396944390644474,0.0,Merge
57969.439,E6,P845,0.08018000000000002,0.0024355585714285716,3365.238,1050.009,2.6311,10.168,0.6327664505089059,0.0,Merge
74155.475,E0,PI158,0.4680805555544455,0.000625,6059.461,667.2478,1.0157,7.5748,0.8030687313950077,0.0,Merge
80811.852,E1,PI156,0.23712666666666662,0.000625,4830.446,667.2478,1.088,6.3923,0.873008097783821,0.0,Merge
81105.572,E1,PI71,0.2377516666666666,0.000625,4834.687,667.2478,1.2809,7.5326,0.4033347170127566,0.0,Merge
82025.569,E0,PI140,0.4687055555544455,0.000625,6062.157,667.2478,1.1626,8.6743,0.46186371386825137,0.0,Merge
96308.072,E6,PI169,0.08261555857142859,0.000625,3398.973,667.2478,1.1844,4.7877,0.3246653834943968,0.0,Merge
97063.882,E0,PI93,0.46933055555444547,0.000625,6064.850,667.2478,1.1945,8.9165,0.8618772630825059,0.0,Merge
98011.85,E0,PI78,0.46995555555444546,0.000625,6067.541,667.2478,1.0368,7.7429,0.86732070184533,0.0,Merge
99234.455,E1,PI102,0.2383766666666666,0.000625,4838.919,667.2478,1.0244,6.0297,0.981288292159495,0.0,Hit+Run
103704.022,E0,PI102,0.47058055555444545,0.000625,6070.230,667.2478,1.0283,7.6830,0.22632234465780948,0.0,Merge
112189.56,E1,P391,0.2383766666666666,0.0024355585714285716,4838.919,1050.009,1.0965,6.2645,0.915864229653621,0.0,Hit+Run
114327.788,E1,PI199,0.2383766666666666,0.000625,4838.919,667.2478,1.1131,6.5519,0.9920977548082157,0.0,Hit+Run
125979.59,E0,PI84,0.47120555555444543,0.000625,6072.916,667.2478,1.0861,8.1186,0.9594793906100084,0.0,Hit+Run
126328.611,E0,PI67,0.47120555555444543,0.000625,6072.916,667.2478,1.0089,7.5415,0.4738381176841051,0.0,Merge
129697.908,E0,PI125,0.4718305555544454,0.000625,6075.600,667.2478,1.0638,7.9556,0.2148087989436017,0.0,Merge
131442.869,E0,PI130,0.4724555555544454,0.000625,6078.281,667.2478,1.0861,8.1261,0.9433437470920651,0.0,Hit+Run
137559.58,E0,PI70,0.4724555555544454,0.000625,6078.281,667.2478,1.0023,7.4991,0.5989498411425118,0.0,Merge
170082.076,E0,PI163,0.4730805555544454,0.000625,6080.961,667.2478,1.0707,8.0146,0.9561807953286368,0.0,Hit+Run
186410.822,EI3,PI35,0.0125,0.000625,1811.189,667.2478,2.1619,4.4448,0.6358506263935823,0.0,Merge
188820.973,E1,PI95,0.2383766666666666,0.000625,4838.919,667.2478,1.2573,7.4006,0.5606859487710529,0.0,Merge
211375.602,E0,PI112,0.4730805555544454,0.000625,6080.961,667.2478,1.0136,7.5872,0.896256167216909,0.0,Merge
214366.53,E0,EI9,0.4737055555544454,0.00625,6083.637,1437.541,1.1756,8.3902,0.899945970464041,0.0,Hit+Run
216588.792,E0,EI9,0.4737055555544454,0.00625,6083.637,1437.541,1.051,7.5009,0.9215427324731996,0.0,Hit+Run
216591.207,E0,EI9,0.4737055555544454,0.00625,6083.637,1437.541,1.0491,7.4874,0.824397746806535,0.0,Hit+Run
220780.644,E1,PI128,0.23900166666666658,0.000625,4843.145,667.2478,1.1721,6.9055,0.5081863539117876,0.0,Merge
222239.464,E0,PI65,0.4737055555544454,0.000625,6083.637,667.2478,1.0742,8.0445,0.666769343797297,0.0,Merge
239715.904,E0,PI84,0.47433055555444537,0.000625,6086.312,667.2478,1.054,7.8969,0.9579762079875476,0.0,Hit+Run
240132.163,E1,PI86,0.23962666666666657,0.000625,4847.363,667.2478,1.4049,8.2847,0.6754263985331264,0.0,Merge
245903.191,E0,PI101,0.47433055555444537,0.000625,6086.312,667.2478,1.1173,8.3711,0.9723052970816228,0.0,Hit+Run
257595.104,E6,PI68,0.08324055857142859,0.000625,3407.523,667.2478,1.5658,6.3464,0.8952881812736533,0.0,Hit+Run
263499.816,E0,PI109,0.47433055555444537,0.000625,6086.312,667.2478,1.1867,8.8911,0.5111609644125465,0.0,Merge
283176.754,E0,PI173,0.47495555555444535,0.000625,6088.984,667.2478,1.127,8.4477,0.7555993194120398,0.0,Merge
302344.716,E0,PI64,0.47558055555444534,0.000625,6091.653,667.2478,1.3878,10.407,0.9329135362231911,0.0,Hit+Run
303505.278,E1,PI115,0.24025166666666656,0.000625,4851.573,667.2478,1.2508,7.3827,0.9324570828894381,0.0,Hit+Run
318012.267,E1,EI12,0.24025166666666656,0.00625,4851.573,1437.541,1.1229,6.2807,0.42652024268731215,0.0,Merge
330573.37,E0,P408,0.47558055555444534,0.0024355585714285716,6091.653,1050.009,1.7777,12.993,0.9265857144840693,0.0,Hit+Run
344092.476,E0,PI89,0.47558055555444534,0.000625,6091.653,667.2478,1.3135,9.8502,0.9248921561899708,0.0,Hit+Run
346571.198,E0,PI77,0.47558055555444534,0.000625,6091.653,667.2478,1.1119,8.3383,0.6978600628901719,0.0,Merge
359271.827,E0,PI96,0.4762055555544453,0.000625,6094.321,667.2478,1.0178,7.6362,0.963778909321997,0.0,Graze+Merge
365651.378,E1,PI184,0.24650166666666656,0.000625,4893.284,667.2478,1.277,7.6058,0.5075856626240967,0.0,Merge
382820.611,E15,P156,0.11428,0.0024355585714285716,3787.191,1050.009,1.3739,6.0294,0.750751860783031,0.0,Merge
400058.978,EI17,P543,0.00625,0.0024355585714285716,1437.541,1050.009,8.286,13.832,0.9847318415638274,0.0,Hit+Run
407367.413,EI15,P662,0.00625,0.0024355585714285716,1437.541,1050.009,4.8588,8.1114,0.31240964410176353,0.00827899433899434,Fragment
413751.403,E1,PI181,0.24712666666666655,0.000625,4897.416,667.2478,1.0091,6.0156,0.36303794504877646,0.0,Merge
458089.777,E1,PI165,0.24775166666666654,0.000625,4901.541,667.2478,1.3782,8.2232,0.1882706755770333,0.0,Merge
459903.855,E3,EI14,0.40336,0.00625,5766.223,1437.541,1.1831,7.9704,0.7331282676559777,0.0,Merge
464706.866,E1,PI106,0.24837666666666652,0.000625,4905.660,667.2478,1.4492,8.6545,0.8352875905357765,0.0,Merge
492518.434,E0,PI159,0.4768305555544453,0.000625,6096.986,667.2478,1.0176,7.6382,0.589847679974444,0.0,Merge
506302.839,EI3,PI38,0.013125000000000001,0.000625,1840.886,667.2478,3.775,7.8967,0.8461165060249098,0.0,Hit+Run
509195.063,EI11,PI55,0.00625,0.000625,1437.541,667.2478,5.8851,9.5026,0.9851389875726287,0.0,Hit+Run
528645.642,E0,PI99,0.4774555555544453,0.000625,6099.648,667.2478,1.0264,7.7077,0.9843236612107055,0.0,Hit+Run
552816.299,E3,E4,0.40961,0.0574,5795.853,3010.448,1.1065,7.1990,0.8658600394820889,0.0,Hit+Run
570884.442,E0,PI121,0.4774555555544453,0.000625,6099.648,667.2478,1.1317,8.4985,0.8690352030890487,0.0,Merge
602570.093,E3,PI136,0.40961,0.000625,5795.853,667.2478,1.3401,9.5387,0.34722563257402383,0.0,Merge
617101.641,E0,PI89,0.4780805555544453,0.000625,6102.309,667.2478,1.1645,8.7488,0.9296489303678451,0.0,Hit+Run
619550.344,E0,PI114,0.4780805555544453,0.000625,6102.309,667.2478,1.8919,14.213,0.1826305374697231,0.0,Merge
635959.25,E0,PI60,0.4787055555544453,0.000625,6104.967,667.2478,1.286,9.6660,0.9662886205955881,0.0,Hit+Run
654213.939,EI7,PI191,0.00625,0.000625,1437.541,667.2478,5.8271,9.4089,0.8037379094394549,0.0,Hit+Run
662927.706,E0,PI132,0.4787055555544453,0.000625,6104.967,667.2478,1.5145,11.383,0.39430417263598305,0.0,Merge
685761.912,EI10,PI91,0.00625,0.000625,1437.541,667.2478,7.4505,12.030,0.8579669968030618,0.0,Hit+Run
705246.785,E0,PI42,0.47933055555444526,0.000625,6107.623,667.2478,1.4706,11.058,0.5707468380274647,0.0,Merge
730978.181,E0,PI50,0.47995555555444525,0.000625,6110.276,667.2478,1.1833,8.9022,0.899476347593398,0.0,Merge
731906.413,E0,PI41,0.48058055555444523,0.000625,6112.927,667.2478,1.1862,8.9281,0.846050561582472,0.0,Merge
742571.055,EI11,P485,0.00625,0.0024355585714285716,1437.541,1050.009,3.723,6.2153,0.7823532670828107,0.0,Hit+Run
807556.112,EI17,PI187,0.00625,0.000625,1437.541,667.2478,8.8104,14.226,0.7786723237184927,0.0,Graze+Frag
808805.467,EI3,P720,0.013125000000000001,0.0024355585714285716,1840.886,1050.009,2.494,5.1695,0.7033953752420451,0.0,Hit+Run
817105.955,E1,PI45,0.2490016666666665,0.000625,4909.771,667.2478,1.2147,7.2605,0.8027100767957882,0.0,Merge
824860.958,E0,EI6,0.4812055555544452,0.00625,6115.576,1437.541,1.1138,7.9940,0.2182076018686568,0.0,Merge
826969.508,E3,PI107,0.41023499999999996,0.000625,5798.799,667.2478,1.0925,7.7804,0.586601757885993,0.0,Merge
830447.881,EI1,PI3,0.00625,0.000625,1437.541,667.2478,7.1787,11.591,0.8348137718455519,0.0,Hit+Run
834058.024,E0,PI144,0.4874555555544452,0.000625,6141.939,667.2478,1.5078,11.405,0.2335297957426258,0.0,Merge
851482.663,E1,P776,0.2496266666666665,0.0024355585714285716,4913.875,1050.009,1.2567,7.2992,0.6128455558987668,0.0,Merge
859773.22,E0,PI183,0.4880805555544452,0.000625,6144.563,667.2478,1.5623,11.822,0.8773294092712473,0.0,Merge
860056.405,EI3,EI18,0.013125000000000001,0.00625,1840.886,1437.541,1.5696,3.4090,0.4268636213857682,0.0,Merge
873744.085,E7,P310,0.024059999999999998,0.0024355585714285716,2252.988,1050.009,27.064,68.483,0.964154108891611,0.0,Hit+Run
889537.829,E6,PI191,0.08324055857142859,0.000625,3407.523,667.2478,1.7887,7.2499,0.6986860409622057,0.0,Merge
965669.432,E0,PI186,0.48870555555444517,0.000625,6147.184,667.2478,1.1499,8.7057,0.47224052361984814,0.0,Merge
968076.989,EI0,PI29,0.00625,0.000625,1437.541,667.2478,5.3671,8.6662,0.48922286245027324,0.0,Merge
1016382.379,E3,EI5,0.41085999999999995,0.00625,5801.742,1437.541,1.4763,10.011,0.9692432325768285,0.0,Hit+Run
1058812.109,E0,PI43,0.48933055555444516,0.000625,6149.804,667.2478,1.0913,8.2657,0.6982414709914418,0.0,Merge
1065665.46,E18,P29,0.0728,0.0024355585714285716,3258.649,1050.009,8.8552,33.059,0.657907472767693,0.00833033633033633,Fragment
1096047.232,EI3,PI59,0.019375000000000003,0.000625,2096.079,667.2478,5.1591,12.400,0.5876367800198086,0.0,Merge
1113658.477,EI3,P516,0.020000000000000004,0.0024355585714285716,2118.379,1050.009,2.8147,6.6917,0.7876087591759857,0.0,Hit+Run
1144796.718,EI1,P399,0.00625,0.0024355585714285716,1437.541,1050.009,11.463,19.137,0.8849872900063647,0.0,Hit+Run
1152091.02,EI1,P399,0.00625,0.0024355585714285716,1437.541,1050.009,1.0644,1.7769,0.8157555560748232,0.0,Hit+Run
1192552.362,EI3,P723,0.020000000000000004,0.0024355585714285716,2118.379,1050.009,1.7424,4.1424,0.47457105030824676,0.0,Merge
1193623.576,E12,P339,0.09854,0.0024355585714285716,3604.663,1050.009,1.3731,5.7137,0.7996641640911907,0.0,Hit+Run
1205362.448,EI3,PI46,0.022435558571428576,0.000625,2201.098,667.2478,3.2637,8.2677,0.8405063009751452,0.0,Hit+Run
1254410.873,E0,PI39,0.48995555555444514,0.000625,6152.421,667.2478,1.5656,11.863,0.7210049345755692,0.0,Merge
1298697.502,E0,PI192,0.49058055555444513,0.000625,6155.036,667.2478,1.3804,10.464,0.8125175634382787,0.0,Merge
1322282.196,E4,PI176,0.0574,0.000625,3010.448,667.2478,2.0482,7.2685,0.9082842227986674,0.0,Hit+Run
1336147.668,E0,PI40,0.4912055555544451,0.000625,6157.649,667.2478,1.4345,10.879,0.08751662724440382,0.0,Merge
1348272.131,E6,P534,0.08386555857142859,0.0024355585714285716,3416.030,1050.009,1.4999,5.8906,0.6720325263143847,0.0,Merge
1476375.093,EI2,PI46,0.00625,0.000625,1437.541,667.2478,9.4984,15.336,0.669189670010858,0.0,Merge
1495484.51,E0,PI108,0.4918305555544451,0.000625,6160.259,667.2478,1.684,12.777,0.07010642965511914,0.0,Merge
1520201.09,EI1,PI32,0.00625,0.000625,1437.541,667.2478,9.91,16.001,0.6267762402214375,0.0,Merge
1525615.713,E0,PI139,0.4924555555544451,0.000625,6162.868,667.2478,1.8814,14.281,0.7194101469602054,0.0,Merge
1534332.349,EI1,P818,0.006875,0.0024355585714285716,1483.945,1050.009,9.0875,15.562,0.6872886118536283,0.0,Graze+Frag
1592792.166,E0,PI101,0.4930805555544451,0.000625,6165.474,667.2478,1.4358,10.904,0.602676381965743,0.0,Merge
1624667.499,E0,PI51,0.49370555555444506,0.000625,6168.078,667.2478,1.6818,12.777,0.7829972393444863,0.0,Merge
1647229.064,E4,P213,0.0574,0.0024355585714285716,3010.448,1050.009,2.6917,9.2315,0.8007926773749654,0.0,Hit+Run
1679229.081,EI3,EI2,0.022435558571428576,0.006875,2201.098,1483.945,2.3984,6.0432,0.844590430409008,0.0,Hit+Run
1700777.568,E0,PI33,0.49433055555444505,0.000625,6170.679,667.2478,1.5373,11.685,0.8458378697055826,0.0,Merge
1701694.628,E3,PI193,0.41085999999999995,0.000625,5801.742,667.2478,1.5189,10.822,0.783402326745111,0.0,Merge
1739848.868,E1,PI44,0.2520622252380951,0.000625,4929.805,667.2478,2.1796,13.084,0.8271460054653634,0.0,Merge
1751858.12,E0,PI47,0.49495555555444504,0.000625,6173.279,667.2478,1.5499,11.786,0.24619017666003368,0.0,Merge
1785257.894,EI1,P60,0.009310689310689312,0.0024355585714285716,1641.803,1050.009,12.575,23.470,0.5010531330240916,0.006218448218448218,Fragment
1787742.56,EI3,P125,0.022435558571428576,0.0024355585714285716,2201.098,1050.009,3.3233,8.2121,0.7575290771747647,0.0,Hit+Run
1790237.356,EI1,P532,0.005527799663669665,0.0024355585714285716,1379.890,1050.009,15.252,24.669,0.5902539039341734,0.00792963702963703,Graze+Frag
1825967.103,E1,PI172,0.25268722523809506,0.000625,4933.876,667.2478,1.48,8.8922,0.9270302356741286,0.0,Hit+Run
1830626.315,E4,PI168,0.0574,0.000625,3010.448,667.2478,3.0174,10.708,0.3423255785638092,0.0,Merge
1834780.25,EI0,PI7,0.006875,0.000625,1483.945,667.2478,9.1047,15.188,0.6703023571167868,0.0,Merge
1845311.865,EI1,P788,0.007963369963369965,0.0024355585714285716,1558.449,1050.009,11.436,20.400,0.9091545836137523,0.0,Hit+Run
1851290.082,EI1,P788,0.007963369963369965,0.0024355585714285716,1558.449,1050.009,1.0492,1.8716,0.5696181770502409,0.0,Merge
1868092.097,EI1,P212,0.010398928534798537,0.0024355585714285716,1703.426,1050.009,4.7725,9.2056,0.4015687963241028,0.0073066933066933066,Fragment
1869786.37,E6,EI9,0.08630111714285717,0.00625,3448.783,1437.541,3.8881,15.118,0.954104628904133,0.0,Hit+Run
1895202.938,E1,PI31,0.25268722523809506,0.000625,4933.876,667.2478,2.0126,12.092,0.7839765391010779,0.0,Merge
1897606.665,EI17,PI88,0.006875124875124875,0.000625,1483.954,667.2478,12.606,21.030,0.09195376350869312,0.0,Fragment
1910062.517,E3,EI17,0.41148499999999993,0.0075001665001665,5804.683,1527.627,1.1042,7.4573,0.6419555518513421,0.0,Merge
1927345.101,EI15,PI19,0.008685647685647686,0.000625,1604.210,667.2478,4.7185,8.5349,0.9400146034600844,0.0,Hit+Run
1937015.68,E1,PI146,0.25331222523809505,0.000625,4937.941,667.2478,1.1309,6.8006,0.9790977200579319,0.0,Hit+Run
1948015.97,EI1,P375,0.0055277937995338025,0.0024355585714285716,1379.889,1050.009,5.6633,9.1596,0.18864952561545395,0.007785914085914086,Fragment
1961195.697,E0,PI133,0.495580555554445,0.000625,6175.876,667.2478,1.0713,8.1502,0.3604559766248568,0.0,Merge
1976058.897,EI15,FRAG0003,0.008685647685647686,0.0073066933066933066,1604.210,1514.377,11.593,23.455,0.8134251114701755,0.010464535464535464,Graze+Frag
1976362.979,E0,PI23,0.496205555554445,0.000625,6178.471,667.2478,1.8238,13.881,0.42427965653751165,0.0,Merge
2011333.296,EI0,P720,0.0075,0.0024355585714285716,1527.616,1050.009,4.7697,8.3663,0.8199831003120279,0.0,Hit+Run
2058189.392,EI15,FRAG0002,0.005527805527805527,0.006218448218448218,1379.890,1435.118,2.891,5.2761,0.7033743029929328,0.0,Hit+Run
2100491.857,E0,PI68,0.496830555554445,0.000625,6181.064,667.2478,1.775,13.515,0.4256508567140678,0.0,Merge
2169790.497,E0,P391,0.497455555554445,0.0024355585714285716,6183.655,1050.009,1.3639,10.129,0.3820297870025321,0.0,Merge
2170659.405,EI0,FRAG0002,0.0075,0.006218448218448218,1527.616,1435.118,4.1089,7.8993,0.946453980729205,0.0,Hit+Run
2180319.304,E3,P502,0.41898516650016643,0.0024355585714285716,5839.738,1050.009,1.9077,13.329,0.21927366156389583,0.0,Merge
2194962.83,EI1,P399,0.007963369963369965,0.0024355585714285716,1558.449,1050.009,5.9865,10.679,0.837160677242288,0.0,Hit+Run
2211409.369,EI11,P770,0.00625,0.0024355585714285716,1437.541,1050.009,6.2781,10.480,0.835172803654955,0.0,Hit+Run
2232532.138,E6,PI91,0.08630111714285717,0.000625,3448.783,667.2478,2.8912,11.870,0.19640153319510062,0.0,Merge
2265038.506,E1,P415,0.25331222523809505,0.0024355585714285716,4937.941,1050.009,1.869,10.912,0.6234325381679087,0.0,Merge
2270347.446,E0,PI53,0.49989111412587356,0.000625,6193.730,667.2478,1.348,10.286,0.8366663105016584,0.0,Merge
2275007.23,EI15,FRAG0004,0.005527805527805527,0.010464535464535464,1379.890,1707.001,4.2943,8.7326,0.43016373312352446,0.010464535464535464,Fragment
2305593.483,EI3,PI14,0.022435558571428576,0.000625,2201.098,667.2478,4.7206,11.958,0.2472483613386212,0.0,Merge
2308028.639,EI3,PI21,0.023060558571428576,0.000625,2221.350,667.2478,2.6022,6.6572,0.924576359405706,0.0,Hit+Run
2335372.992,E5,P858,0.0735,0.0024355585714285716,3269.060,1050.009,1.6146,6.0485,0.8498359221243821,0.0,Hit+Run
2339787.0,EI0,FRAG0002,0.0075,0.006218448218448218,1527.616,1435.118,2.8491,5.4773,0.626621008269886,0.0,Hit+Run
2465107.347,E0,PI163,0.5005161141258736,0.000625,6196.311,667.2478,1.3349,10.190,0.8160264411526386,0.0,Merge
2471202.204,EI9,P408,0.00625,0.0024355585714285716,1437.541,1050.009,6.8481,11.432,0.9769880583027035,0.0,Hit+Run
2483886.827,E3,PI58,0.421420725071595,0.000625,5851.032,667.2478,1.3972,10.044,0.4544722795301492,0.0,Merge
2519564.333,E0,P714,0.5011411141258736,0.0024355585714285716,6198.889,1050.009,1.5847,11.800,0.8082013713599587,0.0,Merge
2569815.431,EI0,FRAG0002,0.0075,0.006218448218448218,1527.616,1435.118,2.3371,4.4930,0.8386914605873419,0.0,Hit+Run
2583913.768,E1,P433,0.2557477838095236,0.0024355585714285716,4953.716,1050.009,1.1944,6.9977,0.7546428387381648,0.0,Merge
2652438.677,EI1,EI0,0.007963369963369965,0.0075,1558.449,1527.616,1.6048,3.2094,0.6058937265894585,0.0,Hit+Run
2688733.51,E0,PI111,0.5035766726973021,0.000625,6208.915,667.2478,1.3397,10.249,0.807519077514762,0.0,Merge
2716329.119,E8,P777,0.11363999999999999,0.0024355585714285716,3780.108,1050.009,1.8467,8.0880,0.9888302355313819,0.0,Hit+Run
2756417.426,EI15,FRAG0005,0.005527805527805527,0.010464535464535464,1379.890,1707.001,4.0415,8.2185,0.5526014827884245,0.011041791541791543,Graze+Frag
2780414.869,E14,P655,0.044980000000000006,0.0024355585714285716,2775.451,1050.009,2.312,7.2721,0.4509836900796538,0.0,Merge
2803001.725,E0,PI26,0.5042016726973021,0.000625,6211.482,667.2478,1.5369,11.763,0.794548293098432,0.0,Merge
2819201.347,EI9,PI57,0.00625,0.000625,1437.541,667.2478,9.3198,15.048,0.8463562350249596,0.0,Hit+Run
2829652.383,E0,PI104,0.5048266726973021,0.000625,6214.048,667.2478,2.0331,15.567,0.8996030339339922,0.0,Merge
2839782.433,E0,PI21,0.5054516726973021,0.000625,6216.611,667.2478,1.1726,8.9825,0.7191151767021062,0.0,Merge
2841952.33,E0,PI161,0.506076672697302,0.000625,6219.172,667.2478,1.84,14.101,0.6021915632934841,0.0,Merge
2844718.158,E0,PI25,0.506701672697302,0.000625,6221.732,667.2478,1.3407,10.279,0.7958493631093772,0.0,Merge
2845230.771,EI0,PI19,0.0075,0.000625,1527.616,667.2478,3.8866,6.6809,0.24526892796255062,0.0,Merge
2848382.778,E4,P320,0.058025,0.0024355585714285716,3021.335,1050.009,2.0041,6.8999,0.2369517468290453,0.0,Merge
3048173.897,EI9,P280,0.00625,0.0024355585714285716,1437.541,1050.009,5.606,9.3588,0.8540121569618686,0.0,Hit+Run
3063927.914,E0,EI7,0.507326672697302,0.00625,6224.289,1437.541,1.7466,12.775,0.8287049481291675,0.0,Hit+Run
3065074.439,E0,P807,0.507326672697302,0.0024355585714285716,6224.289,1050.009,1.9279,14.418,0.8157813210864328,0.0,Merge
3083950.039,E0,PI147,0.5097622312687305,0.000625,6234.233,667.2478,2.0306,15.601,0.6728817041397938,0.0,Merge
3085565.616,E0,PI180,0.5103872312687305,0.000625,6236.780,667.2478,1.7071,13.121,0.5489681248067522,0.0,Merge
3089105.21,EI3,P202,0.023060558571428576,0.0024355585714285716,2221.350,1050.009,6.2521,15.593,0.8415893019789616,0.0,Hit+Run
3090217.42,EI15,PI75,0.005527805527805527,0.000625,1379.890,667.2478,8.8769,13.749,0.6406250300078736,0.0,Merge
3099158.612,E1,PI83,0.2581833423809522,0.000625,4969.392,667.2478,2.4989,15.128,0.46047175378098754,0.0,Merge
3102638.858,E0,PI110,0.5110122312687305,0.000625,6239.325,667.2478,1.9625,15.090,0.624874477845807,0.0,Merge
3120129.321,EI3,P202,0.023060558571428576,0.0024355585714285716,2221.350,1050.009,1.0462,2.6094,0.20954853847886684,0.0,Merge
3166185.749,E0,PI152,0.5116372312687305,0.000625,6241.867,667.2478,1.643,12.639,0.01752644494804793,0.0,Merge
3170730.306,EI3,P784,0.02549611714285715,0.0024355585714285716,2296.951,1050.009,2.3768,6.1344,0.6604069353344989,0.0,Merge
3223261.528,E1,P144,0.2588083423809522,0.0024355585714285716,4973.398,1050.009,1.7755,10.446,0.7865412999149922,0.0,Merge
3318596.456,E19,P605,0.04405555857142857,0.0024355585714285716,2756.305,1050.009,2.1559,6.7316,0.5092153252386548,0.0,Merge
3377270.097,E0,EI9,0.5122622312687305,0.00625,6244.408,1437.541,1.2781,9.3813,0.8852940830480032,0.0,Hit+Run
3377669.525,EI11,PI84,0.00625,0.000625,1437.541,667.2478,14.126,22.809,0.4332863101192982,0.006722364302364302,Fragment
3381879.125,E0,EI9,0.5122622312687305,0.00625,6244.408,1437.541,1.0886,7.9904,0.3820477633206882,0.0,Merge
3426550.239,E8,P217,0.11363999999999999,0.0024355585714285716,3780.108,1050.009,4.9655,21.747,0.6786811082333315,0.0,Merge
3466003.389,E0,PI174,0.5185122312687305,0.000625,6269.701,667.2478,1.5787,12.201,0.9700619468889609,0.0,Hit+Run
3488890.497,E1,P204,0.26124390095238076,0.0024355585714285716,4988.951,1050.009,4.2781,25.256,0.8770168416894667,0.0,Hit+Run
3493856.375,E1,PI76,0.26124390095238076,0.000625,4988.951,667.2478,1.8068,10.983,0.5439494184690391,0.0,Merge
3497031.303,E0,P260,0.5185122312687305,0.0024355585714285716,6269.701,1050.009,1.514,11.411,0.3501577913908896,0.0,Merge
3512710.446,E0,PI146,0.520947789840159,0.000625,6279.502,667.2478,1.1346,8.7834,0.9249198032380693,0.0,Hit+Run
3527744.763,EI1,PI8,0.007963369963369965,0.000625,1558.449,667.2478,6.196,10.874,0.5266259264853068,0.0,Merge
3538040.511,E0,PI146,0.520947789840159,0.000625,6279.502,667.2478,1.0609,8.2129,0.6982095934529755,0.0,Merge
3550293.05,EI15,P680,0.006152805527805527,0.0024355585714285716,1430.051,1050.009,11.007,18.300,0.9977244579880956,0.0,Hit+Run
3574351.472,E3,P695,0.422045725071595,0.0024355585714285716,5853.923,1050.009,1.4203,9.9498,0.9840859123745125,0.0,Hit+Run
3581961.213,E0,PI174,0.521572789840159,0.000625,6282.012,667.2478,1.0667,8.2612,0.6486077315958138,0.0,Merge
3622294.505,EI0,FRAG0002,0.008125,0.006218448218448218,1568.923,1435.118,7.5342,14.708,0.17187928709291894,0.008815517815517817,Fragment
3626708.835,EI15,P100,0.006152805527805527,0.0024355585714285716,1430.051,1050.009,11.853,19.706,0.45991159203103793,0.008545987345987346,Fragment
3629151.493,EI0,FRAG0007,0.005527930402930403,0.008815517815517817,1379.901,1612.166,1.0195,1.9942,0.9399904745559982,0.0,Graze+Merge
3639918.534,EI16,PI28,0.00625,0.000625,1437.541,667.2478,12.336,19.918,0.9030440719415764,0.0,Hit+Run
3686288.158,EI1,P67,0.008588369963369966,0.0024355585714285716,1598.198,1050.009,9.0844,16.559,0.6986137085919917,0.010089350649350648,Graze+Frag
3763582.076,EI3,PI15,0.02793167571428572,0.000625,2367.879,667.2478,4.3959,12.046,0.9471120156390158,0.0,Hit+Run
3808207.268,EI3,PI15,0.02793167571428572,0.000625,2367.879,667.2478,1.1602,3.1794,0.10820793786584142,0.0,Merge
3883026.408,E0,PI79,0.522197789840159,0.000625,6284.521,667.2478,1.5701,12.165,0.9549137325078336,0.0,Hit+Run
3906560.46,E1,PI52,0.26186890095238075,0.000625,4992.926,667.2478,2.3029,14.011,0.8160448766918016,0.0,Merge
3972111.967,E0,EI2,0.522197789840159,0.006875,6284.521,1483.945,1.2474,9.1971,0.9808052660890665,0.0,Hit+Run
4041274.489,EI11,PI55,0.006875124875124875,0.000625,1483.954,667.2478,6.9665,11.621,0.839310908184748,0.0,Hit+Run
4052617.05,E1,PI56,0.26249390095238073,0.000625,4996.895,667.2478,1.9618,11.945,0.7936252479308912,0.0,Merge
4053166.363,EI3,PI166,0.02855667571428572,0.000625,2385.410,667.2478,4.1234,11.390,0.9148873540332679,0.0,Hit+Run
4100807.696,E3,EI7,0.422045725071595,0.00625,5853.923,1437.541,1.1956,8.1866,0.991033030835507,0.0,Hit+Run
4135996.183,EI0,PI0,0.01434344821844822,0.000625,1896.174,667.2478,18.199,39.292,0.26762502129447935,0.013801824841824841,Fragment
4198381.271,E3,P403,0.422045725071595,0.0024355585714285716,5853.923,1050.009,1.754,12.287,0.4682166472628001,0.0,Merge
4209804.313,EI0,P821,0.005527888777888779,0.0024355585714285716,1379.897,1050.009,10.131,16.387,0.19762250869831363,0.0,Fragment
4241777.649,E1,PI118,0.2631189009523807,0.000625,5000.858,667.2478,1.6642,10.142,0.3945557402674757,0.0,Merge
4272821.044,E7,EI1,0.024059999999999998,0.011023976023976024,2252.988,1736.893,14.453,38.292,0.9617552657629439,0.0,Hit+Run
4277415.876,EI2,P626,0.006875,0.0024355585714285716,1483.945,1050.009,4.4771,7.6673,0.9038524569997359,0.0,Hit+Run
4373599.591,E0,PI150,0.522197789840159,0.000625,6284.521,667.2478,1.0061,7.7952,0.9772429658628874,0.0,Graze+Merge
4430922.759,E0,EI1,0.522822789840159,0.011023976023976024,6287.027,1736.893,3.3179,24.178,0.7857294338481422,0.0,Hit+Run
4449415.634,E0,EI1,0.522822789840159,0.011023976023976024,6287.027,1736.893,1.0122,7.3763,0.9974407352300408,0.0,Graze+Merge
4478553.044,E5,P855,0.0735,0.0024355585714285716,3269.060,1050.009,1.7631,6.6048,0.24038821594825774,0.0,Merge
4501490.587,E1,PI148,0.2637439009523807,0.000625,5004.814,667.2478,1.8528,11.301,0.8190970081557866,0.0,Merge
4541950.718,EI3,EI15,0.02855667571428572,0.00858841158841159,2385.410,1598.201,3.7621,10.263,0.7603637788960279,0.0,Hit+Run
4610252.114,E1,PI89,0.2643689009523807,0.000625,5008.764,667.2478,1.6359,9.9864,0.7273105603834542,0.0,Merge
4634490.764,E4,PI141,0.06046055857142857,0.000625,3063.029,667.2478,3.8468,13.907,0.2811537115820045,0.0,Merge
4656640.378,E7,PI17,0.024059999999999998,0.000625,2252.988,667.2478,12.509,32.493,0.6543939235615168,0.0,Merge
4693455.28,E1,P643,0.2649939009523807,0.0024355585714285716,5012.708,1050.009,2.359,13.997,0.9991983675067938,0.0,Hit+Run
4704690.65,EI15,P496,0.00858841158841159,0.0024355585714285716,1598.201,1050.009,2.973,5.4193,0.9709747026155033,0.0,Hit+Run
4725045.795,EI3,EI15,0.02855667571428572,0.00858841158841159,2385.410,1598.201,1.0652,2.9060,0.9834788710496427,0.0,Hit+Run
4742549.747,E7,P23,0.024685,0.0024355585714285716,2272.330,1050.009,7.0931,18.105,0.8535755788893192,0.0,Hit+Run
4757435.381,E19,P632,0.04649111714285714,0.0024355585714285716,2806.190,1050.009,1.0941,3.4818,0.8077566567959371,0.0,Hit+Run
4836758.592,EI3,PI117,0.02855667571428572,0.000625,2385.410,667.2478,7.9221,21.883,0.9837305175883847,0.0,Hit+Run
4917339.929,E0,PI142,0.5338467658641349,0.000625,6330.908,667.2478,2.3175,18.094,0.5569953255188114,0.0,Merge
4920514.309,EI2,P418,0.006875,0.0024355585714285716,1483.945,1050.009,4.6257,7.9217,0.2556835445938089,0.0,Fragment
4941925.43,EI15,PI154,0.00858841158841159,0.000625,1598.201,667.2478,4.7657,8.5865,0.9668435299559799,0.0,Hit+Run
4971717.12,EI3,P399,0.02855667571428572,0.0024355585714285716,2385.410,1050.009,2.6666,7.1556,0.914816201356589,0.0,Hit+Run
5005227.503,E0,EI11,0.5344717658641349,0.006875124875124875,6333.378,1483.954,1.0636,7.9075,0.8403095786634144,0.0,Hit+Run
5029484.131,E0,EI11,0.5344717658641349,0.006875124875124875,6333.378,1483.954,1.0177,7.5663,0.31118676163191045,0.0,Merge
5032040.485,E0,E7,0.5413468907392598,0.024685,6360.419,2272.330,1.5582,11.272,0.4643174131151501,0.0,Merge
5054813.33,E1,PI69,0.2649939009523807,0.000625,5012.708,667.2478,2.4519,14.980,0.8816433630698345,0.0,Merge
5066981.777,EI3,PI117,0.02855667571428572,0.000625,2385.410,667.2478,3.1429,8.6816,0.18777539389664696,0.0,Merge
5084053.892,E0,PI37,0.5660318907392597,0.000625,6455.662,667.2478,1.0446,8.3241,0.8037278605726661,0.0,Merge
5222684.919,E3,P762,0.42448128364302357,0.0024355585714285716,5865.162,1050.009,1.5088,10.591,0.4587689522987231,0.0,Merge
5232354.627,E0,PI182,0.5666568907392597,0.000625,6458.037,667.2478,2.0992,16.734,0.331544633601097,0.0,Merge
5251602.14,E6,P213,0.08692611714285717,0.0024355585714285716,3457.089,1050.009,1.5256,6.0691,0.9541878196609941,0.0,Hit+Run
5289130.33,E1,P362,0.26561890095238067,0.0024355585714285716,5016.646,1050.009,1.7325,10.288,0.5664409952901963,0.0,Merge
5386384.59,EI2,P47,0.009310689310689312,0.0024355585714285716,1641.803,1050.009,6.3531,11.856,0.5286217290224957,0.006218448218448218,Fragment
5401069.869,E0,PI60,0.5672818907392597,0.000625,6460.411,667.2478,2.0015,15.961,0.27218774989678957,0.0,Merge
5410967.261,E3,P643,0.42691684221445214,0.0024355585714285716,5876.358,1050.009,1.1653,8.1968,0.2988078823516116,0.0,Merge
5504583.202,EI0,P720,0.007963369963369965,0.0024355585714285716,1558.449,1050.009,2.5227,4.5001,0.9043151592020605,0.0,Hit+Run
5537213.887,P3,P412,0.0024355585714285716,0.0024355585714285716,1050.009,1050.009,6.0506,8.2330,0.9945,0.0,Hit+Run
5628067.67,E4,P645,0.06108555857142857,0.0024355585714285716,3073.548,1050.009,3.2945,11.552,0.4847096542895193,0.0,Merge
5680138.828,E1,PI74,0.26805445952380924,0.000625,5031.933,667.2478,2.7146,16.652,0.8840699486778592,0.0,Hit+Run
5743368.411,E0,PI176,0.5679068907392597,0.000625,6462.782,667.2478,2.0317,16.208,0.8494036076792516,0.0,Merge
5877215.558,E1,P213,0.26805445952380924,0.0024355585714285716,5031.933,1050.009,1.2381,7.3767,0.4073074486823505,0.0,Merge
5915933.19,E17,P804,0.040959999999999996,0.0024355585714285716,2690.174,1050.009,3.7836,11.514,0.49772969286602603,0.0,Merge
5936357.326,EI15,P551,0.00858841158841159,0.0024355585714285716,1598.201,1050.009,4.151,7.5666,0.869586331654347,0.0,Hit+Run
5964549.313,E4,P323,0.06352111714285714,0.0024355585714285716,3113.865,1050.009,3.3046,11.750,0.4317215198803347,0.0,Merge
6077278.293,E0,EI16,0.5685318907392597,0.00625,6465.152,1437.541,1.9357,14.748,0.9817136584472604,0.0,Hit+Run
6116854.777,E1,PI198,0.2704900180952378,0.000625,5047.127,667.2478,1.4464,8.9009,0.8776690829203104,0.0,Merge
6159339.674,EI0,PI16,0.007963369963369965,0.000625,1558.449,667.2478,11.378,19.969,0.7704381158247349,0.0,Graze+Frag
6169738.055,EI3,P408,0.02918167571428572,0.0024355585714285716,2402.687,1050.009,5.9518,16.091,0.8153708806660921,0.0,Hit+Run
6304229.401,EI3,EI15,0.02918167571428572,0.00858841158841159,2402.687,1598.201,3.6599,10.046,0.6902588669361577,0.006751108891108891,Hit+Run
6331780.918,EI3,P408,0.02918167571428572,0.0024355585714285716,2402.687,1050.009,4.9578,13.403,0.38531267101204675,0.007499167499167499,Fragment
6372784.919,E0,PI11,0.5685318907392597,0.000625,6465.152,667.2478,1.7047,13.605,0.5625418452059759,0.0,Merge
6403109.824,E0,PI116,0.5691568907392597,0.000625,6467.521,667.2478,2.2978,18.345,0.35543057317378884,0.0,Merge
6521928.274,E3,E6,0.4293524007858807,0.08692611714285717,5887.512,3457.089,1.0212,6.7815,0.7562420709166803,0.0,Graze+Merge
6549287.174,EI3,FRAG0008,0.024118066786546793,0.00944055944055944,2254.799,1649.401,3.479,9.1127,0.2585609137933268,0.02731002331002331,Fragment
6624162.5,E0,PI55,0.5697818907392597,0.000625,6469.887,667.2478,2.3579,18.832,0.6443475995693791,0.0,Merge
6685215.551,EI15,FRAG0006,0.00858841158841159,0.010464535464535464,1598.201,1707.001,1.6368,3.5110,0.5860518156256571,0.0,Hit+Run
6704264.744,E1,PI99,0.2711150180952378,0.000625,5051.011,667.2478,2.5298,15.580,0.803284634631226,0.0,Merge
6788911.245,EI15,FRAG0011,0.00858841158841159,0.006827505827505827,1598.201,1480.520,1.9916,3.9816,0.5832741106911781,0.0,Hit+Run
6796072.635,EI3,FRAG0012,0.006248602917082922,0.006827505827505827,1437.434,1480.520,2.1439,4.0547,0.9022281754936705,0.0,Hit+Run
6804687.71,EI3,FRAG0012,0.006248602917082922,0.006827505827505827,1437.434,1480.520,1.2936,2.4465,0.47729668535944164,0.0,Merge
6812750.949,EI15,PI18,0.00858841158841159,0.000625,1598.201,667.2478,7.2503,13.063,0.8824695889251624,0.0,Hit+Run
6874279.006,E10,P419,0.14002,0.0024355585714285716,4052.507,1050.009,1.0944,5.1663,0.8295599764160111,0.0,Hit+Run
6913136.913,EI0,FRAG0006,0.00858841158841159,0.010464535464535464,1598.201,1707.001,1.0394,2.2295,0.5288489032588952,0.0,Graze+Merge
6916729.81,EI3,FRAG0013,0.01307610874458875,0.006827505827505827,1838.597,1480.520,1.9582,4.2841,0.5638016963209662,0.0,Hit+Run
6930181.648,EI0,FRAG0011,0.019052947052947054,0.006827505827505827,2084.400,1480.520,1.3453,3.2384,0.4154275746306732,0.0,Merge
6955123.795,E9,PI175,0.07894000000000001,0.000625,3347.800,667.2478,3.6819,14.643,0.7427608347997225,0.0,Merge
7040976.688,E0,PI74,0.5704068907392597,0.000625,6472.252,667.2478,1.2284,9.8150,0.5625995780010127,0.0,Merge
7124163.925,E11,P757,0.020565714285714288,0.0024355585714285716,2138.167,1050.009,3.7256,8.9404,0.19066726195295117,0.0,Merge
7154948.256,EI0,FRAG0014,0.025880452880452882,0.006827505827505827,2308.435,1480.520,1.8061,4.7409,0.5435152077252521,0.0,Merge
7162427.063,EI0,EI15,0.03270795870795871,0.00858841158841159,2495.810,1598.201,1.2632,3.5843,0.32822193060029764,0.0,Merge
7199387.12,E1,PI98,0.2717400180952378,0.000625,5054.890,667.2478,3.7106,22.871,0.8198759858036253,0.0,Merge
7387677.138,EI0,PI20,0.041296370296370295,0.000625,2697.518,667.2478,8.3919,26.464,0.5219038686021431,0.0,Merge
7435504.339,E1,P205,0.2723650180952378,0.0024355585714285716,5058.762,1050.009,1.8105,10.848,0.9268256636891984,0.0,Hit+Run
7534544.982,EI3,P535,0.01307610874458875,0.0024355585714285716,1838.597,1050.009,6.4224,13.296,0.5937268632557736,0.010051761571761571,Fragment
7546451.193,P21,P349,0.0024355585714285716,0.0024355585714285716,1050.009,1050.009,39.108,53.214,0.9244,0.0,Graze+Frag
7678810.713,E0,PI172,0.5710318907392596,0.000625,6474.615,667.2478,2.6582,21.247,0.2650817401937436,0.0,Merge
7684904.533,EI2,PI194,0.005527799663669665,0.000625,1379.890,667.2478,13.802,21.378,0.9893826922007595,0.0,Hit+Run
7739516.544,E0,PI126,0.5716568907392596,0.000625,6476.976,667.2478,3.2094,25.663,0.8104125814310098,0.0,Merge
7886856.9,P21,P196,0.004871128871128871,0.0024355585714285716,1322.930,1050.009,6.835,10.715,0.9751910064463127,0.0,Hit+Run
7891610.638,E0,PI194,0.5722818907392596,0.000625,6479.336,667.2478,1.7729,14.181,0.690764456495307,0.0,Merge
7925132.887,EI3,PI197,0.005528317332667338,0.000625,1379.933,667.2478,14.936,23.135,0.6750087942081411,0.0,Graze+Frag
7955679.817,EI0,PI22,0.041921370296370296,0.000625,2711.059,667.2478,6.0289,19.115,0.44907366486802913,0.0,Merge
7995371.899,P21,P215,0.004871128871128871,0.0024355585714285716,1322.930,1050.009,11.96,18.750,0.915649273374928,0.0,Hit+Run
8026245.417,E12,P576,0.09854,0.0024355585714285716,3604.663,1050.009,3.0255,12.589,0.7839434759921677,0.0,Hit+Run
8036728.011,E0,P780,0.5729068907392596,0.0024355585714285716,6481.694,1050.009,3.1882,24.895,0.6518954157563716,0.0,Merge
8318754.654,E0,PI190,0.5753424493106881,0.000625,6490.866,667.2478,1.916,15.355,0.5268417393525171,0.0,Merge
8562550.492,E0,PI54,0.5759674493106881,0.000625,6493.215,667.2478,6.3321,50.765,0.7108522716503609,0.0,Merge
8581652.643,P21,P839,0.004871128871128871,0.0024355585714285716,1322.930,1050.009,8.2144,12.878,0.6092992516265578,0.0,Graze+Frag
8656065.811,P21,P604,0.0073066933066933066,0.0024355585714285716,1514.377,1050.009,17.222,29.990,0.883214063140278,0.0,Graze+Frag
8659320.156,P21,P258,0.009742257742257742,0.0024355585714285716,1666.788,1050.009,13.849,26.197,0.6857836920683158,0.011882017982017982,Graze+Frag
8666278.912,P21,FRAG0016,0.005527799663669664,0.00665001665001665,1379.890,1467.578,1.1188,2.0671,0.873011242986132,0.0,Hit+Run
8773176.579,E9,P185,0.07956500000000001,0.0024355585714285716,3356.612,1050.009,3.9988,15.411,0.24085587223868654,0.0,Merge
8773874.693,E4,EI16,0.06595667571428572,0.00625,3153.165,1437.541,1.534,5.4354,0.8313732871758618,0.0,Hit+Run
8782439.925,EI3,P485,0.006152847152847154,0.0024355585714285716,1430.054,1050.009,16.063,26.706,0.2515792617637228,0.008578601398601398,Fragment
8871971.279,E0,PI90,0.5765924493106881,0.000625,6495.563,667.2478,2.4107,19.334,0.7296479176863071,0.0,Merge
8935387.719,E0,PI57,0.5772174493106881,0.000625,6497.909,667.2478,2.6143,20.975,0.9675460441298708,0.0,Hit+Run
8946101.33,P21,PI18,0.005527799663669664,0.000625,1379.890,667.2478,17.875,27.687,0.813453490222017,0.0,Graze+Frag
9022747.535,E1,P626,0.2723650180952378,0.0024355585714285716,5058.762,1050.009,2.3186,13.893,0.8988353961474767,0.0,Hit+Run
9055738.464,E0,PI57,0.5772174493106881,0.000625,6497.909,667.2478,1.1858,9.5139,0.8422157757834952,0.0,Merge
9067694.728,EI0,P680,0.042546370296370296,0.0024355585714285716,2724.465,1050.009,6.9822,21.534,0.4137432409302334,0.011296037296037295,Fragment
9067894.254,P30,P400,0.0024355585714285716,0.0024355585714285716,1050.009,1050.009,2.8337,3.8557,0.7441,0.0,Hit+Run
9067995.389,P30,P834,0.0024355585714285716,0.0024355585714285716,1050.009,1050.009,2.9886,4.0665,0.40425,0.0,Merge
9068088.169,P30,P749,0.004871117142857143,0.0024355585714285716,1322.929,1050.009,1.0795,1.6923,0.8392705349596048,0.0,Hit+Run
9068192.546,P30,P749,0.004871117142857143,0.0024355585714285716,1322.929,1050.009,1.0205,1.5998,0.47633369540951664,0.0,Merge
9069131.481,P30,P719,0.007306675714285714,0.0024355585714285716,1514.376,1050.009,1.2006,2.0907,0.9565590193511163,0.0,Hit+Run
9069736.387,P30,P702,0.007306675714285714,0.0024355585714285716,1514.376,1050.009,1.77,3.0822,0.9331145243096055,0.0,Hit+Run
9069762.506,EI0,FRAG0017,0.03368589157176157,0.005648018648018648,2520.441,1389.822,1.063,3.0121,0.5321575587355418,0.0,Merge
9070783.702,P30,P702,0.007306675714285714,0.0024355585714285716,1514.376,1050.009,1.1964,2.0833,0.4326306566098456,0.0,Merge
9071352.181,P30,P826,0.009742234285714286,0.0024355585714285716,1666.786,1050.009,1.1597,2.1936,0.18761190551523418,0.0,Merge
9071664.789,P30,P318,0.012177792857142858,0.0024355585714285716,1795.491,1050.009,1.4341,2.9035,0.5996326809171965,0.0,Merge
9071957.555,P30,P175,0.01461335142857143,0.0024355585714285716,1907.994,1050.009,0.9707,2.0820,0.963735767882434,0.0,Perfect
9072022.674,P30,P719,0.01704891,0.0024355585714285716,2008.596,1050.009,1.3822,3.1168,0.9408586518510116,0.0,Hit+Run
9079363.036,P30,P322,0.01704891,0.0024355585714285716,2008.596,1050.009,2.2292,5.0267,0.7865990739074067,0.0,Hit+Run
9079926.985,P30,P704,0.01704891,0.0024355585714285716,2008.596,1050.009,1.8005,4.0600,0.7961869403951742,0.0,Hit+Run
9080152.635,P30,P823,0.01704891,0.0024355585714285716,2008.596,1050.009,1.5348,3.4609,0.35915097138083213,0.0,Merge
9082331.169,P30,P652,0.019484468571428572,0.0024355585714285716,2100.019,1050.009,1.4348,3.3815,0.40259999999999996,0.0,Merge
9083566.313,P30,P560,0.021920027142857144,0.0024355585714285716,2184.108,1050.009,1.3716,3.3628,0.2319770611016545,0.0,Merge
9084386.789,EI0,FRAG0018,0.03933391021978022,0.005648018648018648,2654.093,1389.822,1.0387,3.0950,0.7281845166239296,0.0,Graze+Merge
9085959.717,P30,P312,0.024355585714285716,0.0024355585714285716,2262.177,1050.009,1.3695,3.4798,0.8693728627850797,0.0,Hit+Run
9086041.077,P30,P312,0.024355585714285716,0.0024355585714285716,2262.177,1050.009,1.0573,2.6865,0.6928892837579256,0.0,Graze+Merge
9086914.635,P30,P322,0.02679114428571429,0.0024355585714285716,2335.201,1050.009,1.189,3.1213,0.7050005237968057,0.0,Hit+Run
9087258.997,P30,P704,0.02679114428571429,0.0024355585714285716,2335.201,1050.009,0.9792,2.5705,0.916983558006941,0.0,Perfect
9089715.297,P30,P811,0.02922670285714286,0.0024355585714285716,2403.922,1050.009,1.7978,4.8630,0.372914561868146,0.0,Merge
9094816.779,P30,P322,0.03166226142857143,0.0024355585714285716,2468.924,1050.009,1.0289,2.8614,0.5784786154391097,0.0,Merge
9125596.156,E0,P296,0.5778424493106881,0.0024355585714285716,6500.254,1050.009,2.0422,15.995,0.9577854126046217,0.0,Hit+Run
9131324.863,P30,P229,0.03409782,0.0024355585714285716,2530.673,1050.009,1.0544,3.0090,0.6684508671101587,0.0,Merge
9139696.358,E3,P109,0.5162785179287379,0.0024355585714285716,6260.685,1050.009,1.3603,10.237,0.401125327465325,0.0,Merge
9211869.681,P30,P168,0.03653337857142857,0.0024355585714285716,2589.547,1050.009,1.785,5.2183,0.47144031738652703,0.0,Merge
9221123.313,P30,P719,0.03896893714285714,0.0024355585714285716,2645.859,1050.009,1.2294,3.6763,0.8460463023922029,0.0,Hit+Run
9241092.313,P30,P719,0.03896893714285714,0.0024355585714285716,2645.859,1050.009,1.1388,3.4054,0.7046567739419912,0.0,Merge
9280570.539,E5,P693,0.07593555857142857,0.0024355585714285716,3304.777,1050.009,1.8563,7.0355,0.876359002412203,0.0,Hit+Run
9395177.316,E11,P636,0.02300127285714286,0.0024355585714285716,2219.445,1050.009,3.4947,8.7088,0.5743008151490259,0.0,Merge
9429501.255,E1,EI10,0.2723650180952378,0.00625,5058.762,1437.541,1.5477,9.0555,0.6158069451425684,0.0,Merge
9444222.456,P30,P400,0.041404495714285706,0.0024355585714285716,2699.871,1050.009,1.9838,6.0601,0.7296363218148763,0.0,Hit+Run
9444683.73,P30,P400,0.041404495714285706,0.0024355585714285716,2699.871,1050.009,1.0532,3.2173,0.6062302969884802,0.0,Merge
9596635.568,EI2,P716,0.005527799663669665,0.0024355585714285716,1379.890,1050.009,15.548,25.148,0.3585022989740655,0.0,Fragment
9697695.954,EI0,EI2,0.04498192886779887,0.007963369963369965,2775.491,1558.449,2.0141,6.2894,0.8924728351020731,0.0,Hit+Run
9734783.086,EI0,EI2,0.04498192886779887,0.007963369963369965,2775.491,1558.449,1.1593,3.6201,0.9610605508307126,0.0,Hit+Run
9764293.885,EI0,EI2,0.04498192886779887,0.007963369963369965,2775.491,1558.449,1.2012,3.7509,0.8670486304855747,0.0,Hit+Run
9838119.507,E0,PI135,0.5778424493106881,0.000625,6500.254,667.2478,2.2249,17.857,0.6690249230143508,0.0,Merge
9870176.818,EI0,FRAG0013,0.04498192886779887,0.006827505827505827,2775.491,1480.520,2.9406,9.1663,0.5535967617455463,0.00675024975024975,Fragment
9950047.561,E17,PI28,0.043395558571428565,0.000625,2742.472,667.2478,3.7259,11.960,0.5253753519888789,0.0,Merge
9962983.168,EI0,FRAG0019,0.045059184945054946,0.00675024975024975,2777.079,1474.915,1.4433,4.5011,0.9330527772772148,0.0,Hit+Run
9975846.566,E0,P125,0.578467449310688,0.0024355585714285716,6502.596,1050.009,1.5492,12.138,0.5392279195692775,0.0,Merge
10105954.065,P21,FRAG0016,0.006152847152847154,0.00665001665001665,1430.054,1467.578,5.5524,10.427,0.9610905707015276,0.0,Hit+Run
10106146.423,P21,FRAG0016,0.006152847152847154,0.00665001665001665,1430.054,1467.578,1.0551,1.9814,0.8247789677294818,0.0,Hit+Run
10109567.678,P21,FRAG0016,0.006152847152847154,0.00665001665001665,1430.054,1467.578,1.0497,1.9713,0.7472461913829633,0.0,Graze+Merge
10171367.644,EI0,FRAG0019,0.045059184945054946,0.00675024975024975,2777.079,1474.915,2.7852,8.6860,0.4575132790723008,0.00794905094905095,Fragment
10190000.64,EI0,FRAG0020,0.04386038374625375,0.00794905094905095,2752.229,1557.515,1.1288,3.4966,0.386931480211577,0.0,Merge
10206977.961,EI0,P472,0.0518094346953047,0.0024355585714285716,2909.355,1050.009,5.0933,16.843,0.8261395735138793,0.0,Hit+Run
10220376.642,E3,P205,0.5187140765001664,0.0024355585714285716,6270.514,1050.009,1.2823,9.6662,0.8109113259076883,0.0,Merge
10340034.153,P30,P129,0.043840054285714275,0.0024355585714285716,2751.804,1050.009,1.4622,4.5576,0.6418054042638313,0.0,Merge
10421799.117,E0,P770,0.5809030078821166,0.0024355585714285716,6511.710,1050.009,2.0177,15.833,0.6354362382280954,0.0,Merge
10517355.126,E0,E11,0.5833385664535451,0.025436831428571432,6520.798,2295.169,1.5224,11.302,0.6831477891919984,0.0,Merge
10656368.411,E1,E13,0.27861501809523775,0.02222,5097.165,2194.026,1.012,5.8076,0.4488826886954083,0.0,Merge
10721831.133,E0,P516,0.6087753978821165,0.0024355585714285716,6614.233,1050.009,2.1807,17.398,0.8574757026340114,0.0,Merge
10746006.749,P21,P644,0.012802863802863804,0.0024355585714285716,1825.700,1050.009,8.2177,16.900,0.9748419785966085,0.0,Hit+Run
10757931.172,P21,P644,0.012802863802863804,0.0024355585714285716,1825.700,1050.009,1.1227,2.3089,0.7936502490678087,0.0,Hit+Run
10773384.669,E4,P393,0.06595667571428572,0.0024355585714285716,3153.165,1050.009,2.1186,7.6352,0.5881462339467802,0.0,Merge
10784925.843,E8,P222,0.11607555857142857,0.0024355585714285716,3806.923,1050.009,1.1379,5.0218,0.8061508066666804,0.0,Hit+Run
10797833.939,EI0,P691,0.0518094346953047,0.0024355585714285716,2909.355,1050.009,3.9351,13.013,0.615691851505185,0.0,Merge
10845094.369,P21,P644,0.012802863802863804,0.0024355585714285716,1825.700,1050.009,1.0395,2.1378,0.9819525159852649,0.0,Hit+Run
10866520.036,EI3,FRAG0015,0.00858841158841159,0.009983349983349984,1598.201,1680.425,11.014,23.420,0.895172563181837,0.0,Hit+Run
10889546.624,E1,EI16,0.30083501809523777,0.00625,5229.216,1437.541,1.6721,10.138,0.24943019645360634,0.0,Merge
10914782.104,P21,P644,0.012802863802863804,0.0024355585714285716,1825.700,1050.009,1.0795,2.2201,0.5325919477985638,0.0,Merge
11054637.352,E12,PI72,0.09854,0.000625,3604.663,667.2478,2.4425,10.513,0.9762832791293279,0.0,Hit+Run
11079153.058,P21,P215,0.015238422374292376,0.0024355585714285716,1934.819,1050.009,8.9965,19.558,0.6835456983498545,0.011516630036630037,Graze+Frag
11083886.604,E3,P48,0.521149635071595,0.0024355585714285716,6280.313,1050.009,3.0551,23.068,0.9537430562755773,0.0,Hit+Run
11099372.44,P21,P589,0.006157497429237432,0.0024355585714285716,1430.414,1050.009,8.8732,14.755,0.8576982133850816,0.0,Hit+Run
11101601.952,E0,PI27,0.6112109564535451,0.000625,6623.042,667.2478,1.7615,14.417,0.38373960774340915,0.0,Merge
11239749.979,EI3,PI4,0.00858841158841159,0.000625,1598.201,667.2478,17.942,32.327,0.5349561829738194,0.0,Fragment
11349953.418,EI2,PI5,0.007963369963369965,0.000625,1558.449,667.2478,19.994,35.090,0.9892529037873176,0.0,Hit+Run
11354605.22,EI2,PI5,0.007963369963369965,0.000625,1558.449,667.2478,1.0504,1.8434,0.9674764560892812,0.0,Hit+Run
11358448.1,EI0,PI5,0.054244993266733266,0.000625,2954.248,667.2478,3.658,12.721,0.6926563502072236,0.0,Merge
11362188.02,P21,FRAG0022,0.006157497429237432,0.005758241758241758,1430.414,1398.804,2.5845,4.7387,0.8861410884719157,0.0,Hit+Run
11382849.173,E3,P296,0.521149635071595,0.0024355585714285716,6280.313,1050.009,1.0285,7.7659,0.726873525821236,0.0,Merge
11391170.808,E1,P626,0.30708501809523775,0.0024355585714285716,5265.182,1050.009,1.6549,10.350,0.9013484309015579,0.0,Hit+Run
11414885.865,EI2,P344,0.007963369963369965,0.0024355585714285716,1558.449,1050.009,13.350,23.815,0.2645552011724844,0.010369610389610389,Fragment
11425522.951,E9,PI62,0.08200055857142859,0.000625,3390.518,667.2478,1.2223,4.9277,0.605365227436073,0.0,Merge
11476768.522,P21,FRAG0022,0.006157497429237432,0.005758241758241758,1430.414,1398.804,1.3343,2.4464,0.7252635313590251,0.0,Hit+Run
11559420.272,P21,FRAG0022,0.006157497429237432,0.005758241758241758,1430.414,1398.804,1.746,3.2013,0.726628614338927,0.0,Hit+Run
11561905.212,E0,PI167,0.611835956453545,0.000625,6625.299,667.2478,2.0257,16.585,0.9968092427759048,0.0,Hit+Run
11577197.983,P21,FRAG0022,0.006157497429237432,0.005758241758241758,1430.414,1398.804,1.1241,2.0610,0.7747604290376926,0.0,Hit+Run
11585547.011,E1,PI151,0.30708501809523775,0.000625,5265.182,667.2478,2.6079,16.780,0.08635621851763145,0.0,Merge
11801116.756,E0,P613,0.611835956453545,0.0024355585714285716,6625.299,1050.009,1.6938,13.537,0.7512398375478064,0.0,Merge
11867697.493,E3,PI129,0.5235851936430235,0.000625,6290.081,667.2478,1.9678,15.260,0.7458777648010037,0.0,Merge
11869937.498,P21,FRAG0022,0.006157497429237432,0.005758241758241758,1430.414,1398.804,4.3507,7.9770,0.9343234617995666,0.0,Hit+Run
11888313.027,EI2,P538,0.0103989343989344,0.0024355585714285716,1703.426,1050.009,9.2986,17.936,0.7340957754967529,0.008584681984681984,Graze+Frag
11911276.024,P21,P338,0.006157497429237432,0.0024355585714285716,1430.414,1050.009,20.960,34.855,0.23609335612173224,0.00858855144855145,Fragment
12031380.931,EI0,EI2,0.054869993266733266,0.005527799663669665,2965.551,1379.890,1.5485,5.1577,0.422778439493121,0.0,Merge
12328597.811,P21,FRAG0021,0.008592740592740592,0.005758241758241758,1598.469,1398.804,5.718,11.178,0.4399788761918571,0.008823176823176824,Fragment
12364677.309,E3,EI7,0.5242101936430235,0.00625,6292.583,1437.541,1.6011,11.849,0.6280270929695185,0.0,Merge
12375326.807,P21,FRAG0022,0.005527805527805527,0.005758241758241758,1379.890,1398.804,5.4925,9.8895,0.6203981489665131,0.005758241758241758,Graze+Frag
12378841.099,E0,PI49,0.6142715150249736,0.000625,6634.079,667.2478,1.7248,14.141,0.7924920797831332,0.0,Merge
12401023.189,E1,PI100,0.30771001809523774,0.000625,5268.751,667.2478,2.0086,12.933,0.3557472769934498,0.0,Merge
12407305.121,E0,PI154,0.6148965150249736,0.000625,6636.328,667.2478,3.0803,25.264,0.7831576250741475,0.0,Merge
12496578.888,P21,FRAG0024,0.005527805527805527,0.008823176823176824,1379.890,1612.632,2.5937,5.0745,0.9974791443260579,0.0,Hit+Run
12505482.689,E3,PI195,0.5304601936430234,0.000625,6317.493,667.2478,1.6408,12.782,0.7802868191442613,0.0,Merge
12537958.993,P21,FRAG0024,0.005527805527805527,0.008823176823176824,1379.890,1612.632,2.3828,4.6619,0.9373039278252489,0.0,Hit+Run
12579133.595,P21,FRAG0024,0.005527805527805527,0.008823176823176824,1379.890,1612.632,1.7412,3.4066,0.38235470898445234,0.0,Merge
12624759.935,E3,PI63,0.5310851936430234,0.000625,6319.973,667.2478,1.6601,12.938,0.9084843665226693,0.0,Hit+Run
12664009.585,P21,P472,0.01435098235098235,0.0024355585714285716,1896.506,1050.009,6.6892,14.264,0.6471837062243753,0.008113886113886115,Graze+Frag
12707139.436,E0,PI167,0.6155215150249735,0.000625,6638.576,667.2478,1.0411,8.5419,0.21744450272274268,0.0,Merge
12787097.515,E0,P496,0.6161465150249735,0.0024355585714285716,6640.822,1050.009,1.7228,13.803,0.7037301096004352,0.0,Merge
12938215.965,EI3,FRAG0015,0.009213453213453213,0.009983349983349984,1636.067,1680.425,5.7126,12.279,0.6230044408388307,0.013668997668997668,Graze+Frag
13020759.326,EI0,FRAG0023,0.060397792930402934,0.0073066933066933066,3061.969,1514.377,1.1087,3.8099,0.47812882959028785,0.0,Merge
13023259.176,P21,PI2,0.008672654808524806,0.000625,1603.409,667.2478,29.692,53.680,0.570705054520814,0.0,Fragment
13095197.416,EI5,P56,0.00625,0.0024355585714285716,1437.541,1050.009,8.1927,13.677,0.7842603181844308,0.0,Graze+Frag
13281667.499,P21,P162,0.009297702297702298,0.0024355585714285716,1641.039,1050.009,16.516,30.812,0.8724608727190571,0.0,Graze+Frag
13310886.389,E0,PI143,0.618582073596402,0.000625,6649.560,667.2478,2.1278,17.488,0.15822315286273236,0.0,Merge
13394723.774,E19,P607,0.04649111714285714,0.0024355585714285716,2806.190,1050.009,3.9378,12.531,0.4775952196893455,0.0,Merge
13429874.743,EI3,P551,0.005527805527805529,0.0024355585714285716,1379.890,1050.009,16.223,26.239,0.7949177804305964,0.0,Graze+Frag
13437710.338,E3,P133,0.5310851936430234,0.0024355585714285716,6319.973,1050.009,1.5341,11.661,0.8198833500802989,0.0,Merge
13445404.357,P21,FRAG0025,0.011733266733266733,0.005758241758241758,1773.373,1398.804,4.0635,8.5249,0.9799405482805074,0.0,Hit+Run
13483791.808,E1,P339,0.3083350180952377,0.0024355585714285716,5272.316,1050.009,1.8779,11.762,0.9558394832091041,0.0,Hit+Run
13545531.685,E0,PI80,0.619207073596402,0.000625,6651.799,667.2478,1.5399,12.660,0.7592399711096334,0.0,Merge
13662007.924,P21,P303,0.011733266733266733,0.0024355585714285716,1773.373,1050.009,14.024,28.069,0.6500858233026716,0.00864102564102564,Graze+Frag
13694986.852,E1,P414,0.3083350180952377,0.0024355585714285716,5272.316,1050.009,2.6454,16.570,0.9086395924835452,0.0,Hit+Run
13761026.185,E1,P414,0.3083350180952377,0.0024355585714285716,5272.316,1050.009,1.0438,6.5381,0.800730301672816,0.0,Merge
13794529.859,P21,P402,0.005527799663669664,0.0024355585714285716,1379.890,1050.009,6.0458,9.7783,0.8680605325704999,0.0,Hit+Run
13797702.102,P21,P402,0.005527799663669664,0.0024355585714285716,1379.890,1050.009,1.0088,1.6316,0.5254588582935258,0.0,Merge
13919316.268,P21,P274,0.007963358235098236,0.0024355585714285716,1558.449,1050.009,11.935,21.291,0.9129781459382711,0.0,Hit+Run
13970067.642,E0,PI171,0.619832073596402,0.000625,6654.036,667.2478,1.7215,14.158,0.7268168739040278,0.0,Merge
14039785.361,P30,P274,0.046275612857142844,0.0024355585714285716,2801.848,1050.009,9.3506,29.708,0.7166361691165307,0.007586746586746587,Fragment
14043812.793,P30,FRAG0030,0.041124424841824825,0.007586746586746587,2693.769,1533.483,1.0609,3.2174,0.4748703690028467,0.0,Merge
14152794.233,P21,P259,0.007963358235098236,0.0024355585714285716,1558.449,1050.009,10.665,19.025,0.5298869953750753,0.0,Fragment
14346450.172,E15,P547,0.11671555857142858,0.0024355585714285716,3813.907,1050.009,4.609,20.380,0.4353448528999418,0.0,Merge
14349973.477,EI0,P720,0.06770448623709624,0.0024355585714285716,3180.775,1050.009,3.4695,12.621,0.8863919953780445,0.0,Hit+Run
14479522.247,E0,PI63,0.620457073596402,0.000625,6656.272,667.2478,1.429,11.757,0.901345953770875,0.0,Merge
14493555.747,E1,P339,0.3107705766666663,0.0024355585714285716,5286.162,1050.009,1.5942,10.013,0.516171044471646,0.0,Merge
14669677.656,EI0,P720,0.06770448623709624,0.0024355585714285716,3180.775,1050.009,1.3136,4.7785,0.8519587863972857,0.0,Hit+Run
14691523.878,EI0,P720,0.06770448623709624,0.0024355585714285716,3180.775,1050.009,1.1226,4.0837,0.41079269404119034,0.0,Merge
14756243.996,E8,E5,0.11607555857142857,0.07593555857142857,3806.923,3304.777,1.5878,7.3710,0.6316589288542183,0.0,Hit+Run
14789997.548,E0,PI13,0.621082073596402,0.000625,6658.506,667.2478,2.5728,21.175,0.8750149022420536,0.0,Merge
14821297.339,E12,P522,0.09854,0.0024355585714285716,3604.663,1050.009,1.2784,5.3197,0.9789419618706897,0.0,Hit+Run
14853417.985,P21,P385,0.0103989343989344,0.0024355585714285716,1703.426,1050.009,6.6812,12.887,0.3004187667126438,0.01239057609057609,Fragment
14856946.218,P21,FRAG0031,0.005527799663669665,0.0073066933066933066,1379.890,1514.377,1.0401,1.9568,0.9720795471018459,0.0,Hit+Run
14861759.039,P21,FRAG0031,0.005527799663669665,0.0073066933066933066,1379.890,1514.377,1.0861,2.0433,0.694839733163093,0.0,Hit+Run
14877158.962,P21,FRAG0031,0.005527799663669665,0.0073066933066933066,1379.890,1514.377,1.3285,2.4994,0.641346513689442,0.0,Hit+Run
14886430.639,EI0,PI178,0.07014004480852482,0.000625,3218.468,667.2478,5.665,21.598,0.7042052465089038,0.0,Merge
14890993.918,P21,FRAG0031,0.005527799663669665,0.0073066933066933066,1379.890,1514.377,2.8241,5.3132,0.624612003854102,0.0,Hit+Run
14896724.002,P21,FRAG0031,0.005527799663669665,0.0073066933066933066,1379.890,1514.377,1.2494,2.3506,0.606494870699033,0.0,Hit+Run
14896990.893,P21,FRAG0031,0.005527799663669665,0.0073066933066933066,1379.890,1514.377,1.0363,1.9496,0.7495725459578803,0.0,Graze+Merge
15117000.256,E1,P554,0.3132061352380949,0.0024355585714285716,5299.935,1050.009,3.2778,20.646,0.8081845265986624,0.0,Merge
15133058.8,E14,P75,0.047415558571428575,0.0024355585714285716,2824.668,1050.009,1.8829,6.0339,0.7939617575139596,0.0,Hit+Run
15149061.737,E3,P342,0.5335207522144519,0.0024355585714285716,6329.619,1050.009,2.3309,17.747,0.3726772113545878,0.0,Merge
15179060.479,P21,P196,0.012834492970362972,0.0024355585714285716,1827.202,1050.009,6.5864,13.556,0.902610844816318,0.0,Hit+Run
15185657.076,P21,P196,0.012834492970362972,0.0024355585714285716,1827.202,1050.009,1.0762,2.2150,0.48029591355419776,0.0,Merge
15443999.953,P21,FRAG0025,0.015270051541791544,0.005758241758241758,1936.157,1398.804,8.097,18.165,0.9403967832346133,0.0,Hit+Run
15461529.805,E12,P600,0.09854,0.0024355585714285716,3604.663,1050.009,1.6185,6.7349,0.8483750646541733,0.0,Hit+Run
15470245.817,P21,FRAG0025,0.015270051541791544,0.005758241758241758,1936.157,1398.804,1.0443,2.3428,0.9480021652943574,0.0,Hit+Run
15486293.541,E1,PI177,0.31564169380952345,0.000625,5313.638,667.2478,1.9341,12.565,0.9891853314139899,0.0,Hit+Run
15548200.006,P21,FRAG0025,0.015270051541791544,0.005758241758241758,1936.157,1398.804,1.1073,2.4841,0.4863380573624123,0.0,Merge
15583297.561,E0,PI177,0.621707073596402,0.000625,6660.739,667.2478,1.0479,8.6277,0.25568630663294845,0.0,Merge
15592304.593,E3,P606,0.5359563107858805,0.0024355585714285716,6339.236,1050.009,1.6067,12.252,0.511994889822844,0.0,Merge
15608853.148,E1,PI73,0.31564169380952345,0.000625,5313.638,667.2478,3.3401,21.700,0.846768941414293,0.0,Merge
15680197.881,EI0,PI170,0.07076504480852482,0.000625,3227.999,667.2478,5.189,19.846,0.8359946308880467,0.0,Hit+Run
15690359.471,E0,PI36,0.622332073596402,0.000625,6662.970,667.2478,2.8328,23.331,0.9602390709363927,0.0,Hit+Run
15933061.14,E0,PI105,0.622332073596402,0.000625,6662.970,667.2478,2.035,16.760,0.4775744110847981,0.0,Merge
15966724.046,P21,FRAG0026,0.0210282933000333,0.008113886113886115,2154.080,1568.207,5.6294,14.072,0.8740653846792285,0.0,Hit+Run
15967037.609,P21,FRAG0026,0.0210282933000333,0.008113886113886115,2154.080,1568.207,1.0437,2.6090,0.8161377198180059,0.0,Graze+Merge
15979387.786,EI0,P399,0.07076504480852482,0.0024355585714285716,3227.999,1050.009,2.3337,8.6245,0.7663275120963012,0.0,Hit+Run
15985504.568,EI0,P399,0.07076504480852482,0.0024355585714285716,3227.999,1050.009,1.0503,3.8815,0.4053477151419191,0.0,Merge
16093988.37,EI0,PI170,0.07320060337995339,0.000625,3264.615,667.2478,1.455,5.6328,0.1637346280455906,0.0,Merge
16312212.398,EI3,FRAG0028,0.007963369963369965,0.006834498834498834,1558.449,1481.026,15.502,30.560,0.5549345389132913,0.00927006327006327,Graze+Frag
16363439.996,EI3,FRAG0032,0.005527805527805529,0.00927006327006327,1379.890,1639.411,3.1878,6.3051,0.4442263908362734,0.008917082917082918,Fragment
16592489.732,EI19,P432,0.00625,0.0024355585714285716,1437.541,1050.009,6.5041,10.858,0.9116860054290458,0.0,Hit+Run
16705113.344,E10,E15,0.14002,0.11915111714285716,4052.507,3840.253,1.2766,6.5356,0.5350622308694529,0.02133069597069597,Hit+Run
16784547.932,E1,PI131,0.31626669380952344,0.000625,5317.143,667.2478,2.6257,17.070,0.8345698888810407,0.0,Merge
16806073.242,EI0,EI3,0.07382560337995339,0.005880785880785881,3273.880,1408.658,2.3931,8.8211,0.29302124805308316,0.0,Merge
17047481.772,P55,PI103,0.0024355585714285716,0.000625,1050.009,667.2478,16.158,19.272,0.7778200828237732,0.0,Graze+Frag
17203055.413,E8,P527,0.11607555857142857,0.0024355585714285716,3806.923,1050.009,3.0133,13.298,0.6116870097449464,0.0,Merge
17561675.999,EI0,PI6,0.07970638926073928,0.000625,3358.599,667.2478,7.2493,28.931,0.4063675734466452,0.0,Merge
17876505.971,EI0,P244,0.08033138926073928,0.0024355585714285716,3367.355,1050.009,9.8484,38.086,0.7527707673295011,0.0,Merge
17937572.304,E1,PI64,0.3168916938095234,0.000625,5320.643,667.2478,2.2438,14.597,0.578812631236574,0.0,Merge
18205697.994,E1,PI123,0.3175166938095234,0.000625,5324.138,667.2478,3.584,23.333,0.43125318195721185,0.0,Merge
18213916.279,E17,P695,0.044020558571428565,0.0024355585714285716,2755.575,1050.009,2.6446,8.2552,0.9878721471517657,0.0,Hit+Run
18301912.791,E0,PI124,0.622957073596402,0.000625,6665.200,667.2478,3.1636,26.065,0.7989206932427456,0.0,Merge
18306843.815,E0,P204,0.6235820735964019,0.0024355585714285716,6667.428,1050.009,2.3421,18.846,0.436204932090292,0.0,Merge
18339652.729,E19,P347,0.04892667571428571,0.0024355585714285716,2854.362,1050.009,4.3134,13.977,0.34126263059545797,0.0,Merge
18566734.125,E0,P285,0.6260176321678305,0.0024355585714285716,6676.098,1050.009,2.4987,20.133,0.9111027008581705,0.0,Hit+Run
18567883.004,E0,P285,0.6260176321678305,0.0024355585714285716,6676.098,1050.009,1.0479,8.4437,0.5353074005895644,0.0,Merge
18599758.62,P48,P566,0.0024355585714285716,0.0024355585714285716,1050.009,1050.009,16.202,22.046,0.4275,0.0,Merge
18645218.628,E1,PI9,0.3181416938095234,0.000625,5327.629,667.2478,1.514,9.8634,0.5418385627499983,0.0,Merge
18666599.993,E10,P721,0.14002,0.0024355585714285716,4052.507,1050.009,3.7638,17.767,0.6625360769040081,0.0,Merge
18687357.064,E3,P513,0.538391869357309,0.0024355585714285716,6348.824,1050.009,1.697,12.962,0.9084539847474257,0.0,Hit+Run
18781466.516,E0,PI72,0.628453190739259,0.000625,6684.744,667.2478,1.2919,10.676,0.8625075141444295,0.0,Merge
18848583.201,E0,P1,0.629078190739259,0.0024355585714285716,6686.960,1050.009,2.0233,16.331,0.6210764092809433,0.0,Merge
19063741.539,EI19,P681,0.00625,0.0024355585714285716,1437.541,1050.009,3.6027,6.0144,0.8341325939631623,0.0,Hit+Run
19222618.963,E14,P782,0.047415558571428575,0.0024355585714285716,2824.668,1050.009,4.7807,15.320,0.7910457286552177,0.0,Hit+Run
19450874.194,E0,PI3,0.6315137493106875,0.000625,6695.578,667.2478,2.5037,20.726,0.8375354131176291,0.0,Merge
19607195.866,P21,P589,0.029142179413919417,0.0024355585714285716,2401.602,1050.009,5.0533,13.655,0.6593320448803791,0.0,Merge
19746406.237,EI0,PI12,0.08276694783216786,0.000625,3401.048,667.2478,3.5732,14.453,0.8577240838208087,0.0,Hit+Run
19759157.379,EI0,PI12,0.08276694783216786,0.000625,3401.048,667.2478,1.0899,4.4085,0.46497674017654367,0.0,Merge
19993218.425,E3,PI61,0.538391869357309,0.000625,6348.824,667.2478,2.1296,16.676,0.7510647117888737,0.0,Merge
20097850.697,P30,P571,0.04871117142857141,0.0024355585714285716,2850.165,1050.009,3.6783,11.900,0.7290980001757005,0.0,Merge
20123238.85,E3,P89,0.539016869357309,0.0024355585714285716,6351.280,1050.009,1.9676,15.035,0.9308152560135701,0.0,Hit+Run
20363898.89,EI0,FRAG0033,0.08339194783216786,0.008917082917082918,3409.587,1618.333,6.6563,25.481,0.4236282233353343,0.05594857808857809,Fragment
20377153.962,EI0,FRAG0039,0.03636164480186483,0.0055947385947385945,2585.483,1385.438,1.0419,3.0257,0.6000575430510962,0.0,Merge
20403384.302,EI0,FRAG0037,0.041956383396603424,0.0055947385947385945,2711.813,1385.438,1.1108,3.3808,0.557816981261825,0.0,Merge
20491538.649,EI0,FRAG0041,0.04755112199134202,0.0055947385947385945,2827.357,1385.438,1.3512,4.2877,0.6318071701664012,0.0,Merge
20523299.413,EI0,FRAG0043,0.05314586058608061,0.0055947385947385945,2934.159,1385.438,1.0328,3.4026,0.4210095865740383,0.0,Merge
20557403.903,EI0,FRAG0040,0.058740599180819204,0.0055947385947385945,3033.704,1385.438,1.6897,5.7600,0.965619185599822,0.0,Hit+Run
20641510.605,EI0,FRAG0035,0.058740599180819204,0.0055947385947385945,3033.704,1385.438,1.0541,3.5933,0.6603363391358373,0.0,Merge
20642300.105,EI0,FRAG0042,0.0643353377755578,0.0055947385947385945,3127.114,1385.438,1.497,5.2650,0.4857105616900256,0.0,Merge
20713138.343,P30,P169,0.05114672999999998,0.0024355585714285716,2896.897,1050.009,1.6745,5.5121,0.24411723621086484,0.0,Merge
20730411.202,P21,FRAG0029,0.031577737985347985,0.00864102564102564,2466.725,1601.458,5.1573,14.487,0.7567193915495473,0.0,Hit+Run
20736805.015,E3,P48,0.539016869357309,0.004871117142857143,6351.280,1322.929,2.0703,15.571,0.6997472921409884,0.0,Merge
20762476.414,EI0,FRAG0036,0.0699300763702964,0.0055947385947385945,3215.253,1385.438,1.2236,4.4292,0.5843892969274241,0.0,Merge
20865130.728,P21,FRAG0029,0.031577737985347985,0.00864102564102564,2466.725,1601.458,1.453,4.0816,0.7809125836351457,0.0,Hit+Run
20865214.193,P21,FRAG0029,0.031577737985347985,0.00864102564102564,2466.725,1601.458,1.055,2.9636,0.5608091067661669,0.0,Merge
20946458.353,E12,PI164,0.09854,0.000625,3604.663,667.2478,5.9817,25.748,0.6988399410327651,0.0,Merge
21041216.927,E3,PI113,0.5438879865001661,0.000625,6370.355,667.2478,2.3273,18.289,0.7561037019391165,0.0,Merge
21218956.627,E3,P427,0.5445129865001661,0.0024355585714285716,6372.794,1050.009,2.4909,19.103,0.8848141121533017,0.0,Hit+Run
21570604.235,EI0,FRAG0034,0.07552481496503499,0.0055947385947385945,3298.808,1385.438,1.5326,5.6980,0.981562162014916,0.0,Hit+Run
21699673.721,E0,P111,0.6321387493106875,0.0024355585714285716,6697.786,1050.009,2.4821,20.069,0.9189383365914973,0.0,Hit+Run
21855018.611,E3,PI130,0.5445129865001661,0.000625,6372.794,667.2478,4.3669,34.331,0.5948207506804298,0.0,Merge
21874726.184,E20,P840,0.02242,0.0024355585714285716,2200.589,1050.009,10.783,26.639,0.29198131133427513,0.01932767232767233,Fragment
21964548.968,P30,P189,0.05358228857142855,0.0024355585714285716,2942.168,1050.009,8.4233,28.190,0.3892008582310043,0.013732933732933732,Fragment
21966388.466,P30,FRAG0048,0.04228491340992339,0.006866466866466866,2718.873,1483.331,1.1854,3.6220,0.22904193369940584,0.0,Merge
21992879.241,P30,FRAG0047,0.04915138027639025,0.006866466866466866,2858.725,1483.331,1.5414,4.9463,0.8285717439820072,0.0,Hit+Run
22154969.923,E1,P111,0.3187666938095234,0.0024355585714285716,5331.116,1050.009,1.0935,6.9313,0.9132311596567133,0.0,Hit+Run
22213588.314,E0,P111,0.6321387493106875,0.0024355585714285716,6697.786,1050.009,1.172,9.4762,0.7623816736030493,0.0,Merge
22435373.559,P21,FRAG0047,0.040218763626373624,0.006866466866466866,2673.848,1483.331,9.4781,28.498,0.8226374391214287,0.0087988677988678,Graze+Frag
22435743.282,P21,FRAG0049,0.03828636269397269,0.0087988677988678,2630.319,1611.150,1.0145,3.0199,0.7402031554675953,0.0,Graze+Merge
22620843.483,E15,E4,0.11915111714285716,0.0683922342857143,3840.253,3191.509,1.088,5.0200,0.6651311843581265,0.0,Graze+Merge
22647940.658,EI0,FRAG0034,0.07552481496503499,0.0055947385947385945,3298.808,1385.438,4.9056,18.238,0.7982499000171525,0.0,Hit+Run
22849948.761,EI0,FRAG0038,0.07552481496503499,0.0055947385947385945,3298.808,1385.438,6.9408,25.805,0.32493383667217834,0.03103896103896104,Fragment
22851487.871,EI0,FRAG0050,0.050080592520812546,0.006207792207792208,2876.627,1434.298,1.2713,4.1042,0.8433848158636642,0.0,Hit+Run
22882376.016,EI0,FRAG0050,0.050080592520812546,0.006207792207792208,2876.627,1434.298,1.1161,3.6031,0.8089527749596646,0.0,Hit+Run
22949226.606,E0,FRAG0010,0.634574307882116,0.007499167499167499,6706.377,1527.559,1.8882,14.896,0.9344529524813878,0.0,Hit+Run
22966088.32,EI0,FRAG0053,0.050080592520812546,0.006207792207792208,2876.627,1434.298,1.6035,5.1766,0.3122906035479032,0.0,Merge
23085228.78,E0,PI153,0.634574307882116,0.000625,6706.377,667.2478,1.5241,12.638,0.8524826452092669,0.0,Merge
23093132.048,EI0,FRAG0054,0.05628838472860476,0.006207792207792208,2990.887,1434.298,1.6478,5.5325,0.9652219034489842,0.0,Hit+Run
23094366.571,EI0,FRAG0054,0.05628838472860476,0.006207792207792208,2990.887,1434.298,1.0489,3.5217,0.4375636582122207,0.0,Merge
23130048.215,E3,P709,0.5451379865001661,0.0024355585714285716,6375.232,1050.009,1.7851,13.695,0.41263794002129944,0.0,Merge
23139356.779,E0,PI157,0.635199307882116,0.000625,6708.578,667.2478,2.6332,21.842,0.45149359764353414,0.0,Merge
23151317.737,E19,P353,0.05136223428571428,0.0024355585714285716,2900.960,1050.009,5.2611,17.344,0.3678542440253633,0.005540459540459541,Fragment
23218229.18,P89,P815,0.0024355585714285716,0.0024355585714285716,1050.009,1050.009,23.105,31.438,0.7399,0.0,Graze+Frag
23292315.468,EI0,FRAG0050,0.06249617693639697,0.006207792207792208,3097.027,1434.298,1.0591,3.6844,0.6867510803404986,0.0,Graze+Merge
23436212.871,P38,P632,0.0024355585714285716,0.0024355585714285716,1050.009,1050.009,14.895,20.268,0.6653000000000001,0.0,Graze+Frag
23744618.328,E8,P562,0.11851111714285714,0.0024355585714285716,3833.365,1050.009,3.833,17.042,0.5269589273288203,0.0,Merge
23796465.92,E0,FRAG0052,0.635824307882116,0.006207792207792208,6710.778,1434.298,2.2058,17.496,0.6916691463561432,0.0,Merge
23848195.504,E15,P219,0.18754335142857145,0.0024355585714285716,4467.121,1050.009,1.9312,10.124,0.4265404300103538,0.0,Merge
23866280.822,EI0,FRAG0034,0.06870396914418918,0.0055947385947385945,3196.350,1385.438,1.8852,6.7824,0.4930085628980586,0.0,Merge
24135427.687,EI0,FRAG0051,0.07429870773892777,0.006207792207792208,3280.859,1434.298,7.2676,26.829,0.9687778212612796,0.0,Hit+Run
24140107.8,EI0,FRAG0051,0.07429870773892777,0.006207792207792208,3280.859,1434.298,1.1052,4.0800,0.5686864277216431,0.0,Merge
24145193.93,E10,E17,0.14245555857142858,0.044020558571428565,4075.869,2755.575,1.5597,7.2803,0.367406957913911,0.022175158175158177,Fragment
24616490.367,P30,P21,0.04915138027639025,0.04708523049284049,2858.725,2818.093,7.3013,26.858,0.5877770996445728,0.09374771228771228,Graze+Frag
24617195.862,P30,FRAG0075,0.0055273200599400135,0.005669330669330669,1379.850,1391.568,1.5734,2.8254,0.27363815328233787,0.0,Merge
24620300.998,P30,FRAG0060,0.011196650729270683,0.005669330669330669,1745.915,1391.568,1.8221,3.7743,0.4019939384249736,0.0,Merge
24620354.07,P30,FRAG0069,0.016865981398601352,0.005669330669330669,2001.386,1391.568,1.6249,3.7413,0.47047668580610585,0.0,Merge
24628585.153,P30,FRAG0063,0.022535312067932023,0.005669330669330669,2204.355,1391.568,1.3491,3.3756,0.8264670386242754,0.0,Hit+Run
24632869.517,P30,FRAG0072,0.022535312067932023,0.005669330669330669,2204.355,1391.568,1.1716,2.9315,0.6880482155109677,0.0,Hit+Run
24632932.735,P30,FRAG0072,0.022535312067932023,0.005669330669330669,2204.355,1391.568,1.0407,2.6039,0.7270972811988228,0.0,Graze+Merge
24633285.195,P30,FRAG0067,0.02820464273726269,0.005669330669330669,2375.567,1391.568,1.2197,3.2676,0.48171774222606867,0.0,Merge
24634982.422,P30,FRAG0070,0.03387397340659336,0.005669330669330669,2525.123,1391.568,1.7634,5.0059,0.9184513830160906,0.0,Hit+Run
24636078.757,P30,FRAG0068,0.03387397340659336,0.005669330669330669,2525.123,1391.568,1.1467,3.2552,0.3856000085511187,0.0,Merge
24641670.937,P30,FRAG0065,0.039543304075924025,0.005669330669330669,2658.794,1391.568,1.2662,3.7795,0.7220114710218282,0.0,Hit+Run
24641702.525,P30,FRAG0065,0.039543304075924025,0.005669330669330669,2658.794,1391.568,1.0405,3.1058,0.9009553086439305,0.0,Hit+Run
24642096.205,P30,FRAG0065,0.039543304075924025,0.005669330669330669,2658.794,1391.568,1.0625,3.1715,0.05514043419022963,0.0,Merge
24642436.007,P30,FRAG0061,0.04521263474525469,0.005669330669330669,2780.228,1391.568,1.3922,4.3438,0.5124213547220354,0.0,Merge
24643118.956,P30,FRAG0073,0.05088196541458536,0.005669330669330669,2891.890,1391.568,1.1548,3.7487,0.8055648539334053,0.0,Hit+Run
24648349.196,P30,FRAG0073,0.05088196541458536,0.005669330669330669,2891.890,1391.568,1.3435,4.3613,0.5710247682340549,0.0,Merge
24657027.742,P30,FRAG0064,0.05655129608391603,0.005669330669330669,2995.537,1391.568,1.2639,4.2525,0.9299803409348825,0.0,Hit+Run
24662913.884,P30,FRAG0070,0.05655129608391603,0.005669330669330669,2995.537,1391.568,1.3123,4.4153,0.8289934889346849,0.0,Hit+Run
24663120.674,P30,FRAG0070,0.05655129608391603,0.005669330669330669,2995.537,1391.568,1.0448,3.5153,0.8836861653729258,0.0,Hit+Run
24663939.354,P30,FRAG0070,0.05655129608391603,0.005669330669330669,2995.537,1391.568,1.0339,3.4786,0.8914701417948477,0.0,Hit+Run
24701922.188,EI0,PI10,0.08050649994671998,0.000625,3369.800,667.2478,9.0256,36.148,0.9325479279967429,0.0,Hit+Run
24705201.081,P30,FRAG0064,0.05655129608391603,0.005669330669330669,2995.537,1391.568,1.2967,4.3628,0.7818116669386493,0.0,Hit+Run
24706020.2,P30,FRAG0064,0.05655129608391603,0.005669330669330669,2995.537,1391.568,1.1153,3.7525,0.6602723859647807,0.0,Merge
24729384.138,P30,FRAG0074,0.062220626753246695,0.005669330669330669,3092.468,1391.568,1.5003,5.2155,0.32172721358176337,0.0,Merge
24762623.165,E0,PI36,0.6420321000899082,0.000625,6732.547,667.2478,1.5542,12.940,0.6736373009997868,0.0,Merge
24765417.391,P30,FRAG0070,0.06788995742257736,0.005669330669330669,3183.677,1391.568,1.7471,6.2587,0.47352485446791526,0.0,Merge
24774415.166,P30,FRAG0063,0.07355928809190804,0.005669330669330669,3269.939,1391.568,1.2329,4.5411,0.7884599336330373,0.0,Hit+Run
24776510.011,P30,FRAG0062,0.07355928809190804,0.005669330669330669,3269.939,1391.568,1.2719,4.6847,0.9239852531863316,0.0,Hit+Run
24776702.313,P30,FRAG0062,0.07355928809190804,0.005669330669330669,3269.939,1391.568,1.0654,3.9241,0.9270016034662444,0.0,Hit+Run
24888708.798,E1,FRAG0027,0.3187666938095234,0.006834498834498834,5331.116,1481.026,1.219,7.5294,0.6805404831626619,0.0,Merge
24974843.8,EI0,PI10,0.08050649994671998,0.000625,3369.800,667.2478,1.3048,5.2259,0.260682704899197,0.0,Merge
25067430.698,P30,FRAG0071,0.07355928809190804,0.005669330669330669,3269.939,1391.568,1.2047,4.4372,0.9648813511674759,0.0,Hit+Run
25067796.733,P30,FRAG0071,0.07355928809190804,0.005669330669330669,3269.939,1391.568,1.109,4.0847,0.8951545563248389,0.0,Hit+Run
25069216.219,P30,FRAG0071,0.07355928809190804,0.005669330669330669,3269.939,1391.568,1.0513,3.8722,0.637993158042035,0.0,Merge
25124947.952,P30,FRAG0066,0.07922861876123871,0.005669330669330669,3351.875,1391.568,1.7406,6.5789,0.8547437251710036,0.0,Hit+Run
25128468.393,P30,FRAG0066,0.07922861876123871,0.005669330669330669,3351.875,1391.568,1.1012,4.1622,0.8904993737272642,0.0,Hit+Run
25131983.383,P30,FRAG0066,0.07922861876123871,0.005669330669330669,3351.875,1391.568,0.9961,3.7649,0.7211193547759666,0.0,Perfect
25165908.692,E10,P446,0.16430095896769897,0.0024355585714285716,4274.387,1050.009,3.1304,15.650,0.8211766823464973,0.0,Hit+Run
26285934.8,E3,P517,0.5475735450715946,0.0024355585714285716,6384.712,1050.009,4.3982,33.797,0.6247547797398728,0.0,Merge
26331820.04,EI0,P310,0.08113149994671998,0.0024355585714285716,3378.498,1050.009,17.696,68.678,0.31042303520166636,0.04311421911421911,Fragment
26364094.812,EI0,FRAG0078,0.04045283940392944,0.006159174159174159,2679.025,1430.544,1.6306,4.9063,0.156195058573109,0.0,Merge
26372579.142,EI0,FRAG0079,0.0466120135631036,0.006159174159174159,2808.621,1430.544,1.0805,3.4059,0.34558139890792766,0.0,Merge
26398637.914,EI0,FRAG0081,0.052771187722277756,0.006159174159174159,2927.247,1430.544,1.0404,3.4181,0.7403777720230268,0.0,Graze+Merge
26474857.169,EI0,FRAG0082,0.05893036188145191,0.006159174159174159,3036.968,1430.544,1.0857,3.7024,0.9132292082596177,0.0,Hit+Run
26475053.203,EI0,FRAG0082,0.05893036188145191,0.006159174159174159,3036.968,1430.544,1.0444,3.5616,0.9457911250942431,0.0,Hit+Run
26490169.406,EI0,FRAG0082,0.05893036188145191,0.006159174159174159,3036.968,1430.544,1.0888,3.7130,0.4269757821258493,0.0,Merge
26746953.192,EI0,FRAG0077,0.06508953604062608,0.006159174159174159,3139.286,1430.544,1.3633,4.8093,0.8045663624317735,0.0,Hit+Run
26779244.954,EI0,FRAG0077,0.06508953604062608,0.006159174159174159,3139.286,1430.544,1.1994,4.2311,0.9165406768754032,0.0,Hit+Run
26817114.267,EI0,FRAG0077,0.06508953604062608,0.006159174159174159,3139.286,1430.544,1.0218,3.6046,0.33523598434657226,0.0,Merge
27571142.823,EI0,FRAG0080,0.07124871019980024,0.006159174159174159,3235.336,1430.544,1.3618,4.9556,0.9049604845500315,0.0,Hit+Run
27580935.428,EI0,FRAG0080,0.07124871019980024,0.006159174159174159,3235.336,1430.544,1.0662,3.8799,0.09818588967304,0.0,Merge
27672113.469,E3,PI145,0.5500091036430231,0.000625,6394.164,667.2478,1.4675,11.577,0.5841431307159537,0.0,Merge
27781952.652,EI0,FRAG0076,0.0774078843589744,0.006159174159174159,3326.000,1430.544,1.4462,5.4157,0.8998611268022807,0.0,Hit+Run
28078127.077,EI0,FRAG0076,0.0774078843589744,0.006159174159174159,3326.000,1430.544,1.3236,4.9566,0.6628862757079509,0.0,Merge
28775811.797,E9,P281,0.08262555857142859,0.0024355585714285716,3399.110,1050.009,4.3965,17.174,0.8836378804366608,0.0,Hit+Run
28964066.682,E1,PI34,0.3256011926440222,0.000625,5368.947,667.2478,2.3547,15.465,0.9819625973009428,0.0,Hit+Run
29294910.805,P30,FRAG0062,0.08489794943056939,0.005669330669330669,3429.990,1391.568,1.1838,4.5838,0.979934573564316,0.0,Hit+Run
29300075.002,P30,FRAG0062,0.08489794943056939,0.005669330669330669,3429.990,1391.568,1.1945,4.6252,0.9877598224276245,0.0,Hit+Run
29301649.912,P30,FRAG0062,0.08489794943056939,0.005669330669330669,3429.990,1391.568,1.0386,4.0215,0.4736409721082553,0.0,Merge
29635763.663,E0,PI87,0.6426571000899082,0.000625,6734.731,667.2478,3.4432,28.677,0.7781993941350803,0.0,Merge
29732237.76,E0,PI199,0.6432821000899082,0.000625,6736.914,667.2478,3.8397,31.991,0.5537542182671404,0.0,Merge
30111153.02,E3,P18,0.5506341036430231,0.0024355585714285716,6396.585,1050.009,4.1571,32.008,0.8800400116540027,0.0,Hit+Run
30263103.59,E1,P18,0.3256011926440222,0.0024355585714285716,5368.947,1050.009,1.2681,8.0991,0.974262602380443,0.0,Hit+Run
30548581.811,E15,P126,0.18997891000000003,0.0024355585714285716,4486.375,1050.009,2.8207,14.856,0.3598736819215289,0.0,Merge
30558900.986,E0,PI166,0.6439071000899081,0.000625,6739.095,667.2478,3.112,25.936,0.9146401180559905,0.0,Hit+Run
30584038.571,P119,P195,0.0024355585714285716,0.0024355585714285716,1050.009,1050.009,17.067,23.223,0.94705,0.0,Hit+Run
30613094.51,E0,PI166,0.6439071000899081,0.000625,6739.095,667.2478,1.0944,9.1212,0.9408454855450599,0.0,Hit+Run
30690386.684,E0,PI166,0.6439071000899081,0.000625,6739.095,667.2478,1.0762,8.9695,0.7991727175572786,0.0,Merge
30781828.915,E12,E9,0.099165,0.08262555857142859,3612.268,3399.110,1.1028,5.0169,0.6597661702814639,0.0,Hit+Run
30951598.003,P75,P238,0.0024355585714285716,0.0024355585714285716,1050.009,1050.009,15.679,21.335,0.60545,0.0,Graze+Frag
31025551.628,E0,P746,0.6445321000899081,0.0024355585714285716,6741.274,1050.009,1.4962,12.181,0.5979623673853688,0.0,Merge
31238050.35,EI0,P328,0.08356705851814857,0.0024355585714285716,3411.972,1050.009,8.9234,35.000,0.4455004648305271,0.010692307692307692,Fragment
31279413.178,E15,PI82,0.1924144685714286,0.000625,4505.466,667.2478,3.1336,17.102,0.8214459861944625,0.0,Merge
31356954.461,E3,P491,0.5506341036430231,0.0024355585714285716,6396.585,1050.009,1.7779,13.689,0.8384646709375032,0.0,Merge
31362305.706,EI0,FRAG0083,0.07531030939726945,0.010692307692307692,3295.682,1719.297,1.0565,3.9088,0.9432326886300515,0.0,Hit+Run
31954164.432,EI0,FRAG0083,0.07531030939726945,0.010692307692307692,3295.682,1719.297,1.6247,6.0110,0.7682289507479484,0.0,Hit+Run
32151688.624,E3,P796,0.5530696622144516,0.0024355585714285716,6406.002,1050.009,1.3323,10.274,0.8975777594832909,0.0,Hit+Run
32367865.923,E12,P248,0.099165,0.0024355585714285716,3612.268,1050.009,1.6385,6.8336,0.6428400215955224,0.0,Merge
32461433.217,EI0,FRAG0083,0.07531030939726945,0.010692307692307692,3295.682,1719.297,4.6035,17.032,0.7872868118015758,0.0,Hit+Run
32487114.52,EI0,FRAG0083,0.07531030939726945,0.010692307692307692,3295.682,1719.297,1.0606,3.9240,0.39226335389345623,0.0,Merge
32870158.725,EI0,FRAG0040,0.08600261708957714,0.0055947385947385945,3444.803,1385.438,7.1028,27.634,0.7070408454406172,0.011463869463869465,Fragment
32872305.309,EI0,FRAG0084,0.08013348622044628,0.005731934731934733,3364.587,1396.671,1.0609,4.0251,0.35530825892642603,0.0,Merge
32895821.948,EI0,FRAG0085,0.085865420952381,0.005731934731934733,3442.970,1396.671,1.0593,4.1172,0.6234798627335718,0.0,Merge
33046673.566,E3,P451,0.5530696622144516,0.0024355585714285716,6406.002,1050.009,1.8445,14.224,0.9823781087328369,0.0,Hit+Run
33454087.163,E3,P451,0.5530696622144516,0.0024355585714285716,6406.002,1050.009,1.174,9.0534,0.7805584325553457,0.0,Merge
33581997.147,E0,P23,0.6469676586613367,0.0024355585714285716,6749.755,1050.009,1.7816,14.523,0.5142949189825738,0.0,Merge
33955562.092,E1,PI34,0.3256011926440222,0.000625,5368.947,667.2478,3.4566,22.703,0.7929525864979986,0.0,Merge
34345295.452,E1,P488,0.3262261926440222,0.0024355585714285716,5372.380,1050.009,1.8447,11.789,0.23397127212734553,0.0,Merge
34594460.581,P89,P98,0.004871128871128871,0.0024355585714285716,1322.930,1050.009,8.605,13.490,0.74410441133312,0.0,Graze+Frag
34933265.108,E8,E19,0.12094667571428572,0.048257333316683304,3859.447,2841.286,2.4959,11.205,0.8269833183878028,0.009702297702297703,Hit+Run+Frag
35275617.907,P195,P809,0.0024355585714285716,0.0024355585714285716,1050.009,1050.009,12.138,16.517,0.5265,0.0,Graze+Frag
35689932.014,E3,P230,0.5555052207858802,0.0024355585714285716,6415.392,1050.009,3.9322,30.371,0.7232288454139352,0.0,Merge
35810182.682,E15,E9,0.1930394685714286,0.08262555857142859,4510.339,3399.110,1.2804,6.7533,0.4520347116910886,0.023076923076923078,Fragment
35974158.394,E0,PI155,0.6494032172327652,0.000625,6758.214,667.2478,1.251,10.457,0.873006833279694,0.0,Merge
36042643.001,E1,PI137,0.32866175121545077,0.000625,5385.717,667.2478,4.1297,27.213,0.3398902792393107,0.0,Merge
36188404.032,P3,P822,0.0024355585714285716,0.0024355585714285716,1050.009,1050.009,8.6645,11.789,0.99795,0.0,Hit+Run
36256636.001,E15,FRAG0090,0.2525881040659341,0.0057692307692307696,4933.231,1399.694,1.0706,6.1093,0.8497129383468517,0.0,Hit+Run
36268337.157,E0,P427,0.6500282172327652,0.0024355585714285716,6760.382,1050.009,4.1746,34.088,0.8061848806119225,0.0,Merge
36444119.851,E0,FRAG0010,0.6524637758041937,0.007499167499167499,6768.815,1527.559,2.1511,17.140,0.9180239451131298,0.0,Hit+Run
36679487.603,P33,P683,0.0024355585714285716,0.0024355585714285716,1050.009,1050.009,3.1103,4.2321,0.31045,0.0,Merge
36774145.787,E10,P783,0.16430095896769897,0.0024355585714285716,4274.387,1050.009,5.2028,26.012,0.6595745060278446,0.0,Merge
36901202.204,E1,PI189,0.32928675121545076,0.000625,5389.129,667.2478,3.1307,20.643,0.9831701040358732,0.0,Hit+Run
36918259.638,E1,PI24,0.32928675121545076,0.000625,5389.129,667.2478,1.9662,12.965,0.3061895490983293,0.0,Merge
37284756.908,E0,FRAG0010,0.6524637758041937,0.007499167499167499,6768.815,1527.559,1.3474,10.736,0.8213426106873336,0.0,Hit+Run
37354231.856,E0,FRAG0010,0.6524637758041937,0.007499167499167499,6768.815,1527.559,1.0504,8.3700,0.7947450452672412,0.0,Merge
37972434.026,E15,E12,0.2525881040659341,0.10160055857142858,4933.231,3641.602,1.3819,7.9348,0.9630199263138296,0.0,Hit+Run
39942852.229,E20,FRAG0088,0.00552788624375624,0.0057692307692307696,1379.897,1399.694,11.085,19.966,0.8648959495108851,0.0,Hit+Run
40430694.384,E15,P390,0.2525881040659341,0.0024355585714285716,4933.231,1050.009,2.3564,13.744,0.19450148078716584,0.0,Merge
41069842.246,E3,P55,0.5579407793573087,0.0030605727605727607,6424.754,1133.082,2.3989,18.465,0.832056841134988,0.0,Merge
41105958.863,E1,P810,0.32991175121545074,0.0024355585714285716,5392.536,1050.009,3.345,21.464,0.7782606743276815,0.0,Merge
42346830.144,E8,P198,0.12094693277389278,0.0024355585714285716,3859.450,1050.009,4.7163,21.123,0.5076796521222415,0.0,Merge
43150783.205,P187,P18,0.0024355585714285716,0.0024355585714285716,1050.009,1050.009,16.655,22.662,0.72775,0.0,Graze+Frag
44061571.595,E1,P489,0.3323473097868793,0.0024355585714285716,5405.774,1050.009,2.9659,19.081,0.7095734653898069,0.0,Merge
44263035.974,E0,P187,0.6599629433033611,0.004871128871128871,6794.649,1322.930,2.6759,21.635,0.8048033238630836,0.0,Merge
44573318.111,E1,E8,0.3347828683583079,0.12338249134532135,5418.947,3885.184,1.3061,8.1885,0.5118922062137266,0.03032634032634033,Fragment
45423870.487,E0,P184,0.66483407217449,0.0024355585714285716,6811.325,1050.009,2.3642,19.460,0.9712721149008356,0.0,Hit+Run
45569001.612,E0,P184,0.66483407217449,0.0024355585714285716,6811.325,1050.009,1.097,9.0295,0.7561366411007665,0.0,Merge
45967382.608,E0,FRAG0095,0.6672696307459185,0.006065268065268066,6819.632,1423.236,1.4311,11.555,0.799207739543609,0.0,Merge
46489227.301,E0,P711,0.6733348988111866,0.0024355585714285716,6840.233,1050.009,2.3776,19.658,0.8371875390704993,0.0,Merge
47043070.307,E3,FRAG0094,0.5610013521178815,0.006065268065268066,6436.480,1423.236,1.3441,10.200,0.5412242981165258,0.0,Merge
47224717.698,E16,P94,0.04256,0.0024355585714285716,2724.756,1050.009,8.5237,26.292,0.8777507388309309,0.0,Hit+Run
47692061.216,P94,FRAG0045,0.0024355585714285716,0.006442557442557444,1050.009,1452.156,8.0,13.463,0.6009669953778791,0.008594079254079253,Graze+Frag
49434583.632,P193,P664,0.0024355585714285716,0.0024355585714285716,1050.009,1050.009,13.619,18.531,0.47895,0.0,Merge
52616973.197,E0,P304,0.6757704573826151,0.0024355585714285716,6848.470,1050.009,1.5472,12.808,0.9829012411254681,0.0,Hit+Run
52677152.222,E0,P304,0.6757704573826151,0.0024355585714285716,6848.470,1050.009,1.0392,8.6033,0.7432453633492865,0.0,Merge
53472025.54,E14,P576,0.047415558571428575,0.0024355585714285716,2824.668,1050.009,8.0778,25.886,0.8896804048021636,0.0,Hit+Run
54784511.433,E0,FRAG0092,0.6782060159540436,0.006065268065268066,6856.688,1423.236,2.5858,21.001,0.485769286604964,0.0,Merge
55411465.29,P194,P796,0.0024355585714285716,0.0024355585714285716,1050.009,1050.009,13.978,19.020,0.7675,0.0,Graze+Frag
55755361.408,E3,P383,0.5670666201831496,0.0024355585714285716,6459.593,1050.009,1.7618,13.707,0.9227126477887373,0.0,Hit+Run
56497348.01,E0,P798,0.6842712840193117,0.0024355585714285716,6877.067,1050.009,4.069,33.835,0.6669658006174054,0.0,Merge
56709610.679,E3,P561,0.5670666201831496,0.0024355585714285716,6459.593,1050.009,1.9823,15.422,0.4846241314106224,0.0,Merge
56779452.012,P79,P405,0.0024355585714285716,0.0024355585714285716,1050.009,1050.009,4.7512,6.4649,0.66995,0.0,Graze+Frag
58248346.063,E3,P521,0.5695021787545781,0.0024355585714285716,6468.828,1050.009,4.0214,31.335,0.25810483795841543,0.0,Merge
58503843.595,E0,FRAG0090,0.6867068425907402,0.0057692307692307696,6885.217,1399.694,3.5325,28.853,0.2589567444823144,0.0,Merge
59525156.334,E10,P141,0.16673651753912755,0.0024355585714285716,4295.404,1050.009,4.1027,20.620,0.9594603312448895,0.0,Hit+Run
60131140.637,E15,P794,0.2550236626373627,0.0024355585714285716,4949.036,1050.009,1.4593,8.5411,0.9495410965545678,0.0,Hit+Run
61051010.372,E0,P623,0.692476073359971,0.0024355585714285716,6904.445,1050.009,2.0176,16.848,0.8969015659666,0.0,Hit+Run
61499028.247,E3,P805,0.5719377373260066,0.0024355585714285716,6478.037,1050.009,2.0938,16.339,0.9568125040234594,0.0,Hit+Run
61602483.107,E0,PI179,0.692476073359971,0.000625,6904.445,667.2478,6.077,51.945,0.7253973581811759,0.0,Merge
61659082.252,E3,P435,0.5719377373260066,0.0024355585714285716,6478.037,1050.009,3.1432,24.529,0.9237685251094374,0.0,Hit+Run
61678278.315,P38,FRAG0009,0.004871128871128871,0.006218448218448218,1322.930,1435.118,6.9996,12.539,0.47635200600209365,0.01090027972027972,Fragment
61897805.478,E19,P794,0.038554778554778554,0.0024355585714285716,2636.452,1050.009,2.5522,7.6034,0.8195149081496709,0.0,Hit+Run
61910847.149,E1,P435,0.4278390193772889,0.0024355585714285716,5880.586,1050.009,1.7012,11.975,0.8481570663038903,0.0,Merge
62554407.165,E15,P440,0.2550236626373627,0.0024355585714285716,4949.036,1050.009,1.248,7.3044,0.3185211271761239,0.0,Merge
64663344.147,E0,P805,0.693101073359971,0.0024355585714285716,6906.521,1050.009,1.506,12.579,0.9428560423716345,0.0,Hit+Run
64839662.93,E0,P805,0.693101073359971,0.0024355585714285716,6906.521,1050.009,1.0883,9.0908,0.9621263463125757,0.0,Hit+Run
64878724.695,E0,P824,0.693101073359971,0.0024355585714285716,6906.521,1050.009,4.0536,33.860,0.8890380764104474,0.0,Hit+Run
64879990.709,E0,P805,0.693101073359971,0.0024355585714285716,6906.521,1050.009,1.0239,8.5528,0.6051049043797334,0.0,Merge
66266389.76,E1,PI48,0.4302745779487175,0.000625,5891.724,667.2478,2.7015,19.562,0.5974390092576078,0.0,Merge
66512590.938,P30,FRAG0091,0.09056728009990006,0.006065268065268066,3504.700,1423.236,11.617,45.961,0.5520969292473025,0.07212987012987014,Fragment
66514451.924,P30,FRAG0100,0.024502678035297987,0.005548451548451549,2266.722,1381.606,1.2193,3.1264,0.5834047036146367,0.0,Merge
66521117.162,P30,FRAG0099,0.030051129583749538,0.005548451548451549,2426.316,1381.606,1.0237,2.7964,0.9390696740732027,0.0,Graze+Merge
66522959.016,P30,FRAG0105,0.03559958113220109,0.005548451548451549,2567.293,1381.606,1.0002,2.8845,0.8211125549124383,0.0,Graze+Merge
66523925.057,P30,FRAG0102,0.04114803268065264,0.005548451548451549,2694.285,1381.606,1.3446,4.0661,0.9989479015287166,0.0,Hit+Run
66524415.929,P30,FRAG0101,0.04114803268065264,0.005548451548451549,2694.285,1381.606,1.1312,3.4207,0.6810587764326606,0.0,Hit+Run
66526787.484,P30,FRAG0104,0.04114803268065264,0.005548451548451549,2694.285,1381.606,1.4739,4.4571,0.577541544180545,0.0,Merge
66529150.808,P30,FRAG0109,0.04669648422910419,0.005548451548451549,2810.316,1381.606,1.6485,5.1995,0.9810141826279623,0.0,Hit+Run
66530673.51,P30,FRAG0107,0.04669648422910419,0.005548451548451549,2810.316,1381.606,1.2314,3.8839,0.704871394529515,0.0,Hit+Run
66530852.976,P30,FRAG0107,0.04669648422910419,0.005548451548451549,2810.316,1381.606,0.9866,3.1118,0.5394807030415644,0.0,Perfect
66534499.706,P30,FRAG0108,0.05224493577755574,0.005548451548451549,2917.484,1381.606,1.1874,3.8896,0.45814189667881644,0.0,Merge
66539453.159,P30,FRAG0103,0.05779338732600729,0.005548451548451549,3017.309,1381.606,1.4354,4.8663,0.6116358666123815,0.0,Merge
66539556.741,P30,FRAG0106,0.06334183887445884,0.005548451548451549,3110.933,1381.606,1.1825,4.1370,0.7934973357370273,0.0,Hit+Run
66542788.106,P30,FRAG0097,0.06334183887445884,0.005548451548451549,3110.933,1381.606,0.9896,3.4621,0.6497412951584368,0.0,Perfect
66546153.535,P30,FRAG0106,0.06889029042291038,0.005548451548451549,3199.237,1381.606,1.4168,5.1026,0.8669872447663455,0.0,Hit+Run
66547432.629,P30,FRAG0109,0.06889029042291038,0.005548451548451549,3199.237,1381.606,1.256,4.5234,0.9667180153097916,0.0,Hit+Run
66547434.062,P30,FRAG0109,0.06889029042291038,0.005548451548451549,3199.237,1381.606,1.0475,3.7725,0.15099294531857893,0.0,Merge
66558153.04,P30,FRAG0106,0.07443874197136192,0.005548451548451549,3282.919,1381.606,1.423,5.2646,0.15786358181442478,0.0,Merge
66568024.62,P30,FRAG0098,0.07998719351981347,0.005548451548451549,3362.539,1381.606,2.0646,7.8322,0.8323871184334848,0.0,Hit+Run
66592542.734,P30,FRAG0098,0.07998719351981347,0.005548451548451549,3362.539,1381.606,1.4339,5.4396,0.6254952588705298,0.0,Merge
66956001.344,P30,FRAG0101,0.08553564506826501,0.005548451548451549,3438.557,1381.606,3.0593,11.881,0.38907163364527875,0.0,Merge
67100341.486,E15,P630,0.2574592212087913,0.0024355585714285716,4964.741,1050.009,2.8642,16.820,0.1309128114253551,0.0,Merge
67429649.017,P75,P743,0.004871128871128871,0.0024355585714285716,1322.930,1050.009,11.033,17.296,0.1829737527530756,0.0,Fragment
68213374.868,P30,FRAG0102,0.09108409661671656,0.005548451548451549,3511.354,1381.606,3.0829,12.240,0.14424440095234933,0.0,Merge
74264280.626,E0,P94,0.6955366319313995,0.008878121878121878,6914.602,1615.973,6.4214,52.132,0.46032093643263594,0.00977988677988678,Fragment
74334318.823,E0,FRAG0110,0.6946348670296346,0.00977988677988678,6911.612,1668.931,1.1118,8.9999,0.328643260862502,0.0,Merge
76164855.019,E1,P856,0.43089957794871747,0.0024355585714285716,5894.575,1050.009,4.3956,31.021,0.6151265557999893,0.0,Merge
76479647.03,E3,P824,0.5719377373260066,0.0024355585714285716,6478.037,1050.009,3.8645,30.158,0.3664955890490074,0.0,Merge
78208317.012,E0,P576,0.7044147538095213,0.0024355585714285716,6943.898,1050.009,5.7951,48.685,0.9258058282877855,0.0,Hit+Run
78263874.76,E0,P777,0.7044147538095213,0.0024355585714285716,6943.898,1050.009,1.851,15.550,0.14402196127802103,0.0,Merge
79866208.801,E19,EI19,0.038554778554778554,0.00625,2636.452,1437.541,1.9333,5.7280,0.7816826820762486,0.0,Hit+Run
80721021.712,E3,P576,0.5743732958974351,0.0024355585714285716,6487.219,1050.009,2.5744,20.120,0.8862527078661614,0.0,Hit+Run
81426851.99,E0,P576,0.7068503123809499,0.0024355585714285716,6951.891,1050.009,1.545,12.995,0.23787195280488638,0.0,Merge
82400345.86,E0,EI5,0.7092858709523784,0.008685647685647686,6959.867,1604.210,2.5059,20.499,0.7962653329222343,0.0,Merge
83521350.943,E1,P626,0.43333513652014605,0.0024355585714285716,5905.660,1050.009,4.7799,33.801,0.1602143405644201,0.0,Merge
86845513.567,P157,P506,0.0024355585714285716,0.0024355585714285716,1050.009,1050.009,11.842,16.114,0.61315,0.0,Graze+Frag
87665458.576,E1,P383,0.4357706950915746,0.0024355585714285716,5916.704,1050.009,1.638,11.606,0.4017103419371861,0.0,Merge
88247251.964,E3,PI127,0.5743732958974351,0.000625,6487.219,667.2478,4.6474,37.223,0.4102077704559491,0.0,Merge
90082422.983,P321,P457,0.0024355585714285716,0.0024355585714285716,1050.009,1050.009,5.2243,7.1086,0.9298,0.0,Hit+Run
93255772.589,E12,P366,0.10160055857142858,0.0024355585714285716,3641.602,1050.009,3.1103,13.085,0.43482401694229933,0.0,Merge
94397744.146,P255,FRAG0096,0.0024355585714285716,0.005561771561771562,1050.009,1382.711,20.951,33.938,0.9311326532247377,0.0,Hit+Run
94471869.743,E10,FRAG0087,0.16673651753912755,0.0057692307692307696,4295.404,1399.694,1.9321,9.5003,0.5996114944664002,0.0,Merge
95410442.705,E1,PI189,0.4382062536630032,0.000625,5927.706,667.2478,2.3004,16.765,0.7390134996651293,0.0,Merge
98911169.921,E1,P852,0.4388312536630032,0.0024355585714285716,5930.523,1050.009,3.7955,26.960,0.4101773606255954,0.0,Merge
102500325.799,E0,P255,0.7179715186380261,0.0024355585714285716,6988.161,1050.009,4.352,36.809,0.3070622065613744,0.0,Merge
107214922.629,E1,P280,0.44126681223443176,0.0024355585714285716,5941.475,1050.009,4.027,28.661,0.5474514027014759,0.0,Merge
108177861.355,E1,FRAG0046,0.44370237080586034,0.006442557442557444,5952.386,1452.156,4.526,31.528,0.8649781912951571,0.0,Hit+Run
109910029.036,E0,P623,0.7204070772094546,0.0024355585714285716,6996.054,1050.009,2.806,23.761,0.8843686420863737,0.0,Hit+Run
110774203.947,E15,E14,0.25989477978021985,0.047415558571428575,4980.348,2824.668,2.6004,14.578,0.5897919310437634,0.032574252414252415,Fragment
110955466.923,E15,FRAG0112,0.2747362457775559,0.0065148185148185146,5073.400,1457.565,1.0234,6.0001,0.5889090842300344,0.0,Merge
111807051.118,E0,FRAG0096,0.7204070772094546,0.005561771561771562,6996.054,1382.711,4.3202,35.927,0.25232924142399055,0.0,Merge
112932904.444,P281,FRAG0114,0.0024355585714285716,0.0065148185148185146,1050.009,1457.565,11.083,18.707,0.6232454485516291,0.0,Graze+Frag
114973736.582,E3,E1,0.5749982958974351,0.44370237080586034,6489.571,5952.386,1.0505,8.4924,0.8406428327327512,0.0,Hit+Run
115696955.37,E0,P358,0.7259688487712261,0.0024355585714285716,7014.012,1050.009,3.8328,32.544,0.5032609563857935,0.0,Merge
116585474.894,E0,P623,0.7284044073426547,0.0024355585714285716,7021.847,1050.009,5.3432,45.423,0.11543801085712635,0.0,Merge
118005554.002,E15,PI30,0.2812510642923744,0.000625,5113.189,667.2478,1.9588,12.220,0.9032323164104008,0.0,Hit+Run
119655135.118,P30,PI160,0.0966325481651681,0.000625,3581.252,667.2478,19.169,81.944,0.9485661227442793,0.0,Hit+Run
119679120.095,P30,PI160,0.0966325481651681,0.000625,3581.252,667.2478,0.9988,4.2695,0.973770181279829,0.0,Perfect
120244221.965,E19,P267,0.038554778554778554,0.0024355585714285716,2636.452,1050.009,7.662,22.826,0.7700250472159443,0.0,Graze+Frag
121903027.615,E3,P660,0.5749982958974351,0.0024355585714285716,6489.571,1050.009,4.2494,33.224,0.6025135687921731,0.0,Merge
124075348.523,E1,P654,0.44370237080586034,0.0024355585714285716,5952.386,1050.009,3.119,22.242,0.7830659848646226,0.0,Merge
130980729.76,E0,P730,0.7308399659140832,0.0024355585714285716,7029.664,1050.009,3.4708,29.540,0.15251854688726327,0.0,Merge
135423042.872,E1,P38,0.4461379293772889,0.005527805527805527,5963.257,1379.890,2.5253,17.694,0.483515148894603,0.0,Merge
141096274.374,E10,P424,0.17250574830835833,0.0024355585714285716,4344.385,1050.009,6.98,35.513,0.31110736631953967,0.0,Merge
144246282.021,E3,E1,0.5774338544688636,0.45166573490509443,6498.721,5987.785,1.112,9.0192,0.729476076238418,0.0,Hit+Run
144652005.956,E3,E1,0.5774338544688636,0.45166573490509443,6498.721,5987.785,0.9997,8.1084,0.6730062173115713,0.02625928737928738,Perfect
148859898.047,P355,P461,0.0024355585714285716,0.0024355585714285716,1050.009,1050.009,5.0657,6.8928,0.54645,0.02625928737928738,Graze+Frag
153851936.884,P281,P765,0.008950382950382951,0.0024355585714285716,1620.345,1050.009,26.927,49.677,0.760854315545699,0.011296623376623377,Graze+Frag
155006471.479,E0,FRAG0116,0.7332755244855117,0.005858141858141859,7037.465,1406.847,1.4496,12.116,0.6282146553060519,0.0,Merge
159355293.721,P30,FRAG0063,0.0972575481651681,0.005669330669330669,3588.957,1391.568,9.4669,38.449,0.6920624532003619,0.022213786213786217,Fragment
159355473.906,P30,FRAG0117,0.08071309262071255,0.005553446553446554,3372.680,1382.021,1.1252,4.2819,0.425885251203491,0.0,Merge
159355761.29,P30,FRAG0118,0.08626653917415911,0.005553446553446554,3448.323,1382.021,1.0355,4.0335,0.8963573305127511,0.0,Hit+Run
159358012.095,P30,FRAG0119,0.08626653917415911,0.005553446553446554,3448.323,1382.021,1.1306,4.4039,0.4741641756344132,0.0,Merge
159683985.118,P30,FRAG0118,0.09181998572760566,0.005553446553446554,3520.785,1382.021,1.3415,5.3412,0.876460974651995,0.0,Hit+Run
159684722.771,P30,FRAG0118,0.09181998572760566,0.005553446553446554,3520.785,1382.021,1.1315,4.5051,0.5901479958779268,0.0,Merge
160138219.072,E3,EI19,1.029099589373958,0.00625,7879.155,1437.541,1.7227,16.224,0.6276804856487125,0.0,Merge
170123826.554,EI0,P194,0.09159735568431573,0.004871128871128871,3517.937,1322.930,13.628,54.356,0.6710498032092784,0.043839160839160854,Fragment
170126248.787,EI0,FRAG0124,0.052629323716283746,0.006262737262737263,2924.622,1438.517,1.1322,3.7162,0.670704349116367,0.0,Hit+Run
170126251.525,EI0,FRAG0124,0.052629323716283746,0.006262737262737263,2924.622,1438.517,1.0493,3.4441,0.7579776913659684,0.0,Graze+Merge
170135730.545,EI0,FRAG0123,0.05889206097902101,0.006262737262737263,3036.309,1438.517,1.1119,3.7906,0.583604624901202,0.0,Merge
170182539.773,EI0,FRAG0126,0.06515479824175828,0.006262737262737263,3140.335,1438.517,1.2831,4.5273,0.6243836839759603,0.0,Merge
170189179.519,EI0,FRAG0125,0.07141753550449555,0.006262737262737263,3237.890,1438.517,1.1178,4.0702,0.16825035907813227,0.0,Merge
170607749.662,EI0,FRAG0121,0.07768027276723281,0.006262737262737263,3329.896,1438.517,1.7847,6.6900,0.12374295343793919,0.0,Merge
170678094.048,EI0,FRAG0122,0.08394301002997008,0.006262737262737263,3417.081,1438.517,1.2633,4.8647,0.5498323984713336,0.0,Merge
171387835.813,EI0,FRAG0127,0.09020574729270735,0.006262737262737263,3500.031,1438.517,1.552,6.1283,0.6949674057459299,0.0,Merge
173461577.338,P30,EI0,0.09737343228105222,0.09646848455544461,3590.382,3579.225,6.0654,28.176,0.8319927113366411,0.050073926073926064,Hit+Run+Frag
173462690.476,EI0,FRAG0130,0.04639693639693639,0.005563769563769564,2804.294,1382.877,1.1259,3.5435,0.25021292233608194,0.0,Merge
173465140.27,EI0,FRAG0128,0.051960705960705955,0.005563769563769564,2912.184,1382.877,1.2036,3.9353,0.8559462144935688,0.0,Hit+Run
173465609.923,P30,EI0,0.09737105436563434,0.051960705960705955,3590.352,2912.184,1.0789,4.6192,0.3386314224772823,0.012614718614718615,Fragment
173465617.136,P30,FRAG0138,0.1367170417116217,0.0063073593073593075,4020.388,1441.926,1.0454,4.7792,0.5768211304416632,0.0,Merge
173470677.463,P30,FRAG0136,0.143024401018981,0.005563769563769564,4081.287,1382.877,1.1243,5.2380,0.2838291707900031,0.0,Merge
173497833.712,P30,FRAG0132,0.14858817058275056,0.005563769563769564,4133.537,1382.877,1.2788,6.0395,0.8699558643672564,0.0,Hit+Run
173497881.13,P30,FRAG0132,0.14858817058275056,0.005563769563769564,4133.537,1382.877,1.041,4.9164,0.6584239603957865,0.0,Merge
173514178.353,P30,FRAG0135,0.15415194014652012,0.005563769563769564,4184.499,1382.877,1.5394,7.3664,0.5925698362301905,0.0,Merge
173537585.11,P30,FRAG0134,0.15971570971028967,0.005563769563769564,4234.249,1382.877,1.4429,6.9927,0.04877154425753331,0.0,Merge
173542391.101,P30,FRAG0133,0.16527947927405923,0.005563769563769564,4282.856,1382.877,1.226,6.0147,0.9997833276805154,0.0,Hit+Run
173545322.768,P30,FRAG0133,0.16527947927405923,0.005563769563769564,4282.856,1382.877,1.0548,5.1748,0.8010512568751265,0.0,Graze+Merge
173600412.005,P30,FRAG0120,0.17084324883782878,0.005553446553446554,4330.384,1382.021,6.2513,31.035,0.8366023967960701,0.0,Hit+Run
173600674.662,P30,FRAG0120,0.17084324883782878,0.005553446553446554,4330.384,1382.021,1.0423,5.1747,0.8741266978484491,0.0,Hit+Run
173636878.482,P30,FRAG0129,0.17084324883782878,0.005563769563769564,4330.384,1382.877,1.1464,5.6912,0.9982242811015072,0.0,Hit+Run
173637091.897,P30,FRAG0129,0.17084324883782878,0.005563769563769564,4330.384,1382.877,1.0455,5.1903,0.9917816794391209,0.0,Hit+Run
173638296.837,P30,FRAG0129,0.17084324883782878,0.005563769563769564,4330.384,1382.877,1.0528,5.2265,0.7876648997119864,0.0,Graze+Merge
173948944.493,P30,FRAG0120,0.17640701840159834,0.005553446553446554,4376.891,1382.021,1.1458,5.7541,0.9404493278273259,0.0,Hit+Run
173949463.171,P30,FRAG0120,0.17640701840159834,0.005553446553446554,4376.891,1382.021,1.0383,5.2143,0.5073896648274792,0.0,Merge
174156678.189,P30,FRAG0128,0.1819604649550449,0.005563769563769564,4422.347,1382.877,1.0014,5.0849,0.8794074928962671,0.0,Graze+Merge
174740657.208,P30,FRAG0131,0.18752423451881445,0.005563769563769564,4466.969,1382.877,1.2778,6.5588,0.6520419352004866,0.0,Merge
184903864.396,E0,E19,0.7391336663436535,0.040992340992340996,7056.156,2690.882,1.6762,13.397,0.38418868926549943,0.010693972693972695,Fragment
184921243.955,E0,FRAG0139,0.7694320346420218,0.010693972693972695,7151.282,1719.386,1.0729,8.9891,0.3588270294134642,0.0,Merge
188644632.558,E3,P355,1.0353495893739582,0.004871128871128871,7895.073,1322.930,3.9543,37.529,0.25480400677129494,0.0,Merge
190000439.732,P30,FRAG0137,0.193088004082584,0.0063073593073593075,4510.717,1441.926,1.3793,7.1321,0.539530162203138,0.0,Merge
195141444.101,P30,P739,0.19939536338994332,0.0024355585714285716,4559.307,1050.009,18.020,96.574,0.6165161454630809,0.020303696303696307,Fragment
195142045.765,P30,FRAG0141,0.1815272256576756,0.0067678987678987685,4418.834,1476.199,1.0173,5.1366,0.40290242332963405,0.0,Merge
195142139.791,P30,FRAG0142,0.18829512442557436,0.0067678987678987685,4473.082,1476.199,1.0717,5.4825,0.9472800708550648,0.0,Hit+Run
195142142.608,P30,FRAG0142,0.18829512442557436,0.0067678987678987685,4473.082,1476.199,1.0477,5.3598,0.8202893541573743,0.0,Graze+Merge
195150060.901,P30,FRAG0140,0.19506302319347313,0.0067678987678987685,4526.044,1476.199,1.0672,5.5289,0.8275794271096104,0.0,Hit+Run
195162696.329,P30,FRAG0140,0.19506302319347313,0.0067678987678987685,4526.044,1476.199,1.3473,6.9800,0.47920430608488146,0.0,Merge
196414134.889,E0,FRAG0059,0.7801260073359945,0.005543789543789544,7184.261,1381.219,4.8354,41.374,0.9587703300349922,0.0,Hit+Run
198118331.294,E3,FRAG0059,1.040220718245087,0.005543789543789544,7907.436,1381.219,2.4832,23.540,0.21410204211843065,0.0,Merge
