time_yr,target,projectile,Mt_Mearth,Mp_Mearth,Rt_km,Rp_km,vimp/vesc,vimp_km/s,b,m_frag_Mearth,Regime
11146.761,E8,P121,0.11363999999999999,0.0024355585714285716,3780.108,1050.009,1.1203,4.9066,0.9035255298147847,0.0,Hit+Run
14346.459,M1,P491,0.05,0.0024355585714285716,2875.083,1050.009,1.5876,5.1842,0.7724817953650582,0.0,Hit+Run
18861.069,M1,P491,0.05,0.0024355585714285716,2875.083,1050.009,1.0474,3.4202,0.4659355869824707,0.0,Merge
47944.53,E3,E9,0.40336,0.07894000000000001,5766.223,3347.800,1.0508,6.8293,0.3356978421140993,0.01731968031968032,Fragment
48011.282,E3,FRAG0003,0.46498031968031966,0.005773226773226774,6046.054,1400.017,1.0439,7.4156,0.8431590711380215,0.0,Hit+Run
102941.32,E3,P156,0.46498031968031966,0.0024355585714285716,6046.054,1050.009,1.3321,9.6591,0.5195674429035764,0.0,Merge
272089.55,M0,P342,0.05,0.0024355585714285716,2875.083,1050.009,7.9293,25.892,0.8775205678431061,0.0,Hit+Run
297282.129,M0,P371,0.05,0.0024355585714285716,2875.083,1050.009,4.981,16.265,0.47684965748402514,0.0,Merge
383971.629,E0,P196,0.4524555555544456,0.0024355585714285716,5991.273,1050.009,1.5551,11.167,0.7403490004801504,0.0,Merge
434380.15,M0,P840,0.05243555857142857,0.0024355585714285716,2921.028,1050.009,6.9974,23.238,0.6575376957389504,0.00594039294039294,Fragment
448949.211,M1,P342,0.05243555857142857,0.0024355585714285716,2921.028,1050.009,2.199,7.3030,0.9289678442205173,0.0,Hit+Run
464560.844,M0,FRAG0004,0.0489307242024642,0.00594039294039294,2854.440,1413.401,1.0552,3.3803,0.8260660956860948,0.0,Hit+Run
474347.653,E1,P603,0.23462666666666668,0.0024355585714285716,4813.411,1050.009,2.8138,15.984,0.4625895352425471,0.0,Merge
493871.736,E0,P320,0.4548911141258742,0.0024355585714285716,6002.004,1050.009,2.82,20.289,0.6966294259270902,0.0,Merge
631800.242,E4,P303,0.0574,0.0024355585714285716,3010.448,1050.009,2.5935,8.8947,0.41718918577806957,0.0,Merge
634756.645,E6,P341,0.08018000000000002,0.0024355585714285716,3365.238,1050.009,3.7881,14.639,0.36158082886223186,0.0,Merge
638196.67,E0,M2,0.45732667269730276,0.05,6012.697,2875.083,1.2925,8.7243,0.9272283919632058,0.0,Hit+Run
640191.039,E0,M2,0.45732667269730276,0.05,6012.697,2875.083,1.0372,7.0011,0.33933880155314755,0.008057942057942058,Fragment
640981.871,M0,P485,0.0489307242024642,0.0024355585714285716,2854.440,1050.009,7.5171,24.359,0.3677300265881191,0.01175100899100899,Fragment
641845.8,M0,FRAG0007,0.03961536702297702,0.005875457875457875,2660.409,1408.232,1.1304,3.3769,0.5738462908336202,0.0,Merge
654573.393,E7,P318,0.024059999999999998,0.0024355585714285716,2252.988,1050.009,25.952,65.669,0.9195445024384725,0.0,Graze+Frag
739718.536,E0,E1,0.4992687306393607,0.23706222523809525,6191.159,4830.009,1.1176,8.1614,0.5990519210772616,0.029125454545454548,Graze+Merge
862368.208,M0,P193,0.045490824898434895,0.0024355585714285716,2785.918,1050.009,4.726,14.924,0.42711921746445347,0.029125454545454548,Merge
1007228.007,M0,P754,0.047926383469863464,0.0024355585714285716,2834.775,1050.009,4.9809,16.022,0.37120464145961823,0.0,Merge
1034474.989,E4,P501,0.05983555857142857,0.0024355585714285716,3052.438,1050.009,2.3222,8.0831,0.5035749997255755,0.0,Merge
1077832.835,M3,E7,0.05,0.026495504495504495,2875.083,2326.579,10.996,37.673,0.512264538009271,0.070969030969031,Fragment
1079658.379,P17,P533,0.0024355585714285716,0.0024355585714285716,1050.009,1050.009,2.4624,3.3505,0.60475,0.0,Hit+Run
1080709.428,P17,P688,0.0024355585714285716,0.0024355585714285716,1050.009,1050.009,2.2131,3.0113,0.8635,0.0,Hit+Run
1083252.282,P17,P40,0.0024355585714285716,0.0024355585714285716,1050.009,1050.009,1.565,2.1294,0.38235,0.0,Merge
1083428.359,P17,P310,0.004871117142857143,0.0024355585714285716,1322.929,1050.009,1.0734,1.6828,0.8302389269708008,0.0,Hit+Run
1083548.578,P17,P623,0.004871117142857143,0.0024355585714285716,1322.929,1050.009,1.8444,2.8915,0.6188881498994668,0.0,Hit+Run
1084363.979,P17,P310,0.004871117142857143,0.0024355585714285716,1322.929,1050.009,1.0308,1.6160,0.9047775682117328,0.0,Graze+Merge
1084415.098,P17,P46,0.007306675714285714,0.0024355585714285716,1514.376,1050.009,1.4409,2.5091,0.773668336369859,0.0,Hit+Run
1084635.189,P17,P231,0.007306675714285714,0.0024355585714285716,1514.376,1050.009,1.0834,1.8866,0.5069207693610313,0.0,Merge
1084962.652,P17,P328,0.009742234285714286,0.0024355585714285716,1666.786,1050.009,1.0496,1.9853,0.8295292918480973,0.0,Hit+Run
1085685.381,P17,P533,0.009742234285714286,0.0024355585714285716,1666.786,1050.009,1.0685,2.0210,0.1990845759963816,0.0,Merge
1086672.933,P17,P258,0.012177792857142858,0.0024355585714285716,1795.491,1050.009,1.9727,3.9940,0.899669868937955,0.0,Hit+Run
1087114.166,P17,P623,0.012177792857142858,0.0024355585714285716,1795.491,1050.009,1.0843,2.1953,0.2814859927992858,0.0,Merge
1087907.878,P17,P309,0.01461335142857143,0.0024355585714285716,1907.994,1050.009,1.7919,3.8434,0.541694195748389,0.0,Merge
1088162.279,P17,P450,0.01704891,0.0024355585714285716,2008.596,1050.009,0.9954,2.2445,0.015957887373476354,0.0,Perfect
1088999.106,P17,P46,0.019484468571428572,0.0024355585714285716,2100.019,1050.009,1.2308,2.9007,0.5549333333333334,0.0,Merge
1089675.268,P17,P518,0.021920027142857144,0.0024355585714285716,2184.108,1050.009,1.0489,2.5716,0.43694078175479023,0.0,Merge
1092021.351,P17,P756,0.024355585714285716,0.0024355585714285716,2262.177,1050.009,1.0951,2.7825,0.8102945749141477,0.0,Hit+Run
1092439.787,P17,P312,0.024355585714285716,0.0024355585714285716,2262.177,1050.009,1.452,3.6894,0.5397638254843653,0.0,Merge
1092621.908,P17,P328,0.02679114428571429,0.0024355585714285716,2335.201,1050.009,1.0349,2.7167,0.571864417052399,0.0,Merge
1093263.837,P17,P68,0.02922670285714286,0.0024355585714285716,2403.922,1050.009,1.4073,3.8067,0.9945780308129536,0.0,Hit+Run
1093266.479,P17,P68,0.02922670285714286,0.0024355585714285716,2403.922,1050.009,1.0491,2.8378,0.3039413758264638,0.0,Merge
1093497.938,P17,P756,0.03166226142857143,0.0024355585714285716,2468.924,1050.009,1.2949,3.6012,0.98962290730972,0.0,Hit+Run
1093650.992,P17,P756,0.03166226142857143,0.0024355585714285716,2468.924,1050.009,1.0465,2.9104,0.8989045507587473,0.0,Hit+Run
1093732.256,P17,P756,0.03166226142857143,0.0024355585714285716,2468.924,1050.009,1.0377,2.8859,0.994393864962826,0.0,Hit+Run
1093763.57,P17,P756,0.03166226142857143,0.0024355585714285716,2468.924,1050.009,1.0435,2.9020,0.41731847236286523,0.0,Merge
1094161.451,P17,P258,0.03409782,0.0024355585714285716,2530.673,1050.009,1.3464,3.8423,0.8523490650611667,0.0,Hit+Run
1095318.746,P17,P359,0.03409782,0.0024355585714285716,2530.673,1050.009,1.0772,3.0740,0.6627968102938325,0.0,Merge
1096412.822,P17,P814,0.03653337857142857,0.0024355585714285716,2589.547,1050.009,1.1693,3.4183,0.31213532634692037,0.0,Merge
1097845.549,P17,P545,0.03896893714285714,0.0024355585714285716,2645.859,1050.009,1.5102,4.5160,0.26051468052168103,0.0,Merge
1098719.646,P17,P659,0.041404495714285706,0.0024355585714285716,2699.871,1050.009,1.09,3.3297,0.847570434221899,0.0,Hit+Run
1099317.818,P17,P659,0.041404495714285706,0.0024355585714285716,2699.871,1050.009,1.0579,3.2316,0.5353114320794954,0.0,Merge
1117541.386,P17,P258,0.043840054285714275,0.0024355585714285716,2751.804,1050.009,1.3441,4.1895,0.4396443019621643,0.0,Merge
1131000.361,P17,P372,0.046275612857142844,0.0024355585714285716,2801.848,1050.009,1.0796,3.4300,0.7794109370771037,0.0,Hit+Run
1133062.874,P17,P372,0.046275612857142844,0.0024355585714285716,2801.848,1050.009,1.0554,3.3531,0.816653904859043,0.0,Hit+Run
1134937.42,P17,P372,0.046275612857142844,0.0024355585714285716,2801.848,1050.009,1.0573,3.3591,0.10700079220162576,0.0,Merge
1146133.566,P25,P235,0.0024355585714285716,0.0024355585714285716,1050.009,1050.009,13.75,18.709,0.59375,0.0,Graze+Frag
1205797.968,M0,FRAG0006,0.05036194204129203,0.005875457875457875,2882.004,1408.232,5.7244,18.516,0.8737566566061106,0.0,Hit+Run
1220419.934,M0,FRAG0006,0.05036194204129203,0.005875457875457875,2882.004,1408.232,1.1101,3.5908,0.18869704377693275,0.0,Merge
1236001.028,E0,P791,0.736330955877456,0.0024355585714285716,7047.226,1050.009,1.7083,14.578,0.25491816394292577,0.0,Merge
1247221.271,P25,P360,0.004871128871128871,0.0024355585714285716,1322.930,1050.009,32.771,51.377,0.5955288320866404,0.0,Graze+Frag
1260572.747,M0,P34,0.056237399916749906,0.0024355585714285716,2989.984,1050.009,5.3339,18.160,0.7645933872604048,0.0,Hit+Run
1262681.381,M0,P525,0.056237399916749906,0.0024355585714285716,2989.984,1050.009,8.4751,28.855,0.6097652616047309,0.010482930402930404,Fragment
1317485.508,P25,P233,0.0073066933066933066,0.0024355585714285716,1514.377,1050.009,13.264,23.098,0.8839817672604184,0.0,Hit+Run
1318553.299,P25,P233,0.0073066933066933066,0.0024355585714285716,1514.377,1050.009,1.0425,1.8153,0.9935272397881809,0.0,Hit+Run
1345509.628,P25,P233,0.0073066933066933066,0.0024355585714285716,1514.377,1050.009,1.0039,1.7481,0.8964421956719323,0.0,Graze+Merge
1365935.405,M0,FRAG0020,0.04819010800532799,0.010482850482850484,2839.966,1707.996,2.0127,6.4587,0.7976698542109633,0.0,Hit+Run
1390349.794,P25,P323,0.009742251878121878,0.0024355585714285716,1666.787,1050.009,23.145,43.780,0.3184126933111052,0.012168358308358307,Fragment
1398496.801,E12,P680,0.09854,0.0024355585714285716,3604.663,1050.009,1.3775,5.7320,0.6821849333216444,0.0,Merge
1467097.311,P25,FRAG0021,0.0055277937995338,0.00665001665001665,1379.889,1467.578,1.7351,3.2058,0.6261062005940151,0.0,Hit+Run
1471294.218,P25,FRAG0021,0.0055277937995338,0.00665001665001665,1379.889,1467.578,1.1095,2.0499,0.12367051268699121,0.0,Merge
1516561.671,M0,P499,0.04819010800532799,0.0024355585714285716,2839.966,1050.009,6.865,22.126,0.8673266239285924,0.0,Hit+Run
1518081.671,M0,P499,0.04819010800532799,0.0024355585714285716,2839.966,1050.009,1.068,3.4422,0.6532692450263508,0.0,Merge
1546251.524,E0,P368,0.7387665144488845,0.0024355585714285716,7054.987,1050.009,2.0187,17.247,0.7884527779703672,0.0,Merge
1579366.806,M1,P71,0.05243555857142857,0.0024355585714285716,2921.028,1050.009,8.6796,28.825,0.6446649922201769,0.009755577755577756,Fragment
1657738.737,P25,P851,0.01217781044955045,0.0024355585714285716,1795.492,1050.009,9.9685,20.182,0.8185874094303617,0.0,Graze+Frag
1664357.974,E19,P429,0.041620000000000004,0.0024355585714285716,2704.547,1050.009,3.0441,9.3161,0.2890713228328916,0.0,Merge
1672349.742,M0,P224,0.05062566657675656,0.0024355585714285716,2887.026,1050.009,2.6028,8.5369,0.30893904769362096,0.0,Merge
1685091.146,E0,P710,0.741202073020313,0.0024355585714285716,7062.732,1050.009,2.417,20.674,0.27562333294465413,0.0,Merge
1696712.179,E6,E4,0.08261555857142859,0.06227111714285714,3398.973,3093.304,2.7448,11.584,0.9080817637470224,0.0,Hit+Run
1738224.384,E0,P295,0.7436376315917416,0.0024355585714285716,7070.459,1050.009,1.8294,15.666,0.6184553082029812,0.0,Merge
1738229.785,M1,FRAG0016,0.045115539387279385,0.005914085914085915,2778.236,1411.312,5.3581,16.706,0.9747422234492469,0.0,Hit+Run
1874414.276,M0,P554,0.05306122514818513,0.0024355585714285716,2932.600,1050.009,5.0319,16.781,0.9543113667339523,0.0,Hit+Run
1876467.691,M0,P554,0.05306122514818513,0.0024355585714285716,2932.600,1050.009,1.0616,3.5405,0.8571129867888274,0.0,Hit+Run
1895532.839,E0,FRAG0011,0.7460731901631701,0.005914085914085915,7078.170,1411.312,1.156,9.7203,0.7989898864599551,0.0,Merge
1924757.475,E3,E6,0.46741587825174824,0.08261555857142859,6056.592,3398.973,1.0438,7.1125,0.777477705139833,0.0,Graze+Merge
1938637.492,P25,FRAG0020,0.014613386613386613,0.010482850482850484,1907.996,1707.996,7.1932,16.930,0.7194574038499186,0.01956843156843157,Graze+Frag
2091293.652,P25,FRAG0004,0.005527805527805525,0.00594039294039294,1379.890,1413.401,13.926,25.210,0.8468175251701945,0.00972893772893773,Graze+Frag
2097759.78,P25,FRAG0026,0.005527805527805525,0.00594039294039294,1379.890,1413.401,1.2196,2.2078,0.77192688416226,0.0,Hit+Run
2168834.836,P17,P688,0.04871117142857141,0.0024355585714285716,2850.165,1050.009,1.328,4.2965,0.7852218113549064,0.0,Hit+Run
2176782.377,E0,P538,0.751987276077256,0.0024355585714285716,7096.823,1050.009,1.3389,11.511,0.8368795650247938,0.0,Merge
2208504.107,E3,E12,0.5500314368231768,0.10097555857142858,6394.251,3634.120,1.0153,7.3085,0.927922738166543,0.0,Graze+Merge
2247189.361,M0,P731,0.05306122514818513,0.0024355585714285716,2932.600,1050.009,9.6422,32.157,0.3813563710119706,0.018135864135864137,Fragment
2257645.728,E0,P180,0.7544228346486845,0.0024355585714285716,7104.477,1050.009,2.4502,21.089,0.5414727559380248,0.0,Merge
2258499.601,P17,P688,0.04871117142857141,0.0024355585714285716,2850.165,1050.009,1.2124,3.9225,0.5805306718849117,0.0,Merge
2273061.783,E0,P421,0.7568583932201131,0.0024355585714285716,7112.114,1050.009,1.8234,15.712,0.8087053264414233,0.0,Merge
2284549.215,P17,P458,0.05114672999999998,0.0024355585714285716,2896.897,1050.009,2.4538,8.0775,0.2991647188200497,0.0,Merge
2312791.444,M0,FRAG0027,0.037360919583749555,0.006045288045288046,2608.953,1421.672,1.6044,4.7039,0.274641963600605,0.0,Merge
2313431.726,M0,FRAG0028,0.0434062076290376,0.006045288045288046,2742.696,1421.672,1.1832,3.6427,0.6084242798570109,0.0,Merge
2325805.47,M0,P554,0.04945149567432565,0.0024355585714285716,2864.531,1050.009,4.6889,15.251,0.9534190304762249,0.0,Hit+Run
2348033.701,M0,P566,0.04945149567432565,0.0024355585714285716,2864.531,1050.009,9.7056,31.569,0.948808899313434,0.0,Hit+Run
2357447.694,M0,P566,0.04945149567432565,0.0024355585714285716,2864.531,1050.009,1.0767,3.5022,0.886681893643443,0.0,Hit+Run
2383878.419,M0,P38,0.04945149567432565,0.0024355585714285716,2864.531,1050.009,4.7236,15.364,0.5456785409671664,0.0,Merge
2442016.589,P17,P308,0.05358228857142855,0.0024355585714285716,2942.168,1050.009,6.3434,21.229,0.8972034175542978,0.0,Hit+Run
2442024.553,P17,P308,0.05358228857142855,0.0024355585714285716,2942.168,1050.009,1.0502,3.5146,0.7852556607557946,0.0,Graze+Merge
2443690.08,M0,FRAG0029,0.05188705424575422,0.006045288045288046,2910.807,1421.672,1.3952,4.5581,0.6110540815670649,0.0,Merge
2495532.321,E10,P54,0.14002,0.0024355585714285716,4052.507,1050.009,1.599,7.5483,0.4323719015422464,0.0,Merge
2508874.729,P17,P779,0.05601784714285712,0.0024355585714285716,2986.088,1050.009,4.9493,16.827,0.7401412539914085,0.0,Hit+Run
2510808.02,P17,P779,0.05601784714285712,0.0024355585714285716,2986.088,1050.009,1.0943,3.7206,0.4015140529199694,0.0,Merge
2619532.661,M0,P189,0.057932342291042264,0.0024355585714285716,3019.726,1050.009,8.2359,28.339,0.13786277858912604,0.012332334332334332,Fragment
2655877.744,M0,FRAG0031,0.0480355665301365,0.006166167166167166,2836.926,1431.085,1.882,5.9919,0.24613658863758153,0.0,Merge
2663547.72,M0,FRAG0030,0.05420173369630366,0.006166167166167166,2953.463,1431.085,1.4761,4.8934,0.9599574840947881,0.0,Hit+Run
2690032.62,P25,FRAG0026,0.005527805527805525,0.00594039294039294,1379.890,1413.401,4.4775,8.1055,0.7497956129409178,0.0,Hit+Run
2880646.676,P17,P98,0.058453405714285686,0.0024355585714285716,3028.752,1050.009,10.156,35.058,0.8895204749602793,0.0,Hit+Run
2880831.24,P17,P98,0.058453405714285686,0.0024355585714285716,3028.752,1050.009,1.2084,4.1713,0.8409566223328462,0.0,Hit+Run
2888811.499,P17,P98,0.058453405714285686,0.0024355585714285716,3028.752,1050.009,2.1285,7.3474,0.6004393155128824,0.0,Merge
2972101.648,P17,P504,0.060888964285714255,0.0024355585714285716,3070.247,1050.009,17.293,60.569,0.9422537502733367,0.0,Hit+Run
2976919.889,P17,P504,0.060888964285714255,0.0024355585714285716,3070.247,1050.009,11.721,41.053,0.830554393083955,0.0,Graze+Frag
3040092.771,E3,P93,0.6510069953946054,0.0024355585714285716,6763.773,1050.009,1.6602,13.564,0.8122985738286485,0.0,Merge
3043827.865,E10,P23,0.14245555857142858,0.0024355585714285716,4075.869,1050.009,1.8743,8.9029,0.3585354764711999,0.0,Merge
3089593.06,M0,P336,0.05420173369630366,0.0024355585714285716,2953.463,1050.009,10.036,33.726,0.7678244557241102,0.0,Graze+Frag
3125001.89,M0,P352,0.05663669663669664,0.0024355585714285716,2997.044,1050.009,7.0888,24.196,0.7146303519782905,0.0,Merge
3166077.06,M4,M1,0.05,0.045115539387279385,2875.083,2778.236,3.5635,13.058,0.5327732359132014,0.06189010989010989,Graze+Frag
3267080.383,E3,P158,0.6534425539660339,0.0024355585714285716,6772.198,1050.009,4.6837,38.317,0.7759856541922376,0.0,Merge
3278506.554,M0,P25,0.05907225520812521,0.005527805527805525,3039.403,1379.890,1.9217,6.5642,0.35777152324453526,0.0,Merge
3360647.802,M0,FRAG0023,0.06460006073593073,0.006522810522810523,3131.397,1458.160,4.9356,17.358,0.20871168643191237,0.022621378621378623,Fragment
3371395.08,M0,FRAG0045,0.04850149263736263,0.005655344655344656,2846.069,1390.422,1.1497,3.6725,0.6951100169047535,0.0,Hit+Run
3377342.206,M0,FRAG0044,0.04850149263736263,0.005655344655344656,2846.069,1390.422,1.1553,3.6904,0.9139820025117592,0.0,Hit+Run
3382667.083,M0,FRAG0044,0.04850149263736263,0.005655344655344656,2846.069,1390.422,1.4428,4.6087,0.6277286167930818,0.0,Merge
3396075.805,M0,P811,0.05415683729270728,0.0024355585714285716,2952.647,1050.009,4.771,16.027,0.25184115807558194,0.0,Merge
3404235.057,M0,FRAG0043,0.05659239586413585,0.005655344655344656,2996.262,1390.422,1.7228,5.7981,0.37300578149082647,0.0,Merge
3422910.691,P17,P467,0.06332334332334333,0.0024355585714285716,3110.630,1050.009,8.8364,31.385,0.7448664067078818,0.0,Merge
3437604.03,M4,FRAG0036,0.0332254294971695,0.005626373626373627,2508.904,1388.044,7.2827,20.544,0.5353300709814466,0.033324675324675326,Fragment
3517409.729,M0,P246,0.0622477405194805,0.0024355585714285716,3092.917,1050.009,11.357,40.095,0.7776102920949978,0.005975557775557775,Graze+Frag
3529625.363,M0,FRAG0053,0.058707941115551096,0.005975357975357975,3033.142,1416.169,1.0032,3.4173,0.363079004124063,0.0,Merge
3540619.48,E0,FRAG0040,0.7592939517915416,0.005626373626373627,7119.735,1388.044,1.5561,13.182,0.9977762231153136,0.0,Hit+Run
3600236.72,P34,P698,0.0024355585714285716,0.0024355585714285716,1050.009,1050.009,14.125,19.220,0.79605,0.0,Graze+Frag
3645327.812,M0,FRAG0046,0.06468329909090907,0.005655344655344656,3132.741,1390.422,1.4765,5.2019,0.9456061581827722,0.0,Hit+Run
3645419.403,M0,FRAG0046,0.06468329909090907,0.005655344655344656,3132.741,1390.422,1.0296,3.6274,0.5258908341816296,0.0,Merge
3674621.366,E0,P269,0.7592939517915416,0.0024355585714285716,7119.735,1050.009,1.9789,17.071,0.6414061948164764,0.0,Merge
3720547.126,P17,FRAG0045,0.0657589018947719,0.005655344655344656,3150.010,1390.422,11.257,39.889,0.19252081885956568,0.0658864468864469,Fragment
3720567.226,P17,FRAG0064,0.005527799663669661,0.00598967698967699,1379.890,1417.299,1.3287,2.4088,0.738095053279187,0.0,Hit+Run
3723425.696,P34,FRAG0034,0.004871128871128871,0.005626373626373627,1322.930,1388.044,9.9854,17.555,0.8761872890929899,0.0,Hit+Run
3723798.88,P17,FRAG0063,0.005527799663669661,0.00598967698967699,1379.890,1417.299,1.1413,2.0690,0.9774012358388272,0.0,Hit+Run
3727465.201,P17,FRAG0054,0.005527799663669661,0.00598967698967699,1379.890,1417.299,2.2502,4.0793,0.2782285857836262,0.0,Merge
3732966.708,P17,FRAG0061,0.01151747665334665,0.00598967698967699,1762.434,1417.299,1.2705,2.6634,0.7470464900548804,0.0,Hit+Run
3738581.207,P17,FRAG0059,0.01151747665334665,0.00598967698967699,1762.434,1417.299,2.1968,4.6053,0.879240129970364,0.0,Hit+Run
3740058.8,P17,FRAG0061,0.01151747665334665,0.00598967698967699,1762.434,1417.299,2.1342,4.4740,0.955618677477088,0.0,Hit+Run
3740103.96,P17,FRAG0061,0.01151747665334665,0.00598967698967699,1762.434,1417.299,1.038,2.1760,0.4617077654071192,0.0,Merge
3742275.515,P17,FRAG0063,0.01750715364302364,0.00598967698967699,2026.433,1417.299,1.4985,3.4970,0.3192880539266654,0.0,Merge
3744221.89,P17,FRAG0057,0.023496830632700628,0.00598967698967699,2235.271,1417.299,1.1077,2.8118,0.9089621263489233,0.0,Hit+Run
3744317.274,P17,FRAG0056,0.023496830632700628,0.00598967698967699,2235.271,1417.299,1.8385,4.6669,0.4747067403277855,0.0,Merge
3748330.208,P17,FRAG0057,0.029486507622377617,0.00598967698967699,2411.024,1417.299,1.2765,3.4717,0.5477877760888035,0.0,Merge
3749571.375,P17,FRAG0058,0.03547618461205461,0.00598967698967699,2564.323,1417.299,4.1926,12.088,0.40561623397974417,0.018296703296703295,Fragment
3749905.06,P17,FRAG0067,0.023169158305028307,0.006098901098901099,2224.832,1425.862,1.6764,4.2407,0.6857882534718166,0.0,Hit+Run
3753314.509,P17,FRAG0065,0.023169158305028307,0.006098901098901099,2224.832,1425.862,1.8002,4.5539,0.6575717812992892,0.0,Hit+Run
3756461.411,P17,FRAG0060,0.023169158305028307,0.00598967698967699,2224.832,1417.299,2.1528,5.4421,0.4356041898442137,0.0,Merge
3758140.172,P17,FRAG0067,0.029158835294705296,0.006098901098901099,2402.060,1425.862,2.1371,5.7946,0.8728665304398042,0.0,Hit+Run
3761021.841,P17,FRAG0055,0.029158835294705296,0.00598967698967699,2402.060,1417.299,6.4867,17.580,0.995198245163424,0.0,Hit+Run
3762317.507,P17,FRAG0062,0.029158835294705296,0.00598967698967699,2402.060,1417.299,2.1404,5.8011,0.6125651483753632,0.0,Merge
3767141.704,P17,FRAG0055,0.03514851228438229,0.00598967698967699,2556.404,1417.299,1.6114,4.6321,0.7562991368749167,0.0,Hit+Run
3767278.803,P17,FRAG0055,0.03514851228438229,0.00598967698967699,2556.404,1417.299,1.0468,3.0091,0.7799093600148532,0.0,Graze+Merge
3769684.85,P17,FRAG0059,0.04113818927405928,0.00598967698967699,2694.070,1417.299,1.9696,5.9577,0.5278225200121498,0.0,Merge
3769903.832,P17,FRAG0064,0.04712786626373627,0.00598967698967699,2818.943,1417.299,1.4001,4.4294,0.9340708632478997,0.0,Hit+Run
3769917.139,P17,FRAG0064,0.04712786626373627,0.00598967698967699,2818.943,1417.299,1.0506,3.3237,0.9119118835897426,0.0,Hit+Run
3769968.039,P17,FRAG0064,0.04712786626373627,0.00598967698967699,2818.943,1417.299,1.0374,3.2819,0.8979377522737876,0.0,Hit+Run
3770076.708,P17,FRAG0065,0.04712786626373627,0.006098901098901099,2818.943,1425.862,11.658,36.883,0.4442114230932678,0.051937602397602395,Fragment
3771660.325,P17,FRAG0070,0.005527799663669668,0.005962370962370963,1379.890,1415.142,1.0732,1.9440,0.9448312014603851,0.0,Hit+Run
3774103.427,P17,FRAG0069,0.005527799663669668,0.005962370962370963,1379.890,1415.142,1.2801,2.3188,0.4636772204052637,0.0,Merge
3776053.73,P17,FRAG0075,0.01149017062604063,0.005962370962370963,1761.040,1415.142,1.4127,2.9585,0.9172296666841437,0.0,Hit+Run
3778335.86,P17,FRAG0071,0.01149017062604063,0.005962370962370963,1761.040,1415.142,1.806,3.7822,0.9312018528658762,0.0,Hit+Run
3778630.894,P17,FRAG0071,0.01149017062604063,0.005962370962370963,1761.040,1415.142,1.164,2.4377,0.95049677664065,0.0,Hit+Run
3779338.891,P17,FRAG0075,0.01149017062604063,0.005962370962370963,1761.040,1415.142,1.8165,3.8042,0.4791018285569536,0.0,Merge
3779433.846,P17,FRAG0067,0.017452541588411592,0.006098901098901099,2024.324,1425.862,4.3272,10.100,0.7944308696389261,0.0,Hit+Run
3780572.491,P17,FRAG0066,0.017452541588411592,0.006098901098901099,2024.324,1425.862,2.3184,5.4116,0.7893850014861233,0.0,Hit+Run
3781914.235,P17,FRAG0066,0.017452541588411592,0.006098901098901099,2024.324,1425.862,3.0565,7.1345,0.12878698366746252,0.01403067599067599,Fragment
3788630.158,P17,FRAG0068,0.00952080665667666,0.005962370962370963,1654.061,1415.142,1.8478,3.7079,0.2953292785965887,0.0,Merge
3789727.856,P17,FRAG0072,0.015483177619047623,0.005962370962370963,1945.123,1415.142,2.516,5.6787,0.8382471552565127,0.0,Hit+Run
3791275.044,P17,FRAG0076,0.015483177619047623,0.0070153180153180155,1945.123,1493.973,2.8285,6.4635,0.86456289422115,0.0,Hit+Run
3791313.344,P17,FRAG0076,0.015483177619047623,0.0070153180153180155,1945.123,1493.973,1.0843,2.4777,0.6358943228920836,0.0,Graze+Merge
3791443.662,P17,FRAG0070,0.022498495634365637,0.005962370962370963,2203.154,1415.142,1.59,3.9840,0.9692962748974674,0.0,Hit+Run
3792647.038,P17,FRAG0074,0.022498495634365637,0.005962370962370963,2203.154,1415.142,2.1289,5.3343,0.9808043467584902,0.0,Hit+Run
3792655.04,P17,FRAG0074,0.022498495634365637,0.005962370962370963,2203.154,1415.142,1.0495,2.6297,0.46300200228157173,0.0,Merge
3792798.382,P17,FRAG0073,0.0284608665967366,0.005962370962370963,2382.739,1415.142,1.3898,3.7382,0.23596002048026307,0.0,Merge
3794147.69,P17,FRAG0077,0.03442323755910756,0.0070153180153180155,2538.698,1493.973,1.9029,5.4497,0.9262312271971662,0.0,Hit+Run
3795444.993,P17,FRAG0072,0.03442323755910756,0.005962370962370963,2538.698,1415.142,1.693,4.8341,0.41330952945675054,0.0,Merge
3798551.173,P17,FRAG0071,0.040385608521478523,0.005962370962370963,2677.540,1415.142,3.0216,9.0845,0.9712642394473414,0.0,Hit+Run
3800418.82,P17,FRAG0077,0.040385608521478523,0.0070153180153180155,2677.540,1493.973,1.6708,5.0318,0.439162642533054,0.0,Merge
3801426.949,P17,FRAG0070,0.04740092653679654,0.005962370962370963,2824.377,1415.142,1.0371,3.2873,0.2764072970349961,0.0,Merge
3810007.903,P17,FRAG0064,0.0533632974991675,0.00598967698967699,2938.155,1417.299,1.2669,4.1783,0.2948641906726264,0.0,Merge
3826826.139,P17,FRAG0071,0.059352974488844495,0.005962370962370963,3044.210,1415.142,2.2842,7.8102,0.7518788997850832,0.0,Hit+Run
3851428.483,P17,FRAG0071,0.059352974488844495,0.005962370962370963,3044.210,1415.142,1.4981,5.1223,0.9109380823254176,0.0,Hit+Run
3852105.134,P17,FRAG0025,0.059352974488844495,0.006522810522810523,3044.210,1458.160,12.431,42.484,0.7940528496085213,0.01990728604728605,Graze+Frag
3852562.793,P17,FRAG0078,0.04596869210456211,0.006635697635697636,2795.639,1466.524,1.2729,3.9952,0.9175667853901937,0.0,Hit+Run
3853415.269,P17,FRAG0078,0.04596869210456211,0.006635697635697636,2795.639,1466.524,1.0059,3.1572,0.7927451689345829,0.0,Graze+Merge
3856911.987,P17,FRAG0067,0.052604389740259744,0.006098901098901099,2924.160,1425.862,1.7929,5.8843,0.9772693694339049,0.0,Hit+Run
3860526.071,P17,FRAG0080,0.052604389740259744,0.006635697635697636,2924.160,1466.524,1.247,4.0922,0.7192711696750324,0.0,Hit+Run
3862932.089,P17,FRAG0067,0.052604389740259744,0.006098901098901099,2924.160,1425.862,2.0228,6.6388,0.8545225082022148,0.0,Hit+Run
3863383.0,P17,FRAG0079,0.052604389740259744,0.006635697635697636,2924.160,1466.524,1.198,3.9314,0.84893977776367,0.0,Hit+Run
3874065.758,P17,FRAG0080,0.052604389740259744,0.006635697635697636,2924.160,1466.524,1.008,3.3079,0.6250333266111276,0.0,Merge
3877094.907,P17,FRAG0067,0.05924008737595738,0.006098901098901099,3042.279,1425.862,1.2979,4.4342,0.5119554823184157,0.0,Merge
3897516.844,P17,FRAG0071,0.06533898847485847,0.005962370962370963,3143.291,1415.142,3.4885,12.326,0.8537381851524775,0.0,Hit+Run
3897679.574,P17,FRAG0071,0.06533898847485847,0.005962370962370963,3143.291,1415.142,1.0768,3.8048,0.7984358651062544,0.0,Hit+Run
3901755.218,P17,FRAG0071,0.06533898847485847,0.005962370962370963,3143.291,1415.142,1.2909,4.5613,0.9912354746439596,0.0,Hit+Run
3904990.65,P17,FRAG0071,0.06533898847485847,0.005962370962370963,3143.291,1415.142,1.2058,4.2606,0.3112651779160232,0.0,Merge
3912132.659,M0,M4,0.07033864374625373,0.005527127798867798,3221.502,1379.834,4.5433,16.481,0.9841631096863455,0.0,Hit+Run
3912369.618,M0,M4,0.07033864374625373,0.005527127798867798,3221.502,1379.834,1.0501,3.8095,0.8921669279884115,0.0,Hit+Run
3964705.018,M0,P437,0.07033864374625373,0.0024355585714285716,3221.502,1050.009,12.626,46.563,0.826810969238401,0.0,Graze+Frag
3975384.181,E3,P332,0.6558781125374624,0.0024355585714285716,6780.601,1050.009,1.5366,12.587,0.5791203378220344,0.0,Merge
3976622.276,E11,P59,0.020565714285714288,0.0024355585714285716,2138.167,1050.009,1.5615,3.7471,0.8564937046785576,0.0,Hit+Run
3991201.86,E0,FRAG0047,0.7617295103629701,0.005554112554112554,7127.339,1382.076,2.3381,19.835,0.9816469083214863,0.0,Hit+Run
4011745.63,P83,FRAG0037,0.0024355585714285716,0.005626373626373627,1050.009,1388.044,15.875,25.791,0.9167785882956632,0.0,Hit+Run
4016983.88,M0,M4,0.07277389277389278,0.005527127798867798,3258.259,1379.834,1.3509,4.9590,0.7853946457200384,0.0,Hit+Run
4023085.551,P17,FRAG0079,0.07130135943722944,0.006635697635697636,3236.133,1466.524,3.4377,12.503,0.6507833185703228,0.0,Merge
4028315.531,E0,FRAG0047,0.7617295103629701,0.005554112554112554,7127.339,1382.076,1.0629,9.0173,0.7451973159843229,0.0,Merge
4042102.783,E3,P383,0.6583136711088909,0.0024355585714285716,6788.984,1050.009,1.3401,10.992,0.9100484791402454,0.0,Hit+Run
4079341.176,M0,M4,0.07277389277389278,0.005527127798867798,3258.259,1379.834,1.0242,3.7597,0.7386784167930415,0.0,Graze+Merge
4097453.582,E8,P99,0.11363999999999999,0.0024355585714285716,3780.108,1050.009,2.2529,9.8671,0.8341861084708351,0.0,Hit+Run
4163507.951,P83,P509,0.0024355585714285716,0.0024355585714285716,1050.009,1050.009,18.290,24.887,0.347,0.0,Merge
4181163.265,E0,FRAG0038,0.7672836229170826,0.005626373626373627,7144.620,1388.044,1.5716,13.363,0.7576961144981734,0.0,Merge
4222284.253,M0,FRAG0052,0.07830102057276057,0.005554112554112554,3338.743,1382.076,5.5116,20.753,0.4886307452126773,0.01767732267732268,Fragment
4259513.605,E0,FRAG0010,0.7729099965434563,0.005914085914085915,7162.041,1411.312,1.5221,12.961,0.9203424329983967,0.0,Hit+Run
4266655.529,P34,P83,0.004871128871128871,0.004871117142857143,1322.930,1322.929,15.686,26.892,0.6604002650090695,0.009698534798534799,Graze+Frag
4273896.738,E0,FRAG0010,0.7729099965434563,0.005914085914085915,7162.041,1411.312,1.0676,9.0909,0.21068381737514355,0.0,Merge
4297669.561,E4,FRAG0040,0.06227111714285714,0.005626373626373627,3093.304,1388.044,5.0148,17.439,0.6667240121094649,0.008226107226107227,Fragment
4331481.81,E4,P457,0.05967138354312354,0.0024355585714285716,3049.644,1050.009,2.2232,7.7309,0.650819250948217,0.0,Merge
4368884.893,E0,FRAG0016,0.7788240824575422,0.005914085914085915,7180.262,1411.312,1.7077,14.581,0.2680195753459344,0.0,Merge
4377390.805,P17,P734,0.07793705707292709,0.0024355585714285716,3333.561,1050.009,8.247,31.549,0.24646737134440064,0.009685647685647687,Fragment
4390559.833,E0,FRAG0022,0.7847381683716281,0.009755577755577756,7198.391,1667.547,1.3237,11.195,0.34327778940961245,0.0,Merge
4408554.555,P17,FRAG0085,0.07068696795870798,0.009685647685647687,3226.811,1663.553,1.8097,6.5546,0.9548406271470246,0.0,Hit+Run
4413603.276,M0,FRAG0081,0.06617781044955044,0.0058924408924408925,3156.685,1409.588,2.1913,7.7777,0.8014984189569084,0.0,Hit+Run
4414052.173,P17,FRAG0085,0.07068696795870798,0.009685647685647687,3226.811,1663.553,1.0889,3.9439,0.7054247215001617,0.0,Graze+Merge
4414533.444,M0,FRAG0081,0.06617781044955044,0.0058924408924408925,3156.685,1409.588,1.0449,3.7087,0.9570419278971402,0.0,Hit+Run
4423084.994,M0,FRAG0081,0.06617781044955044,0.0058924408924408925,3156.685,1409.588,1.1341,4.0253,0.9074062659331017,0.0,Hit+Run
4431489.505,P17,P584,0.08037261564435566,0.0024355585714285716,3367.931,1050.009,16.536,63.962,0.2745152127684281,0.037946726606726607,Fragment
4431961.166,P17,FRAG0091,0.044862120269730285,0.006324342324342324,2773.025,1443.219,1.2182,3.7921,0.20428170575078602,0.0,Merge
4432397.282,P17,FRAG0090,0.05118646259407261,0.006324342324342324,2897.647,1443.219,1.2149,3.9507,0.8575057059706472,0.0,Hit+Run
4433808.479,P17,FRAG0089,0.05118646259407261,0.006324342324342324,2897.647,1443.219,1.9857,6.4573,0.2605359466295684,0.0,Merge
4457049.08,P17,FRAG0090,0.05751080491841494,0.006324342324342324,3012.384,1443.219,12.967,43.852,0.895141737462974,0.0,Hit+Run
4470243.069,P17,FRAG0090,0.05751080491841494,0.006324342324342324,3012.384,1443.219,1.2062,4.0789,0.6836611215427185,0.0,Hit+Run
4473505.778,P17,FRAG0090,0.05751080491841494,0.006324342324342324,3012.384,1443.219,1.3026,4.4049,0.44175650397153116,0.0,Merge
4499289.087,P17,FRAG0087,0.06383514724275727,0.006324342324342324,3118.988,1443.219,2.8639,10.033,0.22902533894813404,0.007294039294039294,Fragment
4499514.324,P17,FRAG0092,0.0628654502730603,0.007294039294039294,3103.114,1513.502,1.0355,3.6065,0.9058054969582869,0.0,Hit+Run
4499729.572,P17,FRAG0092,0.0628654502730603,0.007294039294039294,3103.114,1513.502,1.1637,4.0530,0.916358440192366,0.0,Hit+Run
4499737.45,P17,FRAG0092,0.0628654502730603,0.007294039294039294,3103.114,1513.502,1.0506,3.6591,0.7561150219118262,0.0,Graze+Merge
4531087.759,P17,FRAG0088,0.0701594895670996,0.006324342324342324,3218.765,1443.219,2.3401,8.4682,0.5954252321436141,0.0,Merge
4532131.736,P17,FRAG0086,0.07648383189144192,0.006324342324342324,3312.712,1443.219,6.4255,23.954,0.9766930388095393,0.0,Hit+Run
4542798.461,P17,FRAG0086,0.07648383189144192,0.006324342324342324,3312.712,1443.219,1.6182,6.0326,0.922501968762911,0.0,Hit+Run
4542921.989,P17,FRAG0086,0.07648383189144192,0.006324342324342324,3312.712,1443.219,1.0629,3.9624,0.3374752369870359,0.0,Merge
4555558.922,M0,FRAG0081,0.06617781044955044,0.0058924408924408925,3156.685,1409.588,2.4769,8.7914,0.665657087815773,0.0,Merge
4575452.412,P34,FRAG0033,0.009742257742257742,0.005626373626373627,1666.788,1388.044,7.4691,14.967,0.6700255250124564,0.009840492840492841,Graze+Frag
4579365.29,M0,FRAG0083,0.07207025134199134,0.0058924408924408925,3247.724,1409.588,1.6907,6.1801,0.5043153686842962,0.0,Merge
4744914.454,M0,P473,0.07796269223443224,0.0024355585714285716,3333.927,1050.009,6.729,25.745,0.49773875411056806,0.006446220446220447,Fragment
4868677.961,M0,FRAG0094,0.07395203035964036,0.006446220446220447,3275.748,1452.431,1.8314,6.7470,0.9433353733778234,0.0,Hit+Run
4871729.266,M0,FRAG0094,0.07395203035964036,0.006446220446220447,3275.748,1452.431,1.0558,3.8896,0.6682882646594069,0.0,Merge
4913442.354,M0,FRAG0034,0.08039825080586081,0.005626373626373627,3368.289,1388.044,8.9771,34.108,0.8519984228259593,0.0,Hit+Run
4940118.694,E3,FRAG0002,0.6583136711088909,0.005773226773226774,6788.984,1400.017,1.7755,14.284,0.4613590243060686,0.0,Merge
4959000.996,E10,P601,0.14489111714285716,0.0024355585714285716,4098.967,1050.009,2.6471,12.650,0.9332376473124596,0.0,Hit+Run
4963001.531,M0,P216,0.08039825080586081,0.0024355585714285716,3368.289,1050.009,6.3693,24.639,0.8536030246916523,0.0,Hit+Run
4964236.108,M0,FRAG0034,0.08039825080586081,0.005626373626373627,3368.289,1388.044,1.1929,4.5324,0.4855208367463035,0.0,Merge
4971850.496,M0,P216,0.08602462443223444,0.0024355585714285716,3445.096,1050.009,1.0505,4.1634,0.5341881012746166,0.0,Merge
5013322.517,M0,FRAG0051,0.08846018300366301,0.005554112554112554,3477.307,1382.076,3.7355,14.679,0.9390636230259043,0.0,Hit+Run
5014538.24,M0,FRAG0051,0.08846018300366301,0.005554112554112554,3477.307,1382.076,1.0927,4.2940,0.33976027448959795,0.0,Merge
5072283.553,M0,P199,0.09401429555777557,0.0024355585714285716,3548.611,1050.009,6.0056,24.572,0.36175822386376844,0.0,Merge
5191405.16,M0,FRAG0093,0.09644985412920415,0.009840492840492841,3578.994,1672.371,6.242,25.089,0.8442866645975386,0.0,Hit+Run
5223126.379,M0,FRAG0093,0.09644985412920415,0.009840492840492841,3578.994,1672.371,1.3169,5.2932,0.5149003673744272,0.0,Merge
5257552.222,P172,P342,0.0024355585714285716,0.0024355585714285716,1050.009,1050.009,29.872,40.647,0.8917000000000002,0.0,Graze+Frag
5275744.578,M0,FRAG0082,0.106290346969697,0.0058924408924408925,3696.792,1409.588,3.1618,13.240,0.9328891106666164,0.0,Hit+Run
5360013.627,E3,M3,0.6640868978821177,0.005526473526473494,6808.772,1379.780,1.8253,14.746,0.2837905746411957,0.0,Merge
5364249.303,E0,FRAG0049,0.7944937461272059,0.005554112554112554,7228.097,1382.076,1.7025,14.662,0.6733495790982664,0.0,Merge
5396176.334,M0,FRAG0082,0.106290346969697,0.0058924408924408925,3696.792,1409.588,1.1332,4.7453,0.7385794433509871,0.0,Hit+Run
5401630.496,M0,FRAG0082,0.106290346969697,0.0058924408924408925,3696.792,1409.588,1.1079,4.6394,0.8500685967288072,0.0,Hit+Run
5439405.676,M0,FRAG0026,0.106290346969697,0.00594039294039294,3696.792,1413.401,3.9347,16.474,0.5661448184977351,0.007165834165834166,Fragment
5539007.372,M0,FRAG0030,0.10506490574425578,0.006166167166167166,3682.531,1431.085,5.6404,23.502,0.9426661083723311,0.0,Hit+Run
5541618.139,M0,FRAG0030,0.10506490574425578,0.006166167166167166,3682.531,1431.085,1.0742,4.4760,0.29741871868431835,0.0,Merge
5626537.486,P34,FRAG0032,0.005528138528138528,0.005626373626373627,1379.918,1388.044,2.6561,4.7637,0.8916746448644386,0.0,Hit+Run
5867483.778,M0,FRAG0035,0.11123107291042295,0.005626373626373627,3753.207,1388.044,3.7797,16.099,0.2860211284137564,0.00694955710955711,Fragment
5985905.705,M0,FRAG0096,0.10990806258741262,0.00694938394938395,3738.267,1489.278,1.488,6.2854,0.10833907752827164,0.0,Merge
6088433.136,P34,P801,0.005528138528138528,0.0024355585714285716,1379.918,1050.009,6.2761,10.150,0.8692039661764408,0.0,Hit+Run
6101712.819,P34,P801,0.005528138528138528,0.0024355585714285716,1379.918,1050.009,1.0697,1.7301,0.47787477952271984,0.0,Merge
6132039.825,M0,FRAG0082,0.11685744653679657,0.0058924408924408925,3815.451,1409.588,1.3251,5.7381,0.9923749877947549,0.0,Hit+Run
6521042.925,E0,P263,0.8000478586813184,0.0024355585714285716,7244.901,1050.009,2.2297,19.593,0.9824174008636023,0.0,Hit+Run
6636911.126,E0,P433,0.8000478586813184,0.0024355585714285716,7244.901,1050.009,2.4266,21.323,0.14655906815870595,0.0,Merge
6655308.146,E0,P596,0.802483417252747,0.0024355585714285716,7252.246,1050.009,1.2042,10.593,0.5348606833468417,0.0,Merge
6759200.318,P34,FRAG0039,0.0079636970995671,0.005626373626373627,1558.471,1388.044,9.4076,18.050,0.3092066539027807,0.008061938061938062,Fragment
6822510.437,M0,FRAG0082,0.11685744653679657,0.0058924408924408925,3815.451,1409.588,1.9062,8.2545,0.7508897718538237,0.0,Hit+Run
6825786.797,M0,FRAG0082,0.11685744653679657,0.0058924408924408925,3815.451,1409.588,1.0372,4.4914,0.783895915671574,0.0,Graze+Merge
6849010.093,E0,P484,0.8049189758241755,0.0024355585714285716,7259.575,1050.009,3.0831,27.151,0.9295515994951553,0.0,Hit+Run
6970054.247,P6,P798,0.0024355585714285716,0.0024355585714285716,1050.009,1050.009,23.482,31.951,0.8319,0.0,Graze+Frag
7051422.443,E0,P484,0.8049189758241755,0.0024355585714285716,7259.575,1050.009,1.2524,11.029,0.8059317204269555,0.0,Merge
7071100.199,M0,FRAG0024,0.12274988742923747,0.006522810522810523,3878.533,1458.160,6.1454,27.022,0.8384711218769033,0.0,Hit+Run
7091565.699,M0,FRAG0024,0.12274988742923747,0.006522810522810523,3878.533,1458.160,1.1353,4.9921,0.8438491978948361,0.0,Hit+Run
7186671.174,M0,FRAG0024,0.12274988742923747,0.006522810522810523,3878.533,1458.160,1.7392,7.6475,0.8735739693993567,0.0,Hit+Run
7187123.45,M0,FRAG0024,0.12274988742923747,0.006522810522810523,3878.533,1458.160,1.0783,4.7414,0.8447213183301767,0.0,Hit+Run
7200176.96,M0,FRAG0024,0.12274988742923747,0.006522810522810523,3878.533,1458.160,1.0264,4.5132,0.8362908207885522,0.0,Graze+Merge
7299629.772,E3,FRAG0017,0.6696133714085912,0.005914085914085915,6827.607,1411.312,1.6831,13.616,0.8586179394931387,0.0,Hit+Run
7496553.707,E4,FRAG0015,0.06210694211455211,0.005914085914085915,3090.584,1411.312,2.773,9.6301,0.7675836894043285,0.0,Hit+Run
7555396.238,E3,P741,0.6696133714085912,0.0024355585714285716,6827.607,1050.009,1.5642,12.907,0.4277212458889994,0.0,Merge
7803880.244,P34,P661,0.005528132664002665,0.0024355585714285716,1379.918,1050.009,16.249,26.281,0.47452418865954743,0.0,Fragment
7837090.343,E0,P263,0.807354534395604,0.0024355585714285716,7266.890,1050.009,1.088,9.5916,0.8125873665148794,0.0,Merge
7910447.795,E0,P616,0.8097900929670325,0.0024355585714285716,7274.190,1050.009,1.9015,16.781,0.7910185912163061,0.0,Merge
8018693.101,E0,P704,0.812225651538461,0.0024355585714285716,7281.475,1050.009,2.47,21.821,0.5305877185184041,0.0,Merge
8038503.615,E0,E4,0.8146612101098896,0.06210694211455211,7288.746,3090.584,0.9969,8.1859,0.5240792288417859,0.0,Perfect
8144913.648,E3,FRAG0084,0.6720489299800197,0.008226107226107227,6835.875,1575.404,1.523,12.236,0.4331709108844461,0.006214358974358975,Merge
8479490.632,P172,FRAG0095,0.004871128871128871,0.007165834165834166,1322.930,1504.582,6.2675,11.553,0.8204704036945556,0.0,Hit+Run
8617319.097,P172,FRAG0095,0.004871128871128871,0.007165834165834166,1322.930,1504.582,7.2988,13.454,0.20539832756723875,0.011935084915084914,Fragment
8619788.957,M0,FRAG0041,0.129272697952048,0.005626373626373627,3946.051,1388.044,4.4538,20.010,0.8005887173646342,0.0,Hit+Run
8694147.569,M0,FRAG0098,0.129272697952048,0.006509157509157509,3946.051,1457.142,5.0265,22.512,0.7215544675752513,0.005567765567765568,Fragment
8722287.058,M0,FRAG0099,0.13021408989343994,0.005567765567765568,3955.607,1383.208,1.2186,5.4905,0.7615122380946866,0.0,Hit+Run
8755487.773,P34,FRAG0042,0.007963369963369965,0.005626373626373627,1558.449,1388.044,8.8704,17.019,0.4528055232141144,0.013483976023976023,Fragment
8862406.316,M0,FRAG0099,0.13021408989343994,0.005567765567765568,3955.607,1383.208,2.0812,9.3771,0.8936173480891236,0.0,Hit+Run
8867066.309,M0,FRAG0099,0.13021408989343994,0.005567765567765568,3955.607,1383.208,1.0438,4.7029,0.8102644323607211,0.0,Graze+Merge
8871505.633,M0,FRAG0041,0.1357818554612055,0.005626373626373627,4011.201,1388.044,2.1323,9.7493,0.7435874386541815,0.0,Hit+Run
8900094.665,E0,P444,0.8767681522244417,0.0024355585714285716,7469.452,1050.009,3.297,29.923,0.9165561535638073,0.0,Hit+Run
8901854.524,E0,P444,0.8767681522244417,0.0024355585714285716,7469.452,1050.009,1.0496,9.5262,0.3512267028100834,0.0,Merge
8946331.139,M0,FRAG0041,0.1357818554612055,0.005626373626373627,4011.201,1388.044,1.3506,6.1752,0.5773222085904332,0.0,Merge
9023555.122,P172,FRAG0050,0.005527805527805529,0.005554112554112554,1379.890,1382.076,6.7119,12.011,0.43535523445744617,0.005554112554112554,Fragment
9085697.833,M0,P267,0.14140822908757913,0.0024355585714285716,4065.856,1050.009,2.6435,12.523,0.66298400028766,0.0,Merge
9110603.8,E0,P34,0.8792037107958702,0.00552780552780553,7476.362,1379.890,1.6159,14.429,0.6623516426587062,0.0,Merge
9245397.652,E0,FRAG0001,0.8847315163236757,0.005773226773226774,7491.998,1400.017,2.4234,21.667,0.36710053566632755,0.0,Merge
9338629.177,P17,FRAG0032,0.08280817421578425,0.005626373626373627,3401.613,1388.044,11.156,42.829,0.30900786742201464,0.07574025974025975,Fragment
9338864.041,P17,FRAG0113,0.012694288101898127,0.005826173826173826,1820.524,1404.284,1.1583,2.4800,0.36390072779993304,0.0,Merge
9338868.193,P17,FRAG0103,0.018520461928071955,0.005826173826173826,2064.799,1404.284,1.2835,3.0378,0.3795591721360071,0.0,Merge
9338932.707,P17,FRAG0114,0.024346635754245782,0.005826173826173826,2261.900,1404.284,1.1298,2.8957,0.7053738691184508,0.0,Hit+Run
9339299.453,P17,FRAG0107,0.024346635754245782,0.005826173826173826,2261.900,1404.284,1.0853,2.7816,0.29034281711461823,0.0,Merge
9339777.776,P17,FRAG0111,0.03017280958041961,0.005826173826173826,2429.586,1404.284,1.2105,3.3139,0.9688256042149493,0.0,Hit+Run
9342456.56,P17,FRAG0108,0.03017280958041961,0.005826173826173826,2429.586,1404.284,1.0628,2.9096,0.23162333748074565,0.0,Merge
9342818.767,P17,FRAG0112,0.03599898340659344,0.005826173826173826,2576.858,1404.284,1.3335,3.8615,0.4389758469040424,0.0,Merge
9343227.184,P17,FRAG0109,0.041825157232767265,0.005826173826173826,2708.983,1404.284,0.9748,2.9642,0.9230229455438699,0.0,Perfect
9343472.42,P17,FRAG0106,0.04765133105894109,0.005826173826173826,2829.342,1404.284,1.6611,5.2745,0.99029037628359,0.0,Hit+Run
9343759.07,P17,FRAG0105,0.04765133105894109,0.005826173826173826,2829.342,1404.284,1.187,3.7690,0.6141030009225206,0.0,Merge
9343813.311,P17,FRAG0104,0.05347750488511492,0.005826173826173826,2940.249,1404.284,1.1787,3.8907,0.9873396030933465,0.0,Hit+Run
9344203.25,P17,FRAG0104,0.05347750488511492,0.005826173826173826,2940.249,1404.284,1.0077,3.3262,0.27084331287816654,0.0,Merge
9344674.407,P17,FRAG0106,0.05930367871128875,0.005826173826173826,3043.367,1404.284,1.2122,4.1443,0.9862979931211996,0.0,Hit+Run
9344676.474,P17,FRAG0106,0.05930367871128875,0.005826173826173826,3043.367,1404.284,1.0486,3.5850,0.5975676685116856,0.0,Merge
9344836.751,P17,FRAG0111,0.06512985253746258,0.005826173826173826,3139.934,1404.284,1.2181,4.3003,0.7447311766853638,0.0,Hit+Run
9349810.696,P17,FRAG0111,0.06512985253746258,0.005826173826173826,3139.934,1404.284,1.5749,5.5600,0.6593268591512099,0.0,Merge
9356310.609,P17,FRAG0102,0.0709560263636364,0.005826173826173826,3230.900,1404.284,1.1973,4.3536,0.3631568791667846,0.0,Merge
9364985.163,P17,FRAG0114,0.07678220018981023,0.005826173826173826,3317.014,1404.284,1.6106,6.0190,0.03611178987622051,0.0,Merge
9800511.805,E3,P409,0.680275037206127,0.0024355585714285716,6863.653,1050.009,1.2184,10.110,0.9522271623887816,0.0,Hit+Run
9993791.262,E0,P713,0.8905047430969025,0.0024355585714285716,7508.259,1050.009,1.7512,15.981,0.8156355616320311,0.0,Merge
10017848.124,E3,P409,0.680275037206127,0.0024355585714285716,6863.653,1050.009,1.0288,8.5372,0.48248835999351414,0.0,Merge
10308262.131,P17,FRAG0110,0.08260837401598406,0.005826173826173826,3398.875,1404.284,9.0409,34.659,0.9841762982314438,0.0,Hit+Run
10320656.685,P94,FRAG0009,0.0024355585714285716,0.005914085914085915,1050.009,1411.312,12.532,20.622,0.5003638659857257,0.00830884448884449,Graze+Frag
10347741.095,P17,FRAG0110,0.08260837401598406,0.005826173826173826,3398.875,1404.284,2.2497,8.6244,0.2261595807555144,0.0,Merge
10614328.994,E5,P645,0.0735,0.0024355585714285716,3269.060,1050.009,8.3953,31.450,0.44974394809966856,0.01054179154179154,Fragment
10695991.677,E5,P232,0.06539376702963703,0.0024355585714285716,3144.169,1050.009,8.7464,31.424,0.9190717704317755,0.0,Hit+Run
10711727.236,E0,P767,0.892940301668331,0.0024355585714285716,7515.098,1050.009,2.033,18.570,0.40343240595876184,0.0,Merge
11091835.65,E0,E19,0.8953758602397596,0.04405555857142857,7521.924,2756.305,1.2501,10.677,0.9752375853073526,0.0,Hit+Run
11145639.273,P92,P494,0.0024355585714285716,0.0024355585714285716,1050.009,1050.009,24.593,33.464,0.9726,0.0,Hit+Run
11273878.637,E0,E19,0.8953758602397596,0.04405555857142857,7521.924,2756.305,1.0736,9.1700,0.6402054927411618,0.0,Merge
11390652.572,M0,FRAG0097,0.1438437876590077,0.008061938061938062,4089.066,1564.853,3.91,18.106,0.7495522913319983,0.0,Hit+Run
11547239.627,P172,FRAG0101,0.005527805527805529,0.005554112554112554,1379.890,1382.076,10.985,19.658,0.16017315603288645,0.011059480519480521,Fragment
11580630.351,P6,P215,0.004871128871128871,0.0024355585714285716,1322.930,1050.009,18.174,28.492,0.8685399433699466,0.0,Graze+Frag
11677745.996,M0,FRAG0097,0.1438437876590077,0.008061938061938062,4089.066,1564.853,3.8903,18.015,0.9516941915899041,0.0,Hit+Run
11692748.854,M0,FRAG0097,0.1438437876590077,0.008061938061938062,4089.066,1564.853,1.2465,5.7724,0.4238109250487756,0.0,Merge
11912648.165,M0,P477,0.15190572572094577,0.0024355585714285716,4164.075,1050.009,5.5951,27.196,0.6445666033899734,0.0,Merge
11917931.908,P205,P580,0.0024355585714285716,0.0024355585714285716,1050.009,1050.009,10.016,13.629,0.7376,0.0,Graze+Frag
11932019.862,P172,FRAG0012,0.005527805527805529,0.005914085914085915,1379.890,1411.312,40.554,73.357,0.44290733809178856,0.0114408991008991,Fragment
11944331.172,P172,FRAG0117,0.005527805527805528,0.005914085914085915,1379.890,1411.312,1.2203,2.2073,0.5094002915166636,0.0,Hit+Run
11948010.157,P172,FRAG0117,0.005527805527805528,0.005914085914085915,1379.890,1411.312,1.4332,2.5924,0.926946376740823,0.0,Hit+Run
11961992.263,M0,FRAG0117,0.15434128429237434,0.005914085914085915,4186.212,1411.312,5.9068,28.236,0.7463727744725981,0.0,Merge
12202015.23,M0,FRAG0116,0.16025537020646025,0.005554112554112554,4239.012,1382.076,5.0682,24.592,0.9677706249522933,0.0,Hit+Run
12204706.809,M0,FRAG0116,0.16025537020646025,0.005554112554112554,4239.012,1382.076,1.0159,4.9294,0.7502051100308121,0.0,Merge
12489695.951,P17,P554,0.08843454784215789,0.0024355585714285716,3476.971,1050.009,13.395,53.617,0.8851068127023576,0.0,Hit+Run
12491224.303,P17,P554,0.08843454784215789,0.0024355585714285716,3476.971,1050.009,1.0783,4.3162,0.730420495383497,0.0,Merge
12944528.037,E3,E17,0.6827105957775556,0.040959999999999996,6871.835,2690.174,2.8059,21.808,0.46705720716113475,0.03142857142857143,Fragment
12997320.702,E3,FRAG0121,0.6922420243489841,0.006285714285714286,6903.667,1440.274,1.0454,8.5456,0.3278933702422941,0.0,Merge
13066739.46,E3,P281,0.6985277386346984,0.0024355585714285716,6924.499,1050.009,1.2367,10.358,0.5509548932330295,0.0,Merge
13088389.049,P6,FRAG0122,0.0073066933066933066,0.006285714285714286,1514.377,1440.274,4.3535,8.3423,0.9021216205289053,0.0,Hit+Run
13199442.548,E3,P84,0.7009632972061269,0.0024355585714285716,6932.538,1050.009,2.3708,19.883,0.9742404691780834,0.0,Hit+Run
13358757.294,E3,P84,0.7009632972061269,0.0024355585714285716,6932.538,1050.009,1.0995,9.2210,0.771802019039546,0.0,Merge
13479389.552,E0,P96,0.9394314188111882,0.0024355585714285716,7643.323,1050.009,1.562,14.525,0.7042525368916052,0.0,Merge
13703851.008,P94,P494,0.00834965034965035,0.0024355585714285716,1583.251,1050.009,13.454,24.326,0.8888897767940072,0.0,Hit+Run
13722343.673,E3,FRAG0120,0.7033988557775555,0.006285714285714286,6940.558,1440.274,1.0359,8.5165,0.9790348766624829,0.0,Hit+Run
13854170.616,E0,P587,0.9418669773826167,0.0024355585714285716,7649.922,1050.009,2.5735,23.954,0.569703831119198,0.0,Merge
13875885.247,E0,P859,0.9443025359540452,0.0024355585714285716,7656.510,1050.009,1.6746,15.601,0.9727918403446737,0.0,Hit+Run
14016629.365,M0,P17,0.1658094827605728,0.09087010641358646,4287.429,3508.602,12.558,64.380,0.5548997429914787,0.2553619513819514,Graze+Frag
14016998.154,M0,FRAG0139,0.005530738025308124,0.005581085581085581,1380.134,1384.310,1.9335,3.4633,0.8919008896780757,0.0,Hit+Run
14017057.915,M0,FRAG0163,0.005530738025308124,0.005581085581085581,1380.134,1384.310,1.1235,2.0124,0.09061293673471635,0.0,Merge
14017830.406,M0,FRAG0164,0.011111823606393706,0.005581085581085581,1741.495,1384.310,1.6769,3.4621,0.6737989330788783,0.0,Hit+Run
14019676.985,M0,FRAG0157,0.011111823606393706,0.005581085581085581,1741.495,1384.310,1.2521,2.5851,0.8474578775477771,0.0,Hit+Run
14022461.648,M0,FRAG0129,0.011111823606393706,0.005581085581085581,1741.495,1384.310,22.061,45.549,0.957770585295105,0.0,Hit+Run
14023449.679,M0,FRAG0155,0.011111823606393706,0.005581085581085581,1741.495,1384.310,16.340,33.737,0.6325152379067724,0.016618241758241756,Graze+Frag
14029076.152,M0,FRAG0161,0.005530738025308126,0.005581085581085581,1380.134,1384.310,7.5219,13.473,0.4292507052590035,0.010985407925407926,Fragment
14031714.407,M0,FRAG0138,0.005530738025308125,0.005581085581085581,1380.134,1384.310,18.561,33.247,0.5615505853399942,0.011094305694305695,Graze+Frag
14031730.051,M0,FRAG0171,0.005530738025308125,0.005581085581085581,1380.134,1384.310,1.0562,1.8918,0.25835919978080285,0.0,Merge
14032068.79,M0,FRAG0165,0.011111823606393706,0.005581085581085581,1741.495,1384.310,7.8841,16.277,0.4270996048439458,0.011162171162171162,Fragment
14032460.717,M0,FRAG0158,0.005530738025308126,0.005581085581085581,1380.134,1384.310,5.2528,9.4088,0.888206477932418,0.0,Hit+Run
14032651.826,M0,FRAG0152,0.005530738025308126,0.005581085581085581,1380.134,1384.310,2.5924,4.6435,0.8378825990185921,0.0,Hit+Run
14039109.434,M0,FRAG0143,0.005530738025308126,0.005581085581085581,1380.134,1384.310,2.1343,3.8229,0.8995393355846388,0.0,Hit+Run
14042955.097,M0,FRAG0168,0.005530738025308126,0.005581085581085581,1380.134,1384.310,18.423,33.000,0.3818723708450939,0.011101491841491843,Fragment
14051210.099,M0,FRAG0130,0.005530738025308125,0.005581085581085581,1380.134,1384.310,6.0623,10.858,0.47263508102895857,0.010832287712287713,Fragment
14052597.243,M0,FRAG0167,0.005530738025308125,0.005581085581085581,1380.134,1384.310,1.1992,2.1480,0.6409804378716383,0.0,Hit+Run
14052670.207,M0,FRAG0134,0.005530738025308125,0.005581085581085581,1380.134,1384.310,1.4664,2.6266,0.679222591887502,0.0,Hit+Run
14056855.414,M0,FRAG0145,0.005530738025308125,0.005581085581085581,1380.134,1384.310,1.6215,2.9044,0.439285526351939,0.0,Merge
14062040.677,M0,FRAG0127,0.011111823606393706,0.005581085581085581,1741.495,1384.310,1.1815,2.4393,0.342303674949283,0.0,Merge
14062386.396,M0,FRAG0124,0.016692909187479288,0.005581085581085581,1994.517,1384.310,1.542,3.5371,0.7527488772112167,0.0,Hit+Run
14064434.583,M0,FRAG0142,0.016692909187479288,0.005581085581085581,1994.517,1384.310,21.175,48.573,0.8823194375530159,0.01212966366966367,Graze+Frag
14064434.631,M0,FRAG0177,0.010144790639360739,0.0060646020646020656,1689.435,1423.184,1.1293,2.3024,0.8732618644299625,0.0,Hit+Run
14064662.249,M0,FRAG0156,0.010144790639360739,0.005581085581085581,1689.435,1384.310,19.608,39.625,0.8330803763927391,0.01510030636030636,Graze+Frag
14065201.584,M0,FRAG0154,0.005530405024975125,0.005581085581085581,1380.107,1384.310,11.223,20.103,0.7871514130564911,0.010444788544788544,Graze+Frag
14067988.758,M0,FRAG0179,0.005530405024975126,0.005581085581085581,1380.107,1384.310,1.698,3.0414,0.13000204728858392,0.0,Merge
14068183.157,M0,FRAG0151,0.011111490606060707,0.005581085581085581,1741.477,1384.310,3.9166,8.0862,0.99693275743226,0.0,Hit+Run
14069386.389,M0,FRAG0125,0.011111490606060707,0.005581085581085581,1741.477,1384.310,1.3064,2.6972,0.824945978501144,0.0,Hit+Run
14074598.141,M0,FRAG0176,0.011111490606060707,0.0060646020646020656,1741.477,1423.184,4.7036,9.7900,0.7720549476465275,0.0,Hit+Run
14074616.228,M0,FRAG0176,0.011111490606060707,0.0060646020646020656,1741.477,1423.184,1.0308,2.1455,0.46686487354477113,0.0,Merge
14075675.169,M0,FRAG0147,0.017176092670662772,0.005581085581085581,2013.578,1384.310,4.6487,10.748,0.676390218960212,0.0078078588078588085,Graze+Frag
14075724.186,M0,FRAG0180,0.014949319443889546,0.0078078588078588085,1922.505,1548.238,1.0481,2.3977,0.8368031015671452,0.0,Graze+Merge
14076282.673,M0,FRAG0166,0.022757178251748354,0.005581085581085581,2211.566,1384.310,3.4375,8.6215,0.4869180265385373,0.010203463203463204,Fragment
14079070.463,M0,FRAG0153,0.018134800629370732,0.005581085581085581,2050.366,1384.310,2.2248,5.2230,0.4016947392235347,0.0,Merge
14079746.102,M0,FRAG0149,0.023715886210456314,0.005581085581085581,2242.196,1384.310,1.8192,4.6196,0.2730942621203399,0.0,Merge
14080021.174,M0,FRAG0144,0.029296971791541896,0.005581085581085581,2405.847,1384.310,15.307,41.487,0.6817977034991475,0.02934898434898435,Graze+Frag
14080048.461,M0,FRAG0185,0.005529073023643125,0.00586979686979687,1379.996,1407.780,1.273,2.2997,0.8557356179624038,0.0,Hit+Run
14081182.474,M0,FRAG0123,0.005529073023643125,0.005581085581085581,1379.996,1384.310,5.6548,10.128,0.9191134627314999,0.0,Hit+Run
14083952.052,M0,FRAG0182,0.005529073023643125,0.00586979686979687,1379.996,1407.780,8.9415,16.153,0.8824170258458848,0.0,Hit+Run
14085425.523,M0,FRAG0185,0.005529073023643125,0.00586979686979687,1379.996,1407.780,7.4482,13.455,0.5860504414332677,0.011124708624708626,Graze+Frag
14089211.779,M0,FRAG0183,0.005529073023643125,0.00586979686979687,1379.996,1407.780,7.7889,14.071,0.7352980198538525,0.010468005328005328,Graze+Frag
14095285.077,M0,FRAG0177,0.005529073023643125,0.0060646020646020656,1379.996,1423.184,5.1215,9.3054,0.8629466168836991,0.0,Hit+Run
14096939.268,M0,FRAG0125,0.005529073023643125,0.005581085581085581,1379.996,1384.310,4.7487,8.5054,0.6211292001143512,0.00895836163836164,Graze+Frag
14098859.422,M0,FRAG0148,0.0055290730236431255,0.005581085581085581,1379.996,1384.310,3.7321,6.6846,0.9289980135772353,0.0,Hit+Run
14104084.947,M0,FRAG0150,0.0055290730236431255,0.005581085581085581,1379.996,1384.310,4.4861,8.0351,0.7634567478981493,0.0,Hit+Run
14104208.572,M0,FRAG0150,0.0055290730236431255,0.005581085581085581,1379.996,1384.310,1.1124,1.9924,0.35359734161790307,0.0,Merge
14107006.434,M0,FRAG0181,0.011110158604728707,0.010203463203463204,1741.408,1692.685,3.8912,8.6609,0.7173350515029521,0.0,Hit+Run
14110073.221,M0,FRAG0181,0.011110158604728707,0.010203463203463204,1741.408,1692.685,2.3582,5.2488,0.6757026411195274,0.0,Hit+Run
14114706.646,M0,FRAG0140,0.011110158604728707,0.005581085581085581,1741.408,1384.310,26.155,53.999,0.8093319472536619,0.016512107892107893,Graze+Frag
14117937.924,M0,FRAG0172,0.005529073023643126,0.005581085581085581,1379.996,1384.310,22.284,39.914,0.5210356423077869,0.011102044622044623,Graze+Frag
14118052.662,M0,FRAG0175,0.0055290730236431255,0.005581085581085581,1379.996,1384.310,5.6843,10.181,0.6384521250813726,0.010235837495837495,Graze+Frag
14123279.857,M0,FRAG0134,0.0055290730236431255,0.005581085581085581,1379.996,1384.310,8.3151,14.893,0.671250861978586,0.010737762237762237,Graze+Frag
14125380.733,M0,FRAG0173,0.0055290730236431255,0.005581085581085581,1379.996,1384.310,11.631,20.832,0.997640727783732,0.0,Hit+Run
14131049.195,M0,FRAG0187,0.0055290730236431255,0.00586979686979687,1379.996,1407.780,5.7794,10.440,0.33091876011330307,0.011184408924408924,Fragment
14137443.118,M0,FRAG0167,0.005529073023643125,0.005581085581085581,1379.996,1384.310,21.515,38.537,0.967238245637,0.0,Hit+Run
14138083.751,M0,FRAG0141,0.005529073023643125,0.005581085581085581,1379.996,1384.310,19.393,34.736,0.8557624777656494,0.010526600066600068,Graze+Frag
14140490.44,M0,FRAG0191,0.0055290730236431255,0.005581085581085581,1379.996,1384.310,14.909,26.705,0.6639123318052369,0.011048977688977689,Graze+Frag
14141537.499,M0,FRAG0190,0.0055290730236431255,0.005581085581085581,1379.996,1384.310,7.8252,14.015,0.43721664801490817,0.010996463536463537,Fragment
14141913.065,M0,FRAG0139,0.0055290730236431255,0.005581085581085581,1379.996,1384.310,11.961,21.424,0.39952555766879544,0.01108103896103896,Fragment
14141946.698,M0,FRAG0199,0.0055290730236431255,0.005581085581085581,1379.996,1384.310,1.0527,1.8855,0.8538155207808832,0.0,Hit+Run
14143209.31,M0,FRAG0188,0.0055290730236431255,0.00586979686979687,1379.996,1407.780,2.22,4.0106,0.28032803867189754,0.0,Merge
14153126.496,M0,FRAG0148,0.011398869893439995,0.005581085581085581,1756.363,1384.310,3.6136,7.5067,0.4076238245260282,0.011451215451215453,Fragment
14159653.447,M0,FRAG0128,0.005528740023310124,0.005581085581085581,1379.968,1384.310,4.0068,7.1765,0.9061246393887628,0.0,Hit+Run
14163203.739,M0,FRAG0167,0.005528740023310124,0.005581085581085581,1379.968,1384.310,17.820,31.917,0.937824774147832,0.0,Hit+Run
14169897.575,M0,FRAG0198,0.005528740023310124,0.005581085581085581,1379.968,1384.310,12.692,22.733,0.8500129047916075,0.007313286713286713,Graze+Frag
14171954.459,M0,FRAG0178,0.005528740023310123,0.010195471195471196,1379.968,1692.243,29.127,58.873,0.9926373160294797,0.0,Hit+Run
14172125.485,M0,FRAG0178,0.005528740023310123,0.010195471195471196,1379.968,1692.243,1.0367,2.0954,0.18065918299789888,0.0,Merge
14173705.766,M0,FRAG0123,0.015724211218781318,0.005581085581085581,1955.165,1384.310,8.8597,19.993,0.4549107902209789,0.015776889776889777,Fragment
14176262.326,M0,FRAG0203,0.005528407022977123,0.007888444888444889,1379.941,1553.546,4.0997,7.8332,0.3943914724004955,0.01250887112887113,Fragment
14177551.274,P494,P672,0.0024355585714285716,0.0024355585714285716,1050.009,1050.009,12.246,16.663,0.52335,0.0,Graze+Frag
14182282.314,M0,FRAG0135,0.005528407022977123,0.005581085581085581,1379.941,1384.310,4.2778,7.6618,0.4056578032314908,0.010487905427905429,Fragment
14195180.808,M0,FRAG0196,0.005528407022977124,0.005581085581085581,1379.941,1384.310,4.5156,8.0878,0.486979063564262,0.010398354978354979,Fragment
14207416.703,M0,FRAG0197,0.005528407022977124,0.005581085581085581,1379.941,1384.310,32.447,58.115,0.7904486409509507,0.011079933399933399,Graze+Frag
14207537.13,M0,FRAG0208,0.005528407022977124,0.005581085581085581,1379.941,1384.310,1.0941,1.9596,0.6779766952605067,0.0,Hit+Run
14207817.493,M0,FRAG0170,0.005528407022977124,0.005581085581085581,1379.941,1384.310,30.423,54.491,0.7671355479028205,0.011084908424908425,Graze+Frag
14208597.037,M0,FRAG0209,0.005528407022977124,0.005581085581085581,1379.941,1384.310,1.1753,2.1050,0.8528498536065455,0.0,Hit+Run
14223653.721,M0,FRAG0195,0.005528407022977124,0.00586979686979687,1379.941,1407.780,21.536,38.907,0.5673273007976842,0.011387279387279388,Graze+Frag
14223660.617,M0,FRAG0210,0.005528407022977123,0.00586979686979687,1379.941,1407.780,1.0499,1.8967,0.5122330432470497,0.0,Graze+Merge
14224348.268,M0,FRAG0129,0.011398203892773993,0.005581085581085581,1756.329,1384.310,17.775,36.926,0.7770454684750874,0.011451215451215453,Graze+Frag
14233434.614,M0,FRAG0202,0.005528074022644122,0.005581085581085581,1379.913,1384.310,5.2446,9.3934,0.983133699888027,0.0,Hit+Run
14238242.098,M0,FRAG0124,0.005528074022644122,0.005581085581085581,1379.913,1384.310,11.937,21.380,0.8747064430505742,0.0,Hit+Run
14241970.435,M0,FRAG0177,0.005528074022644122,0.0060646020646020656,1379.913,1423.184,6.3015,11.449,0.6666475967796297,0.010747159507159506,Graze+Frag
14275356.211,M0,FRAG0206,0.005528074022644122,0.005581085581085581,1379.913,1384.310,10.635,19.048,0.3668156000191542,0.011072747252747253,Fragment
14283161.013,M0,FRAG0184,0.005528074022644121,0.00586979686979687,1379.913,1407.780,4.4757,8.0855,0.873628654230427,0.0,Hit+Run
14288493.012,M0,FRAG0146,0.005528074022644121,0.005581085581085581,1379.913,1384.310,5.6241,10.073,0.809160868360162,0.0,Hit+Run
14288978.285,M0,FRAG0204,0.005528074022644121,0.007888444888444889,1379.913,1553.546,14.322,27.364,0.6257793377537677,0.013354625374625376,Graze+Frag
14291560.647,M0,FRAG0124,0.00552807402264412,0.005581085581085581,1379.913,1384.310,10.549,18.895,0.9939165210099836,0.0,Hit+Run
14294353.232,M0,FRAG0126,0.00552807402264412,0.005581085581085581,1379.913,1384.310,5.5703,9.9767,0.8453532077741367,0.0,Hit+Run
14297554.674,M0,FRAG0205,0.00552807402264412,0.007888444888444889,1379.913,1553.546,11.892,22.722,0.6682568798113225,0.013265627705627706,Graze+Frag
14301552.155,M0,FRAG0167,0.00552807402264412,0.005581085581085581,1379.913,1384.310,11.262,20.171,0.794933534935358,0.010353026973026973,Graze+Frag
14305595.873,M0,FRAG0215,0.005528074022644121,0.007888444888444889,1379.913,1553.546,13.779,26.327,0.7835530653961142,0.013023509823509824,Graze+Frag
14307523.488,M0,FRAG0174,0.00552807402264412,0.005581085581085581,1379.913,1384.310,11.745,21.037,0.7133634899664825,0.010904701964701963,Graze+Frag
14308588.982,M0,FRAG0162,0.005528074022644121,0.005581085581085581,1379.913,1384.310,4.3094,7.7184,0.09604698073446552,0.01075047619047619,Fragment
14308635.687,M0,FRAG0220,0.005528074022644121,0.005581085581085581,1379.913,1384.310,1.0862,1.9454,0.9124463169774225,0.0,Hit+Run
14308902.38,M0,FRAG0211,0.005528074022644121,0.005725607725607726,1379.913,1396.157,4.2931,7.7225,0.5089046325778824,0.010329257409257409,Graze+Frag
14308909.608,M0,FRAG0221,0.005528074022644121,0.005725607725607726,1379.913,1396.157,1.0373,1.8659,0.7395470915700073,0.0,Graze+Merge
14322239.149,M0,FRAG0219,0.011253681748251847,0.005581085581085581,1748.874,1384.310,5.315,11.007,0.5936222653972039,0.011306693306693308,Graze+Frag
14323051.815,M0,FRAG0223,0.005528074022644122,0.005653346653346654,1379.913,1390.259,2.8197,5.0612,0.5318064245441604,0.0,Hit+Run
14323522.95,M0,FRAG0222,0.005528074022644122,0.005653346653346654,1379.913,1390.259,1.4631,2.6261,0.6042847261282512,0.0,Hit+Run
14328854.247,M0,FRAG0216,0.005528074022644122,0.007888444888444889,1379.913,1553.546,5.0624,9.6726,0.7585745772094459,0.0,Hit+Run
14331663.354,M0,FRAG0217,0.005528074022644122,0.005581085581085581,1379.913,1384.310,12.309,22.047,0.4987553973586512,0.011072194472194473,Fragment
14334966.011,M0,FRAG0194,0.005528074022644121,0.005581085581085581,1379.913,1384.310,7.8253,14.015,0.7254941637286837,0.01031156843156843,Graze+Frag
14335880.124,M0,FRAG0151,0.005528074022644121,0.005581085581085581,1379.913,1384.310,11.584,20.748,0.91499226085344,0.0,Hit+Run
14337999.327,M0,FRAG0212,0.005528074022644121,0.005725607725607726,1379.913,1396.157,6.2639,11.267,0.569547692916329,0.010843896103896104,Graze+Frag
14351175.184,M0,FRAG0181,0.005528074022644121,0.010203463203463204,1379.913,1692.685,4.6082,9.3158,0.9849276230218075,0.0,Hit+Run
14354667.425,M0,FRAG0207,0.005528074022644121,0.005581085581085581,1379.913,1384.310,26.611,47.662,0.5493248316019015,0.011104255744255744,Graze+Frag
14356240.365,E0,P859,0.9443025359540452,0.0024355585714285716,7656.510,1050.009,1.2262,11.423,0.24297811018553003,0.0,Merge
14360632.977,M0,FRAG0184,0.005528074022644121,0.00586979686979687,1379.913,1407.780,16.701,30.171,0.3607573025118337,0.00586979686979687,Fragment
14361019.923,M0,FRAG0181,0.00552807402264412,0.010203463203463204,1379.913,1692.685,5.1711,10.453,0.85127459278548,0.0,Hit+Run
14361175.97,M0,FRAG0189,0.00552807402264412,0.005581085581085581,1379.913,1384.310,5.5034,9.8569,0.8901817881793083,0.0,Hit+Run
14366087.513,M0,FRAG0186,0.00552807402264412,0.00586979686979687,1379.913,1407.780,8.6149,15.563,0.9473344203446038,0.0,Hit+Run
14368713.97,M0,FRAG0228,0.00552807402264412,0.00586979686979687,1379.913,1407.780,3.2296,5.8343,0.572024065289071,0.0,Hit+Run
14370279.791,M0,FRAG0181,0.00552807402264412,0.010203463203463204,1379.913,1692.685,1.394,2.8180,0.4901958417437886,0.0,Hit+Run
14373989.135,M0,FRAG0201,0.00552807402264412,0.005725607725607726,1379.913,1396.157,2.8254,5.0824,0.7571435205534582,0.0,Hit+Run
14374001.671,M0,FRAG0201,0.00552807402264412,0.005725607725607726,1379.913,1396.157,1.0563,1.9001,0.18630343454794915,0.0,Merge
14385104.055,M0,FRAG0220,0.011253681748251847,0.005581085581085581,1748.874,1384.310,6.4783,13.416,0.6785769516157788,0.011306693306693308,Graze+Frag
14389779.813,M0,FRAG0126,0.005528074022644122,0.005581085581085581,1379.913,1384.310,6.4317,11.519,0.15360528051972472,0.010996463536463537,Fragment
14390434.332,M0,FRAG0214,0.005528074022644121,0.005581085581085581,1379.913,1384.310,2.8258,5.0611,0.9536307032071178,0.0,Hit+Run
14390500.557,M0,FRAG0214,0.005528074022644121,0.005581085581085581,1379.913,1384.310,1.0099,1.8087,0.5595086071059717,0.0,Graze+Merge
14391810.234,M0,FRAG0199,0.011109159603729702,0.005581085581085581,1741.356,1384.310,11.089,22.894,0.5406802698587072,0.011162171162171162,Fragment
14399189.488,M0,FRAG0202,0.005528074022644122,0.005581085581085581,1379.913,1384.310,1.8929,3.3903,0.503997046515158,0.0,Hit+Run
14400601.972,M0,FRAG0225,0.005528074022644122,0.005581085581085581,1379.913,1384.310,6.2282,11.155,0.35588301749272594,0.010933999333999333,Fragment
14401091.634,M0,FRAG0181,0.005528074022644121,0.010203463203463204,1379.913,1692.685,3.3468,6.7658,0.7028011660511726,0.0,Hit+Run
14401241.931,M0,FRAG0143,0.005528074022644121,0.005581085581085581,1379.913,1384.310,9.7773,17.511,0.9310167311319034,0.0,Hit+Run
14414074.483,M0,FRAG0222,0.005528074022644121,0.005653346653346654,1379.913,1390.259,3.8282,6.8714,0.5515324777587995,0.007902550782550782,Graze+Frag
14415328.655,M0,FRAG0173,0.005528074022644121,0.005581085581085581,1379.913,1384.310,25.671,45.979,0.8255347819157257,0.01099093573093573,Graze+Frag
14427014.798,M0,FRAG0218,0.005528074022644121,0.007888444888444889,1379.913,1553.546,15.994,30.560,0.6225805859709174,0.013372867132867132,Graze+Frag
14435616.539,M0,FRAG0202,0.00552807402264412,0.005581085581085581,1379.913,1384.310,12.686,22.721,0.6319432064020786,0.011034605394605395,Graze+Frag
14436843.397,M0,FRAG0132,0.005528074022644121,0.005581085581085581,1379.913,1384.310,9.5623,17.126,0.8207424169726338,0.006623969363969364,Graze+Frag
14439542.474,M0,FRAG0224,0.005528074022644121,0.005581085581085581,1379.913,1384.310,8.764,15.696,0.9920195432200098,0.0,Hit+Run
14446445.377,M0,FRAG0181,0.005528074022644121,0.010203463203463204,1379.913,1692.685,1.7543,3.5464,0.4936090239675658,0.0,Hit+Run
14449023.111,M0,FRAG0151,0.005528074022644121,0.005581085581085581,1379.913,1384.310,2.9511,5.2856,0.9466418376651091,0.0,Hit+Run
14449621.932,M0,FRAG0228,0.005528074022644121,0.00586979686979687,1379.913,1407.780,4.5211,8.1675,0.9967355987072286,0.0,Hit+Run
14449649.87,M0,FRAG0228,0.005528074022644121,0.00586979686979687,1379.913,1407.780,1.0623,1.9190,0.9670354914751899,0.0,Hit+Run
14449833.511,M0,FRAG0239,0.005528074022644121,0.005581085581085581,1379.913,1384.310,3.2011,5.7333,0.0649465290725258,0.01024855144855145,Fragment
14450369.188,M0,FRAG0232,0.005528074022644121,0.005581085581085581,1379.913,1384.310,6.3629,11.396,0.7497055907849289,0.006674825174825175,Graze+Frag
14456279.13,M0,FRAG0152,0.005528074022644121,0.005581085581085581,1379.913,1384.310,6.7113,12.020,0.792487431995655,0.0,Hit+Run
14460268.954,M0,FRAG0169,0.005528074022644121,0.005581085581085581,1379.913,1384.310,9.7603,17.481,0.9397028925912574,0.0,Hit+Run
14464566.988,M0,FRAG0240,0.005528074022644121,0.005581085581085581,1379.913,1384.310,11.476,20.555,0.8973204151257889,0.0,Hit+Run
14470118.1,M0,FRAG0159,0.005528074022644121,0.005581085581085581,1379.913,1384.310,13.963,25.009,0.5507725251784605,0.011076063936063935,Graze+Frag
14470916.658,M0,FRAG0241,0.005528074022644121,0.005581085581085581,1379.913,1384.310,9.038,16.187,0.06609469984014155,0.01107053613053613,Fragment
14482153.296,M0,FRAG0182,0.005528074022644121,0.00586979686979687,1379.913,1407.780,3.6517,6.5969,0.9904490760097806,0.0,Hit+Run
14490432.754,M0,FRAG0182,0.005528074022644121,0.00586979686979687,1379.913,1407.780,2.803,5.0637,0.9484234242764453,0.0,Hit+Run
14491594.499,M0,FRAG0234,0.005528074022644121,0.005581085581085581,1379.913,1384.310,4.0024,7.1685,0.4974075447184066,0.010041258741258741,Fragment
14492417.321,M0,FRAG0231,0.005528074022644121,0.005581085581085581,1379.913,1384.310,2.1521,3.8545,0.3168951318619476,0.0,Merge
14495576.193,M0,FRAG0182,0.011109159603729702,0.00586979686979687,1741.356,1407.780,2.8804,5.9754,0.854493819437349,0.0,Hit+Run
14496907.852,M0,FRAG0244,0.011109159603729702,0.005581085581085581,1741.356,1384.310,1.5305,3.1597,0.7060320515115298,0.0,Hit+Run
14500976.548,M0,FRAG0224,0.011109159603729702,0.005581085581085581,1741.356,1384.310,2.7643,5.7069,0.6009601309599046,0.0,Hit+Run
14500988.285,M0,FRAG0224,0.011109159603729702,0.005581085581085581,1741.356,1384.310,1.0477,2.1629,0.9303823293807738,0.0,Hit+Run
14501571.037,E0,FRAG0008,0.9467380945254738,0.005914085914085915,7663.087,1411.312,2.0959,19.186,0.3670080666508379,0.0,Merge
14504400.848,M0,FRAG0238,0.011109159603729702,0.005581085581085581,1741.356,1384.310,2.127,4.3912,0.8797405606737605,0.0,Hit+Run
14504475.922,M0,FRAG0209,0.011109159603729702,0.005581085581085581,1741.356,1384.310,4.9594,10.238,0.47143085456407835,0.015724948384948385,Fragment
14506110.238,M0,FRAG0124,0.005528074022644122,0.005581085581085581,1379.913,1384.310,3.5666,6.3880,0.7431660094563348,0.0,Hit+Run
14509603.802,M0,FRAG0224,0.005528074022644122,0.005581085581085581,1379.913,1384.310,3.8609,6.9151,0.9558771242741921,0.0,Hit+Run
14519249.851,M0,FRAG0238,0.005528074022644122,0.005581085581085581,1379.913,1384.310,2.3155,4.1472,0.8069144472930877,0.0,Hit+Run
14523439.242,M0,FRAG0235,0.005528074022644122,0.005653346653346654,1379.913,1390.259,2.886,5.1802,0.34864304658903883,0.007491834831834831,Fragment
14525077.765,M0,FRAG0245,0.005528074022644121,0.005581085581085581,1379.913,1384.310,2.0546,3.6799,0.22244560610851266,0.0,Merge
14534093.434,M0,FRAG0216,0.011109159603729702,0.007888444888444889,1741.356,1553.546,5.699,12.225,0.8312247779839705,0.0,Hit+Run
14549543.205,M0,FRAG0246,0.011109159603729702,0.005581085581085581,1741.356,1384.310,1.8532,3.8259,0.8311601180857344,0.0,Hit+Run
14552253.385,M0,FRAG0227,0.011109159603729702,0.005581085581085581,1741.356,1384.310,9.9084,20.456,0.816730835252823,0.008652680652680654,Graze+Frag
14552751.584,M0,FRAG0164,0.00803756453213463,0.005581085581085581,1563.274,1384.310,20.854,40.048,0.8547247077649741,0.012952201132201134,Graze+Frag
14561923.262,M0,FRAG0226,0.005527741022311119,0.005725607725607726,1379.885,1396.157,4.8847,8.7866,0.7690158293320216,0.0,Hit+Run
14572201.928,M0,FRAG0238,0.005527741022311119,0.005581085581085581,1379.885,1384.310,4.1278,7.3930,0.8494880641398694,0.0,Hit+Run
14572881.371,M0,FRAG0236,0.005527741022311119,0.005581085581085581,1379.885,1384.310,18.003,32.244,0.905248666340271,0.0,Hit+Run
14572913.22,M0,FRAG0236,0.005527741022311119,0.005581085581085581,1379.885,1384.310,0.993,1.7785,0.941690241636863,0.0,Perfect
14575638.455,M0,FRAG0249,0.0111088266033967,0.008090909090909091,1741.338,1566.725,18.675,40.196,0.9878799075504426,0.0,Hit+Run
14578773.085,M0,FRAG0237,0.0111088266033967,0.007888444888444889,1741.338,1553.546,7.0631,15.152,0.9256105147370872,0.0,Hit+Run
14578794.172,M0,FRAG0237,0.0111088266033967,0.007888444888444889,1741.338,1553.546,1.0529,2.2587,0.9486001558191148,0.0,Hit+Run
14584921.757,M0,FRAG0244,0.0111088266033967,0.005581085581085581,1741.338,1384.310,6.8194,14.078,0.8128274320850173,0.0,Hit+Run
14589286.246,M0,FRAG0124,0.0111088266033967,0.005581085581085581,1741.338,1384.310,4.4941,9.2780,0.5774473155285266,0.012147905427905429,Graze+Frag
14604367.966,M0,FRAG0133,0.005527741022311119,0.005581085581085581,1379.885,1384.310,8.3763,15.002,0.6311381321572762,0.010851635031635032,Graze+Frag
14604392.323,M0,FRAG0230,0.005527741022311118,0.005653346653346654,1379.885,1390.259,5.1716,9.2826,0.3045552372727077,0.010907465867465868,Fragment
14606127.213,M0,FRAG0169,0.005527741022311118,0.005581085581085581,1379.885,1384.310,5.9886,10.725,0.3124490681936559,0.010931235431235432,Fragment
14606642.972,M0,FRAG0254,0.005527741022311118,0.005581085581085581,1379.885,1384.310,1.0474,1.8759,0.26976749712709963,0.0,Merge
14609165.496,M0,FRAG0157,0.0111088266033967,0.005581085581085581,1741.338,1384.310,15.219,31.421,0.9085393942729582,0.0,Hit+Run
14614091.199,M0,FRAG0252,0.0111088266033967,0.005581085581085581,1741.338,1384.310,5.7111,11.790,0.7564476266518412,0.005902763902763903,Graze+Frag
14614943.576,M0,FRAG0229,0.010787148281718378,0.005653346653346654,1724.365,1390.259,4.5847,9.4107,0.3221049334922306,0.015714998334998335,Fragment
14616546.739,M0,FRAG0182,0.00552740802197812,0.00586979686979687,1379.857,1407.780,5.1664,9.3331,0.7360527291691727,0.0,Hit+Run
14616889.534,M0,FRAG0256,0.00552740802197812,0.010913086913086912,1379.857,1731.050,1.9942,4.0958,0.29611709110900203,0.0,Merge
14626800.6,M0,FRAG0131,0.016440494935065032,0.005581085581085581,1984.413,1384.310,3.0126,6.8816,0.913706198333593,0.0,Hit+Run
14628528.178,M0,FRAG0131,0.016440494935065032,0.005581085581085581,1984.413,1384.310,1.3311,3.0406,0.8893187077714044,0.0,Hit+Run
14635706.289,M0,FRAG0157,0.016440494935065032,0.005581085581085581,1984.413,1384.310,6.3877,14.591,0.5436525371942963,0.02079892107892108,Fragment
14636298.407,M0,FRAG0186,0.005527408021978118,0.00586979686979687,1379.857,1407.780,1.7859,3.2262,0.8532172759037681,0.0,Hit+Run
14639800.808,M0,FRAG0255,0.005527408021978118,0.005902763902763903,1379.857,1410.410,6.0629,10.963,0.4647052145564319,0.011153453213453214,Fragment
14652959.025,M0,FRAG0249,0.005527408021978119,0.008090909090909091,1379.857,1566.725,9.4396,18.130,0.9875784077755966,0.0,Hit+Run
14658792.101,M0,FRAG0248,0.005527408021978119,0.008652680652680654,1379.857,1602.177,1.7369,3.3838,0.46702677392114367,0.0,Hit+Run
14668727.366,M0,FRAG0248,0.005527408021978119,0.008652680652680654,1379.857,1602.177,8.1867,15.949,0.7223112990101112,0.013323669663669662,Graze+Frag
14671009.363,M0,FRAG0213,0.00552740802197812,0.0060646020646020656,1379.857,1423.184,11.776,21.396,0.9641136433429288,0.0,Hit+Run
14672353.202,M0,FRAG0226,0.00552740802197812,0.005725607725607726,1379.857,1396.157,6.9602,12.519,0.9591351288231479,0.0,Hit+Run
14693504.541,M0,FRAG0237,0.00552740802197812,0.007888444888444889,1379.857,1553.546,9.0558,17.302,0.5164933464072722,0.013286080586080587,Graze+Frag
14693547.049,M0,FRAG0261,0.00552740802197812,0.007888444888444889,1379.857,1553.546,1.0554,2.0164,0.5139061757285472,0.0,Graze+Merge
14699088.31,M0,FRAG0246,0.013415852910423008,0.005581085581085581,1854.385,1384.310,2.9813,6.4508,0.3482380839467763,0.010567432567432568,Fragment
14706516.669,M0,FRAG0224,0.008429505924076021,0.005581085581085581,1588.283,1384.310,2.2775,4.4174,0.8167445925234377,0.0,Hit+Run
14709125.352,M0,FRAG0244,0.008429505924076021,0.005581085581085581,1588.283,1384.310,6.649,12.896,0.9186907316399311,0.0,Hit+Run
14717589.79,M0,FRAG0226,0.008429505924076021,0.005725607725607726,1588.283,1396.157,2.1172,4.1194,0.3296371726970322,0.0,Merge
14718867.834,M0,FRAG0249,0.014155113649683748,0.008090909090909091,1887.839,1566.725,14.200,32.194,0.05743469921190425,0.01671828171828172,Fragment
14720194.181,M0,FRAG0263,0.005527741022311121,0.005572760572760573,1379.885,1383.621,1.326,2.3743,0.5592429449875723,0.0,Hit+Run
14720246.667,M0,FRAG0263,0.005527741022311121,0.005572760572760573,1379.885,1383.621,1.0343,1.8520,0.014630194900121308,0.0,Merge
14721813.546,M0,FRAG0238,0.011100501595071694,0.005581085581085581,1740.903,1384.310,1.1529,2.3797,0.8673841780246154,0.0,Hit+Run
14726277.584,M0,FRAG0128,0.011100501595071694,0.005581085581085581,1740.903,1384.310,4.3566,8.9925,0.7799271643775377,0.0,Hit+Run
14733137.709,M0,FRAG0264,0.011100501595071694,0.005572760572760573,1740.903,1383.621,2.8343,5.8495,0.9484212695838149,0.0,Hit+Run
14743805.898,M0,FRAG0200,0.011100501595071694,0.005725607725607726,1740.903,1396.157,4.577,9.4704,0.8566721778675417,0.0,Hit+Run
14749125.176,M0,FRAG0151,0.011100501595071694,0.005581085581085581,1740.903,1384.310,3.1391,6.4794,0.9613586888670486,0.0,Hit+Run
14774010.363,M0,FRAG0160,0.011100501595071694,0.005581085581085581,1740.903,1384.310,15.223,31.423,0.24655079133883168,0.016663569763569763,Fragment
14794148.845,E3,FRAG0017,0.7033988557775555,0.005914085914085915,6940.558,1411.312,1.2382,10.194,0.8409906603411154,0.0,Hit+Run
14796407.397,M0,FRAG0228,0.00552740802197812,0.00586979686979687,1379.857,1407.780,4.4753,8.0846,0.9183086907563208,0.0,Hit+Run
14797766.373,M0,FRAG0158,0.00552740802197812,0.005581085581085581,1379.857,1384.310,25.263,45.247,0.7781446068895752,0.011058927738927738,Graze+Frag
14800267.494,M0,FRAG0213,0.005527408021978119,0.0060646020646020656,1379.857,1423.184,12.464,22.645,0.42625785232098146,0.011564169164169165,Fragment
14815310.887,M0,FRAG0244,0.005527408021978118,0.005581085581085581,1379.857,1384.310,8.2102,14.704,0.7523362439333325,0.010124728604728604,Graze+Frag
14821575.055,M0,FRAG0270,0.005527408021978119,0.005581085581085581,1379.857,1384.310,3.1225,5.5924,0.32487587257103895,0.009052887112887112,Fragment
14821612.603,M0,FRAG0250,0.005527408021978119,0.005581085581085581,1379.857,1384.310,5.4497,9.7605,0.9199158850244477,0.0,Hit+Run
14827826.124,M0,FRAG0262,0.005527408021978119,0.010567432567432568,1379.857,1712.577,2.2037,4.4916,0.6796582521358219,0.0,Hit+Run
14831423.042,M0,FRAG0238,0.005527408021978119,0.005581085581085581,1379.857,1384.310,4.8736,8.7287,0.8434392659742277,0.0,Hit+Run
14850576.146,M0,FRAG0262,0.005527408021978119,0.010567432567432568,1379.857,1712.577,1.5631,3.1859,0.9932951910973956,0.0,Hit+Run
14850638.198,M0,FRAG0262,0.005527408021978119,0.010567432567432568,1379.857,1712.577,1.1472,2.3382,0.2432259146791206,0.0,Merge
14851145.84,M0,FRAG0208,0.016094840589410686,0.005581085581085581,1970.407,1384.310,7.0667,16.048,0.8059674457544098,0.0,Hit+Run
14859219.842,M0,FRAG0250,0.016094840589410686,0.005581085581085581,1970.407,1384.310,1.3129,2.9816,0.400810512303461,0.0,Merge
14868275.735,M0,FRAG0264,0.021675926170496268,0.005572760572760573,2175.970,1383.621,4.8528,11.995,0.5233320116437936,0.018116883116883118,Fragment
14881288.434,M0,FRAG0273,0.009131803626373721,0.006038961038961039,1631.220,1421.176,3.0554,6.0856,0.7184560642962763,0.0,Hit+Run
14881903.243,M0,FRAG0272,0.009131803626373721,0.006038961038961039,1631.220,1421.176,2.2114,4.4046,0.9952786180789831,0.0,Hit+Run
14883611.921,M0,FRAG0273,0.009131803626373721,0.006038961038961039,1631.220,1421.176,1.0856,2.1622,0.8765334994486407,0.0,Hit+Run
14884746.448,M0,FRAG0273,0.009131803626373721,0.006038961038961039,1631.220,1421.176,0.9717,1.9354,0.9804755587357766,0.0,Perfect
14887142.565,M0,FRAG0268,0.01517076466533476,0.005581085581085581,1931.952,1384.310,14.213,31.766,0.49646542447826236,0.015224775224775226,Fragment
14892371.2,M0,FRAG0223,0.005527075021645116,0.005653346653346654,1379.830,1390.259,2.5214,4.5256,0.7148983741763241,0.0,Hit+Run
14893618.463,M0,FRAG0251,0.005527075021645116,0.005581085581085581,1379.830,1384.310,1.9259,3.4493,0.9953841037565633,0.0,Hit+Run
14894566.853,M0,FRAG0131,0.005527075021645116,0.005581085581085581,1379.830,1384.310,2.6793,4.7986,0.9368291612437023,0.0,Hit+Run
14895534.051,M0,FRAG0272,0.005527075021645116,0.006038961038961039,1379.830,1421.176,2.3309,4.2317,0.9375533049125496,0.0,Hit+Run
14920786.945,M0,FRAG0240,0.005527075021645116,0.005581085581085581,1379.830,1384.310,2.6154,4.6842,0.8315999891916042,0.0,Hit+Run
14920904.823,M0,FRAG0240,0.005527075021645116,0.005581085581085581,1379.830,1384.310,1.037,1.8572,0.5551487772255136,0.0,Graze+Merge
14925707.688,M0,FRAG0224,0.011108160602730698,0.005581085581085581,1741.303,1384.310,2.1356,4.4088,0.8302020002080683,0.0,Hit+Run
14935475.246,M0,FRAG0251,0.011108160602730698,0.005581085581085581,1741.303,1384.310,2.9299,6.0486,0.3641813498429836,0.009679986679986681,Fragment
14941103.667,M0,FRAG0267,0.007009259503829598,0.005577089577089577,1493.543,1383.979,5.5849,10.435,0.6799396167197828,0.009618381618381619,Graze+Frag
14980753.184,M0,FRAG0274,0.005526742021312114,0.006038961038961039,1379.802,1421.176,3.7246,6.7618,0.9246865150437001,0.0,Hit+Run
14981453.576,M0,FRAG0275,0.005526742021312114,0.007612387612387613,1379.802,1535.208,3.3303,6.3168,0.9434687949903009,0.0,Hit+Run
14988302.936,M0,FRAG0275,0.005526742021312114,0.007612387612387613,1379.802,1535.208,1.6266,3.0853,0.7500605320798871,0.0,Hit+Run
14997027.861,M0,FRAG0269,0.005526742021312114,0.0060646020646020656,1379.802,1423.184,9.1194,16.568,0.3084017766627756,0.01153984681984682,Fragment
15000659.857,M0,FRAG0271,0.005526742021312113,0.005581085581085581,1379.802,1384.310,1.6375,2.9327,0.997770178197574,0.0,Hit+Run
15030536.9,M0,FRAG0137,0.005526742021312113,0.005581085581085581,1379.802,1384.310,5.5144,9.8762,0.22208722847713663,0.010914652014652014,Fragment
15033334.227,M0,FRAG0272,0.005526742021312114,0.006038961038961039,1379.802,1421.176,4.9454,8.9782,0.2290657021444359,0.01127948717948718,Fragment
15033349.178,M0,FRAG0281,0.005526742021312114,0.006038961038961039,1379.802,1421.176,1.0727,1.9474,0.6556697839876219,0.0,Graze+Merge
15035947.564,M0,FRAG0242,0.011565703060273153,0.005581085581085581,1764.890,1384.310,7.7713,16.201,0.9179200482620512,0.0,Hit+Run
15038806.933,M0,FRAG0151,0.011565703060273153,0.005581085581085581,1764.890,1384.310,4.4268,9.2286,0.8922525849185005,0.0,Hit+Run
15039963.132,M0,FRAG0143,0.011565703060273153,0.005581085581085581,1764.890,1384.310,2.3297,4.8567,0.9589991981110093,0.0,Hit+Run
15042305.181,M0,FRAG0233,0.011565703060273153,0.005581085581085581,1764.890,1384.310,5.4906,11.446,0.32908153876273066,0.016672414252414253,Fragment
15055239.563,M0,FRAG0247,0.005526409020979114,0.005653346653346654,1379.774,1390.259,4.7514,8.5281,0.9785322904756335,0.0,Hit+Run
15057324.792,M0,FRAG0271,0.005526409020979114,0.005581085581085581,1379.774,1384.310,5.8287,10.439,0.8850953109478193,0.0,Hit+Run
15066838.742,M0,FRAG0277,0.005526409020979114,0.009679986679986681,1379.774,1663.229,2.0651,4.1243,0.48965389792645575,0.0,Hit+Run
15072077.621,M0,FRAG0143,0.005526409020979114,0.005581085581085581,1379.774,1384.310,2.1571,3.8633,0.8498033147355296,0.0,Hit+Run
15072143.21,M0,FRAG0253,0.005526409020979114,0.005653346653346654,1379.774,1390.259,1.6318,2.9288,0.7314709435293805,0.0,Hit+Run
15072148.15,M0,FRAG0143,0.005526409020979114,0.005581085581085581,1379.774,1384.310,1.0157,1.8190,0.36824477518820503,0.0,Merge
15076477.034,M0,FRAG0257,0.011107494602064696,0.008247086247086248,1741.269,1576.742,2.1087,4.5501,0.7284651531945691,0.0,Hit+Run
15085490.204,M0,FRAG0151,0.011107494602064696,0.005581085581085581,1741.269,1384.310,1.6487,3.4036,0.17576594589428451,0.0,Merge
15091691.534,M0,FRAG0258,0.016688580183150278,0.008247086247086248,1994.345,1576.742,2.0661,4.8777,0.6677067228405081,0.0,Hit+Run
15094921.45,M0,FRAG0253,0.016688580183150278,0.005653346653346654,1994.345,1390.259,1.3113,3.0099,0.9749569792901088,0.0,Hit+Run
15095414.868,M0,FRAG0283,0.016688580183150278,0.00581018981018981,1994.345,1402.998,3.6572,8.4084,0.3133569806524672,0.017503796203796204,Fragment
15098889.41,M0,FRAG0285,0.005526742021312113,0.005657342657342658,1379.802,1390.586,1.6954,3.0434,0.20445104134767586,0.0,Merge
15099940.691,M0,FRAG0224,0.011184084678654772,0.005581085581085581,1745.262,1384.310,2.9933,6.1896,0.500841574319111,0.007213786213786214,Fragment
15099965.092,M0,FRAG0287,0.00955138404595414,0.007213786213786214,1655.830,1507.931,1.0341,2.1267,0.8845543314800743,0.0,Graze+Merge
15101604.7,M0,FRAG0278,0.016765170259740354,0.0070596070596070605,1997.391,1497.111,2.8807,6.7201,0.9260756145474434,0.0,Hit+Run
15104139.325,M0,FRAG0277,0.016765170259740354,0.009679986679986681,1997.391,1663.229,1.1947,2.8688,0.47918353462271096,0.0,Merge
15105467.996,M0,FRAG0128,0.026445156939727037,0.005581085581085581,2325.105,1384.310,1.2147,3.1887,0.9496824725159172,0.0,Hit+Run
15114191.329,M0,FRAG0189,0.026445156939727037,0.005581085581085581,2325.105,1384.310,2.54,6.6679,0.9209118134911133,0.0,Hit+Run
15117980.298,M0,FRAG0228,0.026445156939727037,0.00586979686979687,2325.105,1407.780,1.943,5.1075,0.864295432182735,0.0,Hit+Run
15118780.628,M0,FRAG0189,0.026445156939727037,0.005581085581085581,2325.105,1384.310,2.1463,5.6344,0.788654535621099,0.0,Hit+Run
15123578.134,M0,FRAG0257,0.026445156939727037,0.008247086247086248,2325.105,1576.742,1.6404,4.3700,0.6165166116617946,0.0,Hit+Run
15126812.187,M0,FRAG0136,0.026445156939727037,0.005581085581085581,2325.105,1384.310,3.6447,9.5679,0.8495179559110438,0.0,Hit+Run
15130412.481,M0,FRAG0284,0.026445156939727037,0.005657342657342658,2325.105,1390.586,2.6323,6.9126,0.8853778755572592,0.0,Hit+Run
15134612.21,M0,FRAG0253,0.026445156939727037,0.005653346653346654,2325.105,1390.259,1.969,5.1706,0.9811419783135977,0.0,Hit+Run
15137552.088,M0,FRAG0282,0.026445156939727037,0.00581018981018981,2325.105,1402.998,3.6401,9.5659,0.20537439977245883,0.01658941058941059,Fragment
15139890.447,M0,FRAG0289,0.01566593616050626,0.00552980352980353,1952.746,1380.057,1.4595,3.2883,0.9082886943200891,0.0,Hit+Run
15139939.222,M0,FRAG0288,0.01566593616050626,0.00552980352980353,1952.746,1380.057,1.3657,3.0770,0.9296746686090087,0.0,Hit+Run
15141022.411,M0,FRAG0274,0.01566593616050626,0.006038961038961039,1952.746,1421.176,1.0962,2.4840,0.6067312547712677,0.0,Graze+Merge
15147071.079,M0,FRAG0280,0.021704897199467298,0.005581085581085581,2176.939,1384.310,2.822,6.9788,0.9594123037178002,0.0,Hit+Run
15149637.08,M0,FRAG0288,0.021704897199467298,0.00552980352980353,2176.939,1380.057,1.5354,3.7957,0.9514404000133776,0.0,Hit+Run
15153325.829,M0,FRAG0266,0.021704897199467298,0.005577089577089577,2176.939,1383.979,2.7859,6.8893,0.8979391958855344,0.0,Hit+Run
15153451.775,M0,FRAG0271,0.021704897199467298,0.005581085581085581,2176.939,1384.310,4.0731,10.072,0.773826081730719,0.0,Hit+Run
15153685.132,M0,FRAG0146,0.021704897199467298,0.005581085581085581,2176.939,1384.310,4.3142,10.669,0.6920361064281121,0.005989377289377289,Graze+Frag
15154291.778,M0,FRAG0131,0.02129663879120889,0.005581085581085581,2163.204,1384.310,2.9208,7.1827,0.6196587011590743,0.0,Hit+Run
15159937.71,M0,FRAG0243,0.02129663879120889,0.005581085581085581,2163.204,1384.310,1.9914,4.8972,0.7649693373391642,0.0,Hit+Run
15170155.684,M0,FRAG0275,0.02129663879120889,0.007612387612387613,2163.204,1535.208,2.0476,5.1145,0.6862639368163945,0.0,Hit+Run
15170401.968,M0,FRAG0275,0.02129663879120889,0.007612387612387613,2163.204,1535.208,1.1853,2.9607,0.4238775036315019,0.0,Merge
15171458.874,M0,FRAG0271,0.0289090264035965,0.005581085581085581,2395.181,1384.310,1.5056,4.0634,0.9062354360416208,0.0,Hit+Run
15177132.604,M0,FRAG0242,0.0289090264035965,0.005581085581085581,2395.181,1384.310,2.1946,5.9230,0.5820819916113488,0.0,Merge
15178586.355,M0,FRAG0289,0.03449011198468208,0.00552980352980353,2540.341,1380.057,1.6202,4.6248,0.8572780297307011,0.0,Hit+Run
15178656.175,M0,FRAG0291,0.03449011198468208,0.00598934398934399,2540.341,1417.273,1.6245,4.6417,0.7615347090992158,0.0,Hit+Run
15179035.354,M0,FRAG0289,0.03449011198468208,0.00552980352980353,2540.341,1380.057,1.9605,5.5962,0.6100087204750432,0.0,Merge
15180375.215,M0,FRAG0128,0.04001991551448561,0.005581085581085581,2669.434,1384.310,1.371,4.1082,0.5964790355276924,0.0,Merge
15180833.006,M0,FRAG0266,0.04560100109557119,0.005577089577089577,2788.166,1383.979,1.2703,3.9748,0.2889647380973973,0.0,Merge
15181925.997,M0,FRAG0192,0.05117809067266077,0.005581085581085581,2897.489,1384.310,1.3309,4.3292,0.9921760582870136,0.0,Hit+Run
15183535.548,M0,FRAG0257,0.05117809067266077,0.008247086247086248,2897.489,1576.742,1.1086,3.6095,0.2714717701834618,0.0,Merge
15186945.035,M0,FRAG0192,0.05942517691974702,0.005581085581085581,3045.444,1384.310,0.9633,3.2969,0.6298162965412403,0.0,Perfect
15187149.28,M0,FRAG0228,0.06500626250083259,0.00586979686979687,3137.946,1407.780,1.5207,5.3647,0.4750001857532443,0.0,Merge
15189202.442,M0,FRAG0284,0.07087605937062946,0.005657342657342658,3229.686,1390.586,1.1039,4.0140,0.43402464495578913,0.0,Merge
15189210.196,M0,FRAG0259,0.07653340202797212,0.005902763902763903,3313.427,1410.410,1.9908,7.4301,0.42934344349617737,0.0,Merge
15191536.505,M0,FRAG0290,0.08243616593073602,0.00552980352980353,3396.511,1380.057,1.3588,5.2096,0.32588691689668353,0.0,Merge
15193741.358,M0,FRAG0271,0.08796596946053956,0.005581085581085581,3470.819,1384.310,1.3884,5.4448,0.9966097625261247,0.0,Hit+Run
15199901.091,M0,FRAG0247,0.08796596946053956,0.005653346653346654,3470.819,1390.259,1.9781,7.7557,0.7487738612932641,0.0,Hit+Run
15201164.389,M0,FRAG0247,0.08796596946053956,0.005653346653346654,3470.819,1390.259,1.2081,4.7367,0.874652407823256,0.0,Hit+Run
15206561.91,M0,FRAG0186,0.08796596946053956,0.00586979686979687,3470.819,1407.780,2.0859,8.1731,0.9496981369024421,0.0,Hit+Run
15206592.466,M0,FRAG0186,0.08796596946053956,0.00586979686979687,3470.819,1407.780,1.0592,4.1502,0.47545379046513,0.0,Merge
15208272.166,M0,FRAG0181,0.09383576633033643,0.010203463203463204,3546.364,1692.685,1.3913,5.5392,0.7098075727959217,0.0,Hit+Run
15210433.149,M0,FRAG0279,0.09383576633033643,0.0060646020646020656,3546.364,1423.184,1.8519,7.4182,0.28894430043984065,0.0,Merge
15216673.159,M0,FRAG0223,0.09990036839493849,0.005653346653346654,3621.175,1390.259,1.2864,5.2745,0.6384739943923107,0.0,Merge
15218965.296,M0,FRAG0291,0.10555371504828515,0.00598934398934399,3688.233,1417.273,1.4211,5.9344,0.9953990828728521,0.0,Hit+Run
15219431.115,M0,FRAG0291,0.10555371504828515,0.00598934398934399,3688.233,1417.273,1.1127,4.6466,0.723558836929711,0.0,Hit+Run
15221243.981,M0,FRAG0291,0.10555371504828515,0.00598934398934399,3688.233,1417.273,1.0628,4.4382,0.8738908995945202,0.0,Hit+Run
15223258.685,M0,FRAG0291,0.10555371504828515,0.00598934398934399,3688.233,1417.273,1.1163,4.6616,0.8429720515308304,0.0,Hit+Run
15230369.365,M0,FRAG0181,0.10555371504828515,0.010203463203463204,3688.233,1692.685,1.0693,4.4310,0.38000133701533,0.0,Merge
15242088.712,M0,FRAG0193,0.11575717825174835,0.005581085581085581,3803.439,1384.310,6.3731,27.537,0.7028051259856917,0.008694305694305694,Fragment
15242142.765,M0,FRAG0292,0.11264395813852823,0.008694305694305694,3769.031,1604.742,1.0318,4.3803,0.3043266571147802,0.0,Merge
15244818.244,M0,FRAG0131,0.12133826383283393,0.005581085581085581,3863.608,1384.310,1.8244,8.0158,0.9667269301158696,0.0,Hit+Run
15244891.928,M0,FRAG0131,0.12133826383283393,0.005581085581085581,3863.608,1384.310,1.047,4.6001,0.9867520405409338,0.0,Hit+Run
15254688.821,M0,FRAG0286,0.12133826383283393,0.005657342657342658,3863.608,1390.586,1.5133,6.6469,0.9574098881124519,0.0,Hit+Run
15255329.493,M0,FRAG0286,0.12133826383283393,0.005657342657342658,3863.608,1390.586,1.0481,4.6036,0.5831964533502193,0.0,Merge
15260139.363,M0,FRAG0260,0.12699560649017658,0.008652680652680654,3922.745,1602.177,1.8289,8.0963,0.8305685315985815,0.0,Hit+Run
15261265.163,M0,FRAG0260,0.12699560649017658,0.008652680652680654,3922.745,1602.177,1.1093,4.9107,0.8016711651803371,0.0,Hit+Run
15261573.554,M0,FRAG0260,0.12699560649017658,0.008652680652680654,3922.745,1602.177,1.0904,4.8271,0.6153648028179951,0.0,Merge
15262892.447,M0,FRAG0238,0.13564828714285723,0.005581085581085581,4009.885,1384.310,1.3276,6.0690,0.7873036031935139,0.0,Hit+Run
15262897.436,M0,FRAG0238,0.13564828714285723,0.005581085581085581,4009.885,1384.310,1.0502,4.8009,0.40617759303648004,0.0,Merge
15264747.809,M0,FRAG0247,0.14122937272394281,0.005653346653346654,4064.141,1390.259,2.0692,9.5933,0.985411180838751,0.0,Hit+Run
15265302.955,M0,FRAG0247,0.14122937272394281,0.005653346653346654,4064.141,1390.259,1.0908,5.0572,0.5680737121145283,0.0,Merge
15265879.46,M0,FRAG0258,0.14688271937728947,0.008247086247086248,4117.662,1576.742,1.751,8.1652,0.5298926295250056,0.0,Merge
15273524.719,M0,FRAG0276,0.15512980562437573,0.007612387612387613,4193.328,1535.208,4.385,20.881,0.7009697594754432,0.005714951714951714,Fragment
15276366.978,M0,FRAG0293,0.15702724152181163,0.005714951714951714,4210.356,1395.290,1.1277,5.4286,0.276476943702801,0.0,Merge
15278737.592,M0,FRAG0265,0.16274219323676334,0.005572760572760573,4260.827,1383.621,1.937,9.4501,0.3606015806697159,0.0,Merge
15279337.566,M0,FRAG0271,0.1683149538095239,0.005581085581085581,4308.916,1384.310,1.6454,8.1244,0.5329735109973214,0.0,Merge
15282596.668,M0,FRAG0291,0.1738960393906095,0.00598934398934399,4356.025,1417.273,1.4456,7.2092,0.8633130830915305,0.0,Hit+Run
15283036.994,M0,FRAG0291,0.1738960393906095,0.00598934398934399,4356.025,1417.273,1.0208,5.0907,0.7995567856599326,0.0,Graze+Merge
15309971.412,M0,FRAG0200,0.17988538337995347,0.005725607725607726,4405.472,1396.157,1.5929,8.0495,0.5894081114530176,0.0,Merge
15316665.43,M0,FRAG0280,0.1856109911055612,0.005581085581085581,4451.725,1384.310,1.8689,9.5569,0.8312227073100065,0.0,Hit+Run
15317014.498,M0,FRAG0280,0.1856109911055612,0.005581085581085581,4451.725,1384.310,0.9886,5.0553,0.9075789457258381,0.0,Perfect
15324752.535,M0,FRAG0278,0.19119207668664678,0.0070596070596070605,4495.905,1497.111,1.1981,6.1565,0.8298609747896291,0.0,Hit+Run
15328098.661,M0,FRAG0182,0.19119207668664678,0.00586979686979687,4495.905,1407.780,1.1875,6.1295,0.3756687324603176,0.0,Merge
15331852.961,M0,FRAG0278,0.19706187355644367,0.0070596070596070605,4541.451,1497.111,1.1184,5.8094,0.2443491483137063,0.0,Merge
15346733.331,M0,FRAG0131,0.20412148061605073,0.005581085581085581,4595.048,1384.310,1.797,9.5077,0.2970195182792819,0.0,Merge
15366304.155,M0,FRAG0189,0.20970256619713631,0.005581085581085581,4636.551,1384.310,1.312,7.0091,0.9460445792524405,0.0,Hit+Run
15367608.341,M0,FRAG0189,0.20970256619713631,0.005581085581085581,4636.551,1384.310,1.092,5.8338,0.7331941749338612,0.0,Merge
15504455.572,M0,FRAG0288,0.2152836517782219,0.00552980352980353,4677.324,1380.057,2.3538,12.696,0.5147280995784935,0.0,Merge
15612110.928,M0,FRAG0253,0.22081345530802543,0.005653346653346654,4717.034,1390.259,2.3629,12.855,0.8656620448582781,0.0,Hit+Run
15612675.367,M0,FRAG0253,0.22081345530802543,0.005653346653346654,4717.034,1390.259,1.1167,6.0753,0.7530518323847442,0.0,Merge
15702846.989,M0,FRAG0243,0.2264668019613721,0.005581085581085581,4756.951,1384.310,1.0857,5.9624,0.7321411689557326,0.0,Merge
15704666.212,M0,FRAG0216,0.23204788754245767,0.007888444888444889,4795.711,1553.546,1.6907,9.2856,0.09101586660405703,0.0,Merge
15722101.98,E0,P496,0.9526521804395597,0.0024355585714285716,7679.011,1050.009,4.0825,38.152,0.4651908960719712,0.0,Merge
15757906.176,E3,P322,0.7033988557775555,0.0024355585714285716,6940.558,1050.009,2.9237,24.550,0.9979274645173705,0.0,Hit+Run
15769088.449,M0,FRAG0208,0.23993633243090257,0.005581085581085581,4849.450,1384.310,1.7861,10.014,0.7112644845595084,0.0,Merge
15778152.36,M0,FRAG0152,0.24551741801198815,0.005581085581085581,4886.763,1384.310,2.5646,14.498,0.7217456703303312,0.0,Merge
15841362.96,P543,P750,0.0024355585714285716,0.0024355585714285716,1050.009,1050.009,2.2528,3.0653,0.5159,0.0,Hit+Run
16499517.848,P94,FRAG0115,0.00834965034965035,0.01054179154179154,1583.251,1711.191,8.8426,18.918,0.543538751431066,0.018675690975690974,Graze+Frag
16972493.444,E8,P534,0.11363999999999999,0.0024355585714285716,3780.108,1050.009,1.9064,8.3495,0.8179077793065668,0.0,Hit+Run
17153372.19,E0,P6,0.9550877390109882,0.0073066933066933066,7685.549,1514.377,1.6112,14.722,0.2715860857149723,0.0,Merge
18235749.475,E0,P506,0.9623944323176815,0.0024355585714285716,7705.098,1050.009,1.7119,16.055,0.49512676097250946,0.0,Merge
18578165.219,E10,P673,0.14489111714285716,0.0024355585714285716,4098.967,1050.009,2.4558,11.736,0.21446235791689552,0.0,Merge
19441574.805,P507,P620,0.0024355585714285716,0.0024355585714285716,1050.009,1050.009,22.368,30.437,0.93195,0.0,Hit+Run
19869558.887,P190,P383,0.0024355585714285716,0.0024355585714285716,1050.009,1050.009,11.386,15.493,0.58395,0.0,Graze+Frag
21147126.732,E3,P94,0.7033988557775555,0.005528138528138526,6940.558,1379.918,1.5203,12.537,0.7091142282094226,0.0,Merge
21409875.062,E3,P169,0.708926994305694,0.0024355585714285716,6958.693,1050.009,1.6162,13.608,0.32731138969035906,0.0,Merge
21814365.861,P190,P540,0.004871128871128871,0.0024355585714285716,1322.930,1050.009,11.817,18.526,0.4822434373290993,0.0,Fragment
21850811.874,E0,P322,0.96482999088911,0.0024355585714285716,7711.593,1050.009,1.7366,16.301,0.8194269049605305,0.0,Merge
21869986.427,E0,P620,0.9672655494605386,0.0024355585714285716,7718.076,1050.009,3.3722,31.683,0.8458287737605593,0.0,Merge
21996599.553,E0,P366,0.9697011080319671,0.0024355585714285716,7724.549,1050.009,1.5318,14.404,0.6764492178602458,0.0,Merge
23290986.108,P497,P842,0.0024355585714285716,0.0024355585714285716,1050.009,1050.009,7.113,9.6786,0.8733999999999998,0.0,Hit+Run
24087684.712,E0,FRAG0118,0.9721366666033956,0.006285714285714286,7731.011,1440.274,1.2831,11.840,0.4401084954155946,0.0,Merge
24170727.937,E0,P745,0.9784223808891099,0.0024355585714285716,7747.637,1050.009,1.3275,12.523,0.9700346467179125,0.0,Hit+Run
24478244.906,P190,P455,0.0073066933066933066,0.0024355585714285716,1514.377,1050.009,12.312,21.440,0.6880991082983765,0.009497322677322678,Graze+Frag
25087565.1,P548,FRAG0019,0.0024355585714285716,0.005914085914085915,1050.009,1411.312,28.195,46.397,0.7828610541993394,0.008317136197136197,Graze+Frag
25133385.729,E3,P781,0.7113625528771225,0.0024355585714285716,6966.653,1050.009,2.493,21.016,0.2851259798080616,0.0,Merge
25699445.262,E0,FRAG0295,0.9784223808891099,0.006681651681651682,7747.637,1469.902,2.4583,22.705,0.6244312558493796,0.0,Merge
27051307.251,P190,P625,0.009742257742257742,0.0024355585714285716,1666.788,1050.009,16.185,30.616,0.9305136211844826,0.0,Hit+Run
27075310.821,E3,P164,0.713798111448551,0.0024355585714285716,6974.594,1050.009,3.3537,28.307,0.881319320912122,0.0,Hit+Run
27282378.052,E0,P507,0.9851040325707616,0.0024355585714285716,7765.234,1050.009,3.2876,31.088,0.5578657577749951,0.0,Merge
28565090.34,E3,P494,0.713798111448551,0.004871128871128871,6974.594,1322.930,2.3869,19.846,0.9603434988867412,0.0,Hit+Run
28607710.221,E0,P454,0.9875395911421901,0.0024355585714285716,7771.628,1050.009,3.2637,30.889,0.7553465679962663,0.0,Merge
28653232.668,E3,P41,0.713798111448551,0.0024355585714285716,6974.594,1050.009,2.5352,21.398,0.4373568858806507,0.0,Merge
28776869.075,E3,P234,0.7162336700199795,0.0024355585714285716,6982.518,1050.009,2.8216,23.844,0.633879180124525,0.0,Merge
29187965.172,E3,P494,0.718669228591408,0.004871128871128871,6990.424,1322.930,1.0459,8.7174,0.6553716000968999,0.0,Merge
29331092.197,E0,FRAG0100,0.9899751497136187,0.008061938061938062,7778.012,1564.853,2.5396,23.450,0.6142245441003097,0.0,Merge
31586310.869,E0,P548,0.9980370877755568,0.00834965034965035,7799.068,1583.251,1.395,12.907,0.4931815678541943,0.0,Merge
33153733.498,P181,P283,0.0024355585714285716,0.0024355585714285716,1050.009,1050.009,26.714,36.349,0.8466,0.0,Graze+Frag
34476797.739,M0,P684,0.25109850359307373,0.0024355585714285716,4923.514,1050.009,12.815,74.593,0.17613639575076512,0.008324322344322345,Fragment
34476917.502,M0,FRAG0296,0.245210052840493,0.008324009324009323,4884.723,1581.629,1.0616,5.9389,0.46676552697774476,0.0,Merge
34573287.236,P747,FRAG0294,0.0024355585714285716,0.006681651681651682,1050.009,1469.902,16.998,28.887,0.9163322211549592,0.0,Hit+Run
35057613.359,E3,P59,0.7235403574625369,0.0024355585714285716,7006.182,1050.009,3.4612,29.354,0.7610431848293491,0.0,Merge
37797588.202,E3,FRAG0294,0.7259759160339654,0.006681651681651682,7014.034,1469.902,2.8235,23.442,0.31796532282021406,0.0,Merge
38862708.624,P42,P858,0.0024355585714285716,0.0024355585714285716,1050.009,1050.009,29.065,39.549,0.0983,0.0,Merge
39216211.276,P37,P794,0.0024355585714285716,0.0024355585714285716,1050.009,1050.009,17.620,23.976,0.67695,0.0,Graze+Frag
39923248.972,E0,P161,1.0063867381252072,0.0024355585714285716,7820.757,1050.009,4.187,39.892,0.8176260531612766,0.0,Merge
40810543.731,E0,P205,1.0088222966966358,0.004871128871128871,7827.061,1322.930,5.1893,48.798,0.997245483616684,0.0,Hit+Run
41310663.881,E0,P205,1.0088222966966358,0.004871128871128871,7827.061,1322.930,1.3852,13.026,0.4455868694595391,0.0,Merge
41619909.226,E0,P535,1.0136934255677648,0.0024355585714285716,7839.638,1050.009,4.0319,38.512,0.9906202842055434,0.0,Hit+Run
42272623.085,E3,P535,0.7326575677156171,0.0024355585714285716,7035.487,1050.009,2.4691,21.033,0.9008524632432068,0.0,Hit+Run
42385968.582,E0,P535,1.0136934255677648,0.0024355585714285716,7839.638,1050.009,1.4114,13.481,0.6111456039833005,0.0,Merge
43394063.349,E0,E3,1.0161289841391934,0.7326575677156171,7845.912,7035.487,1.764,17.084,0.9048839256172733,0.0,Hit+Run
43423007.416,E0,E3,1.0161289841391934,0.7326575677156171,7845.912,7035.487,1.0267,9.9436,0.10628945953763462,0.1829560439560438,Fragment
43424965.773,E0,FRAG0329,1.5658305078987667,0.005544122544122544,9062.376,1381.247,1.0288,11.274,0.9871438931260534,0.0,Hit+Run
43440693.692,E0,FRAG0301,1.5658305078987667,0.005544122544122544,9062.376,1381.247,1.0545,11.556,0.7418330821320878,0.0,Merge
43443103.397,E0,FRAG0326,1.5713746304428893,0.005544122544122544,9073.059,1381.247,1.0159,11.147,0.6062993430228909,0.0,Merge
43461379.861,E0,FRAG0319,1.576918752987012,0.005544122544122544,9083.717,1381.247,1.0505,11.541,0.4454638781442004,0.0,Merge
43472575.328,E0,FRAG0315,1.5824628755311345,0.005544122544122544,9094.350,1381.247,1.0746,11.820,0.9516618697466305,0.0,Hit+Run
43505582.006,E0,FRAG0316,1.5824628755311345,0.005544122544122544,9094.350,1381.247,1.0756,11.831,0.7825469890436166,0.0,Merge
43514868.91,E0,FRAG0320,1.5880069980752571,0.005544122544122544,9104.958,1381.247,1.0705,11.790,0.8770492169518141,0.0,Hit+Run
43545034.691,E0,FRAG0314,1.5880069980752571,0.005544122544122544,9104.958,1381.247,1.0172,11.203,0.8287728715775731,0.0,Merge
43546741.276,E0,FRAG0307,1.5935511206193798,0.005544122544122544,9115.542,1381.247,1.0776,11.882,0.9677587813603556,0.0,Hit+Run
43558911.268,E0,FRAG0320,1.5935511206193798,0.005544122544122544,9115.542,1381.247,1.1867,13.086,0.31453897219016586,0.0,Merge
43575790.636,E0,FRAG0323,1.5990952431635024,0.005544122544122544,9126.101,1381.247,1.1803,13.031,0.3892817066014471,0.0,Merge
43623826.919,E0,FRAG0303,1.604639365707625,0.005544122544122544,9136.636,1381.247,1.6095,17.791,0.8400968525728904,0.0,Merge
43663160.08,E0,FRAG0298,1.6101834882517476,0.005544122544122544,9147.146,1381.247,1.0917,12.082,0.5026919632075276,0.0,Merge
43850196.165,E0,FRAG0310,1.6157276107958702,0.005544122544122544,9157.633,1381.247,1.1591,12.844,0.6043463381726814,0.0,Merge
43950228.843,E0,FRAG0312,1.6212717333399929,0.005544122544122544,9168.095,1381.247,1.0211,11.328,0.7761645620155673,0.0,Merge
44033067.724,E0,FRAG0325,1.6268158558841155,0.005544122544122544,9178.533,1381.247,1.4986,16.646,0.8575501074757234,0.0,Merge
44301039.725,FRAG0297,FRAG0315,0.005544122544122544,0.005544122544122544,1381.247,1381.247,8.5859,15.368,0.9158999999999999,0.0,Hit+Run
44409429.016,FRAG0015,P358,0.005914085914085915,0.0024355585714285716,1411.312,1050.009,7.0779,11.646,0.5294738393288267,0.00808994338994339,Fragment
44829882.525,E0,FRAG0307,1.632359978428238,0.005544122544122544,9188.948,1381.247,1.2758,14.188,0.6348689476031903,0.0,Merge
45234686.043,M0,FRAG0297,0.2535340621645023,0.005544122544122544,4939.382,1381.247,5.4814,31.353,0.890563176085521,0.0,Hit+Run
45235439.987,M0,FRAG0297,0.2535340621645023,0.005544122544122544,4939.382,1381.247,1.0217,5.8440,0.7795162935638007,0.0,Merge
45707253.919,E0,P825,1.6379041009723607,0.0024355585714285716,9199.340,1050.009,2.3396,26.443,0.8386740058859712,0.0,Merge
45784837.466,E0,FRAG0302,1.6403396595437894,0.005544122544122544,9203.897,1381.247,1.7004,18.943,0.5346621763501026,0.0,Merge
45813899.863,E0,P401,1.645883782087912,0.0024355585714285716,9214.255,1050.009,1.5206,17.215,0.7713956579977189,0.0,Merge
45952840.68,E0,FRAG0327,1.6483193406593406,0.005544122544122544,9218.798,1381.247,1.1779,13.145,0.8789129631543953,0.0,Hit+Run
46382155.059,E0,FRAG0122,1.6483193406593406,0.006285714285714286,9218.798,1440.274,4.236,47.152,0.5199646731338491,0.0,Merge
46860575.767,E8,E11,0.11363999999999999,0.020565714285714288,3780.108,2138.167,2.5707,10.936,0.970148483497731,0.0,Hit+Run
47471547.318,P745,P14,0.0024355585714285716,0.0024355585714285716,1050.009,1050.009,16.165,21.996,0.6842,0.0,Graze+Frag
48806485.526,E0,P335,1.6546050549450548,0.0024355585714285716,9230.501,1050.009,2.7961,31.715,0.9520052460948304,0.0,Hit+Run
49672182.551,P206,FRAG0304,0.0024355585714285716,0.005544122544122544,1050.009,1381.247,9.4795,15.343,0.8188001187999218,0.0,Hit+Run
49894675.774,E0,FRAG0306,1.6546050549450548,0.005544122544122544,9230.501,1381.247,1.5269,17.062,0.44805351063428833,0.0,Merge
50130656.473,E0,FRAG0327,1.6601491774891775,0.005544122544122544,9240.799,1381.247,1.3038,14.586,0.510755928355922,0.0,Merge
52675934.917,E0,P176,1.6656933000333,0.0024355585714285716,9251.074,1050.009,3.7728,42.893,0.8106860109863339,0.0,Merge
55460215.571,E0,P206,1.6681288586047287,0.0024355585714285716,9255.581,1050.009,2.0897,23.770,0.9748114228444702,0.0,Hit+Run
55533418.804,E0,P206,1.6681288586047287,0.0024355585714285716,9255.581,1050.009,1.0396,11.825,0.7245972507379018,0.0,Merge
66907885.096,E0,FRAG0317,1.6705644171761573,0.005544122544122544,9260.084,1381.247,1.715,19.229,0.904920731733369,0.0,Hit+Run
67222609.58,E0,FRAG0317,1.6705644171761573,0.005544122544122544,9260.084,1381.247,1.1461,12.850,0.6590892991776648,0.0,Merge
68749174.858,M0,P60,0.25907818470862487,0.0024355585714285716,4975.126,1050.009,13.205,77.729,0.8807219652764254,0.0,Hit+Run
68749434.397,M0,P60,0.25907818470862487,0.0024355585714285716,4975.126,1050.009,1.0398,6.1202,0.8552069561567541,0.0,Hit+Run
68750371.793,M0,P60,0.25907818470862487,0.0024355585714285716,4975.126,1050.009,1.072,6.3098,0.6150025499136337,0.0,Merge
73644586.855,E0,FRAG0304,1.67610853972028,0.005544122544122544,9270.316,1381.247,1.462,16.412,0.48807795451091046,0.0,Merge
73980216.858,M0,P335,0.26151374328005345,0.0024355585714285716,4990.668,1050.009,4.9214,29.064,0.23190783319045583,0.0,Merge
78461682.376,E0,FRAG0324,1.6816526622644026,0.005544122544122544,9280.526,1381.247,3.3224,37.340,0.480400602230301,0.0,Merge
79532533.756,E11,P745,0.020565714285714288,0.004871128871128871,2138.167,1322.930,9.3493,22.644,0.6940662334574228,0.01990909090909091,Graze+Frag
90103096.204,E0,P190,1.6871967848085252,0.009742257742257742,9290.714,1666.788,3.2608,36.254,0.5865676232075677,0.0,Merge
90112925.076,M0,FRAG0136,0.263949301851482,0.005581085581085581,5006.113,1384.310,2.6872,15.591,0.8494944544217735,0.0,Hit+Run
90119311.354,M0,FRAG0136,0.263949301851482,0.005581085581085581,5006.113,1384.310,1.0585,6.1416,0.4239638498091699,0.0,Merge
92515077.211,E0,FRAG0332,1.6969390425507829,0.006636363636363636,9308.562,1466.573,2.2274,25.022,0.8836759269199436,0.0,Hit+Run
92578887.58,E0,FRAG0332,1.6969390425507829,0.006636363636363636,9308.562,1466.573,1.0568,11.871,0.9451850930131102,0.0,Hit+Run
93151296.053,E0,FRAG0332,1.6969390425507829,0.006636363636363636,9308.562,1466.573,1.0184,11.440,0.4851621864876726,0.0,Merge
93385328.176,E0,FRAG0329,1.7035754061871464,0.005544122544122544,9320.680,1381.247,1.719,19.408,0.517073943875863,0.0,Merge
95704049.855,E10,E5,0.14732667571428573,0.06539376702963703,4121.806,3144.169,6.1972,29.957,0.8024105035185944,0.05986679986679988,Hit+Run+Frag
99939535.305,FRAG0331,FRAG0335,0.006636363636363636,0.005986679986679987,1466.573,1417.063,10.981,20.526,0.796443724312834,0.011635477855477857,Graze+Frag
109287511.183,E10,FRAG0338,0.14732583734931737,0.005986679986679987,4121.799,1417.063,4.6647,21.926,0.7484016013344957,0.0,Hit+Run
122205746.733,E0,FRAG0334,1.709119528731269,0.005986679986679987,9330.781,1417.063,3.6192,40.846,0.8251801228481526,0.0,Merge
129481402.33,E10,FRAG0330,0.14732583734931737,0.006636363636363636,4121.799,1466.573,7.0233,32.935,0.8698127011240553,0.0,Hit+Run
131599428.009,P591,P736,0.0024355585714285716,0.0024355585714285716,1050.009,1050.009,1.7944,2.4416,0.5879,0.0,Hit+Run
158385052.852,E0,FRAG0330,1.715106208717949,0.006636363636363636,9341.662,1466.573,1.8645,21.024,0.7426148239356077,0.0,Merge
176964391.724,E0,FRAG0331,1.7217425723543125,0.005527805527805529,9353.696,1379.890,1.2237,13.868,0.7541457075543273,0.0,Merge
208537521.555,E0,P570,1.7272703778821181,0.0024355585714285716,9363.695,1050.009,2.2462,25.863,0.9977194661419031,0.0,Hit+Run
209412530.612,E0,P570,1.7272703778821181,0.0024355585714285716,9363.695,1050.009,1.1359,13.079,0.7597989806145531,0.0,Merge
