time_yr,target,projectile,Mt_Mearth,Mp_Mearth,Rt_km,Rp_km,vimp/vesc,vimp_km/s,b,m_frag_Mearth,Regime
2699.283,EI1,PI14,0.00625,0.000625,1437.541,667.2478,1.2788,2.0648,0.8020987430707817,0.0,Hit+Run
3245.421,E0,PI101,0.4524555555544456,0.000625,5991.273,667.2478,1.089,8.0257,0.7426869863158606,0.0,Merge
5016.914,EI2,PI23,0.00625,0.000625,1437.541,667.2478,1.1161,1.8021,0.8387750905698457,0.0,Hit+Run
5787.139,EI10,PI113,0.00625,0.000625,1437.541,667.2478,2.1433,3.4607,0.8988778574211986,0.0,Hit+Run
7776.777,EI2,PI19,0.00625,0.000625,1437.541,667.2478,1.2098,1.9534,0.6788880710255082,0.0,Merge
8398.681,EI19,PI185,0.00625,0.000625,1437.541,667.2478,1.0031,1.6196,0.952287361600469,0.0,Graze+Merge
18147.072,E0,PI80,0.4530805555544456,0.000625,5994.031,667.2478,1.0295,7.5908,0.9720883686423748,0.0,Hit+Run
20747.745,E1,PI134,0.23462666666666668,0.000625,4813.411,667.2478,1.033,6.0465,0.9202346312894439,0.0,Hit+Run
21651.607,E0,EI8,0.4530805555544456,0.00625,5994.031,1437.541,1.0659,7.4867,0.7592983140746272,0.0,Merge
22406.226,E0,EI10,0.4593305555544456,0.00625,6021.466,1437.541,0.9991,7.0521,0.34728944671726,0.0,Perfect
36009.088,E0,PI91,0.46558055555444555,0.000625,6048.654,667.2478,1.0544,7.8487,0.5027409235588496,0.0,Merge
37854.569,E0,PI149,0.46620555555444554,0.000625,6051.360,667.2478,1.0358,7.7138,0.5976956219832836,0.0,Merge
44141.589,E0,PI112,0.4668305555544455,0.000625,6054.063,667.2478,1.014,7.5550,0.4265840846195644,0.0,Merge
44288.368,E0,PI124,0.4674555555544455,0.000625,6056.763,667.2478,1.0714,7.9864,0.7348452299815235,0.0,Merge
54358.645,E0,EI14,0.4680805555544455,0.00625,6059.461,1437.541,1.0068,7.1547,0.8787306365097637,0.0,Graze+Merge
54816.055,E0,PI150,0.4743305555544455,0.000625,6086.312,667.2478,1.0025,7.5110,0.8655130293050243,0.0,Merge
55857.542,E4,PI152,0.0574,0.000625,3010.448,667.2478,2.4249,8.6053,0.6712266246349199,0.0,Merge
56047.454,E0,PI80,0.47495555555444546,0.000625,6088.984,667.2478,1.0242,7.6771,0.288486810763113,0.0,Merge
61766.825,EI4,PI45,0.00625,0.000625,1437.541,667.2478,1.3695,2.2113,0.764534513788686,0.0,Hit+Run
69895.508,E1,EI15,0.23462666666666668,0.00625,4813.411,1437.541,1.1973,6.6402,0.7720304390369346,0.0,Hit+Run
76879.233,E0,PI127,0.47558055555444545,0.000625,6091.653,667.2478,1.2127,9.0943,0.9589604893647719,0.0,Hit+Run
89207.326,E0,PI97,0.47558055555444545,0.000625,6091.653,667.2478,1.1685,8.7628,0.26299311165097783,0.0,Merge
103811.323,E0,PI103,0.47620555555444544,0.000625,6094.321,667.2478,1.1062,8.2994,0.9726118217987157,0.0,Hit+Run
118342.525,E0,PI127,0.47620555555444544,0.000625,6094.321,667.2478,1.0657,7.9955,0.7608923176373606,0.0,Merge
119116.277,E1,PI147,0.23462666666666668,0.000625,4813.411,667.2478,1.2164,7.1200,0.47276417448282837,0.0,Merge
121433.894,E1,PI158,0.23525166666666666,0.000625,4817.681,667.2478,1.1815,6.9222,0.5019763788767029,0.0,Merge
129962.372,EI0,P477,0.00625,0.0024355585714285716,1437.541,1050.009,2.0226,3.3766,0.4620842608652796,0.0,Merge
135316.162,EI6,PI123,0.00625,0.000625,1437.541,667.2478,2.4919,4.0236,0.5989104119539921,0.0,Merge
137730.167,E0,PI89,0.4768305555544454,0.000625,6096.986,667.2478,1.2148,9.1184,0.6223866488727898,0.0,Merge
141183.364,E0,PI72,0.4774555555544454,0.000625,6099.648,667.2478,1.2107,9.0917,0.9542170583861289,0.0,Hit+Run
159795.086,E0,PI153,0.4774555555544454,0.000625,6099.648,667.2478,1.0232,7.6837,0.3497413741298111,0.0,Merge
164147.739,E0,PI121,0.4780805555544454,0.000625,6102.309,667.2478,1.1181,8.4002,0.30648757522066067,0.0,Merge
204456.444,EI3,PI53,0.00625,0.000625,1437.541,667.2478,4.3987,7.1025,0.27701911630578085,0.0,Merge
220326.392,E0,PI73,0.4787055555544454,0.000625,6104.967,667.2478,1.1045,8.3018,0.9881042606911317,0.0,Hit+Run
221877.319,EI1,P716,0.00625,0.0024355585714285716,1437.541,1050.009,7.4643,12.461,0.8564393129093851,0.0,Hit+Run
250368.029,E0,EI6,0.4787055555544454,0.006875,6104.967,1483.945,1.0406,7.4367,0.7602939174975292,0.0,Merge
275525.477,EI1,PI12,0.00625,0.000625,1437.541,667.2478,3.4343,5.5453,0.37461781384053444,0.0,Merge
278409.772,EI7,PI68,0.00625,0.000625,1437.541,667.2478,2.0568,3.3210,0.8021670416694764,0.0,Hit+Run
292897.326,E0,PI70,0.4855805555544454,0.000625,6134.054,667.2478,0.9968,7.5297,0.5990380617350813,0.0,Perfect
292946.778,E0,PI108,0.4862055555544454,0.000625,6136.684,667.2478,1.2215,9.2312,0.8229227857656762,0.0,Merge
296168.348,E0,PI131,0.4868305555544454,0.000625,6139.313,667.2478,1.0429,7.8850,0.7884118904152472,0.0,Merge
301377.766,EI4,PI17,0.00625,0.000625,1437.541,667.2478,4.9846,8.0485,0.9576829508973517,0.0,Hit+Run
327280.166,E0,PI76,0.48745555555444536,0.000625,6141.939,667.2478,1.0095,7.6359,0.5622214047368816,0.0,Merge
342366.657,E1,EI11,0.23587666666666665,0.00625,4821.944,1437.541,1.1312,6.2856,0.6726625121996245,0.0,Merge
346895.819,E0,PI79,0.48808055555444535,0.000625,6144.563,667.2478,0.9968,7.5432,0.29397661369679157,0.0,Perfect
360126.962,EI4,PI16,0.00625,0.000625,1437.541,667.2478,7.4748,12.069,0.9287243450507907,0.0,Hit+Run
364590.151,E0,PI28,0.48870555555444534,0.000625,6147.184,667.2478,1.9039,14.414,0.7702887929684592,0.0,Merge
369318.705,E1,PI72,0.24212666666666666,0.000625,4864.162,667.2478,1.0278,6.0831,0.3305556008496415,0.0,Merge
376580.375,E0,PI52,0.4893305555544453,0.000625,6149.804,667.2478,1.1259,8.5278,0.6158778452788853,0.0,Merge
378966.579,E0,PI156,0.4899555555544453,0.000625,6152.421,667.2478,1.1624,8.8081,0.4503574366117669,0.0,Merge
386083.937,EI2,PI155,0.006875,0.000625,1483.945,667.2478,7.2372,12.073,0.4292777162023015,0.0,Merge
399448.848,E1,PI125,0.24275166666666664,0.000625,4868.344,667.2478,1.6612,9.8409,0.945685743152436,0.0,Hit+Run
400591.621,EI4,PI67,0.00625,0.000625,1437.541,667.2478,3.7541,6.0617,0.7750524979876727,0.0,Hit+Run
407520.735,E0,PI114,0.4905805555544453,0.000625,6155.036,667.2478,1.4808,11.225,0.9085111996250796,0.0,Hit+Run
415510.028,E0,PI114,0.4905805555544453,0.000625,6155.036,667.2478,1.0679,8.0957,0.7542357128962925,0.0,Merge
430027.527,EI17,PI196,0.00625,0.000625,1437.541,667.2478,7.3912,11.934,0.37427632084706086,0.0,Merge
435573.174,EI5,PI174,0.00625,0.000625,1437.541,667.2478,5.1663,8.3419,0.48355407875861145,0.0,Merge
443443.903,EI1,P445,0.006875,0.0024355585714285716,1483.945,1050.009,7.7945,13.348,0.3244943931732238,0.0,Fragment
452619.27,E0,PI157,0.4912055555544453,0.000625,6157.649,667.2478,1.2097,9.1747,0.8091227970389829,0.0,Merge
454803.291,E0,PI85,0.49183055555444527,0.000625,6160.259,667.2478,1.273,9.6591,0.9439555560512952,0.0,Hit+Run
464775.15,E1,PI130,0.24275166666666664,0.000625,4868.344,667.2478,2.1283,12.608,0.35002597021730647,0.0,Merge
467336.828,E9,PI44,0.07894000000000001,0.000625,3347.800,667.2478,4.3315,17.227,0.9822319975236563,0.0,Hit+Run
471655.301,E0,PI98,0.49183055555444527,0.000625,6160.259,667.2478,1.296,9.8336,0.5917090935370287,0.0,Merge
471972.946,E0,P451,0.49245555555444526,0.0024355585714285716,6162.868,1050.009,1.8122,13.411,0.777698244838918,0.0,Merge
485949.404,E3,PI109,0.40336,0.000625,5766.223,667.2478,1.5107,10.695,0.6813558104261691,0.0,Merge
506309.836,E0,PI23,0.49489111412587383,0.000625,6173.011,667.2478,1.8286,13.904,0.34735409759964325,0.0,Merge
533165.27,E0,EI16,0.4955161141258738,0.00625,6175.608,1437.541,1.2888,9.3478,0.8843445963865748,0.0,Hit+Run
543030.421,EI3,PI148,0.006875,0.000625,1483.945,667.2478,5.8827,9.8135,0.8290999310678872,0.0,Hit+Run
550653.745,E16,P252,0.04256,0.0024355585714285716,2724.756,1050.009,1.6435,5.0695,0.6502285078444923,0.0,Merge
561283.344,EI3,PI50,0.006875,0.000625,1483.945,667.2478,9.4436,15.753,0.983827541134055,0.0,Hit+Run
565180.323,E0,PI167,0.4955161141258738,0.000625,6175.608,667.2478,1.4235,10.829,0.9560075166887041,0.0,Hit+Run
573136.195,E0,PI135,0.4955161141258738,0.000625,6175.608,667.2478,1.1343,8.6291,0.622357012657916,0.0,Merge
599793.337,E3,P404,0.403985,0.0024355585714285716,5769.200,1050.009,2.0306,14.005,0.7824855364984913,0.0,Merge
614985.53,E0,P153,0.4961411141258738,0.0024355585714285716,6178.204,1050.009,1.3338,9.8968,0.9049929276953549,0.0,Hit+Run
629803.087,E19,P4,0.041620000000000004,0.0024355585714285716,2704.547,1050.009,3.9139,11.978,0.9792984385529931,0.0,Hit+Run
633464.479,E0,PI145,0.4961411141258738,0.000625,6178.204,667.2478,1.2842,9.7738,0.7289709264375419,0.0,Merge
636298.51,E0,PI64,0.4967661141258738,0.000625,6180.797,667.2478,1.8579,14.146,0.8607750463833805,0.0,Merge
641171.014,E0,PI17,0.4973911141258738,0.000625,6183.388,667.2478,1.1038,8.4082,0.9926801395831691,0.0,Hit+Run
659657.789,E0,EI7,0.4973911141258738,0.00625,6183.388,1437.541,1.4093,10.235,0.45469131758501213,0.0,Merge
694294.813,EI1,PI24,0.009310689310689312,0.000625,1641.803,667.2478,18.448,34.189,0.7597349342904978,0.0,Graze+Frag
700522.032,E0,PI60,0.5036411141258738,0.000625,6209.179,667.2478,1.2613,9.6499,0.7011530347031573,0.0,Merge
771653.372,E3,P536,0.40642055857142856,0.0024355585714285716,5780.770,1050.009,1.3298,9.1916,0.6125393419543271,0.0,Merge
790358.45,E0,P667,0.5042661141258737,0.0024355585714285716,6211.747,1050.009,2.0396,15.221,0.9819200185294045,0.0,Hit+Run
860403.441,E0,PI144,0.5042661141258737,0.000625,6211.747,667.2478,1.4419,11.036,0.37799669264502656,0.0,Merge
861217.663,EI16,P559,0.00625,0.0024355585714285716,1437.541,1050.009,11.250,18.782,0.3740709630541464,0.0,Fragment
867215.144,E1,P411,0.24337666666666663,0.0024355585714285716,4872.518,1050.009,1.0716,6.1679,0.7498994253958373,0.0,Merge
877898.713,E0,PI171,0.5048911141258737,0.000625,6214.312,667.2478,1.8822,14.412,0.9701340358166817,0.0,Hit+Run
885089.483,E0,PI94,0.5048911141258737,0.000625,6214.312,667.2478,1.18,9.0357,0.4807775860269955,0.0,Merge
952469.089,E0,PI136,0.5055161141258737,0.000625,6216.875,667.2478,1.9601,15.015,0.2096035664814604,0.0,Merge
974931.597,E0,PI50,0.5061411141258737,0.000625,6219.436,667.2478,1.4113,10.816,0.3631407068998114,0.0,Merge
977050.27,E3,P359,0.40885611714285713,0.0024355585714285716,5792.295,1050.009,1.1934,8.2664,0.7744161649329848,0.0,Merge
1024479.399,E6,P747,0.08018000000000002,0.0024355585714285716,3365.238,1050.009,1.703,6.5815,0.3516724166042028,0.0,Merge
1028534.511,E0,P55,0.5067661141258737,0.0024355585714285716,6221.995,1050.009,2.2639,16.925,0.635974404336792,0.0,Merge
1084078.203,E1,PI66,0.2458122252380952,0.000625,4888.718,667.2478,2.3189,13.797,0.8383727795125218,0.0,Merge
1131909.22,EI15,PI129,0.00625,0.000625,1437.541,667.2478,5.6287,9.0886,0.8302377657330058,0.0,Hit+Run
1154630.314,E3,E6,0.4112916757142857,0.08261555857142859,5803.774,3398.973,1.0504,6.8750,0.8058530649907427,0.0,Graze+Merge
1219307.566,E1,EI12,0.2464372252380952,0.00625,4892.858,1437.541,1.6722,9.4389,0.8400034992807959,0.0,Hit+Run
1254199.008,EI0,P557,0.008685558571428572,0.0024355585714285716,1604.204,1050.009,8.0907,14.796,0.936758040262315,0.0,Hit+Run
1257328.151,E0,PI92,0.5092016726973022,0.000625,6231.947,667.2478,1.0885,8.3598,0.9094284800702653,0.0,Hit+Run
1275586.401,EI0,P557,0.008685558571428572,0.0024355585714285716,1604.204,1050.009,2.4341,4.4514,0.944917427025036,0.0,Hit+Run
1287358.084,E0,P562,0.5092016726973022,0.0024355585714285716,6231.947,1050.009,1.7876,13.387,0.6653896680431046,0.0,Merge
1289434.072,E1,EI19,0.2464372252380952,0.006875,4892.858,1483.945,1.0945,6.1631,0.7192576629332336,0.0,Merge
1294917.951,E0,PI65,0.5116372312687307,0.000625,6241.867,667.2478,1.7532,13.487,0.921764524767696,0.0,Hit+Run
1340875.996,EI16,PI57,0.008685647685647686,0.000625,1604.210,667.2478,5.2277,9.4559,0.20897845316591956,0.0,Merge
1364406.149,E0,PI143,0.5116372312687307,0.000625,6241.867,667.2478,1.785,13.731,0.6766653229942216,0.0,Merge
1377729.62,E0,EI2,0.5122622312687307,0.0075,6244.408,1527.616,2.2854,16.697,0.2484257525717807,0.0,Merge
1379565.959,E0,EI3,0.5197622312687307,0.006875,6274.735,1483.945,1.2146,8.9403,0.37889344958644255,0.0,Merge
1397120.977,EI5,P754,0.006875,0.0024355585714285716,1483.945,1050.009,14.548,24.914,0.7692760059056972,0.0,Graze+Frag
1410294.845,EI0,P557,0.008685558571428572,0.0024355585714285716,1604.204,1050.009,9.2965,17.001,0.3732768344189985,0.010995357975357976,Fragment
1424723.783,E0,PI78,0.5266372312687306,0.000625,6302.280,667.2478,2.0817,16.176,0.6864253725305284,0.0,Merge
1436741.911,E0,PI164,0.5272622312687306,0.000625,6304.772,667.2478,1.9982,15.534,0.8702043658740821,0.0,Merge
1469209.429,EI4,P716,0.00625,0.0024355585714285716,1437.541,1050.009,7.0721,11.806,0.7336945692778376,0.0,Graze+Frag
1542834.71,E0,PI34,0.5278872312687306,0.000625,6307.262,667.2478,1.8397,14.307,0.5119415004638728,0.0,Merge
1550586.995,EI9,PI146,0.00625,0.000625,1437.541,667.2478,2.7485,4.4379,0.5631902448366539,0.0,Merge
1597832.772,E0,P512,0.5285122312687306,0.0024355585714285716,6309.750,1050.009,2.4574,18.647,0.1149680837427154,0.0,Merge
1613363.623,E18,E19,0.0728,0.041620000000000004,3258.649,2704.547,1.5267,5.9747,0.5985924834658524,0.0,Hit+Run
1635429.318,E3,PI137,0.4939072342857143,0.000625,6168.917,667.2478,2.0214,15.360,0.6050554634144433,0.0,Merge
1652646.091,EI1,EI0,0.009935397935397937,0.00552771054945055,1677.730,1379.883,2.5361,5.0954,0.9291237165338784,0.0,Hit+Run
1680407.006,E4,P503,0.058025,0.0024355585714285716,3021.335,1050.009,3.2151,11.069,0.5996890279127827,0.0,Merge
1715426.727,E0,PI92,0.5309477898401591,0.000625,6319.428,667.2478,1.7258,13.449,0.9699826859044709,0.0,Hit+Run
1738820.521,E0,PI92,0.5309477898401591,0.000625,6319.428,667.2478,1.0494,8.1779,0.8483278264731474,0.0,Merge
1754156.298,EI17,PI15,0.006875,0.000625,1483.945,667.2478,8.9803,14.980,0.8742834284345122,0.0,Hit+Run
1773903.443,E0,PI31,0.5315727898401591,0.000625,6321.906,667.2478,1.9596,15.277,0.9805115665495171,0.0,Hit+Run
1774401.438,E0,PI31,0.5315727898401591,0.000625,6321.906,667.2478,1.0541,8.2179,0.7551929030555274,0.0,Merge
1845894.016,E10,E15,0.14002,0.11428,4052.507,3787.191,1.0685,5.4369,0.7919234975983223,0.0,Hit+Run
1867977.074,EI1,EI0,0.009935397935397937,0.00552771054945055,1677.730,1379.883,1.0852,2.1803,0.7729071441030066,0.0,Hit+Run
1905246.066,E0,PI67,0.5321977898401591,0.000625,6324.383,667.2478,1.9219,14.989,0.4286732512492753,0.0,Merge
1905886.562,E0,PI56,0.5328227898401591,0.000625,6326.858,667.2478,1.4791,11.540,0.26025300359152087,0.0,Merge
1928759.717,EI0,P854,0.00552771054945055,0.0024355585714285716,1379.883,1050.009,6.2801,10.157,0.3296532572463454,0.0,Fragment
1999169.647,EI1,P761,0.009935397935397937,0.0024355585714285716,1677.730,1050.009,13.161,25.041,0.8680991111863948,0.0,Graze+Frag
2004827.193,E0,EI5,0.5334477898401591,0.009310689310689312,6329.331,1641.803,1.6796,12.382,0.5346213505352119,0.0,Merge
2056319.564,E13,P302,0.02222,0.0024355585714285716,2194.026,1050.009,3.0528,7.5191,0.1589366365021419,0.0,Merge
2058714.655,E20,P53,0.02242,0.0024355585714285716,2200.589,1050.009,5.4151,13.378,0.8647060722635512,0.0,Hit+Run
2069889.728,EI9,PI162,0.006875,0.000625,1483.945,667.2478,8.7659,14.623,0.3469126843614614,0.006377982017982018,Fragment
2096067.425,E8,P174,0.11363999999999999,0.0024355585714285716,3780.108,1050.009,2.0981,9.1891,0.5243500259644052,0.0,Merge
2120117.921,E1,PI163,0.2533122252380952,0.000625,4937.941,667.2478,1.2512,7.5240,0.6522619686259609,0.0,Merge
2171675.388,E12,P287,0.09854,0.0024355585714285716,3604.663,1050.009,1.7791,7.4032,0.9909454429315202,0.0,Hit+Run
2184668.896,E0,PI39,0.5427584791508484,0.000625,6365.942,667.2478,2.2547,17.706,0.3883907293296856,0.0,Merge
2204472.743,E0,P438,0.5433834791508484,0.0024355585714285716,6368.385,1050.009,2.1822,16.723,0.9381235831131038,0.0,Hit+Run
2235221.078,E0,P438,0.5433834791508484,0.0024355585714285716,6368.385,1050.009,1.0425,7.9891,0.5003955312926686,0.0,Merge
2281273.794,E19,PI171,0.041620000000000004,0.000625,2704.547,667.2478,4.2818,13.540,0.7347318462209224,0.0,Merge
2282808.283,E9,P667,0.07894000000000001,0.0024355585714285716,3347.800,1050.009,4.1985,16.135,0.9564251701976948,0.0,Hit+Run
2319571.854,E5,P418,0.0735,0.0024355585714285716,3269.060,1050.009,6.5004,24.351,0.9575413475949018,0.0,Hit+Run
2369689.716,E1,P393,0.2539372252380952,0.0024355585714285716,4941.998,1050.009,1.2384,7.2371,0.8593226167391411,0.0,Hit+Run
2379226.201,E0,PI42,0.5458190377222769,0.000625,6377.885,667.2478,1.7021,13.392,0.997448014639327,0.0,Hit+Run
2437400.779,E0,PI175,0.5458190377222769,0.000625,6377.885,667.2478,1.4298,11.250,0.8801224903179831,0.0,Merge
2492080.957,E1,PI84,0.2539372252380952,0.000625,4941.998,667.2478,2.6071,15.691,0.9287095500818229,0.0,Hit+Run
2543235.03,E9,P667,0.07894000000000001,0.0024355585714285716,3347.800,1050.009,1.2258,4.7109,0.7431250009129176,0.0,Merge
2587206.448,EI1,P620,0.012370962370962371,0.0024355585714285716,1804.935,1050.009,8.4698,17.232,0.7667487413652825,0.0,Graze+Frag
2590276.537,EI4,PI46,0.008685647685647686,0.000625,1604.210,667.2478,14.701,26.591,0.9082334936511409,0.0,Hit+Run
2593085.151,E10,E8,0.14002,0.11607555857142857,4052.507,3806.923,1.6651,8.4918,0.5075282823539259,0.03918648018648019,Fragment
2593468.605,P3,P378,0.0024355585714285716,0.0024355585714285716,1050.009,1050.009,2.2089,3.0056,0.7462,0.0,Hit+Run
2594165.386,P3,P615,0.0024355585714285716,0.0024355585714285716,1050.009,1050.009,1.244,1.6927,0.58125,0.0,Hit+Run
2594444.406,P3,P75,0.0024355585714285716,0.0024355585714285716,1050.009,1050.009,1.1847,1.6120,0.61905,0.0,Hit+Run
2594565.102,P3,P330,0.0024355585714285716,0.0024355585714285716,1050.009,1050.009,1.1249,1.5306,0.9834,0.0,Hit+Run
2596354.301,P3,P736,0.0024355585714285716,0.0024355585714285716,1050.009,1050.009,2.7368,3.7239,0.78165,0.0,Hit+Run
2597372.861,P3,P449,0.0024355585714285716,0.0024355585714285716,1050.009,1050.009,1.711,2.3281,0.2782,0.0,Merge
2597529.875,P3,P75,0.004871117142857143,0.0024355585714285716,1322.929,1050.009,1.3138,2.0596,0.69203302447546,0.0,Hit+Run
2597805.858,P3,P378,0.004871117142857143,0.0024355585714285716,1322.929,1050.009,0.9831,1.5412,0.8300159243044104,0.0,Perfect
2597818.752,P3,P255,0.007306675714285714,0.0024355585714285716,1514.376,1050.009,1.0972,1.9106,0.602116048975428,0.0,Graze+Merge
2597826.287,P3,P530,0.009742234285714286,0.0024355585714285716,1666.786,1050.009,1.6068,3.0393,0.18331732298218434,0.0,Merge
2597874.166,P3,P80,0.012177792857142858,0.0024355585714285716,1795.491,1050.009,1.5057,3.0485,0.3714655995537762,0.0,Merge
2597923.158,P3,P736,0.01461335142857143,0.0024355585714285716,1907.994,1050.009,1.084,2.3250,0.6487042779997081,0.0,Graze+Merge
2597927.962,P3,P223,0.01704891,0.0024355585714285716,2008.596,1050.009,1.2272,2.7672,0.8854985734319144,0.0,Hit+Run
2597991.515,P3,P848,0.01704891,0.0024355585714285716,2008.596,1050.009,1.1633,2.6232,0.5979939194357025,0.0,Merge
2598594.069,P3,P424,0.019484468571428572,0.0024355585714285716,2100.019,1050.009,1.3876,3.2702,0.8281999999999999,0.0,Hit+Run
2598624.726,P3,P202,0.019484468571428572,0.0024355585714285716,2100.019,1050.009,1.0275,2.4216,0.32826666666666665,0.0,Merge
2598633.385,P3,P814,0.021920027142857144,0.0024355585714285716,2184.108,1050.009,1.0986,2.6935,0.9299342449402569,0.0,Hit+Run
2598723.389,P3,P814,0.021920027142857144,0.0024355585714285716,2184.108,1050.009,1.1602,2.8445,0.6250211646276017,0.0,Merge
2599162.888,P3,P321,0.024355585714285716,0.0024355585714285716,2262.177,1050.009,1.4355,3.6475,0.5224842800146015,0.0,Merge
2599228.006,P3,P804,0.02679114428571429,0.0024355585714285716,2335.201,1050.009,1.2401,3.2554,0.8377917183475737,0.0,Hit+Run
2600120.249,EI1,PI25,0.014806526806526808,0.000625,1916.365,667.2478,3.8256,8.3530,0.7623587883120949,0.0,Hit+Run
2600430.996,P3,P753,0.02679114428571429,0.0024355585714285716,2335.201,1050.009,1.0966,2.8787,0.5983536735238251,0.0,Merge
2600558.882,P3,P534,0.02922670285714286,0.0024355585714285716,2403.922,1050.009,0.9887,2.6744,0.6039851750451233,0.0,Perfect
2600640.386,P3,P223,0.03166226142857143,0.0024355585714285716,2468.924,1050.009,1.0535,2.9298,0.6345373678631058,0.0,Merge
2600994.03,P3,P75,0.03409782,0.0024355585714285716,2530.673,1050.009,0.9938,2.8360,0.6432196385673032,0.0,Perfect
2601475.498,P3,P586,0.03653337857142857,0.0024355585714285716,2589.547,1050.009,1.142,3.3385,0.8234196790090972,0.0,Hit+Run
2601767.532,P3,P586,0.03653337857142857,0.0024355585714285716,2589.547,1050.009,1.0726,3.1356,0.8767110761902787,0.0,Hit+Run
2601898.89,P3,P804,0.03653337857142857,0.0024355585714285716,2589.547,1050.009,0.9982,2.9181,0.703602972930179,0.0,Perfect
2601903.033,P3,P586,0.03896893714285714,0.0024355585714285716,2645.859,1050.009,1.1156,3.3360,0.28678807644128995,0.0,Merge
2601995.601,P3,P522,0.041404495714285706,0.0024355585714285716,2699.871,1050.009,1.3565,4.1438,0.5399193583273887,0.0,Merge
2604702.811,P3,P844,0.043840054285714275,0.0024355585714285716,2751.804,1050.009,1.4464,4.5084,0.8834867220530419,0.0,Hit+Run
2605913.487,P3,P844,0.043840054285714275,0.0024355585714285716,2751.804,1050.009,1.0096,3.1469,0.6777789337460827,0.0,Merge
2606127.408,P3,P330,0.046275612857142844,0.0024355585714285716,2801.848,1050.009,1.049,3.3328,0.8131623766294861,0.0,Graze+Merge
2609381.031,P3,P358,0.04871117142857141,0.0024355585714285716,2850.165,1050.009,1.0922,3.5336,0.42049011656920726,0.0,Merge
2611163.027,P3,P95,0.05114672999999998,0.0024355585714285716,2896.897,1050.009,1.3408,4.4137,0.6445693230318145,0.0,Merge
2614119.729,P3,P206,0.05358228857142855,0.0024355585714285716,2942.168,1050.009,1.5661,5.2412,0.5859753879558257,0.0,Merge
2621865.687,P3,P615,0.05601784714285712,0.0024355585714285716,2986.088,1050.009,1.29,4.3860,0.11704352896985289,0.0,Merge
2625452.245,P3,P317,0.058453405714285686,0.0024355585714285716,3028.752,1050.009,1.2519,4.3214,0.520910437586306,0.0,Merge
2627454.083,P3,P354,0.060888964285714255,0.0024355585714285716,3070.247,1050.009,1.726,6.0453,0.7275733979967466,0.0,Merge
2698720.535,E0,P326,0.5464440377222769,0.0024355585714285716,6380.319,1050.009,1.8463,14.177,0.7464557022084894,0.0,Merge
2701835.295,E9,EI15,0.08137555857142859,0.00625,3381.882,1437.541,1.9536,7.4423,0.8363089012382614,0.0,Hit+Run
2702706.9,EI0,P751,0.007963369963369965,0.0024355585714285716,1558.449,1050.009,10.742,19.162,0.882328638418078,0.0,Hit+Run
2759774.127,P3,PI3,0.06332452285714282,0.000625,3110.650,667.2478,11.624,42.727,0.9170819628962991,0.0,Hit+Run
2760731.018,P3,PI3,0.06332452285714282,0.000625,3110.650,667.2478,1.0528,3.8698,0.6095490906196177,0.0,Merge
2762524.528,P3,PI0,0.06394952285714282,0.000625,3120.850,667.2478,8.7528,32.286,0.5650009739536623,0.0,Merge
2773549.947,P3,P294,0.06457452285714282,0.0024355585714285716,3130.984,1050.009,1.0921,3.9061,0.6230525284250221,0.0,Merge
2809338.913,E1,P458,0.2539372252380952,0.0024355585714285716,4941.998,1050.009,2.7722,16.200,0.8481058132189834,0.0,Hit+Run
2833563.577,EI1,P7,0.014806526806526808,0.0024355585714285716,1916.365,1050.009,6.9751,15.024,0.4537709700752099,0.01593058275058275,Fragment
2885902.255,EI1,FRAG0009,0.005527799663669664,0.005857142857142858,1379.890,1406.767,1.025,1.8509,0.6687867002635914,0.0,Graze+Merge
2903107.816,E0,PI47,0.5488795962937054,0.000625,6389.784,667.2478,1.2565,9.9059,0.4996268839646037,0.0,Merge
3007784.588,E0,PI42,0.5495045962937054,0.000625,6392.208,667.2478,1.1424,9.0099,0.4343595710154223,0.0,Merge
3043162.831,E9,P89,0.08137555857142859,0.0024355585714285716,3381.882,1050.009,3.6399,14.141,0.6998194416568216,0.0,Merge
3074814.661,E0,P655,0.5501295962937054,0.0024355585714285716,6394.631,1050.009,1.9626,15.106,0.7058913801430101,0.0,Merge
3083261.794,E1,PI22,0.2539372252380952,0.000625,4941.998,667.2478,4.6412,27.933,0.6585811485496279,0.0,Merge
3085744.901,E1,PI36,0.2545622252380952,0.000625,4946.050,667.2478,2.976,17.927,0.36161610717690507,0.0,Merge
3152071.733,E0,P414,0.5525651548651339,0.0024355585714285716,6404.054,1050.009,1.3112,10.108,0.9412693215699849,0.0,Hit+Run
3155337.544,E4,P469,0.06046055857142857,0.0024355585714285716,3063.029,1050.009,4.7026,16.429,0.9367731741381984,0.0,Hit+Run
3173935.382,EI18,PI188,0.00625,0.000625,1437.541,667.2478,10.162,16.408,0.8335160984703522,0.0,Graze+Frag
3233934.808,EI17,PI5,0.006875,0.000625,1483.945,667.2478,13.895,23.180,0.6162201251542921,0.007033026973026973,Fragment
3268990.243,E1,PI115,0.25518722523809517,0.000625,4950.094,667.2478,4.5895,27.670,0.7171339487750672,0.0,Merge
3304080.701,EI4,P720,0.008685647685647686,0.0024355585714285716,1604.210,1050.009,11.469,20.974,0.09736881377046769,0.005593406593406594,Fragment
3304190.411,P3,P664,0.0670100814285714,0.0024355585714285716,3169.863,1050.009,1.6039,5.8130,0.8591188850362098,0.0,Hit+Run
3305190.549,P3,P664,0.0670100814285714,0.0024355585714285716,3169.863,1050.009,1.0819,3.9211,0.8652785203053335,0.0,Hit+Run
3305317.913,P3,P664,0.0670100814285714,0.0024355585714285716,3169.863,1050.009,1.0477,3.7972,0.9741237825609484,0.0,Hit+Run
3305524.043,P3,P664,0.0670100814285714,0.0024355585714285716,3169.863,1050.009,1.049,3.8019,0.529277928124957,0.0,Merge
3308967.555,E4,PI16,0.06046055857142857,0.000625,3063.029,667.2478,1.8697,6.7597,0.6295576830313168,0.0,Merge
3316566.969,E0,P456,0.5525651548651339,0.0024355585714285716,6404.054,1050.009,1.9737,15.215,0.7971063130272289,0.0,Merge
3319555.594,E1,E4,0.25581222523809516,0.06108555857142857,4954.132,3073.548,1.8108,10.164,0.9980246256893288,0.0,Hit+Run
3344468.944,E1,PI165,0.25581222523809516,0.000625,4954.132,667.2478,2.2924,13.833,0.9176995397750908,0.0,Hit+Run
3350928.099,E0,P275,0.5550007134365624,0.0024355585714285716,6413.449,1050.009,2.4959,19.271,0.9463616852467467,0.0,Hit+Run
3360020.652,P3,P751,0.06944563999999998,0.0024355585714285716,3207.811,1050.009,13.425,49.284,0.6372948810791936,0.02144014652014652,Fragment
3362577.617,P3,FRAG0012,0.05044163813186811,0.007146520146520147,2883.524,1503.229,1.0217,3.3073,0.8106134829190669,0.0,Graze+Merge
3362811.928,P3,FRAG0014,0.05758815827838826,0.007146520146520147,3013.733,1503.229,1.3966,4.7236,0.9482963031357315,0.0,Hit+Run
3366606.469,P3,FRAG0014,0.05758815827838826,0.007146520146520147,3013.733,1503.229,1.3178,4.4570,0.29050039427657603,0.0,Merge
3452524.267,E4,PI77,0.06108555857142857,0.000625,3073.548,667.2478,4.0765,14.792,0.5267466399678735,0.0,Merge
3462252.026,E10,P612,0.21690907838494838,0.0024355585714285716,4689.066,1050.009,1.1403,6.2982,0.900707128300264,0.0,Hit+Run
3527426.86,EI0,PI75,0.007963369963369965,0.000625,1558.449,667.2478,20.689,36.309,0.7989365538089817,0.0,Graze+Frag
3546752.045,EI16,PI154,0.009310647685647686,0.000625,1641.800,667.2478,17.920,33.212,0.5529673410955249,0.009577475857475856,Fragment
3625156.861,P3,PI7,0.0647346784249084,0.000625,3133.570,667.2478,20.203,74.850,0.2291960658168087,0.0,Merge
3637071.293,E0,EI16,0.5550007134365624,0.009935397935397937,6413.449,1677.730,2.6504,19.786,0.39735392742918074,0.0,Merge
3668653.292,E4,PI21,0.06171055857142857,0.000625,3083.995,667.2478,2.6038,9.4829,0.7222378611144473,0.0,Merge
3683150.418,EI1,P268,0.011384942520812522,0.0024355585714285716,1755.648,1050.009,18.442,36.569,0.938316199281841,0.0,Hit+Run
3692455.315,P3,P365,0.0653596784249084,0.0024355585714285716,3143.623,1050.009,19.858,71.336,0.5940723360066028,0.05633054945054945,Fragment
3693299.692,P3,FRAG0015,0.011464900666000637,0.005633033633033633,1759.748,1388.591,1.6745,3.4863,0.5737568433623428,0.0,Hit+Run
3693302.598,P3,FRAG0019,0.011464900666000637,0.005633033633033633,1759.748,1388.591,1.0151,2.1134,0.8907903373273898,0.0,Graze+Merge
3696248.075,P32,FRAG0018,0.0024355585714285716,0.005633033633033633,1050.009,1388.591,3.0823,5.0091,0.951320468675636,0.0,Hit+Run
3696250.276,P32,FRAG0018,0.0024355585714285716,0.005633033633033633,1050.009,1388.591,1.0513,1.7084,0.48978321404840036,0.0,Graze+Merge
3696385.516,P3,FRAG0023,0.01709793429903427,0.005633033633033633,2010.520,1388.591,1.8198,4.2044,0.7984441285765197,0.0,Hit+Run
3696447.624,P3,FRAG0023,0.01709793429903427,0.005633033633033633,2010.520,1388.591,1.2258,2.8320,0.2546929711571593,0.0,Merge
3697107.714,P3,FRAG0021,0.022730967932067907,0.005633033633033633,2210.717,1388.591,1.4997,3.7612,0.6529009448108615,0.0,Hit+Run
3697115.296,P3,FRAG0024,0.022730967932067907,0.005633033633033633,2210.717,1388.591,0.9987,2.5047,0.9644876327718681,0.0,Perfect
3697853.145,P32,P424,0.008068592204462205,0.0024355585714285716,1565.283,1050.009,5.9127,10.586,0.4419410305095787,0.0,Fragment
3699017.9,P3,FRAG0017,0.028364001565101542,0.005633033633033633,2380.033,1388.591,0.9921,2.6622,0.17796765045977192,0.0,Perfect
3699878.355,P3,FRAG0016,0.03399703519813518,0.005633033633033633,2528.177,1388.591,1.1188,3.1794,0.16808173661030026,0.0,Merge
3701046.498,P3,FRAG0022,0.03963006883116881,0.005633033633033633,2660.738,1388.591,1.9351,5.7801,0.4159323167777539,0.0,Merge
3701716.133,P3,FRAG0021,0.04526310246420245,0.005633033633033633,2781.262,1388.591,1.2725,3.9718,0.6737293252114467,0.0,Hit+Run
3720159.1,E0,PI81,0.5649361113719603,0.000625,6451.494,667.2478,2.0828,16.586,0.8706524839998149,0.0,Merge
3729081.301,P3,FRAG0020,0.04526310246420245,0.005633033633033633,2781.262,1388.591,1.1463,3.5779,0.7124816010205597,0.0,Hit+Run
3744482.84,EI0,FRAG0001,0.00858841158841159,0.005593406593406594,1598.201,1385.328,26.396,51.416,0.4732150465184598,0.014177162837162837,Fragment
3780314.699,E1,PI37,0.25581222523809516,0.000625,4954.132,667.2478,4.3628,26.326,0.7521029359877678,0.0,Merge
3791011.15,P3,FRAG0021,0.04526310246420245,0.005633033633033633,2781.262,1388.591,1.9724,6.1565,0.4962425680203112,0.0,Merge
3829306.401,EI0,FRAG0025,0.00552780552780553,0.008654012654012654,1379.890,1602.260,1.5634,3.0459,0.7350716688958954,0.0,Hit+Run
3833333.931,EI0,FRAG0025,0.00552780552780553,0.008654012654012654,1379.890,1602.260,1.0387,2.0237,0.5801078630837114,0.0,Graze+Merge
3834263.673,E1,PI35,0.25643722523809515,0.000625,4958.163,667.2478,2.8017,16.920,0.8435753441751911,0.0,Merge
3834964.328,E4,P242,0.06233555857142857,0.0024355585714285716,3094.371,1050.009,7.3993,26.134,0.5964927455992507,0.007955710955710956,Fragment
3845014.791,EI1,P523,0.011384942520812522,0.0024355585714285716,1755.648,1050.009,24.941,49.457,0.6321979700796558,0.01377805527805528,Graze+Frag
3862970.405,P68,P494,0.0024355585714285716,0.0024355585714285716,1050.009,1050.009,10.085,13.723,0.75095,0.0,Graze+Frag
3882199.654,P32,FRAG0015,0.010504162504162504,0.005633033633033633,1709.153,1388.591,3.3407,6.8121,0.8115559397614556,0.0,Hit+Run
3896730.375,E0,P746,0.5655611113719603,0.0024355585714285716,6453.872,1050.009,1.5927,12.380,0.9360153939097529,0.0,Hit+Run
3905994.822,P3,FRAG0015,0.05089613609723608,0.005633033633033633,2892.158,1388.591,3.5714,11.595,0.9892421107868563,0.0,Hit+Run
3906346.639,P3,FRAG0015,0.05089613609723608,0.005633033633033633,2892.158,1388.591,1.1213,3.6404,0.9373545311471687,0.0,Hit+Run
3907160.564,P3,FRAG0015,0.05089613609723608,0.005633033633033633,2892.158,1388.591,1.146,3.7206,0.9499886162938114,0.0,Hit+Run
3907162.655,P3,FRAG0015,0.05089613609723608,0.005633033633033633,2892.158,1388.591,1.052,3.4154,0.6813622925341787,0.0,Graze+Merge
3908540.169,EI0,P524,0.014181818181818184,0.0024355585714285716,1889.025,1050.009,11.327,24.064,0.8794564470462244,0.0,Hit+Run
3916606.527,P3,FRAG0020,0.05652916973026972,0.005633033633033633,2995.146,1388.591,2.257,7.5932,0.8360810752991634,0.0,Hit+Run
3916954.426,EI0,P694,0.014181818181818184,0.0024355585714285716,1889.025,1050.009,9.5881,20.368,0.8659589791020813,0.0,Hit+Run
3917898.651,P3,FRAG0020,0.05652916973026972,0.005633033633033633,2995.146,1388.591,1.036,3.4854,0.12516961101152796,0.0,Merge
3919221.732,EI0,P476,0.014181818181818184,0.0024355585714285716,1889.025,1050.009,9.2499,19.650,0.7912087161542807,0.0,Graze+Frag
3919706.003,E1,PI169,0.25706222523809513,0.000625,4962.188,667.2478,1.9113,11.553,0.29018046492247973,0.0,Merge
3942755.87,EI9,PI9,0.0075001665001665,0.000625,1527.627,667.2478,13.816,23.750,0.9737003465644568,0.0,Hit+Run
3952898.884,P68,P694,0.004871128871128871,0.0024355585714285716,1322.930,1050.009,21.138,33.139,0.5795841357772621,0.007296703296703297,Graze+Frag
3979467.937,P3,PI6,0.06216220336330335,0.000625,3091.500,667.2478,15.247,55.676,0.77379047147664,0.0,Merge
4018645.605,E1,P393,0.2576872252380951,0.0024355585714285716,4966.206,1050.009,4.553,26.747,0.635777053099871,0.0,Merge
4023407.032,EI0,FRAG0013,0.016617382617382617,0.007146520146520147,1991.504,1503.229,8.6498,20.151,0.9697285108133333,0.0,Hit+Run
4028362.332,E9,FRAG0008,0.08381111714285716,0.005598068598068598,3415.291,1385.712,3.4949,13.474,0.6011789446005196,0.0,Merge
4046642.853,P3,P186,0.06278720336330335,0.0024355585714285716,3101.826,1050.009,7.266,25.729,0.5522544804897916,0.008521811521811522,Fragment
4054458.935,P3,FRAG0028,0.0567009504129204,0.008521811521811522,2998.177,1594.059,1.418,4.7744,0.6177546002209344,0.0,Merge
4073871.675,EI0,FRAG0013,0.016617382617382617,0.007146520146520147,1991.504,1503.229,2.1518,5.0131,0.5020454945210946,0.0,Merge
4079638.752,P3,P656,0.06522276193473192,0.0024355585714285716,3141.426,1050.009,5.7212,20.536,0.8098955117393519,0.0,Hit+Run
4080263.1,P3,P656,0.06522276193473192,0.0024355585714285716,3141.426,1050.009,1.0493,3.7664,0.8578626714203796,0.0,Hit+Run
4096783.884,P3,P656,0.06522276193473192,0.0024355585714285716,3141.426,1050.009,4.7096,16.905,0.9869992591241463,0.0,Hit+Run
4096789.568,P3,P656,0.06522276193473192,0.0024355585714285716,3141.426,1050.009,1.0462,3.7553,0.42533379873411276,0.0,Merge
4107606.43,P68,P524,0.0073066933066933066,0.0024355585714285716,1514.377,1050.009,25.695,44.745,0.27017279612642225,0.0,Fragment
4125685.933,EI0,P555,0.023763902763902764,0.0024355585714285716,2243.708,1050.009,8.7464,22.038,0.4450334273535798,0.02381655011655012,Fragment
4135616.928,EI17,P115,0.0075001665001665,0.0024355585714285716,1527.627,1050.009,6.5273,11.449,0.8956665185491733,0.0,Hit+Run
4138046.998,EI0,FRAG0031,0.00552813266400266,0.006890442890442891,1379.918,1485.056,1.0548,1.9620,0.9315614642143876,0.0,Hit+Run
4140351.745,P3,P640,0.0676583205061605,0.0024355585714285716,3180.052,1050.009,15.842,57.616,0.6321670621458313,0.030855810855810857,Fragment
4140635.972,P3,FRAG0035,0.039238068221778215,0.006171162171162171,2651.936,1431.471,1.2153,3.6207,0.5810556310517416,0.0,Merge
4145941.285,P3,FRAG0033,0.04540923039294038,0.006171162171162171,2784.252,1431.471,6.0698,18.968,0.28273632779331914,0.0387995337995338,Fragment
4145946.196,P3,FRAG0043,0.012780858764568755,0.005542790542790543,1824.654,1381.136,1.216,2.5973,0.7536438224741356,0.0,Hit+Run
4146904.478,EI0,FRAG0029,0.00552813266400266,0.006890442890442891,1379.918,1485.056,1.0493,1.9517,0.8707289256019699,0.0,Hit+Run
4147826.538,P3,FRAG0037,0.012780858764568755,0.005542790542790543,1824.654,1381.136,1.4239,3.0414,0.7289985709726402,0.0,Hit+Run
4147945.233,P3,P68,0.012780858764568755,0.009742257742257742,1824.654,1666.788,8.4954,19.277,0.5511419264166038,0.02221127539127539,Graze+Frag
4148789.345,P3,FRAG0046,0.005529110512820502,0.005664668664668665,1379.999,1391.186,1.0832,1.9450,0.9961623062818202,0.0,Hit+Run
4149403.224,P3,FRAG0044,0.005529110512820502,0.005664668664668665,1379.999,1391.186,1.1451,2.0561,0.8230639171278706,0.0,Hit+Run
4150755.926,P32,FRAG0034,0.010504162504162504,0.006171162171162171,1709.153,1431.471,2.0055,4.1286,0.3758300187717088,0.0,Merge
4152370.112,P32,FRAG0032,0.016675324675324676,0.006171162171162171,1993.816,1431.471,2.3454,5.4117,0.8189385369808238,0.0,Hit+Run
4152386.829,P32,FRAG0032,0.016675324675324676,0.006171162171162171,1993.816,1431.471,1.0157,2.3436,0.5787111333188818,0.0,Merge
4152869.531,P3,FRAG0042,0.005529110512820502,0.005542790542790543,1379.999,1381.136,7.6355,13.660,0.9507082852040052,0.0,Hit+Run
4153161.24,P32,FRAG0037,0.02284648684648685,0.005542790542790543,2214.455,1381.136,8.7999,22.091,0.5356313756184578,0.027524049284049282,Fragment
4153166.141,P32,FRAG0047,0.005528138528138531,0.005715284715284715,1379.918,1395.317,1.1653,2.0955,0.7289824732039677,0.0,Hit+Run
4157669.988,P32,FRAG0047,0.005528138528138531,0.005715284715284715,1379.918,1395.317,1.8813,3.3830,0.5883670694647397,0.0,Hit+Run
4166018.795,P3,P105,0.005529110512820502,0.0024355585714285716,1379.999,1050.009,8.9361,14.453,0.7904016170880972,0.0,Graze+Frag
4166315.021,P32,FRAG0050,0.005528138528138531,0.005715284715284715,1379.918,1395.317,1.4009,2.5192,0.8539849926524893,0.0,Hit+Run
4167631.254,EI1,P268,0.0055277937995338,0.0024355585714285716,1379.889,1050.009,41.678,67.409,0.6296078538526603,0.00796114552114552,Graze+Frag
4178648.106,P32,FRAG0039,0.005528138528138531,0.005542790542790543,1379.918,1381.136,1.5638,2.7976,0.7832043321713633,0.0,Hit+Run
4182484.352,P3,FRAG0042,0.007963369963369965,0.005542790542790543,1558.449,1381.136,6.4968,12.441,0.38091961880724445,0.013295477855477853,Fragment
4183625.548,EI0,FRAG0029,0.00552813266400266,0.006890442890442891,1379.918,1485.056,3.3701,6.2686,0.9206279834028129,0.0,Hit+Run
4184364.059,P3,FRAG0041,0.00552780552780553,0.005542790542790543,1379.890,1381.136,6.9849,12.495,0.5268621746340132,0.010840579420579421,Graze+Frag
4184459.027,EI0,FRAG0029,0.00552813266400266,0.006890442890442891,1379.918,1485.056,1.0971,2.0406,0.7111579038894283,0.0,Hit+Run
4184966.383,P32,FRAG0038,0.005528138528138531,0.005542790542790543,1379.918,1381.136,3.1713,5.6734,0.6008847990362006,0.0,Hit+Run
4185232.687,P32,FRAG0048,0.005528138528138531,0.005715284715284715,1379.918,1395.317,2.2772,4.0950,0.18158679436197328,0.005701378621378622,Fragment
4185276.474,P32,FRAG0053,0.005542124542124544,0.005701298701298702,1381.081,1394.178,1.1178,2.0101,0.2940556797423519,0.0,Merge
4186187.076,P3,FRAG0040,0.0055278055278055295,0.005542790542790543,1379.890,1381.136,1.4012,2.5067,0.8989941943954304,0.0,Hit+Run
4188380.231,P32,FRAG0043,0.011243423243423246,0.005542790542790543,1748.343,1381.136,3.7722,7.8053,0.823366281426384,0.0,Hit+Run
4192164.413,P3,FRAG0040,0.0055278055278055295,0.005542790542790543,1379.890,1381.136,1.5198,2.7189,0.7054315684840728,0.0,Hit+Run
4192759.306,P32,FRAG0050,0.011243423243423246,0.005715284715284715,1748.343,1395.317,7.2767,15.099,0.8152584900378774,0.0,Hit+Run
4193519.546,P32,FRAG0039,0.011243423243423246,0.005542790542790543,1748.343,1381.136,2.1957,4.5432,0.5447022149482456,0.0,Merge
4194214.741,P32,FRAG0050,0.01678621378621379,0.005715284715284715,1998.226,1395.317,1.131,2.6019,0.707128034367115,0.0,Hit+Run
4194904.415,P3,FRAG0040,0.0055278055278055295,0.005542790542790543,1379.890,1381.136,1.2173,2.1777,0.8398708826337119,0.0,Hit+Run
4194949.56,EI0,FRAG0029,0.00552813266400266,0.006890442890442891,1379.918,1485.056,2.8074,5.2220,0.741357430183954,0.0,Hit+Run
4196166.058,P32,P3,0.01678621378621379,0.0055278055278055295,1998.226,1379.890,2.6439,6.0709,0.31640445340250234,0.00865046287046287,Fragment
4199571.56,P32,FRAG0043,0.013663669663669668,0.005542790542790543,1865.733,1381.136,3.3845,7.3543,0.8286670432738645,0.0,Hit+Run
4202912.083,EI0,FRAG0030,0.00552813266400266,0.006890442890442891,1379.918,1485.056,1.5497,2.8825,0.8390362807825155,0.0,Hit+Run
4203083.593,EI0,FRAG0031,0.00552813266400266,0.006890442890442891,1379.918,1485.056,1.5147,2.8174,0.3187567225154241,0.0,Merge
4204080.879,EI0,FRAG0029,0.012418575554445551,0.006890442890442891,1807.248,1485.056,1.1196,2.4224,0.38265984203883874,0.0,Merge
4205179.593,P32,FRAG0054,0.013663669663669668,0.00865034965034965,1865.733,1602.034,1.8339,4.1562,0.7319244724941348,0.0,Hit+Run
4206553.718,E4,PI165,0.056815406187146186,0.000625,3000.193,667.2478,2.3393,8.2712,0.20721503771869018,0.0,Merge
4209411.602,P32,FRAG0047,0.013663669663669668,0.005715284715284715,1865.733,1395.317,2.1959,4.7825,0.963804131068917,0.0,Hit+Run
4210675.879,P32,FRAG0038,0.013663669663669668,0.005542790542790543,1865.733,1381.136,2.3395,5.0836,0.26789028193209596,0.007185594405594406,Fragment
4211201.635,E0,P458,0.5655611113719603,0.0024355585714285716,6453.872,1050.009,1.5771,12.258,0.9132235093755174,0.0,Hit+Run
4213150.548,P102,FRAG0043,0.0024355585714285716,0.005542790542790543,1050.009,1381.136,31.860,51.566,0.7612652360136212,0.007963356643356644,Graze+Frag
4216107.346,P32,FRAG0036,0.012020979020979025,0.006171162171162171,1787.751,1431.471,1.8559,3.9416,0.9121953207115353,0.0,Hit+Run
4222454.379,P32,FRAG0055,0.012020979020979025,0.007185481185481186,1787.751,1505.956,3.2486,7.0086,0.8669246049504483,0.0,Hit+Run
4223224.279,P32,FRAG0055,0.012020979020979025,0.007185481185481186,1787.751,1505.956,1.2874,2.7774,0.8009228318713258,0.0,Hit+Run
4224694.254,P102,FRAG0054,0.007978354978354979,0.00865034965034965,1559.426,1602.034,8.3512,17.111,0.24302991646838082,0.01654140526140526,Fragment
4225427.674,P32,FRAG0047,0.012020979020979025,0.005715284715284715,1787.751,1395.317,1.7877,3.7701,0.7919178971402949,0.0,Hit+Run
4232746.5,P32,FRAG0049,0.012020979020979025,0.005715284715284715,1787.751,1395.317,2.6887,5.6703,0.6540904844039629,0.0,Hit+Run
4238930.333,P32,FRAG0047,0.012020979020979025,0.005715284715284715,1787.751,1395.317,2.3339,4.9220,0.7736083060432924,0.0,Hit+Run
4239062.04,P32,FRAG0047,0.012020979020979025,0.005715284715284715,1787.751,1395.317,1.1153,2.3521,0.8510028352815426,0.0,Hit+Run
4239885.522,P32,FRAG0047,0.012020979020979025,0.005715284715284715,1787.751,1395.317,1.4928,3.1482,0.4993575903173307,0.0,Merge
4240665.574,P32,FRAG0050,0.01773626373626374,0.005715284715284715,2035.235,1395.317,1.5597,3.6433,0.9610931168561809,0.0,Hit+Run
4248147.109,P32,FRAG0055,0.01773626373626374,0.007185481185481186,2035.235,1505.956,1.553,3.6808,0.9679056115351709,0.0,Hit+Run
4248705.637,EI0,FRAG0030,0.019309018444888443,0.006890442890442891,2093.697,1485.056,1.26,3.0458,0.37079540944279954,0.0,Merge
4251090.404,P32,FRAG0055,0.01773626373626374,0.007185481185481186,2035.235,1505.956,1.031,2.4436,0.3385169557592873,0.0,Merge
4258071.677,P102,FRAG0051,0.005527805527805529,0.007978354978354979,1379.890,1559.426,2.5512,4.8858,0.678322206091821,0.0,Hit+Run
4268889.305,P102,FRAG0049,0.005527805527805529,0.005715284715284715,1379.890,1395.317,2.8937,5.2036,0.9245319735609794,0.0,Hit+Run
4281042.86,P102,FRAG0057,0.005527805527805529,0.005550449550449551,1379.890,1381.772,4.3795,7.8366,0.8323325150283337,0.0,Hit+Run
4281269.065,E0,P556,0.5655611113719603,0.0024355585714285716,6453.872,1050.009,1.7951,13.953,0.834010959730118,0.0,Merge
4289418.411,P102,FRAG0045,0.005527805527805529,0.005664668664668665,1379.890,1391.186,12.669,22.748,0.5739508703025362,0.005664668664668665,Graze+Frag
4291705.569,P32,FRAG0049,0.024921744921744926,0.005715284715284715,2279.572,1395.317,4.9954,12.886,0.5753378111065125,0.015896769896769896,Fragment
4295579.761,P32,FRAG0044,0.014740259740259744,0.005664668664668665,1913.501,1391.186,3.1766,7.0521,0.9835342786342536,0.0,Hit+Run
4306916.711,P102,FRAG0040,0.005527805527805529,0.005542790542790543,1379.890,1381.136,8.8391,15.813,0.8149321399717528,0.006114305694305695,Graze+Frag
4306943.703,P102,FRAG0061,0.0055278055278055295,0.005542790542790543,1379.890,1381.136,1.0282,1.8394,0.3402963903512612,0.0,Merge
4308773.933,P102,FRAG0044,0.011070596070596073,0.005664668664668665,1739.338,1391.186,5.1969,10.735,0.2743582682138949,0.011207459207459207,Fragment
4313154.119,P102,FRAG0063,0.00552780552780553,0.005603729603729604,1379.890,1386.179,3.0998,5.5556,0.4681831251767577,0.0066941724941724946,Fragment
4316963.951,P32,FRAG0058,0.014740259740259744,0.005664668664668665,1913.501,1391.186,1.9433,4.3141,0.6965108817668335,0.0,Hit+Run
4316984.363,P32,FRAG0058,0.014740259740259744,0.005664668664668665,1913.501,1391.186,1.038,2.3043,0.6860305035475471,0.0,Graze+Merge
4317772.558,P32,FRAG0056,0.02040492840492841,0.005550449550449551,2132.581,1381.772,2.0788,5.0473,0.7978473001261415,0.0,Hit+Run
4317874.774,P32,FRAG0056,0.02040492840492841,0.005550449550449551,2132.581,1381.772,1.0607,2.5753,0.2625104518060304,0.0,Merge
4319918.07,E0,P318,0.5679966699433888,0.0024355585714285716,6463.123,1050.009,1.8284,14.233,0.9653651583149845,0.0,Hit+Run
4324280.889,E3,E19,0.4945322342857143,0.042245000000000005,6171.518,2718.017,1.9434,13.492,0.9566699943050461,0.0,Hit+Run
4324460.033,P32,FRAG0057,0.02595537795537796,0.005550449550449551,2310.661,1381.772,2.1131,5.5146,0.6692120429244983,0.0,Hit+Run
4326158.282,P32,FRAG0050,0.02595537795537796,0.005715284715284715,2310.661,1395.317,2.6762,6.9896,0.8092971662042578,0.0,Hit+Run
4327255.838,P102,FRAG0059,0.005527805527805531,0.007948384948384948,1379.890,1557.471,5.8066,11.111,0.9656635016882356,0.0,Hit+Run
4328073.152,P102,FRAG0059,0.005527805527805531,0.007948384948384948,1379.890,1557.471,1.1572,2.2144,0.9756226699290366,0.0,Hit+Run
4328199.566,P32,FRAG0046,0.02595537795537796,0.005664668664668665,2310.661,1391.186,4.2058,10.981,0.8969629500976674,0.0,Hit+Run
4330816.347,P32,FRAG0060,0.02595537795537796,0.007948384948384948,2310.661,1557.471,2.6551,7.0228,0.9015928852653222,0.0,Hit+Run
4330879.087,P32,FRAG0050,0.02595537795537796,0.005715284715284715,2310.661,1395.317,2.8636,7.4790,0.6849098128469778,0.0,Hit+Run
4331199.062,P32,FRAG0050,0.02595537795537796,0.005715284715284715,2310.661,1395.317,1.0404,2.7172,0.6116490909448203,0.0,Merge
4332306.983,P32,FRAG0046,0.03167066267066267,0.005664668664668665,2469.142,1391.186,2.462,6.8405,0.4388431091309839,0.005694638694638695,Fragment
4336765.883,P32,FRAG0064,0.03164069264069264,0.005603729603729604,2468.363,1386.179,1.9138,5.3149,0.4848940016308051,0.0,Merge
4339549.135,P32,FRAG0059,0.037244422244422246,0.007948384948384948,2606.239,1557.471,1.9013,5.5963,0.8601687338434222,0.0,Hit+Run
4340003.977,P32,FRAG0060,0.037244422244422246,0.007948384948384948,2606.239,1557.471,1.783,5.2481,0.8090293177795249,0.0,Hit+Run
4340134.933,P32,FRAG0060,0.037244422244422246,0.007948384948384948,2606.239,1557.471,1.0476,3.0835,0.8869590276932973,0.0,Hit+Run
4340579.653,P32,FRAG0060,0.037244422244422246,0.007948384948384948,2606.239,1557.471,1.0795,3.1774,0.4852924023786968,0.0,Merge
4341250.161,P32,FRAG0059,0.045192807192807195,0.007948384948384948,2779.821,1557.471,1.4777,4.6211,0.823315077221594,0.0,Hit+Run
4341261.832,P32,FRAG0059,0.045192807192807195,0.007948384948384948,2779.821,1557.471,1.0326,3.2292,0.4041588725641735,0.0,Merge
4346617.703,P32,FRAG0036,0.053141192141192145,0.006171162171162171,2934.073,1431.471,2.5725,8.4716,0.8904623536253085,0.0,Hit+Run
4346633.464,P32,FRAG0036,0.053141192141192145,0.006171162171162171,2934.073,1431.471,1.0517,3.4633,0.2847678309540669,0.0,Merge
4366296.908,P32,FRAG0062,0.059312354312354314,0.005603729603729604,3043.515,1386.179,2.3219,7.9412,0.2587509742890851,0.0,Merge
4371201.198,P32,P102,0.06491608391608392,0.005527805527805531,3136.495,1379.890,2.4213,8.5434,0.4544612392315859,0.0,Merge
4376457.681,EI0,P791,0.026199461335331332,0.0024355585714285716,2317.881,1050.009,7.7285,20.133,0.8906375807338542,0.0,Hit+Run
4380543.761,EI0,P791,0.026199461335331332,0.0024355585714285716,2317.881,1050.009,1.1615,3.0258,0.7246366654467777,0.0,Hit+Run
4390877.827,EI0,P791,0.026199461335331332,0.0024355585714285716,2317.881,1050.009,1.0596,2.7603,0.922571421817272,0.0,Hit+Run
4391681.307,EI0,P791,0.026199461335331332,0.0024355585714285716,2317.881,1050.009,1.0373,2.7022,0.8161023438947564,0.0,Graze+Merge
4415883.382,EI18,FRAG0027,0.006875124875124875,0.008292707292707294,1483.954,1579.644,14.624,29.072,0.5076816735323483,0.00964002664002664,Graze+Frag
4429291.144,P32,FRAG0057,0.07044388944388945,0.005550449550449551,3223.108,1381.772,1.8187,6.6008,0.3363878359558627,0.0,Merge
4443621.337,E0,PI17,0.5679966699433888,0.000625,6463.123,667.2478,2.7265,21.752,0.7460757196850782,0.0,Merge
4461786.478,P32,FRAG0052,0.075994338994339,0.005542790542790543,3305.630,1381.136,2.8666,10.682,0.33036786505227195,0.0,Merge
4467211.64,E0,PI170,0.5686216699433888,0.000625,6465.493,667.2478,1.7381,13.872,0.7544406753844872,0.0,Merge
4518480.536,E1,PI10,0.2601227838095237,0.000625,4981.804,667.2478,2.7458,16.666,0.502144302534942,0.0,Merge
4528114.528,E0,P258,0.5692466699433888,0.0024355585714285716,6467.861,1050.009,2.3426,18.250,0.4330048371910327,0.0,Merge
4540452.965,E1,P245,0.2607477838095237,0.0024355585714285716,4985.790,1050.009,2.6944,15.895,0.9882699029009154,0.0,Hit+Run
4554229.029,E0,P275,0.5716822285148173,0.0024355585714285716,6477.072,1050.009,1.3286,10.366,0.9709909147387125,0.0,Hit+Run
4566521.951,P32,FRAG0065,0.08153712953712954,0.005694638694638695,3384.119,1393.635,4.2442,16.202,0.3836192999481082,0.01132094572094572,Fragment
4573231.612,P32,FRAG0068,0.07591108891108891,0.005660339660339661,3304.422,1390.832,5.5234,20.568,0.550425724623914,0.0160002331002331,Fragment
4574022.874,P32,FRAG0051,0.06557142857142857,0.007978354978354979,3147.014,1559.426,3.466,12.241,0.9295058880619835,0.0,Hit+Run
4574341.055,P32,FRAG0069,0.06557142857142857,0.008,3147.014,1560.835,1.2577,4.4419,0.9284255550092447,0.0,Hit+Run
4574355.464,P32,FRAG0051,0.06557142857142857,0.007978354978354979,3147.014,1559.426,1.1832,4.1788,0.7793245899836285,0.0,Hit+Run
4575077.092,EI18,FRAG0066,0.005527805527805529,0.00964002664002664,1379.890,1660.937,4.4723,8.9238,0.9527275911086269,0.0,Hit+Run
4575270.939,P32,FRAG0069,0.06557142857142857,0.008,3147.014,1560.835,1.139,4.0227,0.9550303048755908,0.0,Hit+Run
4590867.305,P32,FRAG0051,0.06557142857142857,0.007978354978354979,3147.014,1559.426,10.748,37.962,0.5113920604199735,0.07031921411921412,Fragment
4591011.631,P32,FRAG0076,0.005525807525807516,0.005668664668664669,1379.724,1391.513,1.0923,1.9613,0.9351050634939692,0.0,Hit+Run
4592826.645,P32,FRAG0082,0.005525807525807516,0.005668664668664669,1379.724,1391.513,2.4401,4.3815,0.49727554968468557,0.0,Merge
4594186.577,P32,FRAG0074,0.011194472194472185,0.005668664668664669,1745.802,1391.513,1.9153,3.9672,0.35123986895951964,0.0,Merge
4594227.031,P32,FRAG0079,0.016863136863136854,0.005668664668664669,2001.274,1391.513,1.4809,3.4095,0.39609188022257596,0.0,Merge
4594614.832,P32,FRAG0072,0.022531801531801524,0.005668664668664669,2204.241,1391.513,1.1933,2.9856,0.6195100590960768,0.0,Hit+Run
4594788.608,P32,FRAG0072,0.022531801531801524,0.005668664668664669,2204.241,1391.513,1.119,2.7997,0.9868882289123037,0.0,Hit+Run
4594815.76,P32,FRAG0081,0.022531801531801524,0.005668664668664669,2204.241,1391.513,1.2078,3.0219,0.854048500230214,0.0,Hit+Run
4596532.076,P32,FRAG0076,0.022531801531801524,0.005668664668664669,2204.241,1391.513,1.1072,2.7702,0.9840683731119455,0.0,Hit+Run
4597203.995,P32,FRAG0075,0.022531801531801524,0.005668664668664669,2204.241,1391.513,1.3217,3.3069,0.9799611918375108,0.0,Hit+Run
4597550.982,P32,FRAG0075,0.022531801531801524,0.005668664668664669,2204.241,1391.513,1.1576,2.8963,0.6025296230808767,0.0,Merge
4602453.966,P32,FRAG0072,0.028200466200466193,0.005668664668664669,2375.450,1391.513,1.585,4.2461,0.25596085170161764,0.0,Merge
4602620.202,P32,FRAG0069,0.03386913086913086,0.008,2525.002,1560.835,9.0805,25.970,0.9816753642708134,0.0,Hit+Run
4603529.878,P32,FRAG0069,0.03386913086913086,0.008,2525.002,1560.835,1.3811,3.9499,0.9001626286414017,0.0,Hit+Run
4603639.025,P32,FRAG0076,0.03386913086913086,0.005668664668664669,2525.002,1391.513,1.7791,5.0502,0.9734420591141525,0.0,Hit+Run
4605729.36,P32,FRAG0076,0.03386913086913086,0.005668664668664669,2525.002,1391.513,1.43,4.0592,0.9857559496559634,0.0,Hit+Run
4610462.079,E4,FRAG0010,0.05744040618714619,0.005857142857142858,3011.154,1406.767,5.9027,19.961,0.3624626658644904,0.02923932733932734,Fragment
4611808.469,P32,FRAG0076,0.03386913086913086,0.005668664668664669,2525.002,1391.513,1.888,5.3593,0.9603545209990341,0.0,Hit+Run
4611810.607,P32,FRAG0076,0.03386913086913086,0.005668664668664669,2525.002,1391.513,1.0409,2.9547,0.9300533243778241,0.0,Hit+Run
4613051.374,P32,FRAG0076,0.03386913086913086,0.005668664668664669,2525.002,1391.513,1.3919,3.9511,0.9414646260841094,0.0,Hit+Run
4613139.976,P32,FRAG0067,0.03386913086913086,0.005660339660339661,2525.002,1390.832,10.254,29.107,0.7342548466725989,0.023432920412920413,Graze+Frag
4613144.31,P32,FRAG0089,0.016096903096903085,0.005858141858141859,1970.491,1406.847,1.1467,2.6120,0.735082292895344,0.0,Hit+Run
4613192.178,P32,FRAG0091,0.016096903096903085,0.005858141858141859,1970.491,1406.847,1.1177,2.5460,0.6275533885532438,0.0,Graze+Merge
4613572.991,P32,FRAG0090,0.021955044955044946,0.005858141858141859,2185.270,1406.847,1.0489,2.6076,0.1323164552087849,0.0,Merge
4619334.878,P32,FRAG0088,0.027813186813186806,0.005858141858141859,2364.526,1406.847,2.6779,7.1487,0.9515474289370881,0.0,Hit+Run
4619501.616,P32,FRAG0088,0.027813186813186806,0.005858141858141859,2364.526,1406.847,1.062,2.8350,0.669287000323082,0.0,Graze+Merge
4623975.914,EI18,FRAG0066,0.005527805527805529,0.00964002664002664,1379.890,1660.937,1.9198,3.8307,0.7676275270870937,0.0,Hit+Run
4626412.636,P32,FRAG0081,0.03367132867132867,0.005668664668664669,2520.077,1391.513,4.1851,11.857,0.1575213155739241,0.018994005994005993,Fragment
4626485.287,P32,FRAG0094,0.020345987345987342,0.006331335331335331,2130.525,1443.750,1.1997,2.9282,0.6926950922274646,0.0,Hit+Run
4626601.847,P32,FRAG0094,0.020345987345987342,0.006331335331335331,2130.525,1443.750,1.0704,2.6126,0.5305635501176028,0.0,Merge
4628597.103,P32,FRAG0080,0.026677322677322673,0.005668664668664669,2331.889,1391.513,1.4153,3.7268,0.8487960342031351,0.0,Hit+Run
4628621.036,P32,FRAG0080,0.026677322677322673,0.005668664668664669,2331.889,1391.513,1.0834,2.8528,0.781596289150382,0.0,Hit+Run
4633743.758,E0,P275,0.5716822285148173,0.0024355585714285716,6477.072,1050.009,1.1012,8.5923,0.5376419031626618,0.0,Merge
4634522.507,P32,FRAG0069,0.026677322677322673,0.008,2331.889,1560.835,1.1874,3.1662,0.5889140372976004,0.0,Merge
4635758.004,P32,FRAG0092,0.034677322677322674,0.006331335331335331,2544.929,1443.750,1.5319,4.3884,0.7637951935126375,0.0,Hit+Run
4635870.285,P32,FRAG0092,0.034677322677322674,0.006331335331335331,2544.929,1443.750,1.095,3.1368,0.7472700113958741,0.0,Hit+Run
4639020.423,P32,FRAG0077,0.034677322677322674,0.005668664668664669,2544.929,1391.513,8.7485,25.022,0.6363546910033382,0.03418450216450217,Fragment
4639407.895,P32,FRAG0100,0.0061621711621711595,0.005697302697302698,1430.776,1393.852,1.5868,2.9049,0.47199023370760745,0.0,Merge
4639640.567,P32,FRAG0095,0.011859473859473857,0.005697302697302698,1779.708,1393.852,1.1286,2.3716,0.28286362072166915,0.0,Merge
4640073.507,EI0,PI62,0.028635019906759904,0.000625,2387.589,667.2478,8.3027,22.957,0.4317429367294134,0.0,Merge
4640825.621,P32,FRAG0097,0.017556776556776555,0.005697302697302698,2028.346,1393.852,1.2512,2.9139,0.2185294420651113,0.0,Merge
4641426.68,P32,FRAG0099,0.023254079254079255,0.005697302697302698,2227.547,1393.852,1.4025,3.5428,0.7348678735678504,0.0,Hit+Run
4642450.857,P32,FRAG0089,0.023254079254079255,0.005858141858141859,2227.547,1406.847,3.9684,10.034,0.9708451129470923,0.0,Hit+Run
4642776.889,P32,FRAG0099,0.023254079254079255,0.005697302697302698,2227.547,1393.852,1.4287,3.6090,0.8848923770944251,0.0,Hit+Run
4642779.889,P32,FRAG0099,0.023254079254079255,0.005697302697302698,2227.547,1393.852,1.0502,2.6529,0.5226560912116871,0.0,Merge
4657568.56,P32,FRAG0089,0.02895138195138195,0.005858141858141859,2396.350,1406.847,2.7454,7.4205,0.8389624219757694,0.0,Hit+Run
4658154.624,P32,FRAG0089,0.02895138195138195,0.005858141858141859,2396.350,1406.847,1.058,2.8596,0.7403536205944643,0.0,Graze+Merge
4660505.934,EI0,EI1,0.029260019906759905,0.007963369963369965,2404.835,1558.449,4.6425,12.711,0.7041055459550244,0.009057609057609058,Graze+Frag
4672071.537,P32,FRAG0080,0.03480952380952381,0.005668664668664669,2548.159,1391.513,2.2145,6.3418,0.6502226401472084,0.0,Hit+Run
4675190.528,P32,FRAG0071,0.03480952380952381,0.005668664668664669,2548.159,1391.513,1.7842,5.1095,0.5557259449064771,0.0,Merge
4676929.405,P32,FRAG0092,0.04047818847818848,0.006331335331335331,2679.585,1443.750,1.7894,5.3865,0.7989360623778006,0.0,Hit+Run
4677055.532,P32,FRAG0092,0.04047818847818848,0.006331335331335331,2679.585,1443.750,1.0331,3.1098,0.8397471773260077,0.0,Graze+Merge
4682652.947,EI0,FRAG0101,0.02816578081252081,0.009057609057609058,2374.476,1626.790,1.194,3.2536,0.3415195745583075,0.0,Merge
4695414.125,EI0,P420,0.03722338987012987,0.0024355585714285716,2605.748,1050.009,8.0373,23.650,0.9089360262132277,0.0,Hit+Run
4697420.076,EI0,P420,0.03722338987012987,0.0024355585714285716,2605.748,1050.009,1.0509,3.0924,0.43173035686743416,0.0,Merge
4697745.169,E1,PI107,0.2607477838095237,0.000625,4985.790,667.2478,1.9902,12.090,0.25056668709573116,0.0,Merge
4698749.875,P32,FRAG0098,0.046809523809523815,0.005697302697302698,2812.582,1393.852,3.1202,9.8489,0.5101707775466632,0.006916749916749917,Fragment
4698752.303,P32,FRAG0102,0.04559007659007659,0.006916749916749917,2787.943,1486.943,1.0482,3.2820,0.43290893276182624,0.0,Merge
4704281.312,E0,FRAG0026,0.5741177870862458,0.007955710955710956,6486.257,1557.950,1.7269,13.124,0.9085686745058755,0.0,Hit+Run
4705091.105,P32,FRAG0076,0.05250682650682651,0.005668664668664669,2922.351,1391.513,1.8736,6.1471,0.7200427803191201,0.0,Hit+Run
4705267.614,P32,FRAG0076,0.05250682650682651,0.005668664668664669,2922.351,1391.513,1.0703,3.5115,0.9664926471740415,0.0,Hit+Run
4707476.876,P32,FRAG0096,0.05250682650682651,0.005697302697302698,2922.351,1393.852,1.9251,6.3159,0.31876226003686003,0.0,Merge
4714035.211,E1,PI27,0.26137278380952367,0.000625,4989.771,667.2478,4.1854,25.447,0.6006757546582214,0.0,Merge
4717197.718,P32,FRAG0080,0.05820412920412921,0.005668664668664669,3024.441,1391.513,2.9987,10.189,0.8083066131718117,0.0,Hit+Run
4722627.544,P32,FRAG0076,0.05820412920412921,0.005668664668664669,3024.441,1391.513,2.1664,7.3610,0.7514607828945196,0.0,Hit+Run
4728958.637,P32,FRAG0080,0.05820412920412921,0.005668664668664669,3024.441,1391.513,1.1882,4.0373,0.8663852445876478,0.0,Hit+Run
4729845.041,P32,FRAG0080,0.05820412920412921,0.005668664668664669,3024.441,1391.513,1.0399,3.5334,0.41031731227862434,0.0,Merge
4735550.007,E0,FRAG0026,0.5741177870862458,0.007955710955710956,6486.257,1557.950,1.0131,7.6994,0.4812156415913263,0.0,Merge
4747855.823,EI17,FRAG0086,0.0075001665001665,0.005847818847818848,1527.627,1406.021,11.456,21.833,0.7778086594092644,0.00782017982017982,Graze+Frag
4754435.378,E12,PI65,0.09854,0.000625,3604.663,667.2478,4.3799,18.853,0.3283248261963885,0.0,Merge
4780918.571,P32,FRAG0093,0.06387279387279388,0.006331335331335331,3119.601,1443.750,1.1135,3.9019,0.4760049969656955,0.0,Merge
4801430.768,P32,FRAG0076,0.0702041292041292,0.005668664668664669,3219.447,1391.513,1.2502,4.5308,0.2140730817120001,0.0,Merge
4820291.206,E1,PI195,0.26199778380952365,0.000625,4993.745,667.2478,2.2697,13.811,0.8029168815119128,0.0,Merge
4821915.732,EI17,PI74,0.005527805527805529,0.000625,1379.890,667.2478,13.220,20.476,0.5450435598320356,0.0,Fragment
4825500.213,EI4,P303,0.005527799663669663,0.0024355585714285716,1379.890,1050.009,7.094,11.473,0.9318333951949059,0.0,Hit+Run
4849260.265,EI17,P245,0.006152847152847154,0.0024355585714285716,1430.054,1050.009,13.021,21.649,0.4581245094459724,0.008556490176490177,Fragment
4897572.748,P161,PI11,0.0024355585714285716,0.000625,1050.009,667.2478,12.905,15.392,0.9832046955275744,0.0,Hit+Run
4998709.985,E1,PI14,0.26262278380952364,0.000625,4997.713,667.2478,3.2303,19.673,0.9871984983454338,0.0,Hit+Run
5035311.25,P303,PI87,0.0024355585714285716,0.000625,1050.009,667.2478,6.556,7.8194,0.9457842183097339,0.0,Hit+Run
5130672.617,E0,P363,0.5820734980419567,0.0024355585714285716,6516.080,1050.009,1.5754,12.371,0.9494107055325852,0.0,Hit+Run
5140465.678,P32,FRAG0070,0.07587279387279387,0.008,3303.866,1560.835,1.5539,5.7645,0.509634800723818,0.0,Merge
5156222.623,E1,FRAG0011,0.26262278380952364,0.005593406593406594,4997.713,1385.328,2.9184,16.901,0.6864275070332201,0.0,Merge
5161457.27,E0,P822,0.5820734980419567,0.0024355585714285716,6516.080,1050.009,2.6136,20.523,0.805156085452117,0.0,Merge
5201040.229,E1,PI55,0.2682161904029302,0.000625,5032.944,667.2478,2.0681,12.689,0.40977381455470524,0.0,Merge
5236878.592,E1,P363,0.2688411904029302,0.0024355585714285716,5036.851,1050.009,2.439,14.547,0.6621620389793395,0.0,Merge
5315116.217,EI12,PI14,0.00625,0.000625,1437.541,667.2478,4.264,6.8850,0.9104886191993008,0.0,Hit+Run
5324386.017,E0,P592,0.5845090566133853,0.0024355585714285716,6525.156,1050.009,1.8842,14.817,0.7435500191038962,0.0,Merge
5361894.211,E1,FRAG0084,0.2712767489743588,0.005847818847818848,5052.015,1406.021,2.5816,15.108,0.8457267177085872,0.0,Hit+Run
5383115.07,P318,P827,0.0024355585714285716,0.0024355585714285716,1050.009,1050.009,30.433,41.410,0.84235,0.0,Graze+Frag
5399955.604,E1,PI138,0.2712767489743588,0.000625,5052.015,667.2478,2.3796,14.658,0.7245099394081987,0.0,Merge
5440358.248,EI0,P236,0.039658948441558435,0.0024355585714285716,2661.384,1050.009,10.553,31.753,0.7416090855537366,0.008214119214119214,Graze+Frag
5473891.358,EI0,FRAG0104,0.03388038779886779,0.008214119214119214,2525.282,1574.638,3.0485,8.7270,0.9137387418171851,0.0,Hit+Run
5473914.115,EI0,FRAG0104,0.03388038779886779,0.008214119214119214,2525.282,1574.638,1.0491,3.0033,0.6040469053590249,0.0,Merge
5475046.078,E0,P318,0.5869446151848138,0.004871128871128871,6534.207,1322.930,1.4308,11.094,0.6129921912421828,0.0,Merge
5499006.093,EI0,P724,0.042094507012987004,0.0024355585714285716,2714.786,1050.009,14.836,45.586,0.20796461254875412,0.039002331002331,Fragment
5499628.736,EI0,FRAG0108,0.005527734582084574,0.005571761571761572,1379.885,1383.538,0.9797,1.7541,0.6770536158642947,0.0,Perfect
5499653.355,EI0,FRAG0111,0.011099496153846146,0.005571761571761572,1740.851,1383.538,1.477,3.0481,0.8425135580387045,0.0,Hit+Run
5500439.733,EI0,FRAG0110,0.011099496153846146,0.005571761571761572,1740.851,1383.538,1.0007,2.0652,0.6072716929478104,0.0,Graze+Merge
5500924.395,EI0,FRAG0105,0.016671257725607718,0.005571761571761572,1993.654,1383.538,1.3164,3.0183,0.7419252893944155,0.0,Hit+Run
5501147.117,EI0,FRAG0107,0.016671257725607718,0.005571761571761572,1993.654,1383.538,1.4543,3.3344,0.5433386667398313,0.0,Merge
5503701.57,EI0,FRAG0109,0.02224301929736929,0.005571761571761572,2194.783,1383.538,1.1426,2.8460,0.9330977036556936,0.0,Hit+Run
5503820.324,EI0,FRAG0109,0.02224301929736929,0.005571761571761572,2194.783,1383.538,1.0118,2.5202,0.3133019831902506,0.0,Merge
5523417.459,EI0,P543,0.027814780869130862,0.0024355585714285716,2364.571,1050.009,10.447,27.781,0.9044642364629093,0.0,Hit+Run
5525250.584,EI0,FRAG0066,0.027814780869130862,0.00964002664002664,2364.571,1660.937,13.683,37.289,0.23548741109788138,0.037374045954045955,Fragment
5536915.221,P316,P434,0.0024355585714285716,0.0024355585714285716,1050.009,1050.009,15.150,20.615,0.7854,0.0,Graze+Frag
5539876.511,EI0,FRAG0116,0.005528400582750573,0.006385281385281386,1379.940,1447.839,1.1588,2.1250,0.9957522139753014,0.0,Hit+Run
5552220.32,EI9,P112,0.0075001665001665,0.0024355585714285716,1527.627,1050.009,18.546,32.530,0.4380842258397068,0.00992130536130536,Fragment
5616776.488,P32,P316,0.08387279387279387,0.004871128871128871,3416.128,1322.930,17.028,65.833,0.863212267068063,0.008538801198801198,Graze+Frag
5617051.956,P32,FRAG0117,0.0802054612054612,0.00853846153846154,3365.594,1595.096,1.0653,4.0255,0.9372146037740746,0.0,Hit+Run
5617055.209,P32,FRAG0117,0.0802054612054612,0.00853846153846154,3365.594,1595.096,1.0454,3.9503,0.7270299474477331,0.0,Graze+Merge
5629447.237,EI18,PI41,0.005527805527805529,0.000625,1379.890,667.2478,19.222,29.774,0.02561421626714983,0.0,Fragment
5643051.088,EI0,FRAG0114,0.005528400582750573,0.006385281385281386,1379.940,1447.839,1.5508,2.8438,0.5391360186228439,0.0,Hit+Run
5659994.836,EI0,FRAG0105,0.005528400582750573,0.005571761571761572,1379.940,1383.538,3.8364,6.8693,0.7179639068899153,0.0,Hit+Run
5660818.375,EI0,FRAG0105,0.005528400582750573,0.005571761571761572,1379.940,1383.538,0.9858,1.7651,0.8644728860813893,0.0,Perfect
5663270.24,EI18,PI40,0.006152847152847154,0.000625,1430.054,667.2478,32.218,51.745,0.9970072434288005,0.0,Hit+Run
5664269.229,EI17,PI102,0.00858841158841159,0.000625,1598.201,667.2478,11.680,21.045,0.9764378911434307,0.0,Hit+Run
5668179.583,EI0,FRAG0116,0.011100162154512145,0.006385281385281386,1740.885,1447.839,1.5139,3.1672,0.843438658149821,0.0,Hit+Run
5673383.764,E0,E11,0.5918157440559426,0.020565714285714288,6552.233,2138.167,1.9662,14.746,0.19972456802090913,0.0,Merge
5679985.191,EI0,FRAG0116,0.011100162154512145,0.006385281385281386,1740.885,1447.839,1.6903,3.5363,0.8822557263059816,0.0,Hit+Run
5688626.252,EI0,P543,0.011100162154512145,0.0024355585714285716,1740.885,1050.009,1.8309,3.6023,0.8895005308292283,0.0,Hit+Run
5691196.759,EI0,FRAG0112,0.011100162154512145,0.006385281385281386,1740.885,1447.839,2.3234,4.8608,0.3230388077074562,0.00723942723942724,Fragment
5697158.147,P228,P430,0.0024355585714285716,0.0024355585714285716,1050.009,1050.009,17.833,24.266,0.8893,0.0,Graze+Frag
5700181.032,EI0,FRAG0115,0.010246016300366293,0.006385281385281386,1695.035,1447.839,5.7175,11.750,0.9422032000068453,0.0,Hit+Run
5700322.908,E1,PI46,0.27190174897435876,0.000625,5055.892,667.2478,2.6363,16.253,0.7231612999035515,0.0,Merge
5706782.604,P32,P468,0.08874392274392273,0.0024355585714285716,3481.021,1050.009,11.666,46.757,0.8008368429092242,0.0,Graze+Frag
5717328.164,EI0,FRAG0113,0.010246016300366293,0.006385281385281386,1695.035,1447.839,1.5519,3.1894,0.753115368339759,0.0,Hit+Run
5720270.447,P88,FRAG0116,0.0024355585714285716,0.006385281385281386,1050.009,1447.839,18.608,31.241,0.6775030828176298,0.008783682983682983,Graze+Frag
5720529.481,EI0,FRAG0113,0.010246016300366293,0.006385281385281386,1695.035,1447.839,1.1261,2.3143,0.5183465916007893,0.0,Merge
5735008.59,EI0,FRAG0114,0.01663129768564768,0.006385281385281386,1992.060,1447.839,1.9516,4.5101,0.4910803185754253,0.0,Merge
5736932.967,E0,PI73,0.6123814583416569,0.000625,6627.267,667.2478,1.7127,14.027,0.6160724730737102,0.0,Merge
5739127.087,EI0,PI1,0.023016579070929067,0.000625,2219.937,667.2478,19.310,49.367,0.14032303066406804,0.0120999000999001,Fragment
5772183.579,EI0,FRAG0111,0.011541678971028967,0.005571761571761572,1763.668,1383.538,1.9331,4.0273,0.49252810463754004,0.0,Merge
5777316.568,E5,P163,0.0735,0.0024355585714285716,3269.060,1050.009,4.8335,18.107,0.7704381769953764,0.0,Hit+Run
5800850.912,EI0,P543,0.01711344054279054,0.0024355585714285716,2011.127,1050.009,3.901,8.8075,0.7057354657603122,0.0,Hit+Run
5808419.871,EI12,P349,0.00625,0.0024355585714285716,1437.541,1050.009,18.030,30.101,0.6982696503295613,0.00861950715950716,Graze+Frag
5814431.346,EI0,FRAG0119,0.01711344054279054,0.00604995004995005,2011.127,1422.037,4.6373,10.761,0.6534531946984181,0.009753812853812854,Graze+Frag
5820422.07,EI0,P543,0.013409810839160834,0.0024355585714285716,1854.106,1050.009,2.7447,5.7279,0.7624260931804343,0.0,Hit+Run
5828273.363,P32,FRAG0073,0.09118215118215119,0.005668664668664669,3512.614,1391.513,2.2191,8.8105,0.6879645334856108,0.0,Merge
5845466.945,EI18,P469,0.006152847152847154,0.0024355585714285716,1430.054,1050.009,23.721,39.439,0.8903587854443373,0.0,Graze+Frag
5853582.651,E0,PI95,0.6130064583416569,0.000625,6629.521,667.2478,2.5751,21.097,0.7916245969638745,0.0,Merge
5877304.862,P88,EI18,0.008820845820845821,0.00858841158841159,1612.490,1598.201,12.120,25.214,0.8834143294217573,0.0,Hit+Run
5912604.393,P88,EI18,0.008820845820845821,0.00858841158841159,1612.490,1598.201,1.4839,3.0871,0.6817206428408717,0.0,Hit+Run
5938435.574,EI0,FRAG0118,0.013409810839160834,0.00723942723942724,1854.106,1509.715,6.1467,13.606,0.7619655887382427,0.008311055611055612,Graze+Frag
5945417.865,P88,P511,0.008820845820845821,0.0024355585714285716,1612.490,1050.009,4.3266,7.9480,0.7200337521147986,0.0,Hit+Run
5946529.837,EI0,FRAG0106,0.012338548767898763,0.005571761571761572,1803.357,1383.538,9.8328,20.825,0.833408043780841,0.006672660672660673,Graze+Frag
5948800.441,E0,FRAG0083,0.6136314583416569,0.005847818847818848,6631.774,1406.021,1.8346,14.389,0.5164136845987423,0.0,Merge
5950963.285,EI0,FRAG0123,0.01123764966699966,0.006672660672660673,1748.043,1469.242,1.3525,2.8510,0.891439293901129,0.0,Hit+Run
5955496.776,EI0,FRAG0122,0.01123764966699966,0.00831068931068931,1748.043,1580.785,5.3066,11.489,0.6001627983537371,0.01801788211788212,Graze+Frag
5962353.486,E0,PI103,0.6194792771894757,0.000625,6652.774,667.2478,2.299,18.904,0.7898782276055545,0.0,Merge
5964415.333,EI18,P511,0.00858841158841159,0.0024355585714285716,1598.201,1050.009,2.4035,4.3812,0.1876891867197598,0.0,Merge
5988389.104,EI0,FRAG0121,0.005528358957708949,0.009753579753579754,1379.937,1667.433,2.4763,4.9543,0.9288876259013247,0.0,Hit+Run
5989126.82,EI0,FRAG0121,0.005528358957708949,0.009753579753579754,1379.937,1667.433,1.1357,2.2722,0.9672422214816117,0.0,Hit+Run
6003375.647,E1,E9,0.27252674897435875,0.08940918574092575,5059.763,3489.698,2.4168,14.048,0.9572136405070152,0.0,Hit+Run
6004218.529,E9,PI84,0.08940918574092575,0.000625,3489.698,667.2478,5.301,22.041,0.6200443978879614,0.0,Merge
6019340.896,E3,P342,0.4945322342857143,0.0024355585714285716,6171.518,1050.009,1.9749,14.636,0.5822390177349128,0.0,Merge
6036674.172,E0,PI104,0.6201042771894757,0.000625,6655.010,667.2478,2.4912,20.492,0.6563888299685414,0.0,Merge
6038189.891,EI0,FRAG0124,0.005528358957708949,0.00700999000999001,1379.937,1493.595,2.4767,4.6221,0.8157551811312639,0.0,Hit+Run
6042147.125,EI0,FRAG0124,0.005528358957708949,0.00700999000999001,1379.937,1493.595,1.2715,2.3729,0.8409669000983513,0.0,Hit+Run
6042187.55,EI0,FRAG0124,0.005528358957708949,0.00700999000999001,1379.937,1493.595,1.0585,1.9754,0.3680910969194759,0.0,Merge
6063851.846,P32,FRAG0115,0.09685081585081586,0.006385281385281386,3583.947,1447.839,7.6438,30.932,0.6272173049859179,0.02452081252081252,Fragment
6063971.891,P32,FRAG0129,0.07871528471528472,0.00613020313020313,3344.620,1428.297,1.0855,4.0889,0.720720938487397,0.0,Graze+Merge
6071891.241,P32,FRAG0128,0.08484548784548784,0.00613020313020313,3429.283,1428.297,1.3285,5.1365,0.8261205155287992,0.0,Hit+Run
6072434.389,P32,FRAG0128,0.08484548784548784,0.00613020313020313,3429.283,1428.297,1.0852,4.1958,0.8793502940887646,0.0,Hit+Run
6072488.69,P32,FRAG0128,0.08484548784548784,0.00613020313020313,3429.283,1428.297,1.0634,4.1115,0.6369924296373574,0.0,Merge
6074734.972,P32,FRAG0126,0.09097569097569097,0.00613020313020313,3509.961,1428.297,1.3037,5.1650,0.9889638946021184,0.0,Hit+Run
6074752.445,P32,FRAG0126,0.09097569097569097,0.00613020313020313,3509.961,1428.297,1.0348,4.0996,0.2629845055359952,0.0,Merge
6118943.591,E10,P66,0.21690907838494838,0.0024355585714285716,4689.066,1050.009,2.7317,15.088,0.9315096126407209,0.0,Hit+Run
6122728.224,P32,FRAG0127,0.0971058941058941,0.00613020313020313,3587.090,1428.297,2.3723,9.6159,0.7320960287124685,0.0,Hit+Run
6122733.621,P32,FRAG0127,0.0971058941058941,0.00613020313020313,3587.090,1428.297,1.044,4.2317,0.4357816630466071,0.0,Merge
6136087.736,EI0,FRAG0125,0.01253834896769896,0.00700999000999001,1813.039,1493.595,2.146,4.6617,0.8111602192044759,0.0,Hit+Run
6177266.536,EI0,FRAG0125,0.01253834896769896,0.00700999000999001,1813.039,1493.595,2.7399,5.9518,0.5143086965079074,0.007094572094572095,Fragment
6278510.127,P32,FRAG0130,0.10323609723609722,0.007094572094572095,3661.039,1499.578,6.3672,26.302,0.855204331053233,0.0,Hit+Run
6279488.437,P32,FRAG0130,0.10323609723609722,0.007094572094572095,3661.039,1499.578,1.0422,4.3053,0.9955273643857336,0.0,Hit+Run
6283596.637,P32,FRAG0130,0.10323609723609722,0.007094572094572095,3661.039,1499.578,1.0573,4.3677,0.692534606365961,0.0,Merge
6328256.668,EI0,EI18,0.012453766883116875,0.011023970159840161,1808.953,1736.893,3.2156,7.3924,0.7569261650429487,0.0,Hit+Run
6329285.693,EI0,EI18,0.012453766883116875,0.011023970159840161,1808.953,1736.893,0.9987,2.2959,0.9605825140927198,0.0,Perfect
6416966.24,EI9,EI12,0.009935397935397937,0.008685647685647686,1677.730,1604.210,4.136,8.8018,0.7464042718491192,0.0,Hit+Run
6439377.548,EI0,FRAG0121,0.023477737042957036,0.009753579753579754,2234.665,1667.433,3.7239,9.7091,0.846024549510866,0.0,Hit+Run
6476269.9,E12,PI54,0.099165,0.000625,3612.268,667.2478,4.0419,17.437,0.5862158783654169,0.0,Merge
6499607.769,EI0,FRAG0120,0.023477737042957036,0.00604995004995005,2234.665,1422.037,8.2977,21.066,0.594492528217008,0.024,Fragment
6514930.832,EI0,FRAG0131,0.005527687092907085,0.006,1379.881,1418.113,2.518,4.5662,0.8397663447632872,0.0,Hit+Run
6547084.629,EI0,FRAG0132,0.005527687092907085,0.006,1379.881,1418.113,2.6113,4.7354,0.7827561324925354,0.0,Hit+Run
6559166.874,E0,P778,0.6207292771894757,0.0024355585714285716,6657.245,1050.009,1.6889,13.567,0.5437390971270631,0.0,Merge
6559341.314,P241,P414,0.0024355585714285716,0.0024355585714285716,1050.009,1050.009,18.637,25.359,0.57235,0.0,Graze+Frag
6603591.008,P303,PI176,0.0024355585714285716,0.000625,1050.009,667.2478,25.653,30.597,0.8187258005668048,0.0,Graze+Frag
6686028.76,EI0,FRAG0131,0.005527687092907085,0.006,1379.881,1418.113,3.6274,6.5781,0.9740066542797111,0.0,Hit+Run
6686551.98,EI0,FRAG0131,0.005527687092907085,0.006,1379.881,1418.113,1.1091,2.0112,0.926415949399715,0.0,Hit+Run
6693542.384,EI0,FRAG0123,0.005527687092907085,0.006672660672660673,1379.881,1469.242,3.3767,6.2428,0.9143434085489213,0.0,Hit+Run
6745625.29,E1,P675,0.27252674897435875,0.0024355585714285716,5059.763,1050.009,5.3365,31.984,0.5098873915715262,0.0,Merge
6809394.64,E0,E9,0.6231648357609042,0.09003418574092575,6665.941,3497.810,1.5156,11.342,0.351341188358563,0.03606193806193806,Fragment
6838393.342,E0,FRAG0135,0.677137083439892,0.00601032301032301,6853.083,1418.926,1.0372,8.4211,0.8997147110990175,0.0,Hit+Run
6869973.134,P364,PI173,0.0024355585714285716,0.000625,1050.009,667.2478,35.251,42.045,0.987423670900174,0.0,Hit+Run
6900540.126,E0,FRAG0007,0.677137083439892,0.005598068598068598,6853.083,1385.712,1.9549,15.899,0.6544652762647044,0.0,Merge
6911420.571,E0,PI186,0.6827351520379605,0.000625,6871.917,667.2478,2.3306,19.823,0.8795934394399986,0.0,Merge
7001368.73,E1,PI161,0.2749623075457873,0.000625,5074.791,667.2478,3.2929,20.381,0.9992197829677221,0.0,Hit+Run
7023371.589,E0,PI116,0.6833601520379605,0.000625,6874.013,667.2478,1.9714,16.773,0.960742495537672,0.0,Hit+Run
7101497.941,EI12,P210,0.008685647685647686,0.0024355585714285716,1604.210,1050.009,17.505,32.014,0.9257592306159242,0.0,Hit+Run
7168174.873,E1,FRAG0085,0.2749623075457873,0.005847818847818848,5074.791,1406.021,1.8505,10.882,0.25511725392502443,0.0,Merge
7267070.375,E18,P419,0.0728,0.0024355585714285716,3258.649,1050.009,4.7666,17.795,0.8903948358310207,0.0,Hit+Run
7294037.067,E0,E1,0.6833601520379605,0.2808101263936062,6874.013,5110.516,1.0869,8.7099,0.9681354106184245,0.0,Hit+Run
7294553.919,E0,E1,0.6833601520379605,0.2808101263936062,6874.013,5110.516,1.0451,8.3749,0.9307957487715973,0.0,Hit+Run
7333484.016,E0,FRAG0138,0.6833601520379605,0.00601032301032301,6874.013,1418.926,1.7655,14.381,0.341092146084834,0.0,Merge
7351392.403,E3,P795,0.4969677928571429,0.0024355585714285716,6181.633,1050.009,2.6265,19.500,0.485271905525428,0.0,Merge
7399520.333,P88,FRAG0132,0.008820845820845821,0.006,1612.490,1418.113,7.5307,14.878,0.8590255748401681,0.0,Hit+Run
7400459.554,E3,P303,0.49940335142857145,0.0030605727605727607,6191.715,1133.082,1.3559,10.033,0.42113281409480047,0.0,Merge
7404213.863,EI0,FRAG0121,0.005527687092907085,0.009753579753579754,1379.881,1667.433,6.7691,13.542,0.9331688127653648,0.0,Hit+Run
7442957.073,EI0,FRAG0134,0.005527687092907085,0.006,1379.881,1418.113,3.3118,6.0057,0.9916620660383003,0.0,Hit+Run
7448225.239,P88,EI0,0.008820845820845821,0.005527687092907085,1612.490,1379.881,1.823,3.5664,0.700581141223146,0.0,Hit+Run
7451157.152,EI0,FRAG0121,0.005527687092907085,0.009753579753579754,1379.881,1667.433,1.5321,3.0652,0.4351587873968922,0.0,Merge
7476801.967,E0,E1,0.6893704750482835,0.2808101263936062,6894.107,5110.516,1.0137,8.1417,0.29656216487985143,0.06623443223443223,Fragment
7489352.405,E0,FRAG0150,0.9039461692074574,0.006021312021312022,7545.847,1419.790,1.0909,9.8189,0.9114970962752508,0.0,Hit+Run
7506484.908,EI0,P88,0.015281266846486839,0.008820845820845821,1936.631,1612.490,1.3187,3.0702,0.6096168139945021,0.0,Hit+Run
7506522.439,EI0,P88,0.015281266846486839,0.008820845820845821,1936.631,1612.490,1.0488,2.4418,0.8715905272049931,0.0,Hit+Run
7543736.923,E10,P691,0.21690907838494838,0.0024355585714285716,4689.066,1050.009,1.7163,9.4796,0.9767737408227192,0.0,Hit+Run
7550612.067,E0,PI105,0.9039461692074574,0.000625,7545.847,667.2478,1.3868,13.002,0.7384058492138814,0.0,Merge
7551084.924,P88,FRAG0131,0.008820845820845821,0.006,1612.490,1418.113,3.3052,6.5302,0.22054264525936798,0.009293040293040294,Fragment
7556053.248,E0,FRAG0148,0.9045711692074574,0.006021312021312022,7547.586,1419.790,1.1757,10.584,0.7539694245975077,0.0,Merge
7575640.71,E0,FRAG0146,0.9105924812287695,0.006021312021312022,7564.296,1419.790,1.014,9.1506,0.9611042895352545,0.0,Graze+Merge
7603254.215,E0,PI87,0.9166137932500815,0.000625,7580.932,667.2478,1.5234,14.352,0.03933763543656684,0.0,Merge
7622596.352,E0,FRAG0150,0.9172387932500815,0.006021312021312022,7582.655,1419.790,1.0649,9.6349,0.3573829566931831,0.0,Merge
7652197.108,E4,P679,0.0340584548051948,0.0024355585714285716,2529.698,1050.009,9.3013,26.533,0.9627771451066376,0.0,Hit+Run
7658722.576,P88,FRAG0133,0.005527805527805527,0.006,1379.890,1418.113,1.8561,3.3659,0.5760222228511879,0.0,Hit+Run
7661362.469,P88,FRAG0152,0.005527805527805527,0.009293040293040294,1379.890,1640.765,5.2341,10.358,0.815192203911741,0.0,Hit+Run
7672104.449,P88,FRAG0152,0.005527805527805527,0.009293040293040294,1379.890,1640.765,1.1588,2.2932,0.9041347212004023,0.0,Hit+Run
7674716.891,P88,FRAG0152,0.005527805527805527,0.009293040293040294,1379.890,1640.765,1.2292,2.4325,0.6580010369932596,0.0,Hit+Run
7715255.44,P444,FRAG0132,0.0024355585714285716,0.006,1050.009,1418.113,15.545,25.676,0.5670110615453203,0.008406686646686647,Graze+Frag
7738388.869,EI0,FRAG0152,0.015281266846486839,0.009293040293040294,1936.631,1640.765,4.4832,10.497,0.9866684381847572,0.0,Hit+Run
7751195.637,E0,FRAG0136,0.9232601052713936,0.00601032301032301,7599.211,1418.926,1.3917,12.621,0.5792435436798845,0.0,Merge
7785558.097,EI0,FRAG0123,0.015281266846486839,0.006672660672660673,1936.631,1469.242,7.5872,17.209,0.22943619068522283,0.016426240426240427,Fragment
7792145.224,E0,FRAG0149,0.9292704282817166,0.006021312021312022,7615.666,1419.790,1.1973,10.883,0.9129908960161562,0.0,Hit+Run
7794110.634,EI0,FRAG0154,0.005527687092907085,0.008213120213120213,1379.881,1574.574,1.1059,2.1307,0.9777709915093964,0.0,Hit+Run
7794545.38,EI0,FRAG0154,0.005527687092907085,0.008213120213120213,1379.881,1574.574,1.0521,2.0271,0.492038089111607,0.0,Graze+Merge
7796505.875,EI0,FRAG0153,0.013740807306027298,0.008213120213120213,1869.238,1574.574,1.9342,4.3630,0.25722418378983336,0.006955710955710957,Fragment
7809925.104,EI0,FRAG0152,0.014998216563436554,0.009293040293040294,1924.599,1640.765,3.4763,8.1067,0.6514899131887646,0.007935717615717616,Hit+Run
7844655.924,EI0,FRAG0155,0.014998216563436554,0.006955710955710957,1924.599,1489.730,1.0768,2.4394,0.9217343445142823,0.0,Hit+Run
7861468.681,E0,P845,0.9292704282817166,0.0024355585714285716,7615.666,1050.009,1.9532,18.094,0.9084477742083886,0.0,Hit+Run
7933047.606,P444,P88,0.008435564435564437,0.005527805527805527,1588.663,1379.890,9.9869,19.351,0.8987009000446112,0.0,Hit+Run
7945367.467,EI0,FRAG0134,0.014998216563436554,0.006,1924.599,1418.113,2.0177,4.5180,0.5955659002579056,0.0,Hit+Run
7945435.642,EI0,FRAG0134,0.014998216563436554,0.006,1924.599,1418.113,1.0513,2.3541,0.9233459341102119,0.0,Hit+Run
7946840.597,EI0,FRAG0152,0.014998216563436554,0.009293040293040294,1924.599,1640.765,2.1889,5.1045,0.9632269459723519,0.0,Hit+Run
8019334.827,E0,P672,0.9292704282817166,0.0024355585714285716,7615.666,1050.009,1.2891,11.942,0.9408766441593313,0.0,Hit+Run
8027554.429,EI0,FRAG0152,0.014998216563436554,0.009293040293040294,1924.599,1640.765,1.1822,2.7569,0.7045526843101959,0.0,Hit+Run
8028859.424,EI9,PI8,0.009935397935397937,0.000625,1677.730,667.2478,10.662,20.215,0.7706184579590022,0.0,Graze+Frag
8037950.451,E0,FRAG0149,0.9292704282817166,0.006021312021312022,7615.666,1419.790,1.1577,10.523,0.5262003474731226,0.0,Merge
8045579.659,P444,FRAG0133,0.008435564435564437,0.006,1588.663,1418.113,4.1409,8.1062,0.7150837168223994,0.0,Hit+Run
8047657.346,EI0,P88,0.014998216563436554,0.005527805527805527,1924.599,1379.890,3.0479,6.7866,0.6938945417600769,0.0,Hit+Run
8048205.816,EI0,P88,0.014998216563436554,0.005527805527805527,1924.599,1379.890,1.0435,2.3235,0.8980908035874086,0.0,Hit+Run
8054331.483,E0,FRAG0142,0.9352917403030286,0.006021312021312022,7632.079,1419.790,1.1559,10.531,0.6377582762944392,0.0,Merge
8077718.383,EI0,FRAG0134,0.014998216563436554,0.006,1924.599,1418.113,5.0773,11.369,0.6702419416958892,0.010344322344322344,Graze+Frag
8097078.203,EI0,FRAG0152,0.01065389421911421,0.009293040293040294,1717.235,1640.765,1.7947,3.9079,0.9677475111300231,0.0,Hit+Run
8098258.908,EI0,P444,0.01065389421911421,0.008435564435564437,1717.235,1588.663,1.2892,2.7677,0.6031806070853334,0.0,Hit+Run
8099992.404,P88,FRAG0155,0.005527805527805527,0.006955710955710957,1379.890,1489.730,2.9654,5.5258,0.6516156581662043,0.0,Hit+Run
8104597.95,E0,FRAG0147,0.9413130523243407,0.006021312021312022,7648.422,1419.790,1.062,9.6977,0.5981620992660706,0.0,Merge
8114234.199,E0,FRAG0151,0.9473343643456528,0.006021312021312022,7664.696,1419.790,1.3471,12.329,0.6525273602988534,0.0,Merge
8145565.622,EI0,FRAG0133,0.01065389421911421,0.006,1717.235,1418.113,1.7544,3.6124,0.767275239482243,0.0,Hit+Run
8159807.058,EI0,FRAG0156,0.01065389421911421,0.010344322344322344,1717.235,1700.439,2.032,4.4999,0.8970872394453236,0.0,Hit+Run
8171205.269,P364,PI178,0.0024355585714285716,0.000625,1050.009,667.2478,39.935,47.632,0.9173519929726491,0.0,Graze+Frag
8173166.58,P444,P543,0.008435564435564437,0.0024355585714285716,1588.663,1050.009,11.976,21.718,0.6312091569195363,0.010667559107559108,Graze+Frag
8178216.469,P444,FRAG0152,0.010871128871128871,0.009293040293040294,1728.829,1640.765,2.1174,4.6276,0.3985507735977972,0.00663004995004995,Fragment
8187569.697,EI0,FRAG0133,0.01065389421911421,0.006,1717.235,1418.113,1.5897,3.2733,0.9602853004384444,0.0,Hit+Run
8188079.801,P444,EI0,0.013534132534132538,0.01065389421911421,1859.818,1717.235,3.083,7.1625,0.2335006589982242,0.02137878787878788,Fragment
8205571.972,P444,FRAG0155,0.005528686093906086,0.006955710955710957,1379.964,1489.730,1.4348,2.6737,0.9777629973237958,0.0,Hit+Run
8273202.725,E4,PI40,0.0340584548051948,0.000625,2529.698,667.2478,10.399,30.604,0.45633457929998716,0.0,Merge
8274358.021,E0,FRAG0141,0.9533556763669648,0.006021312021312022,7680.901,1419.790,1.3351,12.246,0.6680188234497048,0.0,Merge
8330380.849,E4,PI45,0.0346834548051948,0.000625,2545.079,667.2478,5.6805,16.825,0.9213484633287675,0.0,Hit+Run
8344157.518,P161,P845,0.0024355585714285716,0.0024355585714285716,1050.009,1050.009,7.4236,10.101,0.9006499999999998,0.0,Hit+Run
8356124.778,P88,FRAG0133,0.005527805527805527,0.006,1379.890,1418.113,2.8996,5.2582,0.22562514294042682,0.00906947052947053,Fragment
8392333.783,E0,P210,0.9593769883882769,0.0024355585714285716,7697.037,1050.009,1.7343,16.247,0.6746640817284074,0.0,Merge
8417615.713,P88,FRAG0158,0.005527805527805527,0.00621978021978022,1379.890,1435.221,2.2498,4.1060,0.7619243313839232,0.0,Hit+Run
8426990.364,EI15,P232,0.00625,0.0024355585714285716,1437.541,1050.009,7.795,13.013,0.8679394089464275,0.0,Hit+Run
8488110.098,P88,FRAG0158,0.005527805527805527,0.00621978021978022,1379.890,1435.221,2.3489,4.2869,0.8592726151029447,0.0,Hit+Run
8498181.374,E0,P845,0.9618125469597054,0.0024355585714285716,7703.545,1050.009,1.4921,13.991,0.6283539977699005,0.0,Merge
8526236.694,P88,FRAG0159,0.005527805527805527,0.00621978021978022,1379.890,1435.221,1.4469,2.6407,0.9312789740068937,0.0,Hit+Run
8526541.251,P88,FRAG0159,0.005527805527805527,0.00621978021978022,1379.890,1435.221,0.9856,1.7988,0.9252008334322923,0.0,Perfect
8562537.936,P444,FRAG0158,0.005528686093906086,0.00621978021978022,1379.964,1435.221,1.8642,3.4024,0.8874325454035397,0.0,Hit+Run
8563145.806,P444,FRAG0158,0.005528686093906086,0.00621978021978022,1379.964,1435.221,1.0764,1.9645,0.47866652705841617,0.0,Merge
8564606.717,P222,PI199,0.0024355585714285716,0.000625,1050.009,667.2478,19.589,23.364,0.8754068175291221,0.0,Graze+Frag
8580449.201,P444,FRAG0161,0.011748466313686305,0.006,1774.138,1418.113,2.1557,4.5412,0.7257721929269793,0.0,Hit+Run
8582214.352,P444,FRAG0161,0.011748466313686305,0.006,1774.138,1418.113,1.0633,2.2399,0.6808664626348435,0.0,Graze+Merge
8589902.344,E14,PI177,0.044980000000000006,0.000625,2775.451,667.2478,11.105,36.113,0.9103437567210668,0.0,Hit+Run
8593465.86,E0,PI161,0.9642481055311339,0.000625,7710.042,667.2478,1.6766,16.075,0.9601095348189737,0.0,Hit+Run
8603140.368,P88,FRAG0157,0.011747585747585748,0.00663003663003663,1774.094,1466.107,2.1261,4.5237,0.97749794421337,0.0,Hit+Run
8615489.754,E0,PI191,0.9642481055311339,0.000625,7710.042,667.2478,1.2224,11.720,0.8312604791492495,0.0,Merge
8621934.61,P88,FRAG0157,0.011747585747585748,0.00663003663003663,1774.094,1466.107,1.5423,3.2815,0.8254500087918425,0.0,Hit+Run
8621940.278,P88,FRAG0157,0.011747585747585748,0.00663003663003663,1774.094,1466.107,1.0443,2.2219,0.1730181764249285,0.0,Merge
8628748.423,P88,FRAG0156,0.018377622377622378,0.010344322344322344,2059.477,1700.439,1.2559,3.1012,0.3210335833604241,0.0,Merge
8688587.05,P88,FRAG0160,0.028721944721944722,0.00621978021978022,2390.003,1435.221,1.3248,3.5772,0.9305157734099789,0.0,Hit+Run
8688996.397,P88,FRAG0160,0.028721944721944722,0.00621978021978022,2390.003,1435.221,1.0517,2.8398,0.7123353476564271,0.0,Graze+Merge
8760819.137,P241,PI29,0.004871128871128871,0.000625,1322.930,667.2478,39.526,58.685,0.9477050360005481,0.0,Hit+Run
8768315.063,E0,P710,0.9648731055311339,0.0024355585714285716,7711.708,1050.009,2.2901,21.498,0.7846620728092025,0.0,Merge
8808277.736,E0,PI161,0.9673086641025624,0.000625,7718.191,667.2478,0.9975,9.5748,0.6894004211458975,0.0,Perfect
8855767.624,E0,EI17,0.9679336641025624,0.00858841158841159,7719.853,1598.201,1.5727,14.384,0.997659682596763,0.0,Hit+Run
8903523.487,P222,FRAG0144,0.0030605727605727607,0.006021312021312022,1133.082,1419.790,16.312,27.487,0.3646638487546231,0.00907057609057609,Fragment
8919853.628,E0,PI168,0.9679336641025624,0.000625,7719.853,667.2478,2.0249,19.440,0.9107789087337106,0.0,Merge
8950138.306,E4,EI9,0.0346834548051948,0.01056043956043956,2545.079,1712.200,4.4415,12.936,0.8290543305034459,0.0,Hit+Run
8959575.327,E0,PI166,0.9685586641025624,0.000625,7721.514,667.2478,2.8241,27.120,0.9093217629540435,0.0,Merge
8982956.71,P32,FRAG0078,0.11033066933066932,0.005668664668664669,3743.052,1391.513,2.7995,11.888,0.39606082077484256,0.0,Merge
9033685.653,E0,P161,0.9691836641025624,0.0024355585714285716,7723.175,1050.009,1.54,14.479,0.28416600499689315,0.0,Merge
9072267.036,E0,P471,0.9716192226739909,0.0024355585714285716,7729.639,1050.009,1.7334,16.312,0.5874056276642607,0.0,Merge
9227653.401,P4,FRAG0135,0.0024355585714285716,0.00601032301032301,1050.009,1418.926,6.8916,11.387,0.9067574147718871,0.0,Hit+Run
9270790.848,E4,PI29,0.0346834548051948,0.000625,2545.079,667.2478,8.3169,24.634,0.11464366896867542,0.0,Merge
9342637.849,E4,EI9,0.0353084548051948,0.01056043956043956,2560.275,1712.200,5.8936,17.252,0.5435186101146163,0.04034032634032634,Fragment
9377943.623,P32,P225,0.11599933399933399,0.0024355585714285716,3806.089,1050.009,10.955,48.337,0.9285383064245415,0.0,Hit+Run
9378407.616,E0,PI183,0.9740547812454194,0.000625,7736.092,667.2478,1.2778,12.294,0.5779509879610928,0.0,Merge
9394108.781,P32,P225,0.11599933399933399,0.0024355585714285716,3806.089,1050.009,1.0571,4.6641,0.45215982862861304,0.0,Merge
9491474.443,EI15,FRAG0162,0.00625,0.005762903762903763,1437.541,1399.182,9.7723,17.966,0.2724855261243193,0.006485181485181486,Fragment
9559176.092,P22,P367,0.0024355585714285716,0.0024355585714285716,1050.009,1050.009,24.919,33.908,0.2175,0.0,Merge
9784266.012,P32,PI99,0.11843489257076256,0.000625,3832.543,667.2478,13.230,60.802,0.8854437635250325,0.0,Hit+Run
9784517.547,P32,PI99,0.11843489257076256,0.000625,3832.543,667.2478,1.0455,4.8047,0.9685712272803644,0.0,Hit+Run
9785632.805,P32,PI99,0.11843489257076256,0.000625,3832.543,667.2478,1.0431,4.7936,0.44178499436363444,0.0,Merge
9799078.521,P99,P485,0.0024355585714285716,0.0024355585714285716,1050.009,1050.009,18.103,24.632,0.8878,0.0,Graze+Frag
9811661.635,P491,PI141,0.0024355585714285716,0.000625,1050.009,667.2478,20.853,24.872,0.8104712835334575,0.0,Graze+Frag
9819018.54,P541,P458,0.0024355585714285716,0.0024355585714285716,1050.009,1050.009,13.327,18.133,0.45995,0.0,Merge
9824136.554,P351,PI110,0.0024355585714285716,0.000625,1050.009,667.2478,8.8429,10.547,0.5318354752300275,0.0,Merge
9841896.049,E12,PI159,0.09979,0.000625,3619.841,667.2478,5.1822,22.407,0.45730470504708615,0.0,Merge
9949473.005,E5,PI140,0.0735,0.000625,3269.060,667.2478,4.6024,17.843,0.8237619668648315,0.0,Merge
9964546.812,E0,PI9,0.9746797812454194,0.000625,7737.746,667.2478,2.799,26.937,0.956608898431682,0.0,Hit+Run
9967721.165,E0,PI9,0.9746797812454194,0.000625,7737.746,667.2478,1.0849,10.441,0.6949707029410805,0.0,Merge
9986299.991,E0,FRAG0005,0.9753047812454194,0.005598068598068598,7739.400,1385.712,1.8281,16.933,0.6547663455539023,0.0,Merge
10020038.833,P115,P834,0.0024355585714285716,0.0024355585714285716,1050.009,1050.009,16.857,22.937,0.33725,0.0,Merge
10051314.851,E0,EI17,0.980902849843488,0.00858841158841159,7754.179,1598.201,1.1699,10.751,0.8374869369278046,0.0,Hit+Run
10126382.649,P541,P491,0.004871117142857143,0.0030605727605727607,1322.929,1133.082,19.387,31.128,0.6619463866933856,0.00790863136863137,Graze+Frag
10143622.85,E15,P373,0.11428,0.0024355585714285716,3787.191,1050.009,2.332,10.234,0.893714932822849,0.0,Hit+Run
10180799.174,E0,PI63,0.980902849843488,0.000625,7754.179,667.2478,2.4244,23.384,0.9221489939817722,0.0,Hit+Run
10284756.168,P115,FRAG0145,0.004871117142857143,0.006021312021312022,1322.929,1419.790,24.369,43.387,0.8731840667115233,0.01043041625041625,Graze+Frag
10290095.531,E0,P672,0.980902849843488,0.0024355585714285716,7754.179,1050.009,1.8234,17.216,0.9754167527144947,0.0,Hit+Run
10306954.449,P364,P767,0.0030605727605727607,0.0024355585714285716,1133.082,1050.009,29.301,41.536,0.8541615895645827,0.0,Graze+Frag
10321423.365,E0,FRAG0087,0.980902849843488,0.005847818847818848,7754.179,1406.021,2.4843,23.036,0.27545357729445547,0.0,Merge
10335423.903,P228,FRAG0006,0.004871128871128871,0.005598068598068598,1322.930,1385.712,12.387,21.758,0.602601181216125,0.0,Graze+Frag
10357156.2,E0,FRAG0139,0.9867506686913068,0.00601032301032301,7769.558,1418.926,1.8351,17.041,0.6634386202523014,0.0,Merge
10358992.943,E0,P672,0.9927609917016298,0.0024355585714285716,7785.301,1050.009,1.077,10.212,0.860362248706335,0.0,Merge
10370524.569,E0,FRAG0165,0.9951965502730583,0.005762903762903763,7791.662,1399.182,1.2441,11.599,0.6715134466910637,0.0,Merge
10425006.004,P228,P61,0.01046919746919747,0.0024355585714285716,1707.254,1050.009,10.266,19.842,0.5857482691060699,0.007376956376956377,Fragment
10537538.775,P444,FRAG0155,0.017748466313686304,0.006955710955710957,2035.701,1489.730,4.9931,11.808,0.9370586488618902,0.0,Hit+Run
10538916.365,P444,FRAG0155,0.017748466313686304,0.006955710955710957,2035.701,1489.730,1.0431,2.4669,0.7916032177253914,0.0,Graze+Merge
10595006.572,E0,PI63,1.000959454035962,0.000625,7806.673,667.2478,1.1744,11.407,0.8281194155883573,0.0,Merge
10603874.6,E0,PI120,1.0015844540359622,0.000625,7808.297,667.2478,3.8489,37.392,0.4094140585075731,0.0,Merge
10613155.233,E4,PI142,0.005528568025308024,0.000625,1379.954,667.2478,19.296,29.890,0.8791874453090709,0.0,Graze+Frag
10676098.51,P22,PI134,0.004871117142857143,0.000625,1322.929,667.2478,19.672,29.208,0.5497312575448358,0.0,Merge
10685097.635,E0,P153,1.0022094540359623,0.0024355585714285716,7809.921,1050.009,1.5581,14.823,0.8032116965041627,0.0,Merge
10699591.419,E0,EI17,1.004645012607391,0.00858841158841159,7816.243,1598.201,1.2723,11.792,0.8827936080170111,0.0,Hit+Run
10756160.548,P222,P692,0.009081918081918081,0.0024355585714285716,1628.244,1050.009,10.283,19.053,0.8648696149118831,0.0,Hit+Run
10758392.538,E0,EI17,1.004645012607391,0.00858841158841159,7816.243,1598.201,1.1385,10.552,0.8622036696376056,0.0,Hit+Run
10843287.132,P222,P692,0.009081918081918081,0.0024355585714285716,1628.244,1050.009,1.4514,2.6890,0.985730067213642,0.0,Hit+Run
10866414.765,E0,PI51,1.004645012607391,0.000625,7816.243,667.2478,2.4444,23.772,0.8171430890764257,0.0,Merge
10907996.266,P88,P444,0.03494172494172494,0.024704177269397262,2551.380,2272.919,2.4198,7.6016,0.9869591445949609,0.0,Hit+Run
10914643.945,P88,P444,0.03494172494172494,0.024704177269397262,2551.380,2272.919,1.1235,3.5294,0.4024098237714638,0.0,Merge
10969492.409,E0,P793,1.005270012607391,0.0024355585714285716,7817.863,1050.009,2.8245,26.900,0.7981070048392612,0.0,Merge
11044374.861,E5,PI167,0.074125,0.000625,3278.300,667.2478,3.3729,13.116,0.9527768587780812,0.0,Hit+Run
11047251.117,E0,PI182,1.0077055711788196,0.000625,7824.172,667.2478,1.7829,17.357,0.8023733495651537,0.0,Merge
11187441.542,P364,P241,0.005496170496170497,0.004871128871128871,1377.253,1322.930,11.323,19.823,0.9976756608146731,0.0,Hit+Run
11195731.13,P364,P241,0.005496170496170497,0.004871128871128871,1377.253,1322.930,1.0446,1.8287,0.41891156453327766,0.0,Merge
11218754.265,E10,P228,0.21690907838494838,0.005527799663669665,4689.066,1379.890,2.9207,15.797,0.9819372179612134,0.0,Hit+Run
11219678.698,P88,P348,0.059645902211122204,0.0024355585714285716,3049.210,1050.009,19.052,66.241,0.945881336002114,0.0,Hit+Run
11275144.89,P88,P348,0.059645902211122204,0.0024355585714285716,3049.210,1050.009,1.2449,4.3283,0.53066353027989,0.0,Merge
11322618.411,E0,FRAG0169,1.0083305711788197,0.006485181485181486,7825.789,1455.351,1.6842,15.734,0.8779321459854895,0.0,Hit+Run
11361462.992,E0,FRAG0169,1.0083305711788197,0.006485181485181486,7825.789,1455.351,1.0714,10.009,0.7876262174078428,0.0,Merge
11414010.212,P362,FRAG0103,0.0024355585714285716,0.00782017982017982,1050.009,1549.052,15.371,27.280,0.3954309531532121,0.0,Fragment
11614832.235,P362,FRAG0168,0.010255744255744256,0.005762903762903763,1695.572,1399.182,8.2114,16.690,0.9396789760495444,0.0,Hit+Run
11696682.155,P88,P364,0.06208146078255077,0.010367299367299368,3090.161,1701.697,6.8382,23.755,0.604765984746212,0.045241218781218784,Fragment
11696825.629,P88,FRAG0177,0.027208666909756887,0.005655011655011655,2347.269,1390.395,1.0624,2.8145,0.6442067496574593,0.0,Graze+Merge
11699017.521,P88,FRAG0173,0.032863678564768545,0.005655011655011655,2499.765,1390.395,1.1782,3.3122,0.36723825880568445,0.0,Merge
11703358.495,P88,FRAG0176,0.0385186902197802,0.005655011655011655,2635.629,1390.395,1.1114,3.2890,0.6595579293667204,0.0,Graze+Merge
11718049.253,P88,FRAG0172,0.04417370187479186,0.005655011655011655,2758.767,1390.395,1.3155,4.0729,0.7352435032721405,0.0,Hit+Run
11744958.944,P88,FRAG0175,0.04417370187479186,0.005655011655011655,2758.767,1390.395,1.6573,5.1311,0.9024651898998701,0.0,Hit+Run
11745945.989,P88,FRAG0172,0.04417370187479186,0.005655011655011655,2758.767,1390.395,1.1525,3.5682,0.53610674325224,0.0,Merge
11761236.568,E0,P362,1.0148157526640011,0.010255744255744256,7842.531,1695.572,1.5606,14.454,0.7363907432984764,0.0,Merge
11785337.569,P88,FRAG0175,0.04982871352980352,0.005655011655011655,2871.797,1390.395,1.3025,4.1985,0.4969830614216674,0.0,Merge
11788203.38,P541,PI71,0.007931734931734932,0.000625,1556.383,667.2478,26.917,47.175,0.8308153953935934,0.0,Graze+Frag
11822230.989,P88,FRAG0171,0.055483725184815175,0.005655011655011655,2976.567,1390.395,1.4937,4.9933,0.8770281237188912,0.0,Hit+Run
11823936.144,P88,FRAG0171,0.055483725184815175,0.005655011655011655,2976.567,1390.395,1.017,3.3997,0.772060119481144,0.0,Graze+Merge
11878618.626,E0,E4,1.0250714969197454,0.006152847152847154,7868.861,1430.054,1.259,11.845,0.07598990791270051,0.0,Merge
12011510.204,P88,FRAG0174,0.06113873683982683,0.005655011655011655,3074.439,1390.395,1.6135,5.5755,0.9912938054536166,0.0,Hit+Run
12015397.977,P88,FRAG0174,0.06113873683982683,0.005655011655011655,3074.439,1390.395,0.9991,3.4524,0.9891591772257017,0.0,Perfect
12176272.636,E0,PI179,1.0312243440725926,0.000625,7884.574,667.2478,2.4737,24.276,0.7242121013745335,0.0,Merge
12224974.307,P88,PI82,0.06679374849483849,0.000625,3166.448,667.2478,9.1982,34.462,0.7609494234539479,0.0,Merge
12227684.741,P32,FRAG0178,0.11905989257076256,0.005655011655011655,3839.273,1390.395,3.7249,16.251,0.8349296394258318,0.0,Hit+Run
12227836.257,P32,FRAG0178,0.11905989257076256,0.005655011655011655,3839.273,1390.395,1.0566,4.6098,0.47006546041005903,0.0,Merge
12237689.409,E0,PI90,1.0318493440725927,0.000625,7886.166,667.2478,1.7559,17.235,0.4181226772155341,0.0,Merge
12321419.927,P235,P839,0.0024355585714285716,0.0024355585714285716,1050.009,1050.009,20.601,28.031,0.7281,0.0,Graze+Frag
12406848.051,E0,FRAG0168,1.0324743440725928,0.005762903762903763,7887.758,1399.182,1.2272,11.592,0.8906165910606265,0.0,Hit+Run
12521153.999,P598,P691,0.0024355585714285716,0.0024355585714285716,1050.009,1050.009,20.557,27.972,0.60105,0.0,Graze+Frag
12770198.049,E0,FRAG0168,1.0324743440725928,0.005762903762903763,7887.758,1399.182,1.1272,10.648,0.8760079649245951,0.0,Hit+Run
13134489.329,E0,PI30,1.0324743440725928,0.000625,7887.758,667.2478,1.2922,12.686,0.5443517425466253,0.0,Merge
13184835.377,P222,PI2,0.009081918081918081,0.000625,1628.244,667.2478,13.765,25.290,0.1947799847379202,0.0,Fragment
13351921.438,P88,P222,0.06741874849483849,0.009706959706959707,3176.294,1664.772,7.6209,27.176,0.3495122075001953,0.07254636696636697,Fragment
13354623.556,P88,FRAG0185,0.005529304605394594,0.005966366966366967,1380.015,1415.458,1.1036,1.9994,0.7034170769147761,0.0,Hit+Run
13364091.969,E10,P652,0.21690907838494838,0.0024355585714285716,4689.066,1050.009,3.5902,19.829,0.8702314607697851,0.0,Hit+Run
13404059.418,P88,FRAG0185,0.005529304605394594,0.005966366966366967,1380.015,1415.458,3.3148,6.0055,0.5072856960050698,0.007058454878454878,Graze+Frag
13406482.598,E0,PI38,1.0330993440725929,0.000625,7889.349,667.2478,2.8077,27.571,0.7724679276923087,0.0,Merge
13444540.228,P88,FRAG0186,0.0055293046053945935,0.005966366966366967,1380.015,1415.458,1.5261,2.7649,0.9839150649160223,0.0,Hit+Run
13522262.413,P88,FRAG0183,0.0055293046053945935,0.005966366966366967,1380.015,1415.458,2.035,3.6868,0.510346392107864,0.0,Hit+Run
13523918.555,P88,FRAG0179,0.0055293046053945935,0.005966366966366967,1380.015,1415.458,1.6572,3.0024,0.6866819804817557,0.0,Hit+Run
13526369.419,P88,FRAG0180,0.0055293046053945935,0.005966366966366967,1380.015,1415.458,1.3726,2.4867,0.879012174296056,0.0,Hit+Run
13542227.954,P88,FRAG0183,0.0055293046053945935,0.005966366966366967,1380.015,1415.458,1.8943,3.4319,0.8217475375340981,0.0,Hit+Run
13556827.631,P88,FRAG0182,0.0055293046053945935,0.005966366966366967,1380.015,1415.458,1.8125,3.2837,0.9003876809494421,0.0,Hit+Run
13574922.881,P88,FRAG0182,0.0055293046053945935,0.005966366966366967,1380.015,1415.458,1.5255,2.7638,0.7651246596324033,0.0,Hit+Run
13586503.325,E0,PI128,1.033724344072593,0.000625,7890.940,667.2478,2.5604,25.148,0.6594387041511293,0.0,Merge
13599876.588,P115,P728,0.010892440892440894,0.0024355585714285716,1729.958,1050.009,11.804,23.091,0.9170750517735419,0.0,Hit+Run
13624769.579,P88,FRAG0183,0.0055293046053945935,0.005966366966366967,1380.015,1415.458,1.8587,3.3674,0.142124904515239,0.0,Merge
13629115.896,P88,FRAG0186,0.01149567157176156,0.005966366966366967,1761.321,1415.458,1.1521,2.4132,0.18473810069908841,0.0,Merge
13635476.631,P88,FRAG0182,0.017462038538128527,0.005966366966366967,2024.691,1415.458,1.3567,3.1631,0.7808847094206165,0.0,Hit+Run
13655206.989,P88,FRAG0180,0.017462038538128527,0.005966366966366967,2024.691,1415.458,1.2322,2.8729,0.2995117791861258,0.0,Merge
13711070.878,P88,FRAG0189,0.023428405504495493,0.005966366966366967,2233.099,1415.458,1.6572,4.2024,0.07179345073273974,0.0,Merge
13721240.95,P88,FRAG0182,0.02939477247086246,0.005966366966366967,2408.521,1415.458,1.2098,3.2868,0.8172891808523082,0.0,Hit+Run
13721843.943,P88,FRAG0184,0.02939477247086246,0.005966366966366967,2408.521,1415.458,1.6039,4.3575,0.4489547843029633,0.0,Merge
13770659.993,P88,FRAG0191,0.035361139437229426,0.005966366966366967,2561.548,1415.458,2.6819,7.7239,0.9200174501801096,0.0,Hit+Run
13770669.836,P88,FRAG0191,0.035361139437229426,0.005966366966366967,2561.548,1415.458,1.05,3.0240,0.49833205068912834,0.0,Merge
13830978.332,P88,FRAG0182,0.04132750640359639,0.005966366966366967,2698.196,1415.458,1.4807,4.4855,0.9197856628266845,0.0,Hit+Run
13831261.137,P88,FRAG0182,0.04132750640359639,0.005966366966366967,2698.196,1415.458,1.0372,3.1420,0.9786865774111787,0.0,Hit+Run
13869933.213,P88,FRAG0179,0.04132750640359639,0.005966366966366967,2698.196,1415.458,1.5101,4.5745,0.9047652736954492,0.0,Hit+Run
13874023.196,P123,PI85,0.0024355585714285716,0.000625,1050.009,667.2478,17.508,20.882,0.9594806021280283,0.0,Hit+Run
13899467.649,P88,FRAG0181,0.04132750640359639,0.005966366966366967,2698.196,1415.458,1.7544,5.3146,0.9489737552432769,0.0,Hit+Run
13921598.956,P88,FRAG0179,0.04132750640359639,0.005966366966366967,2698.196,1415.458,1.2623,3.8239,0.9004362532471457,0.0,Hit+Run
13941791.2,P88,FRAG0182,0.04132750640359639,0.005966366966366967,2698.196,1415.458,1.3494,4.0877,0.45900734995800735,0.0,Merge
13994153.708,P88,FRAG0181,0.04729387336996336,0.005966366966366967,2822.250,1415.458,1.2896,4.0845,0.9091360050079376,0.0,Hit+Run
14002876.95,P88,FRAG0181,0.04729387336996336,0.005966366966366967,2822.250,1415.458,1.1225,3.5553,0.7012155151072137,0.0,Hit+Run
14012833.404,E0,P168,1.034349344072593,0.0024355585714285716,7892.530,1050.009,1.5092,14.518,0.8709325065580981,0.0,Merge
14106852.402,E0,P475,1.0367849026440217,0.0024355585714285716,7898.720,1050.009,2.2342,21.510,0.9476278725212968,0.0,Hit+Run
14133442.769,P88,FRAG0188,0.04729387336996336,0.005966366966366967,2822.250,1415.458,2.0623,6.5319,0.10056372189304709,0.0,Merge
14434726.046,E0,P598,1.0367849026440217,0.004871128871128871,7898.720,1322.930,1.3774,13.079,0.25850401613841256,0.0,Merge
14436416.149,E0,PI129,1.0416560315151506,0.000625,7911.071,667.2478,2.4877,24.498,0.953941208569328,0.0,Hit+Run
14473792.762,E0,PI129,1.0416560315151506,0.000625,7911.071,667.2478,1.0521,10.361,0.4372230539276087,0.0,Merge
14563010.28,E0,FRAG0140,1.0422810315151507,0.00601032301032301,7912.653,1418.926,2.635,24.951,0.6435044156151203,0.0,Merge
14683787.374,E0,PI15,1.0482913545254737,0.000625,7927.833,667.2478,1.2703,12.537,0.8342824340810308,0.0,Merge
14792597.453,E0,PI88,1.0489163545254738,0.000625,7929.408,667.2478,2.115,20.878,0.4271555043775091,0.0,Merge
15052494.407,P541,P745,0.008556776556776557,0.0024355585714285716,1596.236,1050.009,21.700,39.514,0.7986471627659536,0.0,Graze+Frag
15177476.309,P88,FRAG0181,0.053260240336330325,0.005966366966366967,2936.262,1415.458,2.0032,6.6025,0.5941724488128913,0.0,Merge
15203075.914,E0,PI20,1.049541354525474,0.000625,7930.983,667.2478,1.7742,17.517,0.7877271048511054,0.0,Merge
15336037.539,E0,P728,1.050166354525474,0.0024355585714285716,7932.557,1050.009,2.6929,26.044,0.9598477112379028,0.0,Hit+Run
15430395.148,P88,FRAG0187,0.05922660730269729,0.005966366966366967,3042.048,1415.458,2.6483,9.0485,0.9000218010945464,0.0,Hit+Run
15435800.709,P88,FRAG0187,0.05922660730269729,0.005966366966366967,3042.048,1415.458,1.1297,3.8598,0.27489291892696643,0.0,Merge
15466600.06,P423,PI151,0.0024355585714285716,0.000625,1050.009,667.2478,40.766,48.622,0.8442842310848723,0.0,Graze+Frag
15609917.188,P475,PI192,0.0024355585714285716,0.000625,1050.009,667.2478,15.557,18.555,0.41890145329971473,0.0,Merge
16014868.379,E12,P115,0.100415,0.010892440892440894,3627.382,1729.958,5.7632,23.469,0.9106812346221479,0.0,Hit+Run
16024755.119,P88,P323,0.06519297426906426,0.0024355585714285716,3140.948,1050.009,15.457,55.475,0.6360652415743192,0.029397975357975357,Fragment
16035150.491,P88,FRAG0195,0.03823126344322344,0.005879453879453879,2629.057,1408.551,1.0559,3.1181,0.6700903389829818,0.0,Graze+Merge
16044536.013,P88,FRAG0190,0.044110717322677316,0.005966366966366967,2757.455,1415.458,1.1964,3.7028,0.9894797526449753,0.0,Hit+Run
16054763.251,P88,FRAG0196,0.044110717322677316,0.005879453879453879,2757.455,1408.551,1.094,3.3857,0.2627719475174551,0.0,Merge
16062628.343,E0,PI102,1.050166354525474,0.000625,7932.557,667.2478,1.6042,15.842,0.7607125839259334,0.0,Merge
16133114.453,P88,FRAG0179,0.049990171202131194,0.005966366966366967,2874.895,1415.458,1.0418,3.3614,0.9837495861654576,0.0,Hit+Run
16139825.967,P88,FRAG0179,0.049990171202131194,0.005966366966366967,2874.895,1415.458,1.1055,3.5669,0.5449789104477669,0.0,Merge
16157623.657,P123,P508,0.0024355585714285716,0.0024355585714285716,1050.009,1050.009,16.219,22.069,0.86705,0.0,Graze+Frag
16197068.404,P88,FRAG0192,0.05595653816849816,0.005879453879453879,2984.998,1408.551,1.3358,4.4772,0.6162879523139924,0.0,Merge
16312643.564,P88,FRAG0193,0.06183599204795204,0.005879453879453879,3086.083,1408.551,1.4125,4.8982,0.18435608759213823,0.0,Merge
16354698.999,E3,PI58,0.5024639241891442,0.000625,6204.338,667.2478,2.0042,15.321,0.27150129344798735,0.0,Merge
16386566.032,EI12,PI32,0.008685647685647686,0.000625,1604.210,667.2478,14.494,26.217,0.6186722709474335,0.0,Fragment
16426906.678,P88,FRAG0190,0.06771544592740592,0.005966366966366967,3180.947,1415.458,1.7114,6.1218,0.7728825338080442,0.0,Hit+Run
16427160.789,P88,FRAG0190,0.06771544592740592,0.005966366966366967,3180.947,1415.458,1.0474,3.7466,0.4077564370699316,0.0,Merge
16733583.942,EI17,FRAG0167,0.00858841158841159,0.005762903762903763,1598.201,1399.182,4.1098,8.0343,0.6053938922526023,0.008646353646353647,Graze+Frag
16942327.944,P235,P278,0.004871128871128871,0.0024355585714285716,1322.930,1050.009,35.689,55.951,0.5746223246879799,0.007304442224442224,Graze+Frag
17071020.852,P123,PI193,0.004871128871128871,0.000625,1322.930,667.2478,26.391,39.183,0.950098062674885,0.0,Hit+Run
17209572.495,P541,P501,0.010992340992340994,0.0024355585714285716,1735.230,1050.009,6.1251,12.015,0.46339430864270725,0.012448065268065267,Fragment
17276126.13,EI17,EI4,0.005704961704961705,0.005527799663669663,1394.477,1379.890,6.6119,11.886,0.8155655631600752,0.0,Hit+Run
17279901.999,P728,FRAG0197,0.0024355585714285716,0.008646353646353647,1050.009,1601.787,9.8151,17.926,0.4919822919988488,0.010911888111888111,Graze+Frag
17300455.811,E0,P351,1.0507913545254741,0.0030605585714285717,7934.130,1133.080,2.2536,21.706,0.8830857203390977,0.0,Hit+Run
17334349.071,P88,FRAG0194,0.07368181289377289,0.005879453879453879,3271.753,1408.551,1.2941,4.7669,0.23362151909777581,0.0,Merge
17572112.945,EI4,P22,0.005527799663669663,0.005496117142857143,1379.890,1377.249,19.400,34.658,0.49417296253168624,0.0,Fragment
17945505.534,E0,P134,1.0507913545254741,0.0024355585714285716,7934.130,1050.009,2.4099,23.311,0.8251048900184125,0.0,Merge
17989078.092,E0,EI4,1.0532269130969028,0.011023976023976024,7940.255,1736.893,1.1294,10.581,0.9966807501393657,0.0,Hit+Run
18126300.217,P337,PI93,0.0024355585714285716,0.000625,1050.009,667.2478,20.093,23.966,0.7737233965924084,0.0,Graze+Frag
18235772.21,E0,P678,1.0532269130969028,0.0024355585714285716,7940.255,1050.009,1.4388,13.929,0.2524202507102156,0.0,Merge
18393284.07,E0,EI4,1.0556624716683314,0.011023976023976024,7946.371,1736.893,1.2993,12.183,0.9289524027107097,0.0,Hit+Run
18666188.36,E0,EI4,1.0556624716683314,0.011023976023976024,7946.371,1736.893,1.4544,13.637,0.441990957685502,0.0,Merge
18974357.87,P728,PI33,0.005527799663669664,0.000625,1379.890,667.2478,17.309,26.811,0.8492459830383818,0.0,Graze+Frag
19062181.895,P541,P99,0.005527799663669664,0.004871128871128871,1379.890,1322.930,20.314,35.599,0.31081499714012034,0.010394485514485515,Fragment
19150452.18,P235,PI160,0.0073066933066933066,0.000625,1514.377,667.2478,18.619,31.718,0.20970302669256854,0.007827372627372627,Fragment
19175858.646,E0,PI193,1.0666864476923075,0.000625,7973.936,667.2478,2.8152,27.952,0.46997329216969147,0.0,Merge
19290088.11,E0,PI100,1.0673114476923076,0.000625,7975.493,667.2478,3.4987,34.746,0.702340595210085,0.0,Merge
19447693.921,E0,P746,1.0679364476923077,0.0024355585714285716,7977.050,1050.009,1.3456,13.090,0.9378516716791968,0.0,Hit+Run
19542840.108,E0,P746,1.0679364476923077,0.0024355585714285716,7977.050,1050.009,1.1389,11.079,0.7460926848193216,0.0,Merge
19856583.89,E12,FRAG0199,0.100415,0.005554112554112554,3627.382,1382.076,4.1747,17.154,0.9293184757966335,0.0,Hit+Run
20034168.912,E0,P232,1.0703720062637363,0.0024355585714285716,7983.109,1050.009,1.7418,16.958,0.5899097971090526,0.0,Merge
20728879.294,E0,FRAG0137,1.072807564835165,0.00601032301032301,7989.160,1418.926,2.4306,23.253,0.035665566410516894,0.0,Merge
21155637.639,E0,FRAG0002,1.078817887845488,0.005598068598068598,8004.051,1385.712,4.4136,42.376,0.8669142379197359,0.0,Hit+Run
21309636.226,E3,E12,0.5030889241891442,0.100415,6206.909,3627.382,1.0661,7.4614,0.6317807506624619,0.009486267066267066,Graze+Merge
21349447.973,P692,PI173,0.0024355585714285716,0.000625,1050.009,667.2478,29.040,34.636,0.08682529027668877,0.009486267066267066,Merge
21449061.774,E5,P142,0.074125,0.0024355585714285716,3278.300,1050.009,2.7972,10.510,0.914646903747736,0.0,Hit+Run
21459542.874,E0,FRAG0002,1.078817887845488,0.005598068598068598,8004.051,1385.712,1.2837,12.325,0.8091199553917536,0.0,Merge
21695402.586,E13,PI172,0.024655558571428572,0.000625,2271.427,667.2478,6.1549,16.128,0.3164427047982433,0.0,Merge
21713379.022,E0,P123,1.0844159564435565,0.004871128871128871,8017.872,1322.930,1.9932,19.230,0.418541596605666,0.0,Merge
22197319.369,P32,PI14,0.12471490422577422,0.000625,3899.120,667.2478,6.454,30.209,0.37963406049759907,0.0,Merge
23054378.122,E0,PI45,1.0892870853146854,0.000625,8029.859,667.2478,2.289,22.893,0.07700149684425826,0.0,Merge
23240447.544,EI17,PI117,0.005704961704961705,0.000625,1394.477,667.2478,4.7448,7.4278,0.9571231098629063,0.0,Hit+Run
23604314.732,P32,FRAG0199,0.1253399042257742,0.005554112554112554,3905.622,1382.076,8.4837,37.711,0.0996404087670608,0.031127625707625707,Fragment
23604428.214,P32,FRAG0201,0.09976681065268064,0.0062254412254412255,3619.560,1435.656,1.0824,4.4280,0.49533224477230914,0.0,Merge
23604430.769,P32,FRAG0203,0.10599225187812186,0.0062254412254412255,3693.333,1435.656,1.0891,4.5513,0.880957894978492,0.0,Hit+Run
23604759.856,P32,FRAG0202,0.10599225187812186,0.0062254412254412255,3693.333,1435.656,1.0143,4.2387,0.7292349683216599,0.0,Graze+Merge
23604803.928,P32,FRAG0203,0.11221769310356308,0.0062254412254412255,3764.271,1435.656,1.033,4.4046,0.6693256969556028,0.0,Merge
23605985.076,P32,FRAG0204,0.1184431343290043,0.0062254412254412255,3832.632,1435.656,1.2063,5.2427,0.8809187468045041,0.0,Hit+Run
23609096.708,P32,FRAG0204,0.1184431343290043,0.0062254412254412255,3832.632,1435.656,0.9752,4.2383,0.413505835067867,0.0,Perfect
23609884.028,P32,FRAG0200,0.12466857555444552,0.0062254412254412255,3898.637,1435.656,1.1255,4.9810,0.2264944040567353,0.0,Merge
24318970.597,E0,PI190,1.0899120853146855,0.000625,8031.395,667.2478,2.5537,25.545,0.6750194254916084,0.0,Merge
24568699.771,E0,FRAG0170,1.0905370853146856,0.007376956376956377,8032.930,1519.216,2.0662,19.790,0.3152742224639381,0.0,Merge
24903937.154,E0,PI59,1.097914041691642,0.000625,8051.002,667.2478,2.5107,25.179,0.6016377041424308,0.0,Merge
25407025.024,P235,P475,0.007931734931734932,0.0030605585714285717,1556.383,1133.080,4.5686,8.2518,0.6014392979298082,0.0,Graze+Frag
25807517.915,E10,E15,0.21690907838494838,0.11428,4689.066,3787.191,1.5799,8.8231,0.8210042541320088,0.0,Hit+Run
27330458.535,P92,P162,0.0024355585714285716,0.0024355585714285716,1050.009,1050.009,6.2165,8.4587,0.99475,0.0,Hit+Run
27856290.14,E0,P652,1.098539041691642,0.0024355585714285716,8052.530,1050.009,2.0758,20.396,0.49770211895425687,0.0,Merge
28764420.237,E0,P728,1.1009746002630707,0.006152847152847154,8058.476,1430.054,3.2514,31.378,0.9736214779463948,0.0,Hit+Run
28864602.344,E0,P728,1.1009746002630707,0.006152847152847154,8058.476,1430.054,1.0675,10.302,0.18353070602251909,0.0,Merge
29426164.217,P32,P71,0.13089401677988674,0.0024355585714285716,3962.480,1050.009,14.647,67.494,0.8123397007789683,0.0,Graze+Frag
29430399.419,E0,PI181,1.1071274474159178,0.000625,8073.460,667.2478,2.6982,27.138,0.4866775278321055,0.0,Merge
29568478.489,E3,E5,0.6035039241891442,0.074125,6595.087,3278.300,1.376,10.184,0.37646563690853396,0.02225774225774226,Fragment
29669434.352,E3,FRAG0208,0.655371181931402,0.005564435564435565,6778.854,1382.932,1.0262,8.2504,0.2850482296859951,0.0,Merge
29859699.254,P88,PI119,0.07956126677322677,0.000625,3356.560,667.2478,14.842,59.194,0.8305880665131659,0.0,Merge
30302998.285,P88,FRAG0143,0.08018626677322677,0.006021312021312022,3365.326,1419.790,17.869,67.762,0.31852019229121387,0.08068065268065269,Fragment
30305009.354,P88,FRAG0210,0.0055269261138860964,0.005762903762903763,1379.817,1399.182,1.0548,1.8994,0.8051502115569382,0.0,Hit+Run
30305035.856,P88,FRAG0210,0.0055269261138860964,0.005762903762903763,1379.817,1399.182,1.0222,1.8407,0.9197460852787818,0.0,Graze+Merge
30310943.109,P88,FRAG0218,0.01128982987678986,0.005762903762903763,1750.745,1399.182,1.8913,3.9315,0.8946236302516524,0.0,Hit+Run
30317750.507,P88,FRAG0218,0.01128982987678986,0.005762903762903763,1750.745,1399.182,1.3192,2.7422,0.9276384436443885,0.0,Hit+Run
30329560.901,P88,FRAG0213,0.01128982987678986,0.005762903762903763,1750.745,1399.182,1.8224,3.7883,0.8868423611018491,0.0,Hit+Run
30330147.904,P88,FRAG0213,0.01128982987678986,0.005762903762903763,1750.745,1399.182,1.0652,2.2142,0.9535945343083746,0.0,Hit+Run
30452443.583,P88,FRAG0222,0.01128982987678986,0.005762903762903763,1750.745,1399.182,1.0654,2.2147,0.7207122647535521,0.0,Graze+Merge
30497130.715,P88,FRAG0217,0.017052733639693625,0.005762903762903763,2008.746,1399.182,1.2037,2.7825,0.6114191243812054,0.0,Hit+Run
30515009.205,P88,FRAG0213,0.017052733639693625,0.005762903762903763,2008.746,1399.182,1.7726,4.0976,0.7980336956518982,0.0,Hit+Run
30555268.661,P88,FRAG0218,0.017052733639693625,0.005762903762903763,2008.746,1399.182,1.6985,3.9263,0.47685151029055733,0.0,Merge
30621927.273,P88,FRAG0209,0.02281563740259739,0.005762903762903763,2213.458,1399.182,1.4736,3.7029,0.559087102819691,0.0,Merge
30636423.212,E3,FRAG0198,0.6609356174958375,0.007900099900099902,6797.985,1554.311,1.3661,10.921,0.6907621145392763,0.0,Merge
30661782.212,P88,FRAG0215,0.028578541165501153,0.005762903762903763,2386.018,1399.182,1.6162,4.3492,0.5588093255468135,0.0,Merge
30686698.196,P88,FRAG0212,0.034341444928404914,0.005762903762903763,2536.685,1399.182,1.6954,4.8350,0.7184294911694409,0.0,Hit+Run
30763951.817,P88,FRAG0213,0.034341444928404914,0.005762903762903763,2536.685,1399.182,1.0376,2.9591,0.8336669479031774,0.0,Graze+Merge
30944172.945,P88,FRAG0219,0.040104348691308675,0.005762903762903763,2671.310,1399.182,1.7035,5.1088,0.49816861096850745,0.0,Merge
30964512.804,P88,FRAG0212,0.045867252454212436,0.005762903762903763,2793.582,1399.182,1.2427,3.8960,0.9208078591879479,0.0,Hit+Run
30967195.438,P88,FRAG0212,0.045867252454212436,0.005762903762903763,2793.582,1399.182,1.111,3.4831,0.3955076304008437,0.0,Merge
31025270.783,P88,FRAG0221,0.051630156217116197,0.005762903762903763,2905.995,1399.182,1.37,4.4690,0.6679126393439808,0.0,Merge
31270014.319,P88,FRAG0211,0.05739305998001996,0.005762903762903763,3010.326,1399.182,1.2791,4.3248,0.8746621438739911,0.0,Hit+Run
31270132.921,P88,FRAG0211,0.05739305998001996,0.005762903762903763,3010.326,1399.182,1.0493,3.5478,0.7706884906488829,0.0,Graze+Merge
31543813.631,E0,FRAG0207,1.107752447415918,0.005564435564435565,8074.979,1382.932,1.2484,12.101,0.33391350819056353,0.0,Merge
31732624.78,P527,FRAG0205,0.0024355585714285716,0.005564435564435565,1050.009,1382.932,8.3074,13.458,0.9625966952223521,0.0,Hit+Run
31810034.486,P88,FRAG0216,0.06315596374292372,0.005762903762903763,3107.887,1399.182,2.0478,7.1542,0.7722363746954325,0.0,Hit+Run
31812432.873,P88,FRAG0216,0.06315596374292372,0.005762903762903763,3107.887,1399.182,1.0346,3.6145,0.5948819720062056,0.0,Merge
32851808.077,E0,PI139,1.1133168829803535,0.000625,8088.477,667.2478,1.5591,15.711,0.7158471694226446,0.0,Merge
32943871.061,P32,FRAG0220,0.13332667332667333,0.005762903762903763,3986.877,1399.182,14.169,64.332,0.7169045520074173,0.038757575757575755,Fragment
32944097.723,P32,FRAG0225,0.10033200133200133,0.005536796536796537,3626.383,1380.638,1.0383,4.2655,0.30846212010203866,0.0,Merge
32944530.464,P32,FRAG0228,0.10586879786879787,0.005536796536796537,3691.899,1380.638,1.005,4.2078,0.5348755984610195,0.0,Merge
32944966.473,P32,FRAG0223,0.1114055944055944,0.005536796536796537,3755.169,1380.638,1.0221,4.3574,0.41867023465769354,0.0,Merge
32945087.887,P32,FRAG0224,0.11694239094239094,0.005536796536796537,3816.376,1380.638,1.6575,7.1889,0.7395538673492766,0.0,Hit+Run
32945963.625,P32,FRAG0226,0.11694239094239094,0.005536796536796537,3816.376,1380.638,1.3186,5.7190,0.6829362492650455,0.0,Merge
32951060.793,P32,FRAG0227,0.12247918747918747,0.005536796536796537,3875.680,1380.638,1.2371,5.4544,0.9290450601373058,0.0,Hit+Run
32951071.607,P32,FRAG0227,0.12247918747918747,0.005536796536796537,3875.680,1380.638,1.0451,4.6079,0.5724687180084159,0.0,Merge
33074848.977,P88,FRAG0217,0.06891886750582749,0.005762903762903763,3199.680,1399.182,2.9009,10.444,0.8205730841140507,0.0,Hit+Run
33112233.798,P88,FRAG0217,0.06891886750582749,0.005762903762903763,3199.680,1399.182,1.1212,4.0366,0.5300955000733384,0.0,Merge
33307536.239,P88,FRAG0214,0.07468177126873125,0.005762903762903763,3286.488,1399.182,3.2808,12.145,0.7215912849508624,0.0,Hit+Run
33413779.909,P88,FRAG0214,0.07468177126873125,0.005762903762903763,3286.488,1399.182,1.8875,6.9872,0.9552948387471568,0.0,Hit+Run
33414123.184,P88,FRAG0214,0.07468177126873125,0.005762903762903763,3286.488,1399.182,1.0013,3.7066,0.8408277919897882,0.0,Graze+Merge
33486699.184,E13,PI187,0.025280558571428573,0.000625,2290.460,667.2478,7.4928,19.811,0.35777452846106367,0.0,Merge
33984491.009,EI17,FRAG0224,0.005704961704961705,0.005536796536796537,1394.477,1380.638,31.473,56.594,0.9565462984967019,0.0,Hit+Run
33984580.106,EI17,FRAG0224,0.005704961704961705,0.005536796536796537,1394.477,1380.638,1.0375,1.8656,0.7214799198264156,0.0,Graze+Merge
34560275.959,P88,EI17,0.08044467503163502,0.011241758241758243,3368.937,1748.256,9.414,35.601,0.4669721631033758,0.08615884115884115,Fragment
34560454.573,P88,FRAG0233,0.005527592114552116,0.005743922743922745,1379.873,1397.644,1.5503,2.7902,0.40558823030059843,0.0,Merge
34560515.069,P88,FRAG0242,0.01127151485847486,0.005743922743922745,1749.798,1397.644,1.5478,3.2152,0.7232816114354634,0.0,Hit+Run
34560715.032,P88,FRAG0232,0.01127151485847486,0.005743922743922745,1749.798,1397.644,1.386,2.8791,0.958612207992444,0.0,Hit+Run
34561840.144,P88,FRAG0232,0.01127151485847486,0.005743922743922745,1749.798,1397.644,1.0712,2.2252,0.696985515954374,0.0,Graze+Merge
34578642.578,P88,FRAG0235,0.017015437602397605,0.005743922743922745,2007.281,1397.644,1.9992,4.6178,0.8204977895065505,0.0,Hit+Run
34606918.204,P235,P679,0.010992340992340994,0.0024355585714285716,1735.230,1050.009,7.5226,14.756,0.9755079436310179,0.0,Hit+Run
34639626.451,P88,FRAG0243,0.017015437602397605,0.005743922743922745,2007.281,1397.644,1.0466,2.4174,0.6405164882158839,0.0,Graze+Merge
34646892.436,P88,FRAG0241,0.02275936034632035,0.005743922743922745,2211.637,1397.644,3.3791,8.4838,0.8583595332969657,0.0,Hit+Run
34647386.62,P88,FRAG0241,0.02275936034632035,0.005743922743922745,2211.637,1397.644,1.0366,2.6025,0.5321853616993252,0.0,Merge
34656735.085,P88,FRAG0242,0.028503283090243095,0.005743922743922745,2383.922,1397.644,1.8887,5.0780,0.5925186025988485,0.0,Merge
34670199.727,P88,FRAG0230,0.034247205834165836,0.005743922743922745,2534.363,1397.644,2.1319,6.0743,0.73575026640291,0.0,Hit+Run
34725575.543,P88,FRAG0240,0.034247205834165836,0.005743922743922745,2534.363,1397.644,1.6022,4.5650,0.7916324811178749,0.0,Hit+Run
34739043.017,P88,FRAG0238,0.034247205834165836,0.005743922743922745,2534.363,1397.644,1.8239,5.1967,0.8872832384846658,0.0,Hit+Run
34756576.287,P88,FRAG0238,0.034247205834165836,0.005743922743922745,2534.363,1397.644,1.0499,2.9914,0.27367460632034657,0.0,Merge
34792135.419,P88,FRAG0244,0.03999112857808858,0.005743922743922745,2668.794,1397.644,2.668,7.9939,0.7581550507849564,0.0,Hit+Run
34821769.401,P88,FRAG0234,0.03999112857808858,0.005743922743922745,2668.794,1397.644,1.5932,4.7735,0.3401590744648917,0.0,Merge
34895916.206,P88,FRAG0240,0.04573505132201132,0.005743922743922745,2790.895,1397.644,1.6828,5.2707,0.36121045900462856,0.0,Merge
34999242.008,P88,FRAG0244,0.05147897406593406,0.005743922743922745,2903.156,1397.644,2.0258,6.6018,0.8622794251265316,0.0,Hit+Run
34999532.068,P88,FRAG0244,0.05147897406593406,0.005743922743922745,2903.156,1397.644,1.0104,3.2927,0.7018255192610419,0.0,Graze+Merge
35034119.11,P32,FRAG0239,0.12801598401598402,0.005743922743922745,3933.223,1397.644,3.7788,16.911,0.9242676749433045,0.0,Hit+Run
35037237.843,P32,FRAG0239,0.12801598401598402,0.005743922743922745,3933.223,1397.644,1.2156,5.4401,0.7857787768936053,0.0,Hit+Run
35055032.721,P32,FRAG0239,0.12801598401598402,0.005743922743922745,3933.223,1397.644,1.4531,6.5030,0.857716270552879,0.0,Hit+Run
35055034.352,P32,FRAG0239,0.12801598401598402,0.005743922743922745,3933.223,1397.644,1.0473,4.6869,0.20009690543994907,0.0,Merge
35063486.454,P88,FRAG0236,0.0572228968098568,0.005743922743922745,3007.348,1397.644,3.2047,10.825,0.9780554933343512,0.0,Hit+Run
35086361.635,P88,FRAG0236,0.0572228968098568,0.005743922743922745,3007.348,1397.644,1.1319,3.8233,0.7367162382082215,0.0,Hit+Run
35241617.0,P88,FRAG0230,0.0572228968098568,0.005743922743922745,3007.348,1397.644,1.6322,5.5133,0.2768403619622221,0.0,Merge
35264645.67,P88,FRAG0235,0.06296681955377954,0.005743922743922745,3104.781,1397.644,1.2952,4.5204,0.7929477170828775,0.0,Hit+Run
35290867.256,P88,FRAG0235,0.06296681955377954,0.005743922743922745,3104.781,1397.644,1.0598,3.6988,0.5664207799042313,0.0,Merge
36252666.067,P88,FRAG0236,0.06871074229770228,0.005743922743922745,3196.456,1397.644,2.2999,8.2720,0.9850073541296126,0.0,Hit+Run
36258968.148,P88,FRAG0236,0.06871074229770228,0.005743922743922745,3196.456,1397.644,1.0948,3.9376,0.5055494409200936,0.0,Merge
36381482.471,E0,P11,1.1139418829803536,0.0024355585714285716,8089.990,1050.009,1.6001,15.799,0.14790343167523526,0.0,Merge
36551790.668,P88,FRAG0237,0.07445466504162503,0.005743922743922745,3283.153,1397.644,2.8038,10.368,0.5520088148789788,0.0,Merge
36570031.961,E0,FRAG0135,1.1163774415517822,0.00601032301032301,8095.882,1418.926,1.5995,15.520,0.8472130683485227,0.0,Merge
36603664.51,P88,FRAG0231,0.08019858778554777,0.005743922743922745,3365.498,1397.644,2.0332,7.7160,0.5519025839618018,0.0,Merge
36653602.985,P88,P235,0.08594251052947051,0.010992340992340994,3444.000,1735.230,4.5618,17.631,0.5773879244837753,0.02287179487179487,Fragment
36653856.202,P88,FRAG0248,0.07406305665001663,0.0057179487179487174,3277.387,1395.534,1.0904,4.0253,0.49831426123487266,0.0,Merge
36665806.279,P88,FRAG0245,0.07978100536796534,0.0057179487179487174,3359.647,1395.534,1.1798,4.4695,0.47259350600581496,0.0,Merge
36687837.033,P88,FRAG0246,0.08549895408591406,0.0057179487179487174,3438.065,1395.534,1.0909,4.2339,0.5720862262461724,0.0,Merge
36765911.09,E13,P610,0.025905558571428573,0.0024355585714285716,2309.182,1050.009,8.6931,22.559,0.49178161926224406,0.021894105894105894,Fragment
37362722.346,E0,EI12,1.1223877645621052,0.009310689310689312,8110.385,1641.803,2.8171,27.112,0.48210617658334315,0.0,Merge
37832053.656,P88,FRAG0247,0.09121690280386277,0.0057179487179487174,3513.060,1395.534,1.2858,5.1049,0.9386349365866984,0.0,Hit+Run
37834144.124,P88,FRAG0247,0.09121690280386277,0.0057179487179487174,3513.060,1395.534,1.0282,4.0822,0.9145159908276654,0.0,Hit+Run
37882765.719,P88,FRAG0247,0.09121690280386277,0.0057179487179487174,3513.060,1395.534,1.3501,5.3602,0.27904976117053276,0.0,Merge
38430260.347,E0,P843,1.1316984538727946,0.0024355585714285716,8132.750,1050.009,2.9658,29.447,0.48011315179737807,0.0,Merge
38543044.003,PI189,FRAG0249,0.000625,0.007298035298035298,667.2478,1513.779,13.204,22.484,0.36164325855247026,0.0,Graze+Frag
40837005.951,E3,P211,0.6688357173959374,0.0024355585714285716,6824.963,1050.009,2.8902,23.840,0.7333718930398169,0.0,Merge
41277037.396,E0,P787,1.1341340124442232,0.0024355585714285716,8138.580,1050.009,3.6664,36.430,0.7333817651513039,0.0,Merge
43273986.391,E0,EI15,1.1365695710156518,0.005527722277722277,8144.401,1379.884,1.7616,17.234,0.3664186726397974,0.0,Merge
44763864.913,E0,FRAG0206,1.1420972932933742,0.005564435564435565,8157.584,1382.932,2.3869,23.389,0.37442481661929683,0.0,Merge
45748811.933,E10,FRAG0163,0.21690907838494838,0.005762903762903763,4689.066,1399.182,5.5272,29.864,0.7352938437228668,0.0,Merge
46294937.702,P373,FRAG0084,0.0024355585714285716,0.005847818847818848,1050.009,1406.021,11.896,19.519,0.5406884199575474,0.0,Graze+Frag
46530368.621,E0,P527,1.1476617288578097,0.0024355585714285716,8170.810,1050.009,2.0373,20.328,0.9151911416868073,0.0,Hit+Run
46577317.523,E10,P337,0.22267198214785214,0.0030605727605727607,4730.231,1133.082,1.6886,9.3607,0.9676972640038215,0.0,Hit+Run
47346901.644,E0,P527,1.1476617288578097,0.0024355585714285716,8170.810,1050.009,1.07,10.676,0.5359291271225611,0.0,Merge
48224031.932,P423,P679,0.0030605727605727607,0.0024355585714285716,1133.082,1050.009,27.010,38.289,0.745373676109678,0.0,Graze+Frag
48748696.558,E0,P423,1.1500972874292383,0.005496170496170497,8176.586,1377.253,1.4424,14.172,0.8875091204288915,0.0,Hit+Run
48846943.761,E0,P423,1.1500972874292383,0.005496170496170497,8176.586,1377.253,1.0253,10.074,0.6726069602170356,0.0,Merge
49122069.094,E0,FRAG0250,1.1555934579254088,0.007298035298035298,8189.590,1513.779,1.9697,19.264,0.9736320545854389,0.0,Hit+Run
50899151.715,E0,FRAG0250,1.1555934579254088,0.007298035298035298,8189.590,1513.779,1.0653,10.419,0.3408049788848823,0.0,Merge
51260484.912,E3,PI189,0.6712712759673659,0.007922743922743922,6833.237,1555.795,1.2307,9.8935,0.45712218802379745,0.0,Merge
52847322.133,E0,P542,1.162891493223444,0.0024355585714285716,8206.795,1050.009,4.4783,44.891,0.17926422484881355,0.0,Merge
52878136.239,E0,P47,1.1653270517948726,0.0024355585714285716,8212.520,1050.009,2.8349,28.438,0.7242953842194108,0.0,Merge
53616126.444,E0,P337,1.1677626103663012,0.0030605727605727607,8218.237,1133.082,1.3723,13.718,0.4192027895152443,0.0,Merge
54138721.014,E3,P228,0.6791940198901099,0.005527799663669665,6860.016,1379.890,2.7652,22.520,0.7700954905174985,0.0,Merge
54328243.289,E3,E10,0.6847218195537795,0.22267198214785214,6878.576,4730.231,1.1719,9.2566,0.8560885432226742,0.0,Hit+Run
54847225.573,E0,PI198,1.170823183126874,0.000625,8225.411,667.2478,3.4286,35.157,0.736180790664049,0.0,Merge
54867402.623,E3,E10,0.6847218195537795,0.22267198214785214,6878.576,4730.231,1.1026,8.7092,0.8220772735791376,0.0,Hit+Run
55530616.003,E0,P129,1.1714481831268742,0.0024355585714285716,8226.874,1050.009,2.3211,23.327,0.9183849788848857,0.0,Hit+Run
55639039.677,E0,P129,1.1714481831268742,0.0024355585714285716,8226.874,1050.009,1.0793,10.847,0.6412554830355937,0.0,Merge
56969076.036,E0,PI68,1.1738837416983028,0.000625,8232.572,667.2478,3.5346,36.277,0.176680121520129,0.0,Merge
60060476.43,P53,P805,0.0024355585714285716,0.0024355585714285716,1050.009,1050.009,16.579,22.559,0.9841,0.0,Hit+Run
60797060.378,E10,P563,0.22267198214785214,0.0024355585714285716,4730.231,1050.009,3.3449,18.649,0.9412603882516826,0.0,Hit+Run
61311523.815,P97,P722,0.0024355585714285716,0.0024355585714285716,1050.009,1050.009,1.7842,2.4277,0.7526,0.0,Hit+Run
63648903.423,P88,P692,0.09693485152181149,0.0030605585714285717,3584.983,1133.080,7.3096,30.064,0.16009872541384484,0.009644362304362305,Fragment
63654069.513,P88,FRAG0252,0.09035105444888442,0.009644355644355646,3501.909,1661.185,1.0821,4.2546,0.810314533442413,0.0,Hit+Run
63655079.453,P88,FRAG0252,0.09035105444888442,0.009644355644355646,3501.909,1661.185,1.0253,4.0312,0.7934937412524307,0.0,Graze+Merge
65521418.515,E0,P299,1.1745087416983029,0.0024355585714285716,8234.033,1050.009,2.796,28.125,0.9337300647254991,0.0,Hit+Run
65805510.006,EI13,FRAG0205,0.00625,0.005564435564435565,1437.541,1382.932,21.691,39.663,0.8299644576201286,0.011573566433566435,Graze+Frag
66422215.428,E15,E17,0.11428,0.040959999999999996,3787.191,2690.174,3.4147,14.935,0.9422715209767472,0.0,Hit+Run
66642752.596,E0,EI13,1.1745087416983029,0.005527722277722279,8234.033,1379.884,3.3702,33.358,0.641581791987442,0.0,Merge
66670429.489,E0,P299,1.1800364639760252,0.0024355585714285716,8246.930,1050.009,1.4081,14.187,0.6872042627392186,0.0,Merge
77169012.291,E13,P53,0.006447011248751251,0.0024355585714285716,1452.490,1050.009,13.605,22.901,0.8068358863447087,0.0,Graze+Frag
86739653.996,E10,FRAG0168,0.22267198214785214,0.005762903762903763,4730.231,1399.182,3.6583,19.953,0.7931805606613173,0.0,Hit+Run
100663906.057,E0,P563,1.1824720225474539,0.0024355585714285716,8252.600,1050.009,4.4457,44.826,0.2512344775817636,0.0,Merge
102217533.171,E3,P373,0.6847218195537795,0.008283383283383284,6878.576,1579.052,2.3551,19.046,0.7750734613728723,0.0,Merge
121314943.057,E10,E17,0.22267198214785214,0.040959999999999996,4730.231,2690.174,2.7358,14.568,0.7095596092557386,0.03543256743256743,Hit+Run+Frag
121386571.555,E10,E17,0.22267160918747916,0.005527805527805528,4730.228,1379.890,1.0577,5.7750,0.9917028282600783,0.0,Hit+Run
121610741.095,E3,FRAG0257,0.6930052028371628,0.005905427905427905,6906.203,1410.623,1.1464,9.3891,0.6082601329147268,0.0,Merge
121637253.382,E10,E17,0.22267160918747916,0.005527805527805528,4730.228,1379.890,1.1001,6.0065,0.830599503856548,0.0,Hit+Run
123031226.496,E3,E17,0.6989106307425907,0.005527805527805528,6925.764,1379.890,1.161,9.5526,0.7419697713826762,0.0,Merge
123118043.436,E10,FRAG0254,0.22267160918747916,0.005905427905427905,4730.228,1410.623,1.022,5.5707,0.6167701592540179,0.0,Merge
139138897.935,E0,FRAG0259,1.1849075811188825,0.005905427905427905,8258.262,1410.623,1.6813,16.670,0.46839225922984734,0.0,Merge
156915867.65,E15,P392,0.11428,0.0024355585714285716,3787.191,1050.009,4.0502,17.774,0.8164397126129365,0.0,Hit+Run
159332541.065,E15,FRAG0256,0.11428,0.005905427905427905,3787.191,1410.623,3.2811,14.095,0.7944788263684506,0.0,Hit+Run
162335154.739,E15,FRAG0256,0.11428,0.005905427905427905,3787.191,1410.623,1.047,4.4980,0.49531062561011796,0.0,Merge
186798454.812,E0,FRAG0255,1.1908130090243103,0.005905427905427905,8271.959,1410.623,2.3463,23.304,0.5440267346292508,0.0,Merge
