time_yr,target,projectile,Mt_Mearth,Mp_Mearth,Rt_km,Rp_km,vimp/vesc,vimp_km/s,b,m_frag_Mearth,Regime
1316.413,E10,E8,0.14002,0.11363999999999999,4052.507,3780.108,1.01,5.1351,0.9120012268644607,0.0,Graze+Merge
26553.878,E4,P734,0.0574,0.0024355585714285716,3010.448,1050.009,4.3003,14.748,0.1408671499872636,0.0,Merge
339258.782,E9,P266,0.07894000000000001,0.0024355585714285716,3347.800,1050.009,2.4496,9.4141,0.389147203919979,0.0,Merge
589801.55,E18,P429,0.0728,0.0024355585714285716,3258.649,1050.009,4.8159,17.979,0.6474704994096125,0.0,Merge
1044476.417,M2,M3,0.05,0.05,2875.083,2875.083,3.0864,11.499,0.78845,0.008702630702630703,Hit+Run+Frag
1054164.186,E3,P172,0.40336,0.0024355585714285716,5766.223,1050.009,1.1507,7.9323,0.15700916046806287,0.0,Merge
1136207.625,M2,FRAG0001,0.049998667998668,0.008702630702630703,2875.058,1605.255,1.1707,3.7859,0.6651315955142869,0.0,Hit+Run
1141327.87,M2,P390,0.049998667998668,0.0024355585714285716,2875.058,1050.009,6.8363,22.323,0.5651863620015016,0.008320013320013319,Fragment
1506640.094,E5,P252,0.0735,0.0024355585714285716,3269.060,1050.009,2.3441,8.7813,0.6735562763613179,0.0,Merge
1632451.982,M3,FRAG0002,0.0412987012987013,0.008320013320013319,2697.569,1581.376,1.9873,6.0460,0.5840290082014872,0.0,Merge
2160241.666,M4,M2,0.05,0.044114213250083245,2875.083,2757.528,3.0614,11.180,0.8314989941316515,0.0,Hit+Run
2193218.382,E12,P608,0.09854,0.0024355585714285716,3604.663,1050.009,1.4628,6.0870,0.8631664509936483,0.0,Hit+Run
2233869.805,E9,P452,0.08137555857142859,0.0024355585714285716,3381.882,1050.009,1.8534,7.2008,0.5055396141071249,0.0,Merge
2289150.164,E4,P34,0.05983555857142857,0.0024355585714285716,3052.438,1050.009,4.3406,15.108,0.47678909548485343,0.0,Merge
2548247.4,E5,P270,0.07593555857142857,0.0024355585714285716,3304.777,1050.009,1.8383,6.9673,0.8516952791887906,0.0,Hit+Run
2588044.251,E9,P840,0.08381111714285716,0.0024355585714285716,3415.291,1050.009,4.6905,18.417,0.9430616137894363,0.0,Hit+Run
2630688.009,E3,P363,0.40579555857142857,0.0024355585714285716,5777.805,1050.009,1.2998,8.9793,0.9403150496404424,0.0,Hit+Run
2717775.342,M0,P569,0.05,0.0024355585714285716,2875.083,1050.009,7.2792,23.769,0.18920163829204864,0.010833499833499833,Fragment
2768486.146,M0,FRAG0003,0.041602058737928736,0.010833499833499833,2704.158,1726.832,1.046,3.2147,0.7941003053314497,0.0,Graze+Merge
3116206.705,E3,E9,0.40579555857142857,0.08381111714285716,5777.805,3415.291,1.0097,6.5832,0.5694155231680268,0.00965967365967366,Fragment
3168904.212,E3,FRAG0004,0.47994700205461205,0.00965967365967366,6110.240,1662.065,1.0596,7.5135,0.9832446373480764,0.0,Hit+Run
3227525.264,E16,P378,0.04256,0.0024355585714285716,2724.756,1050.009,2.0436,6.3036,0.5812211306798237,0.0,Merge
3405802.335,E3,FRAG0004,0.47994700205461205,0.00965967365967366,6110.240,1662.065,1.2421,8.8077,0.19473070814033627,0.0,Merge
3512843.576,M0,P471,0.05243555857142857,0.0024355585714285716,2921.028,1050.009,7.6528,25.415,0.5831702485533503,0.009665334665334665,Fragment
3530896.799,E19,P830,0.041620000000000004,0.0024355585714285716,2704.547,1050.009,8.0009,24.485,0.9999721165128835,0.0,Hit+Run
3673726.375,E3,P45,0.48960667571428573,0.0024355585714285716,6150.960,1050.009,1.8114,13.377,0.4531451190226625,0.0,Merge
3692679.076,E3,P47,0.4920422342857143,0.0024355585714285716,6161.143,1050.009,1.5151,11.209,0.9131729443266027,0.0,Hit+Run
4327982.138,E18,FRAG0005,0.07523555857142858,0.009665334665334665,3294.591,1662.389,17.336,64.101,0.643700627591091,0.08303869463869464,Fragment
4613645.896,E15,P690,0.11428,0.0024355585714285716,3787.191,1050.009,1.6044,7.0410,0.706672885121247,0.0,Merge
4794245.899,M1,FRAG0007,0.05,0.00566966366966367,2875.083,1391.595,17.630,56.895,0.2664386330831287,0.050142857142857156,Fragment
5025930.49,M4,FRAG0013,0.05,0.00566966366966367,2875.083,1391.595,8.6569,27.937,0.8785601664486172,0.0,Hit+Run
5111442.268,M0,FRAG0020,0.04520578247752247,0.005571428571428572,2780.087,1383.511,7.2612,22.655,0.95743317768144,0.0,Hit+Run
5153657.454,M0,FRAG0020,0.04520578247752247,0.005571428571428572,2780.087,1383.511,1.0972,3.4232,0.6227088231436719,0.0,Merge
5154285.002,E3,FRAG0012,0.4920422342857143,0.00566966366966367,6161.143,1391.595,3.0471,22.099,0.4872472219284454,0.0,Merge
5300808.53,E3,E6,0.49771189795537796,0.08018000000000002,6184.717,3365.238,1.2845,8.9271,0.8882719805580119,0.0,Hit+Run
5635262.926,M0,FRAG0022,0.05077721104895105,0.005571428571428572,2889.904,1383.511,3.7332,12.111,0.43760243773922697,0.010917415917415917,Fragment
5644675.839,M0,FRAG0029,0.045431556703296704,0.010917082917082916,2784.708,1731.261,1.0689,3.3733,0.6347031294967285,0.0,Graze+Merge
5691651.243,E12,P159,0.09854,0.0024355585714285716,3604.663,1050.009,5.0711,21.101,0.2282210237823687,0.0,Merge
5929113.364,M4,P633,0.05,0.0024355585714285716,2875.083,1050.009,13.898,45.383,0.4694515291574681,0.03948018648018649,Fragment
5968641.459,M0,FRAG0024,0.05634863962037962,0.005571428571428572,2991.954,1383.511,4.36,14.653,0.5662568655804285,0.010293326673326674,Fragment
6073320.147,M0,FRAG0037,0.0516270278987679,0.010293040293040293,2905.937,1697.624,1.0051,3.2933,0.5951299282735782,0.0,Merge
6325306.37,P35,P818,0.0024355585714285716,0.0024355585714285716,1050.009,1050.009,18.958,25.797,0.6744,0.0,Graze+Frag
6422442.107,M0,P820,0.06192006819180819,0.0024355585714285716,3087.481,1050.009,5.5172,19.440,0.6320488783479448,0.0,Merge
6556570.276,M0,FRAG0021,0.06435562676323676,0.005571428571428572,3127.442,1383.511,8.6901,30.568,0.3408260942353576,0.054047952047952055,Fragment
6561001.647,M0,FRAG0045,0.015879103286713284,0.006005328005328006,1961.564,1418.532,1.5468,3.5163,0.6580336327894764,0.0,Hit+Run
6606412.704,M0,FRAG0043,0.015879103286713284,0.006005328005328006,1961.564,1418.532,1.5581,3.5420,0.7626086928729614,0.0,Hit+Run
6608016.678,M4,P218,0.012955372091242083,0.0024355585714285716,1832.921,1050.009,5.5298,11.415,0.34046229306654774,0.013960472860472861,Fragment
6635903.844,E19,P311,0.041620000000000004,0.0024355585714285716,2704.547,1050.009,4.5096,13.801,0.50841400362685,0.0,Merge
6641556.032,M1,FRAG0023,0.005526806526806517,0.005571428571428572,1379.807,1383.511,14.185,25.398,0.6407900472892071,0.005571428571428572,Graze+Frag
6768783.043,E12,P791,0.10097555857142858,0.0024355585714285716,3634.120,1050.009,3.1353,13.161,0.4732604083180904,0.0,Merge
6851000.028,M3,FRAG0041,0.049618714618714616,0.006005328005328006,2867.757,1418.532,4.0854,13.148,0.9952169834208238,0.0,Hit+Run
7070383.447,P118,P520,0.0024355585714285716,0.0024355585714285716,1050.009,1050.009,16.825,22.894,0.47515,0.0,Merge
7341984.063,E12,P118,0.10341111714285715,0.004871117142857143,3663.106,1322.929,2.3109,9.6214,0.9829191583499729,0.0,Hit+Run
7394031.652,M3,FRAG0038,0.049618714618714616,0.006005328005328006,2867.757,1418.532,6.453,20.768,0.9911357574720057,0.0,Hit+Run
7482202.95,M0,FRAG0027,0.015879103286713284,0.005571428571428572,1961.564,1383.511,3.1891,7.2150,0.9971206095741059,0.0,Hit+Run
7538640.111,E5,P227,0.07593555857142857,0.0024355585714285716,3304.777,1050.009,3.8587,14.624,0.35804137282479853,0.0,Merge
7640947.8,M2,FRAG0016,0.044114213250083245,0.00566966366966367,2757.528,1391.595,4.1006,12.690,0.6311753978164935,0.0073909423909423915,Fragment
7679836.488,E6,P70,0.08018000000000002,0.0024355585714285716,3365.238,1050.009,4.5478,17.575,0.8401571409250386,0.0,Hit+Run
7691942.374,M3,M2,0.049618714618714616,0.04239293452880452,2867.757,2721.186,2.7619,10.012,0.48976590319910807,0.04106293706293707,Fragment
7711747.901,M3,FRAG0051,0.050948712084582064,0.005866133866133867,2893.154,1407.487,1.1235,3.6483,0.3964375428789441,0.0,Merge
7804998.09,E3,P35,0.49771189795537796,0.004871128871128871,6184.717,1322.930,2.0021,14.635,0.8578114259699016,0.0,Hit+Run
7853452.849,E12,P437,0.10341111714285715,0.0024355585714285716,3663.106,1050.009,2.2127,9.3683,0.9247308766861574,0.0,Hit+Run
7892555.167,M0,FRAG0038,0.015879103286713284,0.006005328005328006,1961.564,1418.532,10.556,23.997,0.5297812006116174,0.021660153180153182,Fragment
7926868.139,M0,P743,0.005529452937062935,0.0024355585714285716,1380.028,1050.009,21.419,34.646,0.34278680243657733,0.00795948717948718,Fragment
7951654.206,M0,FRAG0058,0.007963369963369965,0.008177489177489177,1558.449,1572.294,4.5975,9.3264,0.4730488303526537,0.015216943056943058,Fragment
7970624.327,M0,FRAG0043,0.00552780552780553,0.006005328005328006,1379.890,1418.532,19.333,35.066,0.8132135241941023,0.011316523476523477,Graze+Frag
8086430.493,M3,FRAG0053,0.05681484595071593,0.005866133866133867,3000.183,1407.487,1.1471,3.8647,0.8956978674121315,0.0,Hit+Run
8157996.6,M1,FRAG0057,0.005526806526806516,0.008177489177489177,1379.807,1572.294,7.9396,15.283,0.6205648607429599,0.013347439227439228,Graze+Frag
8171892.492,M3,P273,0.05681484595071593,0.0024355585714285716,3000.183,1050.009,4.7705,16.301,0.18466914292936776,0.0,Merge
8216392.926,M4,FRAG0034,0.00552679479853479,0.0056400266400266404,1379.806,1389.166,8.2279,14.762,0.8349183119251625,0.0,Hit+Run
8450024.164,P28,FRAG0050,0.0024355585714285716,0.005866133866133867,1050.009,1407.487,20.620,33.859,0.7194338116403811,0.008265174825174826,Graze+Frag
8724284.459,M3,FRAG0052,0.0592504045221445,0.005866133866133867,3042.455,1407.487,1.7071,5.8342,0.564673338877684,0.0,Merge
8792196.994,M3,FRAG0055,0.06511653838827837,0.005866133866133867,3139.720,1407.487,1.0823,3.8203,0.07070434867652833,0.0,Merge
8792804.578,E4,FRAG0011,0.06227111714285714,0.00566966366966367,3093.304,1391.595,4.6818,16.280,0.5417714795840652,0.012775224775224775,Fragment
8799312.431,E3,FRAG0063,0.49771189795537796,0.0063876123876123875,6184.717,1448.016,1.1199,8.1312,0.97502035313311,0.0,Hit+Run
8960903.575,M3,FRAG0054,0.07098267225441224,0.005866133866133867,3231.305,1407.487,1.3119,4.7706,0.9225548456439203,0.0,Hit+Run
9304014.533,E10,P270,0.25366,0.0024355585714285716,4940.199,1050.009,1.6109,9.4103,0.4167271432570986,0.0,Merge
9675104.393,P28,FRAG0039,0.008301698301698301,0.006005328005328006,1580.214,1418.532,23.622,46.098,0.4921790066817149,0.008779220779220779,Fragment
9693511.023,P28,FRAG0064,0.005527805527805529,0.008779220779220779,1379.890,1609.950,1.0365,2.0257,0.3543600266504801,0.0,Merge
9874458.18,M0,FRAG0032,0.00552780552780553,0.0056400266400266404,1379.890,1389.166,22.959,41.194,0.9310707713909598,0.0,Hit+Run
9913455.662,P28,FRAG0060,0.014307026307026308,0.006005328005328006,1894.568,1418.532,10.818,23.931,0.7355023785648307,0.019257216117216116,Graze+Frag
9950223.538,M0,FRAG0032,0.00552780552780553,0.0056400266400266404,1379.890,1389.166,1.3651,2.4492,0.39098593836081513,0.0,Merge
10275188.832,E3,P363,0.49771189795537796,0.0024355585714285716,6184.717,1050.009,4.5803,34.024,0.6775662486001588,0.0,Merge
10354334.262,M3,FRAG0053,0.07098267225441224,0.005866133866133867,3231.305,1407.487,2.5786,9.3768,0.9043043647047248,0.0,Hit+Run
10388169.11,M1,FRAG0046,0.0055268065268065155,0.006005328005328006,1379.807,1418.532,18.247,33.095,0.5006248340369318,0.01152160506160506,Graze+Frag
10437441.71,P93,P207,0.0024355585714285716,0.0024355585714285716,1050.009,1050.009,8.2282,11.196,0.8078,0.0,Graze+Frag
10526984.324,P70,FRAG0006,0.0024355585714285716,0.00566966366966367,1050.009,1391.595,5.7687,9.3903,0.6619314250962357,0.006625627705627706,Graze+Frag
10925206.809,M3,FRAG0028,0.07098267225441224,0.005571428571428572,3231.305,1383.511,4.4699,16.265,0.8332407502501938,0.0,Hit+Run
10931918.15,E3,FRAG0031,0.5001474565268065,0.0056400266400266404,6194.789,1389.166,1.9653,14.339,0.46395845545138564,0.0,Merge
11056363.174,E3,P565,0.5057874831668331,0.0024355585714285716,6217.988,1050.009,3.8899,29.061,0.9515201271523628,0.0,Hit+Run
11257132.793,E11,P70,0.020565714285714288,0.008105228105228107,2138.167,1567.649,10.828,26.908,0.813940131242414,0.015892107892107894,Graze+Frag
11278678.789,M3,FRAG0053,0.07098267225441224,0.005866133866133867,3231.305,1407.487,2.9621,10.771,0.9956960860490937,0.0,Hit+Run
11311846.763,E17,FRAG0001,0.040959999999999996,0.008702630702630703,2690.174,1605.255,9.964,30.269,0.8622102573382608,0.006377429237429237,Hit+Run
11346213.861,M3,FRAG0053,0.07098267225441224,0.005866133866133867,3231.305,1407.487,1.0327,3.7553,0.9226941622923112,0.0,Hit+Run
11357521.224,E18,FRAG0049,0.005525601861471843,0.0073909423909423915,1379.707,1520.175,2.0688,3.9008,0.7054871473070982,0.0,Hit+Run
11367448.27,M3,FRAG0053,0.07098267225441224,0.005866133866133867,3231.305,1407.487,1.0232,3.7207,0.27424482235730246,0.0,Merge
11567459.765,E10,P300,0.25609555857142857,0.0024355585714285716,4955.960,1050.009,4.7276,27.711,0.6558469685354139,0.0,Merge
11654266.358,P125,FRAG0049,0.0024355585714285716,0.0073909423909423915,1050.009,1520.175,12.224,21.354,0.9299065665747412,0.0,Hit+Run
11676368.514,M1,P28,0.0055268065268065155,0.005527805527805529,1379.807,1379.890,33.950,60.708,0.9570711690814734,0.0,Hit+Run
11691860.2,P28,FRAG0048,0.005527805527805529,0.005571428571428572,1379.890,1383.511,13.131,23.511,0.7656456135962716,0.010806307026307027,Graze+Frag
11692442.027,P28,FRAG0070,0.005527805527805528,0.005571428571428572,1379.890,1383.511,1.0056,1.8005,0.796155590111456,0.0,Graze+Merge
12003427.959,M1,FRAG0066,0.0055268065268065155,0.0073922743922743925,1379.807,1520.267,33.397,62.976,0.6597690091497366,0.0073922743922743925,Graze+Frag
12146157.727,E3,FRAG0034,0.5057874831668331,0.0056400266400266404,6217.988,1389.166,1.9882,14.564,0.6874223530226277,0.0,Merge
12184253.788,E18,FRAG0017,0.005525601861471843,0.00566966366966367,1379.707,1391.595,26.535,47.649,0.6162949660141699,0.00566966366966367,Graze+Frag
12232962.09,E10,P299,0.25853111714285715,0.0024355585714285716,4971.622,1050.009,2.7891,16.404,0.36187232872614755,0.0,Merge
12241160.62,M0,FRAG0042,0.01116783216783217,0.006005328005328006,1744.416,1418.532,10.854,22.595,0.9381834343399131,0.0,Hit+Run
12257699.393,M1,FRAG0014,0.0055268065268065155,0.00566966366966367,1379.807,1391.595,15.676,28.150,0.937495568665309,0.0,Hit+Run
12351417.411,M0,FRAG0045,0.01116783216783217,0.006005328005328006,1744.416,1418.532,7.0063,14.585,0.924505843856326,0.0,Hit+Run
12398593.305,P28,FRAG0027,0.0110992340992341,0.005571428571428572,1740.837,1383.511,17.639,36.403,0.8622980896195991,0.012725008325008325,Graze+Frag
12441854.636,E10,FRAG0068,0.2609666757142857,0.007946053946053947,4987.185,1557.319,1.3164,7.5389,0.9906541928994932,0.0,Hit+Run
12708929.037,M0,FRAG0040,0.01116783216783217,0.006005328005328006,1744.416,1418.532,20.410,42.490,0.930351910756569,0.0,Hit+Run
12780921.922,E3,FRAG0009,0.5114275098068597,0.00566966366966367,6241.014,1391.595,2.475,18.200,0.8462963839422808,0.0,Hit+Run
12795854.201,M1,P28,0.0055268065268065155,0.005527805527805527,1379.807,1379.890,5.6677,10.134,0.9274220622344713,0.0,Hit+Run
12797725.66,M1,P28,0.0055268065268065155,0.005527805527805527,1379.807,1379.890,1.0172,1.8188,0.840274687471698,0.0,Graze+Merge
12854628.015,E3,FRAG0009,0.5114275098068597,0.00566966366966367,6241.014,1391.595,1.0268,7.5507,0.9152266111561304,0.0,Hit+Run
12870547.381,E3,FRAG0009,0.5114275098068597,0.00566966366966367,6241.014,1391.595,1.0472,7.7008,0.6741752353240682,0.0,Merge
12917977.229,E3,P768,0.5170971734765234,0.0024355585714285716,6263.992,1050.009,2.3382,17.606,0.4351563539700617,0.0,Merge
13288629.386,E3,P35,0.5195327320479519,0.004871128871128871,6273.811,1322.930,1.4067,10.441,0.27567058015600143,0.0,Merge
13354992.859,M3,FRAG0061,0.0768488061205461,0.008177489177489177,3317.973,1572.294,5.447,20.292,0.7613280397170442,0.0,Hit+Run
13453619.182,M1,FRAG0071,0.011054612054612042,0.0073922743922743925,1738.501,1520.267,10.985,23.352,0.8028403189910499,0.016335770895770894,Graze+Frag
13542447.368,M0,FRAG0041,0.01116783216783217,0.006005328005328006,1744.416,1418.532,28.933,60.233,0.10180980658347419,0.01717102231102231,Fragment
13581130.122,M1,FRAG0077,0.005526473526473513,0.005822843822843823,1379.780,1404.016,16.807,30.320,0.9212092759307747,0.0,Hit+Run
13789744.129,E6,P536,0.08018000000000002,0.0024355585714285716,3365.238,1050.009,5.0558,19.538,0.3804068121524873,0.0,Merge
13965273.933,E3,E11,0.5244038609190808,0.0127788344988345,6293.358,1824.557,1.3563,9.8571,0.9306793426035984,0.006064269064269065,Hit+Run+Frag
14250395.661,M0,FRAG0078,0.005527472527472531,0.005822843822843823,1379.863,1404.016,23.972,43.246,0.7506799977911932,0.01131154845154845,Graze+Frag
14405534.626,P33,FRAG0018,0.0024355585714285716,0.00566966366966367,1050.009,1391.595,36.515,59.439,0.3097642967105111,0.008104315684315685,Fragment
15316191.741,M0,FRAG0014,0.005527472527472532,0.00566966366966367,1379.863,1391.595,25.680,46.116,0.7107285792946515,0.00566966366966367,Graze+Frag
15329013.897,M0,FRAG0081,0.005527472527472533,0.00566966366966367,1379.863,1391.595,1.1188,2.0091,0.9071933760649978,0.0,Hit+Run
15617713.324,M0,FRAG0042,0.005527472527472533,0.006005328005328006,1379.863,1418.532,23.535,42.686,0.9024053610546933,0.008116476856476856,Graze+Frag
15941548.386,P111,P148,0.0024355585714285716,0.0024355585714285716,1050.009,1050.009,13.569,18.464,0.8396000000000001,0.0,Graze+Frag
15973789.611,M3,FRAG0061,0.0768488061205461,0.008177489177489177,3317.973,1572.294,9.3264,34.744,0.4367408066712961,0.07922671994671994,Fragment
15974642.711,M3,FRAG0092,0.005800188071928031,0.005659007659007659,1402.193,1390.722,1.6646,3.0124,0.5284112783236468,0.0,Hit+Run
16004714.679,M3,FRAG0095,0.005800188071928031,0.005659007659007659,1402.193,1390.722,1.0967,1.9846,0.8151340156639173,0.0,Hit+Run
16031547.378,M4,FRAG0074,0.00552679479853479,0.005571428571428572,1379.806,1383.511,30.279,54.214,0.9902207533229533,0.0,Hit+Run
16039441.804,M4,FRAG0074,0.00552679479853479,0.005571428571428572,1379.806,1383.511,1.014,1.8155,0.8475622543948267,0.0,Graze+Merge
16159494.597,M3,FRAG0094,0.005800188071928031,0.005659007659007659,1402.193,1390.722,1.9879,3.5974,0.13515279441779166,0.0,Merge
16401597.209,M3,FRAG0096,0.011459195730935689,0.005659007659007659,1759.456,1390.722,2.6529,5.5250,0.6427515173553159,0.0,Hit+Run
16463560.82,M4,FRAG0035,0.011098223369963363,0.0056400266400266404,1740.784,1389.166,24.812,51.263,0.7904843110459476,0.016595024975024974,Graze+Frag
16582038.553,E3,FRAG0063,0.5244038076390275,0.0063876123876123875,6293.358,1448.016,1.7549,12.982,0.28250048650233583,0.0,Merge
16657342.471,M1,FRAG0044,0.005526473526473513,0.006005328005328006,1379.780,1418.532,32.046,58.121,0.7559343237207453,0.006005328005328006,Graze+Frag
16670642.259,M0,FRAG0040,0.005527472527472533,0.006005328005328006,1379.863,1418.532,20.615,37.390,0.9551167610310589,0.0,Hit+Run
16686109.469,M0,FRAG0040,0.005527472527472533,0.006005328005328006,1379.863,1418.532,1.2326,2.2355,0.56315893276901,0.0,Hit+Run
16706574.067,M0,FRAG0040,0.005527472527472533,0.006005328005328006,1379.863,1418.532,1.4821,2.6881,0.9854418414664796,0.0,Hit+Run
16714251.84,M0,FRAG0040,0.005527472527472533,0.006005328005328006,1379.863,1418.532,1.0015,1.8164,0.8885495112947693,0.0,Graze+Merge
16868752.784,M0,FRAG0045,0.011532800532800539,0.006005328005328006,1763.215,1418.532,16.774,35.185,0.9520565277386891,0.0,Hit+Run
16868908.712,M0,FRAG0045,0.011532800532800539,0.006005328005328006,1763.215,1418.532,1.0472,2.1965,0.30323942490023903,0.0,Merge
16938151.676,E17,P425,0.040959999999999996,0.0024355585714285716,2690.174,1050.009,7.1311,21.701,0.4034343709950202,0.012127872127872127,Fragment
17248458.57,M1,FRAG0072,0.005526473526473513,0.00566966366966367,1379.780,1391.595,47.003,84.405,0.8576778165921202,0.011154005994005994,Graze+Frag
17249853.629,P295,FRAG0097,0.0024355585714285716,0.005605727605727606,1050.009,1386.344,22.011,35.727,0.29560631989380315,0.008036876456876457,Fragment
17535679.882,M4,FRAG0099,0.005526794798534794,0.006005328005328006,1379.806,1418.532,17.412,31.580,0.9844352632342716,0.0,Hit+Run
17535711.473,M4,FRAG0099,0.005526794798534794,0.006005328005328006,1379.806,1418.532,1.0415,1.8889,0.47301214526453134,0.0,Merge
17900483.007,M1,FRAG0082,0.005526473526473513,0.006005328005328006,1379.780,1418.532,35.645,64.649,0.6171828276050205,0.006005328005328006,Graze+Frag
17901446.192,M1,FRAG0103,0.005526473526473513,0.006005328005328006,1379.780,1418.532,0.9983,1.8105,0.5182718463654525,0.0,Perfect
17987366.268,P33,FRAG0087,0.008105228105228107,0.005659007659007659,1567.649,1390.722,17.491,33.708,0.5359435585546485,0.008236430236430238,Graze+Frag
17998150.068,P33,FRAG0104,0.005527805527805527,0.008236430236430238,1379.890,1576.062,1.0272,1.9803,0.5255898245792047,0.0,Graze+Merge
18000598.694,E10,P650,0.2609666757142857,0.0024355585714285716,4987.185,1050.009,1.7485,10.318,0.576684040967095,0.0,Merge
18003621.07,M0,M1,0.017538128538128545,0.011531801531801519,2027.627,1763.164,14.107,34.904,0.8992976141235738,0.006005328005328006,Hit+Run+Frag
18003762.788,M0,FRAG0105,0.017536796536796528,0.006005328005328006,2027.576,1418.532,1.1644,2.7190,0.37790802428524833,0.0,Merge
18039168.641,P33,FRAG0086,0.013764235764235765,0.005659007659007659,1870.299,1390.722,4.0477,8.8257,0.620102434462375,0.008333666333666334,Graze+Frag
18070339.196,M0,M1,0.023542124542124534,0.005527805527805528,2236.706,1379.890,1.2928,3.2746,0.9490826778249681,0.0,Hit+Run
18205234.034,M0,M1,0.023542124542124534,0.005527805527805528,2236.706,1379.890,1.0994,2.7847,0.6846927099048756,0.0,Graze+Merge
18315867.065,P295,FRAG0019,0.008041292041292041,0.00566966366966367,1563.516,1391.595,43.511,83.735,0.20840807021043756,0.008182817182817183,Fragment
18381833.026,M3,FRAG0085,0.011459195730935689,0.005659007659007659,1759.456,1390.722,16.716,34.813,0.3596347775678553,0.01709971361971362,Fragment
18474644.12,P79,P394,0.0024355585714285716,0.0024355585714285716,1050.009,1050.009,14.386,19.575,0.6808,0.0,Graze+Frag
18477183.999,P33,P473,0.011089577089577089,0.0024355585714285716,1740.332,1050.009,13.497,26.549,0.5699980848151204,0.013364575424575423,Fragment
18894358.507,M4,FRAG0025,0.0115321228038628,0.005571428571428572,1763.181,1383.511,11.658,24.284,0.40741478347204363,0.017043330003330005,Fragment
19006533.622,P295,FRAG0080,0.005528138528138528,0.005822843822843823,1379.918,1404.016,31.957,57.651,0.7351311025335143,0.011336976356976357,Graze+Frag
19008597.966,P295,FRAG0113,0.005528138528138527,0.005822843822843823,1379.918,1404.016,0.9983,1.8009,0.33685867256542124,0.0,Perfect
19217940.116,M0,FRAG0075,0.029069930069930063,0.00646020646020646,2399.616,1453.480,8.5855,23.292,0.1495907923331008,0.030004995004995004,Fragment
19281005.886,P295,FRAG0118,0.01135098235098235,0.006000999000999001,1753.900,1418.192,20.169,42.145,0.7702672280482646,0.01716107226107226,Graze+Frag
19281146.147,P295,FRAG0120,0.005528471528471525,0.005911754911754912,1379.946,1411.126,1.1486,2.0775,0.23801103771855492,0.0,Merge
19317774.909,M0,FRAG0116,0.005525141525141518,0.006000999000999001,1379.669,1418.192,1.891,3.4290,0.44631899955011334,0.0,Merge
19333107.647,P33,FRAG0092,0.0055277996636696625,0.005659007659007659,1379.890,1390.722,10.891,19.552,0.3951988009656801,0.005659007659007659,Fragment
19345897.307,M3,P33,0.005528459800199757,0.005527799663669663,1379.945,1379.890,7.0966,12.690,0.3898077579347862,0.010926813186813187,Fragment
19417552.781,M3,FRAG0122,0.005528453936063893,0.005527805527805528,1379.944,1379.890,1.1097,1.9843,0.07190140555534709,0.0,Merge
19512809.027,P295,FRAG0081,0.011440226440226436,0.00566966366966367,1758.485,1391.595,20.433,42.547,0.5662177703746368,0.011581085581085582,Graze+Frag
19514483.262,P295,FRAG0123,0.0055288045288045245,0.005790542790542791,1379.974,1401.415,1.1513,2.0750,0.5120718131929597,0.0,Graze+Merge
19538945.79,M0,FRAG0117,0.011526140526140519,0.006000999000999001,1762.876,1418.192,2.0823,4.3668,0.1763946763380738,0.006450216450216451,Fragment
19543604.223,M0,FRAG0125,0.01107692307692307,0.006450216450216451,1739.670,1452.731,1.0875,2.2765,0.7415010950389537,0.0,Hit+Run
19546242.397,M0,FRAG0125,0.01107692307692307,0.006450216450216451,1739.670,1452.731,1.1124,2.3287,0.925745616412269,0.0,Hit+Run
19550328.282,M0,FRAG0125,0.01107692307692307,0.006450216450216451,1739.670,1452.731,1.0045,2.1028,0.7855868145867241,0.0,Graze+Merge
19563354.599,P295,FRAG0124,0.011319347319347316,0.005790542790542791,1752.269,1401.415,1.9894,4.1399,0.9285622830083852,0.0,Hit+Run
19581374.658,P295,FRAG0124,0.011319347319347316,0.005790542790542791,1752.269,1401.415,1.1511,2.3954,0.9300069107823331,0.0,Hit+Run
19582060.607,P295,FRAG0124,0.011319347319347316,0.005790542790542791,1752.269,1401.415,1.0596,2.2050,0.8747776797321696,0.0,Hit+Run
19585137.607,M0,FRAG0115,0.01752713952713952,0.006000999000999001,2027.204,1418.192,3.8022,8.8770,0.6342742789623332,0.00728971028971029,Graze+Frag
19599784.494,M3,FRAG0059,0.011056259463869421,0.010613053613053614,1738.587,1715.038,10.306,23.064,0.7124248159391483,0.02107918081918082,Graze+Frag
19701037.12,P295,FRAG0114,0.011319347319347316,0.006000999000999001,1752.269,1418.192,18.515,38.664,0.9704613184416221,0.0,Hit+Run
19703513.725,P295,FRAG0114,0.011319347319347316,0.006000999000999001,1752.269,1418.192,1.4331,2.9926,0.9663161735653124,0.0,Hit+Run
19703660.716,P295,FRAG0114,0.011319347319347316,0.006000999000999001,1752.269,1418.192,1.0375,2.1665,0.4662458956873128,0.0,Merge
19815641.319,P295,FRAG0119,0.01732034632034632,0.005911754911754912,2019.200,1411.126,6.2048,14.426,0.38667236837206753,0.017703296703296706,Fragment
19825387.912,M0,P295,0.016238428238428235,0.005528804528804526,1976.249,1379.974,14.766,33.598,0.6134444934528619,0.02161206127206127,Graze+Frag
19848315.404,M0,FRAG0132,0.005526806526806521,0.00812021312021312,1379.807,1568.614,1.6005,3.0763,0.5342010964296006,0.0,Hit+Run
19853596.783,M0,FRAG0132,0.005526806526806521,0.00812021312021312,1379.807,1568.614,1.2296,2.3634,0.48557779908484766,0.0,Hit+Run
19860068.911,M0,FRAG0133,0.005526806526806521,0.00812021312021312,1379.807,1568.614,1.2115,2.3286,0.6169870569713407,0.0,Hit+Run
19893414.528,M0,FRAG0131,0.005526806526806521,0.005901098901098902,1379.807,1410.278,11.618,21.007,0.6487369362543571,0.011314865134865135,Graze+Frag
19942790.777,M0,FRAG0132,0.00552680652680652,0.00812021312021312,1379.807,1568.614,3.7122,7.1353,0.9427023115617937,0.0,Hit+Run
19990618.244,M0,FRAG0132,0.00552680652680652,0.00812021312021312,1379.807,1568.614,1.5215,2.9245,0.974291075476816,0.0,Hit+Run
19990781.796,M0,FRAG0132,0.00552680652680652,0.00812021312021312,1379.807,1568.614,1.0488,2.0159,0.03996563612359868,0.0,Merge
20045316.298,M0,FRAG0133,0.013647019647019639,0.00812021312021312,1864.975,1568.614,1.9006,4.2753,0.9044091892086039,0.0,Hit+Run
20046404.484,M0,FRAG0133,0.013647019647019639,0.00812021312021312,1864.975,1568.614,1.0769,2.4224,0.4334385520319896,0.0,Merge
20054372.938,M4,FRAG0130,0.0055264617982017945,0.005901098901098902,1379.779,1410.278,8.2308,14.882,0.9845683736970596,0.0,Hit+Run
20054728.302,M4,FRAG0130,0.0055264617982017945,0.005901098901098902,1379.779,1410.278,1.0575,1.9120,0.9096464245207553,0.0,Hit+Run
20088715.979,M4,FRAG0102,0.0055264617982017945,0.00566966366966367,1379.779,1391.595,13.559,24.348,0.439766962497784,0.011175011655011655,Fragment
20107351.085,M4,FRAG0135,0.0055264617982017945,0.00566966366966367,1379.779,1391.595,1.1976,2.1505,0.51106168572849,0.0,Hit+Run
20123250.155,M4,FRAG0135,0.0055264617982017945,0.00566966366966367,1379.779,1391.595,1.5346,2.7557,0.8686306118757882,0.0,Hit+Run
20199478.988,E3,P605,0.5307914200266399,0.0024355585714285716,6318.807,1050.009,4.3355,32.949,0.9328811392996625,0.0,Hit+Run
20213597.806,P47,P698,0.0024355585714285716,0.0024355585714285716,1050.009,1050.009,12.805,17.424,0.85165,0.0,Graze+Frag
20218858.841,M4,FRAG0135,0.0055264617982017945,0.00566966366966367,1379.779,1391.595,1.2006,2.1559,0.7669659297269741,0.0,Hit+Run
20224674.144,M0,FRAG0129,0.02176723276723276,0.005901098901098902,2179.021,1410.278,12.161,30.165,0.9976280898507988,0.0,Hit+Run
20226106.124,M0,FRAG0129,0.02176723276723276,0.005901098901098902,2179.021,1410.278,1.0242,2.5405,0.8468880821163904,0.0,Graze+Merge
20229849.328,E3,P605,0.5307914200266399,0.0024355585714285716,6318.807,1050.009,1.0531,8.0035,0.8870903011356751,0.0,Hit+Run
20233113.926,M4,FRAG0135,0.0055264617982017945,0.00566966366966367,1379.779,1391.595,1.0873,1.9525,0.7644268020141487,0.0,Hit+Run
20234413.862,P342,FRAG0098,0.0024355585714285716,0.005605727605727606,1050.009,1386.344,28.380,46.064,0.825534197049978,0.007975517815517816,Graze+Frag
20240710.669,M4,FRAG0135,0.0055264617982017945,0.00566966366966367,1379.779,1391.595,1.1124,1.9975,0.6459341754156289,0.0,Hit+Run
20246805.673,M4,FRAG0135,0.0055264617982017945,0.00566966366966367,1379.779,1391.595,1.4687,2.6374,0.559105965000579,0.0,Hit+Run
20262061.325,M0,FRAG0134,0.02766833166833166,0.005901098901098902,2360.413,1410.278,6.9781,18.601,0.9286555080416977,0.0,Hit+Run
20263188.832,M0,FRAG0134,0.02766833166833166,0.005901098901098902,2360.413,1410.278,1.0406,2.7739,0.9761055164741619,0.0,Hit+Run
20313822.659,M4,FRAG0073,0.0055264617982017945,0.005571428571428572,1379.779,1383.511,21.095,37.771,0.810254177048803,0.010945054945054945,Graze+Frag
20320546.483,M4,FRAG0136,0.005526461798201795,0.005571428571428572,1379.779,1383.511,1.5483,2.7721,0.7394998682500014,0.0,Hit+Run
20394256.019,M0,FRAG0130,0.02766833166833166,0.005901098901098902,2360.413,1410.278,7.2106,19.221,0.8006406436031892,0.0060592740592740595,Graze+Frag
20429560.135,M0,FRAG0126,0.0275101565101565,0.00728971028971029,2355.907,1513.203,9.35,25.052,0.6798994376548327,0.0324012321012321,Graze+Frag
20475250.084,M0,FRAG0141,0.005525807525807513,0.0058548118548118555,1379.724,1406.581,2.2918,4.1381,0.647498166062617,0.0,Hit+Run
20478973.172,M0,FRAG0141,0.005525807525807513,0.0058548118548118555,1379.724,1406.581,2.0874,3.7690,0.8070453587097376,0.0,Hit+Run
20522402.857,M0,FRAG0140,0.005525807525807513,0.0058548118548118555,1379.724,1406.581,1.9211,3.4687,0.7819892198272289,0.0,Hit+Run
20549582.604,M0,FRAG0138,0.005525807525807513,0.0058548118548118555,1379.724,1406.581,3.5935,6.4884,0.2936916199845045,0.010565294705294706,Fragment
20557921.008,M0,FRAG0142,0.005525807525807512,0.0058548118548118555,1379.724,1406.581,1.2424,2.2433,0.34251642816267364,0.0,Merge
20563470.145,M0,FRAG0140,0.011380619380619367,0.0058548118548118555,1755.425,1406.581,2.1168,4.4153,0.2577616636870646,0.00612953712953713,Fragment
20563487.841,M0,FRAG0144,0.011105894105894092,0.00612953712953713,1741.185,1428.246,1.0514,2.1905,0.7355492876156816,0.0,Graze+Merge
20563880.571,M0,FRAG0137,0.017235431235431222,0.0060592740592740595,2015.894,1422.767,2.4281,5.6462,0.3693922551756705,0.007395604395604396,Fragment
20564378.936,M0,FRAG0143,0.015899100899100883,0.0058548118548118555,1962.387,1406.581,1.2882,2.9245,0.8983145943458586,0.0,Hit+Run
20565035.154,M0,FRAG0143,0.015899100899100883,0.0058548118548118555,1962.387,1406.581,1.0278,2.3333,0.5910516268206087,0.0,Graze+Merge
20575603.385,M0,FRAG0141,0.021753912753912738,0.0058548118548118555,2178.577,1406.581,1.6453,4.0791,0.8596644339044113,0.0,Hit+Run
20576198.834,M0,FRAG0141,0.021753912753912738,0.0058548118548118555,2178.577,1406.581,1.1467,2.8429,0.46443876923244615,0.0,Merge
20621777.764,M4,FRAG0111,0.005526461798201795,0.005788544788544789,1379.779,1401.254,15.218,27.425,0.42414921571830677,0.005788544788544789,Fragment
20662396.0,P495,FRAG0069,0.0024355585714285716,0.007946053946053947,1050.009,1557.319,6.296,11.224,0.6654055293126194,0.008236430236430236,Graze+Frag
20713025.987,M0,FRAG0139,0.027608724608724593,0.0058548118548118555,2358.717,1406.581,3.5521,9.4608,0.4443308419168752,0.012544249084249084,Fragment
20718670.918,M0,FRAG0147,0.020919413919413904,0.006272061272061273,2150.355,1439.231,1.7351,4.2665,0.9719048982600865,0.0,Hit+Run
20730629.091,M0,FRAG0145,0.020919413919413904,0.007395604395604396,2150.355,1520.495,2.5834,6.4102,0.23214944192413328,0.011972121212121212,Fragment
20733558.728,M0,FRAG0149,0.016342990342990325,0.005986013986013987,1980.482,1417.010,1.1497,2.6332,0.5350082615427307,0.0,Merge
20750896.998,M4,FRAG0135,0.005526461798201795,0.00566966366966367,1379.779,1391.595,2.7923,5.0142,0.8886449126710003,0.0,Hit+Run
20753444.228,M0,FRAG0148,0.022329004329004313,0.006272061272061273,2197.608,1439.231,2.1632,5.4197,0.8260277792973644,0.0,Hit+Run
20757430.087,M4,FRAG0135,0.005526461798201795,0.00566966366966367,1379.779,1391.595,1.0545,1.8936,0.6302015409596909,0.0,Graze+Merge
20766276.838,M0,FRAG0134,0.022329004329004313,0.005901098901098902,2197.608,1410.278,1.64,4.0985,0.7650451338482704,0.0,Hit+Run
20816953.865,M0,FRAG0134,0.022329004329004313,0.005901098901098902,2197.608,1410.278,3.9392,9.8445,0.7915415218438117,0.0,Hit+Run
20831125.998,M0,FRAG0134,0.022329004329004313,0.005901098901098902,2197.608,1410.278,1.0294,2.5725,0.6761147281620862,0.0,Graze+Merge
20894661.784,M4,FRAG0077,0.011196125467865466,0.005822843822843823,1745.888,1404.016,22.311,46.334,0.8545688352245331,0.011492507492507492,Graze+Frag
20895275.201,M0,FRAG0150,0.028230103230103214,0.005986013986013987,2376.282,1417.010,3.2035,8.5958,0.41326452931042035,0.011146267066267066,Fragment
20898135.307,M4,FRAG0151,0.005526461798201796,0.005746253746253746,1379.779,1397.833,1.1619,2.0912,0.2969571609814866,0.0,Merge
20899736.245,M0,FRAG0154,0.02306993006993005,0.005573093573093573,2221.651,1383.649,1.1467,2.8876,0.6447490088845776,0.0,Hit+Run
20945123.734,M0,FRAG0154,0.02306993006993005,0.005573093573093573,2221.651,1383.649,1.2609,3.1752,0.7212216763820221,0.0,Hit+Run
20950049.528,M4,FRAG0152,0.011272715544455542,0.005746253746253746,1749.860,1397.833,1.6633,3.4554,0.5417422849398441,0.0,Merge
20972688.326,M0,FRAG0154,0.02306993006993005,0.005573093573093573,2221.651,1383.649,1.4917,3.7564,0.577088260365485,0.0,Merge
21014795.666,M0,FRAG0147,0.028643023643023624,0.006272061272061273,2387.812,1439.231,1.8287,4.9348,0.715711556408011,0.0,Hit+Run
21016344.093,M0,FRAG0147,0.028643023643023624,0.006272061272061273,2387.812,1439.231,1.0624,2.8669,0.9380182668501471,0.0,Hit+Run
21017517.746,M0,FRAG0147,0.028643023643023624,0.006272061272061273,2387.812,1439.231,1.037,2.7984,0.9894925963799709,0.0,Hit+Run
21017597.944,M0,FRAG0147,0.028643023643023624,0.006272061272061273,2387.812,1439.231,1.0572,2.8529,0.7583884550727376,0.0,Graze+Merge
21071840.5,M0,FRAG0148,0.034915084915084896,0.006272061272061273,2550.732,1439.231,2.4595,7.0599,0.8244885750157256,0.0,Hit+Run
21079589.812,M0,FRAG0148,0.034915084915084896,0.006272061272061273,2550.732,1439.231,1.4364,4.1231,0.983351419779165,0.0,Hit+Run
21087372.554,P305,P421,0.0024355585714285716,0.0024355585714285716,1050.009,1050.009,24.200,32.929,0.9254,0.0,Hit+Run
21154629.621,E17,P715,0.03126768644355644,0.0024355585714285716,2458.625,1050.009,2.6359,7.2988,0.7059210102544712,0.0,Hit+Run
21276995.615,M0,M4,0.034915084915084896,0.01701896929070929,2550.732,2007.420,5.0445,15.212,0.9403482359434132,0.0,Hit+Run
21279578.177,M0,M4,0.034915084915084896,0.01701896929070929,2550.732,2007.420,1.0615,3.2011,0.34364904290219594,0.0,Merge
21416469.365,M3,FRAG0112,0.005528786936396891,0.005788544788544789,1379.972,1401.254,14.440,26.025,0.8050919863421112,0.005788544788544789,Graze+Frag
21464625.715,M0,FRAG0148,0.05193405420579418,0.006272061272061273,2911.686,1439.231,3.9337,12.854,0.8272798772472321,0.0,Hit+Run
21466461.475,M0,FRAG0148,0.05193405420579418,0.006272061272061273,2911.686,1439.231,1.0808,3.5318,0.956170108890831,0.0,Hit+Run
21471395.366,M0,FRAG0148,0.05193405420579418,0.006272061272061273,2911.686,1439.231,1.077,3.5193,0.7279018949052048,0.0,Graze+Merge
21622858.258,M0,M3,0.05820611547785545,0.0055287869363968905,3024.475,1379.972,14.236,48.384,0.6023614787499417,0.05820845820845821,Fragment
21631593.151,M0,FRAG0161,0.00552644420579413,0.005820845820845821,1379.777,1403.855,1.4544,2.6235,0.4265779280351907,0.0,Merge
21640420.017,M0,FRAG0162,0.01134729002663995,0.005820845820845821,1753.710,1403.855,1.3011,2.7105,0.5965544901895883,0.0,Hit+Run
21641425.94,M0,FRAG0163,0.01134729002663995,0.005820845820845821,1753.710,1403.855,1.2431,2.5896,0.9088555700086046,0.0,Hit+Run
21652718.88,M0,FRAG0159,0.01134729002663995,0.005820845820845821,1753.710,1403.855,1.8941,3.9458,0.8923602079765491,0.0,Hit+Run
21652722.522,M0,FRAG0162,0.01134729002663995,0.005820845820845821,1753.710,1403.855,0.9826,2.0470,0.9757256571688563,0.0,Perfect
21654632.777,M0,FRAG0165,0.01716813584748577,0.005820845820845821,2013.267,1403.855,1.3765,3.1897,0.7749356966186134,0.0,Hit+Run
21655225.431,M0,FRAG0163,0.01716813584748577,0.005820845820845821,2013.267,1403.855,0.9849,2.2823,0.5800970781499938,0.0,Perfect
21657796.333,M0,FRAG0159,0.02298898166833159,0.005820845820845821,2219.050,1403.855,1.52,3.8295,0.6879662363852247,0.0,Hit+Run
21696267.516,M0,FRAG0107,0.02298898166833159,0.008182817182817183,2219.050,1572.635,8.1068,20.766,0.5576176444107787,0.030297349317349318,Fragment
21705891.973,P342,FRAG0026,0.008041292041292041,0.005571428571428572,1563.516,1383.511,21.693,41.654,0.9304612706298497,0.0,Hit+Run
21719731.892,M0,FRAG0166,0.005526777206127126,0.006411255411255412,1379.805,1449.800,1.0851,1.9912,0.8605236083666873,0.0,Hit+Run
21732773.531,M0,FRAG0168,0.005526777206127126,0.006411255411255412,1379.805,1449.800,1.5193,2.7880,0.9804809992309732,0.0,Hit+Run
21737159.013,P342,FRAG0026,0.008041292041292041,0.005571428571428572,1563.516,1383.511,1.1969,2.2982,0.498760771193478,0.0,Merge
21742803.728,E3,E11,0.5307914200266399,0.006714618714618715,6318.807,1472.315,1.3553,10.057,0.7618783077187173,0.0,Merge
21744894.052,M0,FRAG0168,0.005526777206127126,0.006411255411255412,1379.805,1449.800,1.0306,1.8912,0.540734759062628,0.0,Graze+Merge
21754144.875,P414,FRAG0128,0.0024355585714285716,0.00807026307026307,1050.009,1565.391,15.042,26.934,0.8592297894793767,0.0,Hit+Run
21783700.424,M0,FRAG0165,0.011938032617382539,0.005820845820845821,1783.630,1403.855,1.4398,3.0362,0.3274619222415123,0.0,Merge
21859679.164,P414,FRAG0128,0.0024355585714285716,0.00807026307026307,1050.009,1565.391,1.3055,2.3376,0.8489521132759039,0.0,Hit+Run
21876007.36,P414,FRAG0128,0.0024355585714285716,0.00807026307026307,1050.009,1565.391,1.1001,1.9698,0.258427350475598,0.0,Merge
21933389.339,M0,FRAG0067,0.01775887843822836,0.006005328005328006,2036.099,1418.532,29.807,69.846,0.6137828300871153,0.018237762237762238,Graze+Frag
21976225.155,M0,FRAG0157,0.005526444205794127,0.005820845820845821,1379.777,1403.855,4.1652,7.5133,0.8905297530885703,0.0,Hit+Run
21980036.062,P414,FRAG0109,0.010505821641691643,0.005794871794871795,1709.243,1401.764,15.988,32.697,0.535462607912471,0.016264462204462204,Fragment
21982942.886,M0,FRAG0171,0.005526444205794127,0.00607925407925408,1379.777,1424.329,6.3108,11.470,0.9780102781146738,0.0,Hit+Run
21984218.095,M0,FRAG0171,0.005526444205794127,0.00607925407925408,1379.777,1424.329,1.0255,1.8639,0.2802258268194338,0.0,Merge
22041212.763,M0,FRAG0172,0.011605698285048207,0.00607925407925408,1766.922,1424.329,6.4942,13.658,0.5927664610614728,0.01215850815850816,Graze+Frag
22053241.008,E3,P495,0.5375060387412587,0.010381618381618381,6345.341,1702.480,1.4414,10.625,0.4514690285914329,0.0,Merge
22128377.49,M0,FRAG0160,0.005526444205794127,0.005820845820845821,1379.777,1403.855,3.1681,5.7147,0.9668637072106007,0.0,Hit+Run
22184249.112,M0,FRAG0158,0.005526444205794127,0.005820845820845821,1379.777,1403.855,2.5489,4.5978,0.5963466247026934,0.0,Hit+Run
22249598.752,M0,FRAG0175,0.005526444205794127,0.00607925407925408,1379.777,1424.329,2.1375,3.8850,0.6320949905746176,0.0,Hit+Run
22250564.512,M0,FRAG0175,0.005526444205794127,0.00607925407925408,1379.777,1424.329,1.0185,1.8512,0.9022336717403228,0.0,Graze+Merge
22262957.739,M0,FRAG0156,0.011605698285048207,0.005820845820845821,1766.922,1403.855,3.1176,6.5298,0.2886565454613958,0.011900099900099902,Fragment
22275519.217,M0,FRAG0177,0.005526444205794127,0.005950049950049951,1379.777,1414.167,2.0192,3.6562,0.8925767668754906,0.0,Hit+Run
22277362.999,M0,FRAG0158,0.005526444205794127,0.005820845820845821,1379.777,1403.855,1.7375,3.1341,0.2958188559742061,0.0,Merge
22304739.096,M0,FRAG0176,0.011347290026639947,0.005950049950049951,1753.710,1414.167,1.7657,3.6862,0.951845443597103,0.0,Hit+Run
22341306.662,M0,FRAG0160,0.011347290026639947,0.005820845820845821,1753.710,1403.855,1.5593,3.2484,0.869755452599288,0.0,Hit+Run
22342474.178,M0,FRAG0160,0.011347290026639947,0.005820845820845821,1753.710,1403.855,1.1928,2.4849,0.3917231933066908,0.0,Merge
22358204.268,P575,FRAG0173,0.0024355585714285716,0.010773226773226773,1050.009,1723.623,14.315,27.910,0.734876872318826,0.0076809856809856815,Graze+Frag
22358326.547,P575,FRAG0178,0.005527799663669663,0.0076809856809856815,1379.890,1539.806,1.0468,1.9892,0.9965071768545855,0.0,Hit+Run
22391722.278,M0,FRAG0157,0.017168135847485767,0.005820845820845821,2013.267,1403.855,3.6529,8.4649,0.8359148227495542,0.0,Hit+Run
22415517.7,M0,FRAG0170,0.017168135847485767,0.00607925407925408,2013.267,1424.329,2.4016,5.5797,0.8552411316670882,0.0,Hit+Run
22426105.559,M0,FRAG0176,0.017168135847485767,0.005950049950049951,2013.267,1414.167,1.5129,3.5104,0.46874347417611945,0.0,Merge
22444636.222,M0,FRAG0157,0.023118185797535717,0.005820845820845821,2223.199,1403.855,2.0208,5.0997,0.873206941167743,0.0,Hit+Run
22475497.445,M0,FRAG0170,0.023118185797535717,0.00607925407925408,2223.199,1424.329,1.1623,2.9379,0.7238520580933193,0.0,Hit+Run
22497795.6,P575,P289,0.005527799663669663,0.0024355585714285716,1379.890,1050.009,17.940,29.016,0.8239362990360711,0.007559274059274059,Graze+Frag
22501288.94,M0,FRAG0170,0.023118185797535717,0.00607925407925408,2223.199,1424.329,1.2114,3.0620,0.7364688799209815,0.0,Hit+Run
22502155.428,M0,FRAG0170,0.023118185797535717,0.00607925407925408,2223.199,1424.329,1.0001,2.5279,0.8403900452164607,0.0,Graze+Merge
22560760.403,M0,FRAG0157,0.0291974398767898,0.005820845820845821,2403.119,1403.855,1.0318,2.7958,0.4024162474095622,0.0,Merge
22616392.138,M0,FRAG0159,0.03501828569763562,0.005820845820845821,2553.242,1403.855,1.8426,5.2885,0.9944300449585647,0.0,Hit+Run
22629608.388,M0,FRAG0159,0.03501828569763562,0.005820845820845821,2553.242,1403.855,1.0983,3.1523,0.17937422300706007,0.0,Merge
22629954.755,M0,FRAG0177,0.04083913151848144,0.005950049950049951,2687.526,1414.167,2.0347,6.1397,0.5754828701388469,0.0,Merge
22632307.379,M0,FRAG0174,0.04678918146853139,0.00607925407925408,2812.174,1424.329,2.4288,7.6655,0.7963560382246919,0.0,Hit+Run
22644024.971,M0,FRAG0174,0.04678918146853139,0.00607925407925408,2812.174,1424.329,1.1723,3.6999,0.7506204951441874,0.0,Hit+Run
22647989.523,M0,FRAG0076,0.04678918146853139,0.00646020646020646,2812.174,1453.480,24.622,77.723,0.37050394837627687,0.05314653346653347,Fragment
22660720.579,M0,FRAG0186,0.005526444205794123,0.005965367965367966,1379.777,1415.379,1.601,2.9002,0.42077149059910124,0.0,Merge
22662474.044,M0,FRAG0182,0.011491812171162089,0.005965367965367966,1761.124,1415.379,1.0689,2.2387,0.7045043089232824,0.0,Graze+Merge
22663662.2,M0,FRAG0183,0.017457180136530054,0.005965367965367966,2024.503,1415.379,1.1288,2.6315,0.9218866587987269,0.0,Hit+Run
22668616.392,M0,FRAG0183,0.017457180136530054,0.005965367965367966,2024.503,1415.379,1.425,3.3221,0.9499599437991735,0.0,Hit+Run
22669100.614,M0,FRAG0183,0.017457180136530054,0.005965367965367966,2024.503,1415.379,0.9862,2.2991,0.8394324192062208,0.0,Perfect
22681247.212,M0,FRAG0180,0.02342254810189802,0.005965367965367966,2232.913,1415.379,1.3495,3.4219,0.20564656270582254,0.0,Merge
22684163.082,M0,FRAG0185,0.029387916067265984,0.005965367965367966,2408.334,1415.379,1.4956,4.0629,0.444983135393458,0.0,Merge
22757309.068,M0,FRAG0179,0.03535328403263395,0.005965367965367966,2561.358,1415.379,1.5337,4.4167,0.8289378127103425,0.0,Hit+Run
22757498.81,M0,FRAG0179,0.03535328403263395,0.005965367965367966,2561.358,1415.379,1.0481,3.0183,0.8152832038296438,0.0,Graze+Merge
22789920.058,E5,P608,0.07837111714285715,0.0024355585714285716,3339.739,1050.009,2.8853,11.059,0.23683832154599932,0.0,Merge
22816593.74,M0,FRAG0146,0.041318651998001915,0.005788544788544789,2698.003,1401.254,18.292,55.401,0.8472606900484259,0.018140859140859143,Graze+Frag
22817076.745,M0,FRAG0188,0.028966337645687564,0.006046953046953047,2396.762,1421.802,1.0856,2.9369,0.8514214513665587,0.0,Hit+Run
22820697.536,M0,FRAG0189,0.028966337645687564,0.006046953046953047,2396.762,1421.802,1.2756,3.4509,0.825687371376858,0.0,Hit+Run
22827541.955,M0,FRAG0188,0.028966337645687564,0.006046953046953047,2396.762,1421.802,1.0671,2.8868,0.706934007131703,0.0,Graze+Merge
22831314.837,M0,FRAG0187,0.035013290692640614,0.006046953046953047,2553.121,1421.802,0.9951,2.8573,0.8037186809755293,0.0,Perfect
22855871.856,M0,FRAG0124,0.04106024373959366,0.005790542790542791,2692.367,1401.415,3.6351,10.986,0.5849994682463792,0.007573759573759574,Fragment
22855882.447,M0,FRAG0190,0.03927702695637688,0.007573759573759574,2652.813,1532.607,1.045,3.1236,0.9365358896000027,0.0,Hit+Run
22868964.292,M0,FRAG0189,0.03927702695637688,0.006046953046953047,2652.813,1421.802,1.5195,4.5277,0.6807467386930488,0.0,Hit+Run
22870772.445,M0,FRAG0189,0.03927702695637688,0.006046953046953047,2652.813,1421.802,1.195,3.5607,0.8625222641742072,0.0,Hit+Run
22882049.21,M0,FRAG0167,0.03927702695637688,0.006411255411255412,2652.813,1449.800,2.6335,7.8516,0.8682752194091705,0.0,Hit+Run
22889762.492,M0,FRAG0189,0.03927702695637688,0.006046953046953047,2652.813,1421.802,1.0824,3.2252,0.9951428749926597,0.0,Hit+Run
22894698.111,M0,FRAG0189,0.03927702695637688,0.006046953046953047,2652.813,1421.802,1.1065,3.2970,0.5592592277518448,0.0,Merge
22895896.779,M0,FRAG0190,0.045323980003329926,0.007573759573759574,2782.508,1532.607,1.4562,4.5551,0.9520888081079599,0.0,Hit+Run
22943579.676,M0,FRAG0164,0.045323980003329926,0.005820845820845821,2782.508,1403.855,3.9525,12.342,0.5303321312140069,0.010831834831834832,Fragment
22944022.747,M0,FRAG0191,0.04031299099234091,0.010831834831834832,2675.934,1726.743,1.0794,3.2868,0.9771552574696437,0.0,Hit+Run
22958118.474,M0,FRAG0174,0.04031299099234091,0.00607925407925408,2675.934,1424.329,2.2481,6.7560,0.3502637709454903,0.0,Merge
23169421.081,P575,FRAG0110,0.007963369963369965,0.007997335997335998,1558.449,1560.662,16.032,32.401,0.6481399034093132,0.010432900432900434,Graze+Frag
23171882.287,M0,FRAG0155,0.04639224507159499,0.005788544788544789,2804.199,1401.254,15.998,50.348,0.8815772261689646,0.0068218648018648015,Graze+Frag
23172912.721,M0,FRAG0193,0.04535894503829496,0.006821844821844822,2783.224,1480.111,1.0243,3.2015,0.9328256467004524,0.0,Graze+Merge
23183951.605,E13,P27,0.02222,0.0024355585714285716,2194.026,1050.009,9.7245,23.951,0.3959213064185272,0.019127872127872127,Fragment
23254209.179,M0,FRAG0184,0.052180789860139784,0.005965367965367966,2916.290,1415.379,2.3766,7.7794,0.8680866153486246,0.0,Hit+Run
23256046.639,M0,FRAG0184,0.052180789860139784,0.005965367965367966,2916.290,1415.379,1.0873,3.5590,0.8906404400842993,0.0,Hit+Run
23268733.707,M0,FRAG0184,0.052180789860139784,0.005965367965367966,2916.290,1415.379,0.9984,3.2680,0.7893838657486136,0.0,Perfect
23543347.494,M0,FRAG0191,0.05814615782550775,0.010831834831834832,3023.436,1726.743,2.2343,7.6067,0.9505960452273592,0.0,Hit+Run
23552372.016,M0,FRAG0191,0.05814615782550775,0.010831834831834832,3023.436,1726.743,1.2313,4.1920,0.6367434105426515,0.0,Hit+Run
23552390.826,M0,FRAG0191,0.05814615782550775,0.010831834831834832,3023.436,1726.743,1.0498,3.5740,0.2806915674223404,0.0,Merge
23590249.453,P575,FRAG0178,0.00552780552780553,0.0076809856809856815,1379.890,1539.806,3.7211,7.0711,0.36334591436545016,0.0076809856809856815,Fragment
23591105.452,E10,E12,0.2634022342857143,0.10341111714285715,5002.652,3663.106,1.0891,6.3305,0.2826987008510162,0.02863969363969364,Fragment
23611957.091,P575,FRAG0197,0.0055278055278055295,0.0076809856809856815,1379.890,1539.806,1.3295,2.5264,0.9542556395620191,0.0,Hit+Run
23635475.675,M0,FRAG0167,0.06897799265734259,0.006411255411255412,3200.594,1449.800,2.5465,9.1603,0.941307857537115,0.0,Hit+Run
23639050.83,M0,FRAG0167,0.06897799265734259,0.006411255411255412,3200.594,1449.800,1.0935,3.9335,0.4940885507976127,0.0,Merge
23671660.005,P575,FRAG0197,0.0055278055278055295,0.0076809856809856815,1379.890,1539.806,1.4497,2.7548,0.5592445635648247,0.0,Hit+Run
23996135.01,E3,P662,0.547887657122877,0.0024355585714285716,6385.933,1050.009,3.8136,29.311,0.7460331661959003,0.0,Merge
24160725.235,P767,FRAG0190,0.0024355585714285716,0.007573759573759574,1050.009,1532.607,18.940,33.314,0.3017954769308322,0.0,Fragment
24196681.888,P767,FRAG0166,0.010009324009324009,0.006411255411255412,1681.881,1449.800,7.5612,15.468,0.8264720513098271,0.0,Hit+Run
24197770.406,P767,FRAG0166,0.010009324009324009,0.006411255411255412,1681.881,1449.800,1.0404,2.1284,0.740006393852629,0.0,Graze+Merge
24342118.966,M0,FRAG0181,0.075389248068598,0.005965367965367966,3296.833,1415.379,2.8511,10.583,0.19708743245604898,0.005852147852147852,Fragment
24344990.105,M0,FRAG0203,0.0755024681818181,0.005852147852147852,3298.482,1406.367,1.0689,3.9711,0.4379654844675322,0.0,Merge
24409466.686,P254,FRAG0015,0.0024355585714285716,0.00566966366966367,1050.009,1391.595,40.712,66.272,0.05530430175895005,0.0,Fragment
24435645.732,P575,FRAG0088,0.0055278055278055295,0.005659007659007659,1379.890,1390.722,7.2824,13.073,0.7613119021842457,0.00789038961038961,Graze+Frag
24520844.844,P767,FRAG0136,0.01642057942057942,0.005571428571428572,1983.611,1383.511,8.2784,18.901,0.68419439122322,0.0202809657009657,Graze+Frag
24526040.379,P767,FRAG0206,0.005527805527805525,0.008232101232101233,1379.890,1575.786,1.2673,2.4429,0.9436196944305274,0.0,Hit+Run
24744227.265,P575,FRAG0204,0.0055278055278055295,0.005659007659007659,1379.890,1390.722,2.6683,4.7902,0.6718131786316427,0.0,Hit+Run
24777384.603,P575,FRAG0204,0.0055278055278055295,0.005659007659007659,1379.890,1390.722,1.0742,1.9284,0.8971288299126533,0.0,Hit+Run
24840228.744,M0,FRAG0169,0.08135461603396596,0.006411255411255412,3381.592,1449.800,2.1412,8.1534,0.3681583493908558,0.0,Merge
24854963.602,P767,FRAG0206,0.005527805527805525,0.008232101232101233,1379.890,1575.786,3.1765,6.1232,0.8925917740855557,0.0,Hit+Run
24855058.117,P767,FRAG0206,0.005527805527805525,0.008232101232101233,1379.890,1575.786,1.0467,2.0177,0.8828343766911375,0.0,Hit+Run
24869353.054,P767,FRAG0205,0.005527805527805525,0.008232101232101233,1379.890,1575.786,2.2384,4.3149,0.9071111548973455,0.0,Hit+Run
24955806.288,P342,FRAG0197,0.013612720612720612,0.0076809856809856815,1863.411,1539.806,13.901,31.066,0.10173367371487346,0.02126823176823177,Fragment
24982057.524,P342,FRAG0207,0.005528138528138528,0.007882783882783883,1379.918,1553.175,1.6471,3.1466,0.8542237688746257,0.0,Hit+Run
25020794.02,P342,FRAG0208,0.005528138528138528,0.007882783882783883,1379.918,1553.175,1.1639,2.2235,0.7723628139899062,0.0,Hit+Run
25037029.908,P254,FRAG0091,0.008105228105228107,0.005659007659007659,1567.649,1390.722,15.594,30.052,0.9632570701410321,0.0,Hit+Run
25037405.72,P254,FRAG0091,0.008105228105228107,0.005659007659007659,1567.649,1390.722,1.045,2.0138,0.5450048941798061,0.0,Graze+Merge
25055354.212,P342,FRAG0208,0.005528138528138528,0.007882783882783883,1379.918,1553.175,1.2784,2.4422,0.8049190098406108,0.0,Hit+Run
25062496.563,P342,FRAG0208,0.005528138528138528,0.007882783882783883,1379.918,1553.175,1.0613,2.0275,0.3090015814269175,0.0,Merge
25159973.913,P767,FRAG0205,0.005527805527805525,0.008232101232101233,1379.890,1575.786,3.1687,6.1082,0.819714753354997,0.0,Hit+Run
25163442.958,P767,FRAG0205,0.005527805527805525,0.008232101232101233,1379.890,1575.786,1.0526,2.0290,0.9056171993154251,0.0,Hit+Run
25171972.033,P767,FRAG0205,0.005527805527805525,0.008232101232101233,1379.890,1575.786,1.0663,2.0554,0.844458392680555,0.0,Hit+Run
25173126.577,P342,FRAG0207,0.013410922410922411,0.007882783882783883,1854.157,1553.175,1.8163,4.0566,0.2387804557310429,0.006023096903096902,Fragment
25174255.27,P767,FRAG0205,0.005527805527805525,0.008232101232101233,1379.890,1575.786,1.0658,2.0545,0.7253621211343313,0.0,Graze+Merge
25413816.575,E5,FRAG0010,0.08080667571428572,0.00566966366966367,3373.983,1391.595,2.2153,8.4310,0.5904638910876278,0.0,Merge
25539363.553,P767,FRAG0206,0.013759906759906758,0.008232101232101233,1870.103,1575.786,3.7104,8.3745,0.38684048772980983,0.016464202464202465,Fragment
25555019.091,P767,FRAG0211,0.005527805527805525,0.008232101232101233,1379.890,1575.786,1.3175,2.5397,0.36177068138443286,0.0,Merge
25568272.771,P767,FRAG0210,0.013759906759906758,0.008232101232101233,1870.103,1575.786,1.1796,2.6624,0.9241189429101012,0.0,Hit+Run
25571918.999,P767,FRAG0210,0.013759906759906758,0.008232101232101233,1870.103,1575.786,1.0325,2.3303,0.49880063450121803,0.0,Merge
25608735.889,E3,FRAG0049,0.5503232156943055,0.0073909423909423915,6395.381,1520.175,2.5264,18.946,0.9959610654205843,0.0,Hit+Run
25644938.909,E10,P316,0.3381736577888778,0.0024355585714285716,5437.180,1050.009,2.881,18.650,0.7520639658134518,0.0,Merge
26061805.22,E3,FRAG0049,0.5503232156943055,0.0073909423909423915,6395.381,1520.175,1.0772,8.0782,0.5983684311271881,0.0,Merge
26122614.865,P767,P575,0.02199200799200799,0.0055278055278055295,2186.496,1379.890,28.849,71.598,0.8116011415037319,0.021992007992007994,Graze+Frag
26123413.76,P767,FRAG0213,0.005527805527805525,0.007330669330669331,1379.890,1516.032,1.6242,3.0577,0.6576098469897141,0.0,Hit+Run
26166663.258,M0,FRAG0213,0.08776587144522137,0.007330669330669331,3468.186,1516.032,4.5801,17.873,0.9386098476773022,0.0,Hit+Run
26168636.57,M0,FRAG0213,0.08776587144522137,0.007330669330669331,3468.186,1516.032,1.0559,4.1206,0.8592848253367191,0.0,Hit+Run
26169083.693,M0,FRAG0213,0.08776587144522137,0.007330669330669331,3468.186,1516.032,1.0573,4.1260,0.735843957238303,0.0,Graze+Merge
26184486.184,M0,FRAG0153,0.0950965407758907,0.005573093573093573,3562.176,1383.649,14.129,56.953,0.8367016457550754,0.010764235764235765,Graze+Frag
26186018.842,M0,FRAG0215,0.08990539858474851,0.010764235764235765,3496.142,1723.144,1.151,4.5162,0.5486076767508311,0.0,Merge
26244956.941,P342,FRAG0127,0.015270729270729273,0.00807026307026307,1936.186,1565.391,13.687,31.572,0.47431771009750245,0.01781318681318681,Fragment
26249108.612,P342,FRAG0216,0.005527805527805532,0.005937728937728938,1379.890,1413.190,1.0802,1.9553,0.2506753703845927,0.0,Merge
26253746.423,M0,P767,0.10066963434898428,0.005527805527805525,3630.446,1379.890,5.0572,20.801,0.5454722563039478,0.01155044955044955,Fragment
26254428.374,M0,FRAG0219,0.09464699032634026,0.005775224775224775,3556.554,1400.178,1.0694,4.3004,0.9637009024663046,0.0,Hit+Run
26254844.777,M0,FRAG0219,0.09464699032634026,0.005775224775224775,3556.554,1400.178,1.0446,4.2007,0.1923670701743848,0.0,Merge
26263357.392,M0,FRAG0220,0.10042221510156503,0.005775224775224775,3627.469,1400.178,1.0084,4.1406,0.7077235097349938,0.0,Merge
26277712.233,P254,FRAG0218,0.013764235764235765,0.005937728937728938,1870.299,1413.190,15.439,33.788,0.6753833276883031,0.014173826173826176,Graze+Frag
26318549.339,M0,FRAG0214,0.1061974398767898,0.007330669330669331,3695.715,1516.032,4.5374,18.920,0.771230784564445,0.0,Hit+Run
26331718.078,M0,FRAG0214,0.1061974398767898,0.007330669330669331,3695.715,1516.032,1.1073,4.6172,0.9811280926106716,0.0,Hit+Run
26332758.107,M0,FRAG0214,0.1061974398767898,0.007330669330669331,3695.715,1516.032,1.0454,4.3591,0.892063559196462,0.0,Hit+Run
26332994.956,M0,FRAG0214,0.1061974398767898,0.007330669330669331,3695.715,1516.032,1.0474,4.3674,0.5104191970664652,0.0,Merge
26367940.493,M0,FRAG0212,0.11352810920745914,0.007330669330669331,3778.867,1516.032,3.2064,13.686,0.4999333071363085,0.007366300366300367,Fragment
26368093.904,M0,FRAG0223,0.1134924781718281,0.007366300366300367,3778.472,1518.484,1.0535,4.4959,0.5107434851830219,0.0,Merge
26424256.493,P254,FRAG0221,0.005528138528138528,0.007086913086913088,1379.918,1499.038,1.1556,2.1611,0.6361427875175152,0.0,Hit+Run
26439256.961,P254,FRAG0221,0.005528138528138528,0.007086913086913088,1379.918,1499.038,1.0618,1.9857,0.8352010301757612,0.0,Hit+Run
26452764.648,P254,FRAG0221,0.005528138528138528,0.007086913086913088,1379.918,1499.038,1.0681,1.9975,0.9193682042927561,0.0,Hit+Run
26468645.288,P254,FRAG0221,0.005528138528138528,0.007086913086913088,1379.918,1499.038,1.0264,1.9195,0.3547866872517064,0.0,Merge
26578124.123,P414,FRAG0204,0.005527466663336663,0.005659007659007659,1379.862,1390.722,5.0542,9.0734,0.7973621963043721,0.0,Hit+Run
26578685.285,P414,FRAG0204,0.005527466663336663,0.005659007659007659,1379.862,1390.722,1.0492,1.8835,0.9870656694913399,0.0,Hit+Run
26626578.341,P342,FRAG0217,0.01146553446553447,0.005937728937728938,1759.780,1413.190,4.5166,9.4504,0.9521649400440508,0.0,Hit+Run
26627665.359,P254,FRAG0108,0.012615051615051616,0.005794871794871795,1816.729,1401.764,14.073,30.072,0.31175436628997516,0.0183794005994006,Fragment
26636229.941,P254,FRAG0225,0.005528138528138528,0.006440892440892441,1379.918,1452.030,1.2142,2.2301,0.5429628319319899,0.0,Hit+Run
26870929.033,P254,FRAG0209,0.005528138528138528,0.006022977022977023,1379.918,1419.921,27.001,49.000,1.0,0.0,Hit+Run
26871350.846,P254,FRAG0209,0.005528138528138528,0.006022977022977023,1379.918,1419.921,1.05,1.9054,0.4997562645464559,0.0,Graze+Merge
26898527.875,E3,P334,0.5577141580852479,0.0024355585714285716,6423.884,1050.009,5.0924,39.387,0.7881703748646537,0.0,Merge
27205161.309,P342,FRAG0217,0.01146553446553447,0.005937728937728938,1759.780,1413.190,3.0576,6.3976,0.6708081867330379,0.0,Hit+Run
27220409.222,P342,FRAG0217,0.01146553446553447,0.005937728937728938,1759.780,1413.190,1.0867,2.2737,0.042261747688348485,0.0,Merge
27439429.24,M0,FRAG0106,0.12085877853812847,0.008333666333666334,3858.512,1582.240,23.555,102.54,0.2280746025475619,0.12366300366300369,Fragment
27441895.764,M0,FRAG0245,0.005529441208791133,0.005621045621045621,1380.027,1387.606,1.6448,2.9495,0.589730598284987,0.0,Hit+Run
27444596.803,M0,FRAG0241,0.005529441208791133,0.005621045621045621,1380.027,1387.606,1.8536,3.3240,0.32046998860045756,0.0,Merge
27449748.457,M0,FRAG0244,0.011150486829836754,0.005621045621045621,1743.512,1387.606,0.9958,2.0590,0.6312824447436703,0.0,Perfect
27452920.007,M0,FRAG0245,0.016771532450882375,0.005621045621045621,1997.644,1387.606,1.0142,2.3304,0.8902283742977584,0.0,Graze+Merge
27462966.693,M0,FRAG0237,0.022392578071927995,0.005621045621045621,2199.692,1387.606,2.2325,5.5737,0.36423430583355687,0.005700632700632701,Fragment
27464533.264,M0,FRAG0247,0.022312990992340916,0.005621045621045621,2197.082,1387.606,1.8623,4.6445,0.6072687768648355,0.0,Merge
27464828.88,M0,FRAG0238,0.02793403661338654,0.005621045621045621,2367.945,1387.606,1.3259,3.5408,0.47440227829699194,0.0,Merge
27464831.94,M0,FRAG0226,0.03355508223443216,0.005621045621045621,2517.174,1387.606,1.2505,3.5387,0.4195311479764217,0.0,Merge
27467207.458,M0,FRAG0236,0.039176127855477784,0.005621045621045621,2650.539,1387.606,1.1834,3.5214,0.3752498411533945,0.0,Merge
27469248.396,M0,FRAG0240,0.04479717347652341,0.005621045621045621,2771.686,1387.606,1.2369,3.8474,0.2664203526862107,0.0,Merge
27470437.236,M0,FRAG0242,0.05041821909756903,0.005621045621045621,2883.077,1387.606,1.3099,4.2392,0.3008857071798994,0.0,Merge
27476583.281,M0,FRAG0229,0.05603926471861465,0.005621045621045621,2986.468,1387.606,1.0021,3.3614,0.9222800526135739,0.0,Graze+Merge
27482075.942,M0,FRAG0246,0.061660310339660275,0.005621045621045621,3083.157,1387.606,1.3216,4.5805,0.9023074571220138,0.0,Hit+Run
27487486.501,M0,FRAG0243,0.061660310339660275,0.005621045621045621,3083.157,1387.606,1.3086,4.5354,0.9101002378201786,0.0,Hit+Run
27489321.168,M0,FRAG0243,0.061660310339660275,0.005621045621045621,3083.157,1387.606,1.0064,3.4880,0.8314138415670282,0.0,Graze+Merge
27494343.955,M0,FRAG0233,0.06728135596070589,0.005621045621045621,3174.135,1387.606,1.1427,4.0812,0.9455451333143525,0.0,Hit+Run
27495456.576,M0,FRAG0235,0.06728135596070589,0.005621045621045621,3174.135,1387.606,1.5769,5.6320,0.560549826623035,0.0,Merge
27511436.501,M0,FRAG0227,0.07290240158175151,0.005621045621045621,3260.176,1387.606,1.7115,6.2850,0.9632280042335966,0.0,Hit+Run
27511508.037,M0,FRAG0227,0.07290240158175151,0.005621045621045621,3260.176,1387.606,1.0443,3.8349,0.6390188696889065,0.0,Merge
27524785.922,M0,FRAG0231,0.07852344720279714,0.005621045621045621,3341.901,1387.606,1.8624,7.0183,0.9874827675427355,0.0,Hit+Run
27526953.173,M0,FRAG0239,0.07852344720279714,0.005621045621045621,3341.901,1387.606,1.3796,5.1989,0.6316356679115931,0.0,Merge
27527624.231,M0,FRAG0231,0.08414449282384276,0.005621045621045621,3419.813,1387.606,1.0018,3.8675,0.8284516567480366,0.0,Graze+Merge
27564342.014,M0,FRAG0234,0.08976553844488838,0.005621045621045621,3494.328,1387.606,2.1291,8.4081,0.48063764662578534,0.0,Merge
27592652.638,P342,FRAG0065,0.017403263403263407,0.0073922743922743925,2022.417,1520.267,8.5301,20.161,0.8541949141035126,0.0,Hit+Run
27634140.008,E3,P772,0.5601497166566765,0.0024355585714285716,6433.222,1050.009,1.3194,10.220,0.44695022172424625,0.0,Merge
27831085.996,P342,FRAG0065,0.017403263403263407,0.0073922743922743925,2022.417,1520.267,2.6559,6.2775,0.9155635923539486,0.0,Hit+Run
27849218.888,P125,P258,0.0024355585714285716,0.0024355585714285716,1050.009,1050.009,29.209,39.745,0.9673,0.0,Hit+Run
27916252.771,P342,FRAG0121,0.017403263403263407,0.005659007659007659,2022.417,1390.722,26.182,60.805,0.9062877574431888,0.009897102897102897,Graze+Frag
27928624.714,P342,FRAG0249,0.013165168165168169,0.009897102897102897,1842.762,1675.572,1.127,2.5778,0.5362252822553335,0.0,Graze+Merge
27946996.033,M0,FRAG0232,0.095386584065934,0.005621045621045621,3565.794,1387.606,1.3802,5.5683,0.49800465526638077,0.0,Merge
27977921.806,M0,FRAG0230,0.10100762968697963,0.005621045621045621,3634.504,1387.606,1.8759,7.7225,0.45484583646545657,0.0,Merge
28327719.188,E17,P829,0.03126768644355644,0.0024355585714285716,2458.625,1050.009,2.8209,7.8110,0.2928373934736386,0.0,Merge
28421351.971,M0,FRAG0233,0.10662867530802525,0.005621045621045621,3700.711,1387.606,2.4648,10.342,0.3902668564375811,0.0,Merge
28592912.538,M0,FRAG0246,0.11224972092907087,0.005621045621045621,3764.629,1387.606,2.8445,12.155,0.7745195699270256,0.0,Hit+Run
28609158.704,M0,FRAG0246,0.11224972092907087,0.005621045621045621,3764.629,1387.606,2.5404,10.855,0.9461560293382126,0.0,Hit+Run
28704578.76,E3,P79,0.562585275228105,0.004871128871128871,6442.532,1322.930,1.6988,12.974,0.7725600191878493,0.0,Merge
28938600.477,P840,P387,0.0024355585714285716,0.0024355585714285716,1050.009,1050.009,9.4423,12.848,0.59135,0.0,Graze+Frag
28959205.862,E3,P226,0.5674564040992338,0.0024355585714285716,6461.073,1050.009,3.5881,27.923,0.7388303084384572,0.0,Merge
28977938.237,M0,FRAG0248,0.11224972092907087,0.005700632700632701,3764.629,1394.124,2.2039,9.4151,0.8534491761394505,0.0,Hit+Run
29008459.204,M0,FRAG0246,0.11224972092907087,0.005621045621045621,3764.629,1387.606,2.1488,9.1824,0.7455116199967399,0.0,Hit+Run
29008659.379,M0,FRAG0246,0.11224972092907087,0.005621045621045621,3764.629,1387.606,1.0268,4.3878,0.29015256718681304,0.0,Merge
29144336.038,P254,FRAG0065,0.01155111555111555,0.0073922743922743925,1764.148,1520.267,14.799,31.754,0.6419742915665843,0.013415251415251416,Graze+Frag
29186961.417,M0,FRAG0228,0.1178707665501165,0.005621045621045621,3826.448,1387.606,1.9896,8.6507,0.4880248555003443,0.0,Merge
29559382.608,P254,FRAG0222,0.005528138528138524,0.007086913086913088,1379.918,1499.038,12.164,22.749,0.21799106371531485,0.007086913086913088,Fragment
29561436.77,P254,FRAG0252,0.005528138528138524,0.007086913086913088,1379.918,1499.038,1.1274,2.1084,0.9149106033856487,0.0,Hit+Run
29582919.292,P254,FRAG0252,0.005528138528138524,0.007086913086913088,1379.918,1499.038,1.0343,1.9343,0.8752715071471778,0.0,Graze+Merge
29950601.345,P342,FRAG0251,0.023062271062271066,0.006707625707625708,2221.405,1471.804,19.522,49.520,0.7303816418109894,0.024242424242424246,Graze+Frag
29954501.674,P342,FRAG0256,0.0055274725274725295,0.0060606060606060615,1379.863,1422.872,1.4113,2.5638,0.5658318124862174,0.0,Hit+Run
29958101.606,P254,FRAG0250,0.012615051615051612,0.006707625707625708,1816.729,1471.804,8.8258,19.113,0.8756230117934137,0.0,Hit+Run
29972313.265,P254,FRAG0250,0.012615051615051612,0.006707625707625708,1816.729,1471.804,1.0202,2.2094,0.9590419864185277,0.0,Graze+Merge
30091081.442,FRAG0083,P342,0.005659007659007659,0.0055274725274725295,1390.722,1379.863,33.490,60.122,0.31236959222927246,0.005659007659007659,Fragment
30276574.435,FRAG0083,P258,0.005527472527472529,0.0024355585714285716,1379.863,1050.009,20.635,33.374,0.6363035033389185,0.007944009324009325,Graze+Frag
30365746.084,P738,FRAG0256,0.0024355585714285716,0.0060606060606060615,1050.009,1422.872,33.985,56.280,0.6487188135343631,0.008491262071262072,Graze+Frag
30430926.484,P738,FRAG0257,0.008496170496170496,0.005659007659007659,1592.459,1390.722,20.923,40.720,0.12170918873214562,0.01415062937062937,Fragment
30437192.819,P738,FRAG0258,0.005527805527805529,0.008627372627372627,1379.890,1600.614,1.2078,2.3516,0.9101569589487895,0.0,Hit+Run
30549585.053,P738,FRAG0255,0.005527805527805529,0.0060606060606060615,1379.890,1422.872,20.335,36.943,0.9388778097443808,0.0,Hit+Run
30562585.994,P738,FRAG0255,0.005527805527805529,0.0060606060606060615,1379.890,1422.872,1.0624,1.9300,0.5321128142484147,0.0,Graze+Merge
30869357.108,P254,FRAG0254,0.01932267732267732,0.0060606060606060615,2094.190,1422.872,18.782,45.080,0.3471400162670273,0.019855144855144856,Fragment
30886284.729,P254,FRAG0261,0.005528138528138524,0.006618381618381619,1379.918,1465.247,1.4331,2.6454,0.8513769364987099,0.0,Hit+Run
30889107.691,P254,FRAG0261,0.005528138528138524,0.006618381618381619,1379.918,1465.247,1.0621,1.9606,0.5560091830933811,0.0,Graze+Merge
31007579.886,P738,FRAG0253,0.01158841158841159,0.0060606060606060615,1766.045,1422.872,1.6678,3.5054,0.8057340226955477,0.0,Hit+Run
31148829.603,P254,FRAG0225,0.012146520146520144,0.006440892440892441,1793.953,1452.030,25.186,53.847,0.7776598824644276,0.01846895104895105,Graze+Frag
31182406.153,P738,FRAG0262,0.01158841158841159,0.00652980352980353,1766.045,1458.681,5.3504,11.330,0.742623276221901,0.00681965367965368,Graze+Frag
31182433.238,P738,FRAG0264,0.011298701298701298,0.00681951381951382,1751.203,1479.943,1.049,2.2192,0.6757897919991747,0.0,Graze+Merge
31340314.409,P738,FRAG0258,0.018118215118215118,0.008627372627372627,2049.741,1600.614,11.539,27.906,0.8893886947886652,0.0,Hit+Run
31358741.883,P738,FRAG0258,0.018118215118215118,0.008627372627372627,2049.741,1600.614,1.0788,2.6088,0.78051031362854,0.0,Hit+Run
31412261.223,P738,FRAG0253,0.018118215118215118,0.0060606060606060615,2049.741,1422.872,6.1503,14.499,0.6991617353386551,0.012592074592074592,Graze+Frag
31510803.472,P738,FRAG0263,0.011586746586746587,0.00652980352980353,1765.960,1458.681,1.7881,3.7865,0.9023005908033352,0.0,Hit+Run
31521519.958,P738,FRAG0263,0.011586746586746587,0.00652980352980353,1765.960,1458.681,1.8229,3.8602,0.8518076832577736,0.0,Hit+Run
31525388.182,P738,FRAG0263,0.011586746586746587,0.00652980352980353,1765.960,1458.681,1.3322,2.8211,0.7512052199592955,0.0,Hit+Run
31530389.903,P738,FRAG0266,0.011586746586746587,0.006296037296037296,1765.960,1441.062,2.6685,5.6297,0.4824280462260527,0.006733972693972694,Fragment
31531335.074,P738,FRAG0263,0.011148851148851148,0.00652980352980353,1743.427,1458.681,2.3591,4.9523,0.8501777437139444,0.0,Hit+Run
31531824.558,P738,FRAG0263,0.011148851148851148,0.00652980352980353,1743.427,1458.681,1.0244,2.1504,0.6738808795355421,0.0,Graze+Merge
31588373.469,P738,P254,0.017678654678654676,0.005527805527805525,2033.029,1379.890,2.0335,4.7374,0.3524079049816329,0.0,Merge
31861827.429,P738,FRAG0265,0.0232064602064602,0.006296037296037296,2226.025,1441.062,3.4977,8.8635,0.7425774102047292,0.0,Hit+Run
31862260.476,FRAG0093,FRAG0204,0.005659007659007659,0.005659007659007659,1390.722,1390.722,12.610,22.726,0.4251,0.01129164835164835,Fragment
31916336.94,P738,FRAG0258,0.0232064602064602,0.008627372627372627,2226.025,1600.614,1.8215,4.6937,0.7673443037465858,0.0,Hit+Run
31916367.211,P738,FRAG0258,0.0232064602064602,0.008627372627372627,2226.025,1600.614,1.0525,2.7121,0.6259868131769397,0.0,Graze+Merge
32064079.15,P738,FRAG0265,0.03183383283383283,0.006296037296037296,2473.376,1441.062,2.0761,5.7889,0.6902434883373684,0.0,Hit+Run
32082208.776,P738,FRAG0265,0.03183383283383283,0.006296037296037296,2473.376,1441.062,1.0517,2.9325,0.48912255979673824,0.0,Merge
32161239.086,FRAG0093,FRAG0268,0.005527805527805528,0.00579020979020979,1379.890,1401.388,1.0317,1.8594,0.5995298668992334,0.0,Graze+Merge
32420448.718,FRAG0083,FRAG0224,0.007963369963369965,0.006440892440892441,1558.449,1452.030,14.825,28.973,0.6385517788026002,0.008876456876456877,Graze+Frag
32501477.883,FRAG0083,FRAG0269,0.005527805527805529,0.008876456876456877,1379.890,1615.872,1.3002,2.5471,0.5798671366253471,0.0,Hit+Run
32501554.099,FRAG0083,FRAG0269,0.005527805527805529,0.008876456876456877,1379.890,1615.872,1.0506,2.0581,0.5304432397630865,0.0,Graze+Merge
32554735.909,E5,FRAG0196,0.08647633938394939,0.006375957375957376,3451.116,1447.134,5.1832,20.161,0.9184656294032277,0.0,Hit+Run
32616437.372,P738,FRAG0259,0.038129870129870125,0.006618381618381619,2626.731,1465.247,14.149,41.802,0.8345627137736107,0.01573987345987346,Graze+Frag
32616454.066,P738,FRAG0271,0.029008658008658,0.00786979686979687,2397.929,1552.321,1.0975,2.9959,0.5600478782130207,0.0,Merge
32705473.931,P738,FRAG0270,0.03687845487845487,0.00786979686979687,2597.674,1552.321,1.9892,5.8357,0.852664008021181,0.0,Hit+Run
32707915.514,P738,FRAG0270,0.03687845487845487,0.00786979686979687,2597.674,1552.321,1.0326,3.0293,0.4755313807764581,0.0,Merge
32767534.193,E3,P421,0.5698919626706623,0.0024355585714285716,6470.304,1050.009,1.4067,10.963,0.3347726359252476,0.0,Merge
32780632.679,E10,P846,0.3406092163603064,0.0024355585714285716,5450.202,1050.009,4.343,28.187,0.10673663299967433,0.0,Merge
32858250.879,P738,FRAG0267,0.04474825174825174,0.006733932733932735,2770.676,1473.726,5.5639,17.312,0.9459487862454494,0.0,Hit+Run
32877439.447,P738,FRAG0267,0.04474825174825174,0.006733932733932735,2770.676,1473.726,1.0309,3.2077,0.689208976963595,0.0,Graze+Merge
33191561.039,P738,FRAG0260,0.05148218448218447,0.006618381618381619,2903.217,1465.247,14.357,46.779,0.5434312942517315,0.05257342657342656,Fragment
33191669.318,FRAG0278,FRAG0279,0.005841491841491841,0.005841491841491841,1405.513,1405.513,1.1907,2.1687,0.9424999999999999,0.0,Hit+Run
33196857.671,FRAG0275,FRAG0280,0.005841491841491841,0.005841491841491841,1405.513,1405.513,1.0376,1.8898,0.3187,0.0,Merge
33197255.05,FRAG0272,FRAG0279,0.005841491841491841,0.005841491841491841,1405.513,1405.513,1.301,2.3696,0.77065,0.0,Hit+Run
33199046.29,FRAG0273,FRAG0276,0.005841491841491841,0.005841491841491841,1405.513,1405.513,1.3498,2.4585,0.8269000000000001,0.0,Hit+Run
33206082.996,FRAG0273,FRAG0279,0.005841491841491841,0.005841491841491841,1405.513,1405.513,2.051,3.7356,0.19805,0.0,Merge
33207687.33,FRAG0275,FRAG0272,0.011682983682983683,0.005841491841491841,1770.836,1405.513,1.7542,3.6812,0.7112112537850191,0.0,Hit+Run
33211383.656,M0,FRAG0248,0.12349181217116212,0.005700632700632701,3886.332,1394.124,1.9176,8.4741,0.5735524155394967,0.0,Merge
33213453.475,FRAG0275,FRAG0274,0.011682983682983683,0.005841491841491841,1770.836,1405.513,1.5349,3.2210,0.32352111826561625,0.0,Merge
33222710.608,FRAG0276,FRAG0278,0.005841491841491841,0.005841491841491841,1405.513,1405.513,2.3472,4.2751,0.81015,0.0,Hit+Run
33224002.164,FRAG0276,FRAG0278,0.005841491841491841,0.005841491841491841,1405.513,1405.513,1.3279,2.4186,0.5669,0.0,Hit+Run
33242324.523,FRAG0276,FRAG0277,0.005841491841491841,0.005841491841491841,1405.513,1405.513,4.5106,8.2155,0.8931,0.0,Hit+Run
33268574.333,FRAG0275,FRAG0278,0.017524475524475523,0.005841491841491841,2027.101,1405.513,1.4003,3.2640,0.9125046281648013,0.0,Hit+Run
33269269.259,FRAG0275,FRAG0278,0.017524475524475523,0.005841491841491841,2027.101,1405.513,1.0718,2.4983,0.35757283999080197,0.0,Merge
33272677.923,FRAG0275,FRAG0277,0.023365967365967365,0.005841491841491841,2231.114,1405.513,1.4843,3.7581,0.6855994258118842,0.0,Hit+Run
33274154.949,FRAG0275,FRAG0277,0.023365967365967365,0.005841491841491841,2231.114,1405.513,1.1093,2.8086,0.5865172716565202,0.0,Merge
33274557.542,FRAG0273,P738,0.011682983682983683,0.005527139527139527,1770.836,1379.835,4.2655,8.9067,0.5192221526175631,0.011682983682983683,Fragment
33278427.131,FRAG0275,FRAG0281,0.029207459207459208,0.005841491841491841,2403.394,1405.513,1.3348,3.6175,0.8885012922229867,0.0,Hit+Run
33290215.43,FRAG0275,FRAG0272,0.029207459207459208,0.005841491841491841,2403.394,1405.513,1.7856,4.8392,0.6900539827960075,0.0,Hit+Run
33296156.167,FRAG0275,FRAG0282,0.029207459207459208,0.005841491841491841,2403.394,1405.513,1.1865,3.2156,0.8500738164070789,0.0,Hit+Run
33320650.807,FRAG0275,FRAG0272,0.029207459207459208,0.005841491841491841,2403.394,1405.513,1.282,3.4744,0.693461345183625,0.0,Hit+Run
33343674.91,FRAG0275,FRAG0282,0.029207459207459208,0.005841491841491841,2403.394,1405.513,1.233,3.3416,0.3033183518014273,0.0,Merge
33350681.898,FRAG0275,FRAG0281,0.035048951048951046,0.005841491841491841,2553.988,1405.513,1.7388,4.9922,0.42849184833967,0.0,Merge
33363344.24,FRAG0275,FRAG0272,0.040890442890442885,0.005841491841491841,2688.651,1405.513,1.2095,3.6507,0.41634981871539134,0.0,Merge
33369055.728,FRAG0275,FRAG0276,0.046731934731934724,0.005841491841491841,2811.027,1405.513,1.4023,4.4238,0.9732666666666665,0.0,Hit+Run
33371733.817,FRAG0275,FRAG0276,0.046731934731934724,0.005841491841491841,2811.027,1405.513,1.0422,3.2878,0.3737999999999999,0.0,Merge
33410198.553,FRAG0275,FRAG0273,0.05257342657342656,0.0055271395271395286,2923.586,1379.835,2.4983,8.2013,0.9127244363078154,0.0,Hit+Run
33437271.228,FRAG0275,FRAG0273,0.05257342657342656,0.0055271395271395286,2923.586,1379.835,1.0071,3.3060,0.8821530930745801,0.0,Graze+Merge
34282404.678,M0,FRAG0090,0.12919244487179482,0.005659007659007659,3945.235,1390.722,13.835,62.140,0.47925815490873713,0.08358141858141856,Fragment
34282409.223,FRAG0288,FRAG0291,0.005572094572094572,0.005572094572094572,1383.566,1383.566,1.5898,2.8504,0.7265,0.0,Hit+Run
34282410.432,FRAG0285,FRAG0291,0.005572094572094572,0.005572094572094572,1383.566,1383.566,1.9455,3.4881,0.9777,0.0,Hit+Run
34282414.507,FRAG0286,FRAG0287,0.005572094572094572,0.005572094572094572,1383.566,1383.566,1.089,1.9525,0.6347,0.0,Graze+Merge
34282463.89,FRAG0293,FRAG0296,0.005572094572094572,0.005572094572094572,1383.566,1383.566,1.3608,2.4398,0.8258999999999999,0.0,Hit+Run
34282592.372,FRAG0289,FRAG0292,0.005572094572094572,0.005572094572094572,1383.566,1383.566,1.9972,3.5808,0.4961,0.0,Merge
34283452.135,M0,FRAG0285,0.05127003394938391,0.005572094572094572,2899.223,1383.566,1.0508,3.4201,0.8641910668188275,0.0,Hit+Run
34283784.068,FRAG0283,FRAG0293,0.005572094572094572,0.005572094572094572,1383.566,1383.566,3.4245,6.1399,0.6334,0.0,Hit+Run
34286212.744,M0,FRAG0289,0.05127003394938391,0.011144189144189144,2899.223,1743.184,1.1274,3.6932,0.9900334392014458,0.0,Hit+Run
34286409.034,M0,FRAG0289,0.05127003394938391,0.011144189144189144,2899.223,1743.184,1.0524,3.4475,0.7352963926801125,0.0,Graze+Merge
34286420.594,M0,FRAG0296,0.06241422309357306,0.005572094572094572,3095.672,1383.566,1.1348,3.9498,0.9923039966140624,0.0,Hit+Run
34287187.327,M0,FRAG0284,0.06241422309357306,0.005572094572094572,3095.672,1383.566,1.2925,4.4987,0.5758376445039957,0.0,Merge
34287352.562,FRAG0288,FRAG0290,0.005572094572094572,0.005572094572094572,1383.566,1383.566,1.8848,3.3793,0.1146,0.0,Merge
34288073.103,M0,FRAG0291,0.06798631766566762,0.005572094572094572,3185.182,1383.566,1.1656,4.1785,0.7047664760075587,0.0,Hit+Run
34288092.128,M0,FRAG0291,0.06798631766566762,0.005572094572094572,3185.182,1383.566,1.0616,3.8057,0.1399912042559282,0.0,Merge
34289033.336,M0,FRAG0286,0.07355841223776219,0.011144189144189144,3269.926,1743.184,1.4277,5.2431,0.9041182372732102,0.0,Hit+Run
34289830.089,FRAG0296,FRAG0285,0.005572094572094572,0.005572094572094572,1383.566,1383.566,2.7691,4.9648,0.72695,0.0,Hit+Run
34290062.829,FRAG0288,FRAG0296,0.011144189144189144,0.005572094572094572,1743.184,1383.566,1.8376,3.7960,0.6376203738762455,0.0,Hit+Run
34290293.927,FRAG0283,FRAG0294,0.005572094572094572,0.005572094572094572,1383.566,1383.566,2.325,4.1685,0.9387999999999999,0.0,Hit+Run
34292569.617,FRAG0283,FRAG0295,0.005572094572094572,0.005572094572094572,1383.566,1383.566,3.0443,5.4582,0.4371999999999999,0.006984382284382285,Fragment
34293434.313,FRAG0298,FRAG0293,0.005616050616050616,0.005572094572094572,1387.195,1383.566,1.3973,2.5085,0.720992983061471,0.0,Hit+Run
34293444.396,M0,FRAG0285,0.07355841223776219,0.005572094572094572,3269.926,1383.566,1.0319,3.8016,0.3286444456111944,0.0,Merge
34298090.138,M0,FRAG0297,0.07913050680985675,0.005572094572094572,3350.491,1383.566,1.7543,6.6296,0.47871666575063704,0.0,Merge
34301589.194,M0,FRAG0294,0.08470260138195132,0.005572094572094572,3427.357,1383.566,1.2894,4.9901,0.16157493006997278,0.0,Merge
34307468.882,FRAG0288,FRAG0283,0.011144189144189144,0.005528138528138528,1743.184,1379.918,1.8685,3.8570,0.6939018100245214,0.0,Hit+Run
34308910.355,M0,FRAG0293,0.09027469595404589,0.005572094572094572,3500.922,1383.566,1.1087,4.3878,0.7325112072370118,0.0,Hit+Run
34308924.643,M0,FRAG0293,0.09027469595404589,0.005572094572094572,3500.922,1383.566,1.0542,4.1721,0.6663558408691289,0.0,Merge
34313997.059,FRAG0288,FRAG0296,0.011144189144189144,0.005572094572094572,1743.184,1383.566,2.6289,5.4306,0.562133971303155,0.0,Hit+Run
34317128.414,E5,P191,0.08647633938394939,0.0024355585714285716,3451.116,1050.009,3.8247,15.187,0.8169432116579094,0.0,Hit+Run
34328014.89,M0,FRAG0296,0.09584679052614045,0.005572094572094572,3571.519,1383.566,1.3912,5.6231,0.9979178744332291,0.0,Hit+Run
34339538.745,FRAG0068,P685,0.007946053946053947,0.0024355585714285716,1557.319,1050.009,21.749,38.774,0.7755749380787773,0.010212067932067932,Graze+Frag
34361991.899,FRAG0298,FRAG0296,0.005616050616050616,0.005572094572094572,1387.195,1383.566,4.3625,7.8319,0.6093970272775658,0.008049590409590409,Graze+Frag
34374005.353,M0,FRAG0299,0.09584679052614045,0.005660339660339661,3571.519,1390.832,1.0983,4.4379,0.3379820166594705,0.0,Merge
34376474.726,FRAG0288,FRAG0283,0.011144189144189144,0.005528138528138528,1743.184,1379.918,3.8447,7.9364,0.3889801893549621,0.011144189144189144,Fragment
34432208.367,FRAG0301,FRAG0298,0.005572094572094572,0.005527805527805526,1383.566,1379.890,3.2577,5.8331,0.715099833478826,0.0,Hit+Run
34435502.519,FRAG0301,FRAG0298,0.005572094572094572,0.005527805527805526,1383.566,1379.890,1.6115,2.8854,0.9232763445482762,0.0,Hit+Run
34439094.746,M0,FRAG0301,0.10150713018648011,0.005572094572094572,3640.486,1383.566,0.9917,4.0903,0.7825079266769288,0.0,Perfect
34507739.585,M0,FRAG0298,0.10707922475857468,0.005527805527805526,3705.916,1379.890,1.0265,4.3153,0.8976585251575734,0.0,Graze+Merge
34545839.48,E3,E6,0.5723275212420909,0.08261555857142859,6479.508,3398.973,1.5877,11.550,0.7414536235867523,0.04760039960039961,Hit+Run+Frag
34574441.737,E3,FRAG0308,0.5723276951981348,0.005950049950049951,6479.509,1414.167,1.1013,8.4215,0.8600846408419937,0.0,Hit+Run
34577096.396,E3,E6,0.5723276951981348,0.03501498501498502,6479.509,2553.162,1.0513,7.7018,0.972284478698239,0.0,Hit+Run
34579174.844,E3,FRAG0306,0.5723276951981348,0.005950049950049951,6479.509,1414.167,1.0129,7.7455,0.7974539306909685,0.0,Merge
34589341.873,E3,E6,0.5782777451481848,0.03501498501498502,6501.885,2553.162,1.0334,7.5982,0.7438174951582642,0.0,Graze+Merge
34644663.435,M0,FRAG0286,0.11260703028638021,0.011144189144189144,3768.620,1743.184,1.3045,5.5224,0.48893972851939005,0.0,Merge
34707795.795,M0,FRAG0300,0.12375121943056935,0.005572094572094572,3889.051,1383.566,1.051,4.6503,0.9275244859672859,0.0,Hit+Run
34711834.899,M0,FRAG0300,0.12375121943056935,0.005572094572094572,3889.051,1383.566,1.0848,4.7999,0.686552518121948,0.0,Merge
35045838.541,E3,FRAG0307,0.6132927301631698,0.005950049950049951,6630.553,1414.167,1.0359,8.1198,0.6801395662446331,0.0,Merge
35619684.365,FRAG0200,FRAG0033,0.005727938727938728,0.0056400266400266404,1396.346,1389.166,9.09,16.406,0.9428743091724556,0.0,Hit+Run
35661767.471,FRAG0093,FRAG0192,0.011318015318015318,0.010432900432900434,1752.201,1705.279,6.8078,15.255,0.7919537551213252,0.009401691641691643,Hit+Run
35670384.629,E10,P632,0.34304477493173496,0.0024355585714285716,5463.162,1050.009,2.2759,14.809,0.8984244597002214,0.0,Hit+Run
35714658.124,FRAG0093,FRAG0192,0.011318015318015318,0.010432900432900434,1752.201,1705.279,1.1738,2.6303,0.24761541226868847,0.0,Merge
36093292.228,E3,FRAG0305,0.6192427801132198,0.005950049950049951,6651.927,1414.167,1.2637,9.9397,0.318325552160628,0.0,Merge
36646457.794,P527,P715,0.0024355585714285716,0.0024355585714285716,1050.009,1050.009,8.027,10.922,0.607,0.0,Graze+Frag
38316404.717,FRAG0054,P434,0.005866133866133867,0.0024355585714285716,1407.487,1050.009,15.577,25.580,0.8626489802276149,0.0,Graze+Frag
38323094.209,E3,E5,0.6251928300632698,0.08647633938394939,6673.164,3451.116,2.4529,18.373,0.7757898796641839,0.08094638694638694,Hit+Run+Frag
38340275.503,E3,FRAG0319,0.6251949769730267,0.005781884781884783,6673.172,1400.716,1.0507,8.2985,0.991980610921246,0.0,Hit+Run
38429155.728,E3,E5,0.6251949769730267,0.005527805527805528,6673.172,1379.890,1.0617,8.3945,0.854172604959839,0.0,Hit+Run
38488518.157,E3,FRAG0323,0.6251949769730267,0.005781884781884783,6673.172,1400.716,1.0318,8.1492,0.64906046805237,0.0,Merge
38549492.225,FRAG0311,P824,0.005781884781884783,0.0024355585714285716,1400.716,1050.009,19.521,31.936,0.17946720808696948,0.0,Fragment
38555542.036,FRAG0083,P93,0.014404262404262406,0.004871128871128871,1898.850,1322.930,34.075,74.466,0.9411206544873192,0.0,Hit+Run
38601172.251,FRAG0083,P93,0.014404262404262406,0.004871128871128871,1898.850,1322.930,1.0657,2.3288,0.5997522407354058,0.0,Graze+Merge
38741665.041,E13,P134,0.0055276864435564455,0.0024355585714285716,1379.881,1050.009,11.055,17.881,0.5842326580868307,0.0,Graze+Frag
38899184.286,E3,FRAG0322,0.6309768617549115,0.005781884781884783,6693.680,1400.716,1.0751,8.5192,0.6261682912556281,0.0,Merge
39266952.286,FRAG0302,P596,0.005950049950049951,0.0024355585714285716,1414.167,1050.009,18.601,30.657,0.7349238322523346,0.0,Graze+Frag
39716354.582,FRAG0079,P371,0.006064269064269065,0.0024355585714285716,1423.158,1050.009,16.629,27.543,0.8778328521196801,0.0,Graze+Frag
39778230.671,FRAG0302,P305,0.008385614385614385,0.0024355585714285716,1585.521,1050.009,9.2346,16.717,0.8788695968315652,0.0,Hit+Run
40024529.93,E3,FRAG0013,0.6367587465367963,0.00566966366966367,6714.064,1391.595,2.4722,19.663,0.41614699703711283,0.0,Merge
40031520.569,E3,FRAG0318,0.64242841020646,0.005781884781884783,6733.932,1400.716,1.2441,9.9220,0.6634058010783086,0.0,Merge
40228703.441,FRAG0083,P586,0.019275391275391275,0.0024355585714285716,2092.481,1050.009,39.123,91.875,0.5715136839798396,0.016183150183150186,Fragment
40252723.762,FRAG0324,FRAG0083,0.008091575091575093,0.005527799663669661,1566.768,1379.890,1.6656,3.1992,0.9254415677967158,0.0,Hit+Run
40258209.235,FRAG0275,FRAG0325,0.05810056610056609,0.008091575091575093,3022.646,1566.768,4.4311,15.034,0.542696733232784,0.01853252081252081,Fragment
40263146.174,FRAG0275,FRAG0327,0.047659673659673656,0.006177489177489177,2829.507,1431.960,1.0588,3.3622,0.861108879350322,0.0,Hit+Run
40274524.747,FRAG0275,FRAG0327,0.047659673659673656,0.006177489177489177,2829.507,1431.960,1.0871,3.4521,0.9768396817797779,0.0,Hit+Run
40311719.894,FRAG0275,FRAG0328,0.047659673659673656,0.006177489177489177,2829.507,1431.960,1.4521,4.6112,0.15032388795197232,0.0,Merge
40338226.153,FRAG0275,FRAG0326,0.05383716283716283,0.006177489177489177,2946.826,1431.960,2.3725,7.8472,0.6480102691501067,0.0,Merge
40374427.38,FRAG0275,FRAG0327,0.06001465201465201,0.006177489177489177,3055.481,1431.960,1.9104,6.5551,0.9669403373365869,0.0,Hit+Run
40375979.524,FRAG0275,FRAG0327,0.06001465201465201,0.006177489177489177,3055.481,1431.960,1.0385,3.5634,0.5978266433219656,0.0,Merge
40448896.051,FRAG0275,FRAG0083,0.06619214119214119,0.005527799663669661,3156.913,1379.890,6.2295,22.128,0.46343293039707106,0.02546120546120546,Fragment
40449084.659,FRAG0275,FRAG0331,0.046258735394605385,0.006365301365301365,2801.507,1446.328,1.1758,3.6974,0.45051407307952335,0.0,Merge
40455040.81,FRAG0275,FRAG0324,0.05262403675990675,0.008091575091575093,2924.524,1566.768,3.7382,12.279,0.8263146904130193,0.0,Hit+Run
40469870.128,FRAG0056,P414,0.005866133866133867,0.005527466663336663,1407.487,1379.862,32.310,58.362,0.9924897471876701,0.0,Hit+Run
40482397.7,FRAG0056,P414,0.005866133866133867,0.005527466663336663,1407.487,1379.862,1.0305,1.8614,0.9506289483874373,0.0,Graze+Merge
40505199.721,FRAG0329,FRAG0330,0.006365301365301365,0.006365301365301365,1446.328,1446.328,3.3838,6.3421,0.48180000000000006,0.007202464202464203,Fragment
40550076.376,FRAG0275,FRAG0329,0.05262403675990675,0.005528138528138527,2924.524,1379.918,1.3406,4.4023,0.7150215261656263,0.0,Hit+Run
40615351.19,FRAG0275,FRAG0329,0.05262403675990675,0.005528138528138527,2924.524,1379.918,1.6211,5.3234,0.5815155114454196,0.0,Merge
40737074.084,FRAG0093,FRAG0054,0.021750915750915752,0.008301698301698301,2178.477,1580.214,6.3094,15.939,0.9104102957264777,0.0,Hit+Run
40744418.898,FRAG0275,FRAG0333,0.058152175288045276,0.007202464202464203,3023.540,1507.142,3.9417,13.375,0.6262390727465169,0.008835497835497835,Fragment
40749043.876,FRAG0275,FRAG0334,0.05651914165501164,0.008835497835497835,2994.969,1613.383,1.0956,3.6861,0.4388126278939506,0.0,Merge
40962036.517,FRAG0093,FRAG0054,0.021750915750915752,0.008301698301698301,2178.477,1580.214,1.4719,3.7184,0.231195993739045,0.0,Merge
41220325.872,FRAG0320,P552,0.005781884781884783,0.0024355585714285716,1400.716,1050.009,21.727,35.545,0.8072023502586848,0.0,Graze+Frag
41473375.959,FRAG0275,FRAG0324,0.06535463949050947,0.008091575091575093,3143.542,1566.768,4.3781,15.445,0.7969788619296275,0.0,Hit+Run
41473632.538,FRAG0275,FRAG0324,0.06535463949050947,0.008091575091575093,3143.542,1566.768,1.0661,3.7611,0.9102323478360568,0.0,Hit+Run
41489941.377,FRAG0275,FRAG0324,0.06535463949050947,0.008091575091575093,3143.542,1566.768,1.2459,4.3954,0.41544074824249977,0.0,Merge
41693137.128,FRAG0311,FRAG0304,0.008217449217449218,0.005950049950049951,1574.851,1414.167,5.26,10.231,0.6005894648709269,0.00864002664002664,Graze+Frag
41758685.714,E3,FRAG0319,0.6482102949883448,0.005781884781884783,6754.074,1400.716,2.7113,21.692,0.9760736317149115,0.0,Hit+Run
42119321.692,E3,P51,0.6482102949883448,0.0024355585714285716,6754.074,1050.009,2.6777,21.843,0.6906321315489505,0.0,Merge
42276545.007,FRAG0309,P793,0.005950049950049951,0.0024355585714285716,1414.167,1050.009,23.219,38.269,0.9825574677488849,0.0,Hit+Run
42358820.694,E3,FRAG0319,0.6506458535597733,0.005781884781884783,6762.522,1400.716,1.3144,10.530,0.956566936575245,0.0,Hit+Run
42374949.55,E3,FRAG0319,0.6506458535597733,0.005781884781884783,6762.522,1400.716,1.0543,8.4466,0.9277382110250427,0.0,Hit+Run
42632868.033,M0,FRAG0332,0.12932331400266392,0.006365301365301365,3946.566,1446.328,3.9859,17.862,0.747030198965864,0.0,Hit+Run
42666720.178,M0,FRAG0332,0.12932331400266392,0.006365301365301365,3946.566,1446.328,1.1848,5.3096,0.6196955059603191,0.0,Merge
43332508.107,E3,FRAG0319,0.6506458535597733,0.005781884781884783,6762.522,1400.716,1.0304,8.2551,0.9981532015930655,0.0,Hit+Run
43368218.915,E3,FRAG0310,0.6506458535597733,0.005781884781884783,6762.522,1400.716,1.0827,8.6741,0.6431788079648569,0.0,Merge
43548963.709,FRAG0093,FRAG0313,0.030052614052614054,0.005781884781884783,2426.356,1400.716,17.392,47.548,0.2973450230018264,0.03030636030636031,Fragment
43611752.207,FRAG0056,FRAG0336,0.01139360052947053,0.006061272061272062,1756.093,1422.924,7.7172,16.155,0.8953871393267857,0.0,Hit+Run
43633550.576,E3,FRAG0321,0.6564277383416581,0.005781884781884783,6782.495,1400.716,1.1516,9.2553,0.6623184059963017,0.0,Merge
43652388.361,FRAG0008,P801,0.00566966366966367,0.0024355585714285716,1391.595,1050.009,8.6956,14.154,0.8319574706256657,0.0,Hit+Run
43669864.505,FRAG0338,FRAG0340,0.006061272061272062,0.006061272061272062,1422.924,1422.924,1.456,2.6847,0.5924,0.0,Hit+Run
43727874.645,FRAG0338,FRAG0093,0.006061272061272062,0.005528138528138528,1422.924,1379.918,5.8325,10.596,0.997524273664876,0.0,Hit+Run
43868829.237,E3,FRAG0319,0.6622096231235429,0.005781884781884783,6802.350,1400.716,1.1313,9.1207,0.6857854134958827,0.0,Merge
44396818.889,FRAG0337,FRAG0093,0.006061272061272062,0.005528138528138528,1422.924,1379.918,7.2347,13.143,0.7786162036336812,0.006061272061272062,Graze+Frag
44691034.966,FRAG0335,FRAG0337,0.00864002664002664,0.005528138528138528,1601.396,1379.918,10.121,19.712,0.2571846998662793,0.014121884781884782,Fragment
44866314.631,M0,FRAG0288,0.13568861536796528,0.00552813852813853,4010.282,1379.918,8.002,36.592,0.9684582506487477,0.0,Hit+Run
44867973.726,M0,FRAG0288,0.13568861536796528,0.00552813852813853,4010.282,1379.918,1.0097,4.6173,0.37847024053546746,0.0,Merge
45224494.991,FRAG0338,FRAG0335,0.006061272061272062,0.005528138528138528,1422.924,1379.918,7.9868,14.509,0.9943767086505128,0.0,Hit+Run
45485618.095,FRAG0338,FRAG0335,0.006061272061272062,0.005528138528138528,1422.924,1379.918,1.8454,3.3525,0.6368742436320356,0.0,Hit+Run
45486135.574,FRAG0338,FRAG0335,0.006061272061272062,0.005528138528138528,1422.924,1379.918,1.036,1.8821,0.8481672370155775,0.0,Graze+Merge
46529076.448,FRAG0336,P10,0.006061272061272062,0.0024355585714285716,1422.924,1050.009,17.76,29.411,0.5518078081194333,0.0,Fragment
47698286.249,E3,FRAG0311,0.6679915079054277,0.0055274725274725295,6822.090,1379.863,2.2256,18.018,0.6331388215480525,0.0,Merge
47794889.906,E3,P840,0.6735189804329003,0.004871128871128871,6840.856,1322.930,4.0717,33.160,0.7955510173027858,0.0,Merge
48639098.234,P261,P305,0.0024355585714285716,0.0024355585714285716,1050.009,1050.009,20.153,27.422,0.89445,0.0,Graze+Frag
50142777.735,FRAG0275,P125,0.07344621458208457,0.0024355585714285716,3268.262,1050.009,11.786,44.141,0.692891547550827,0.012163836163836164,Fragment
50149340.683,FRAG0275,FRAG0344,0.06371793698967698,0.006081918081918082,3117.078,1424.538,1.077,3.7722,0.6810520049618985,0.0,Merge
50161226.17,FRAG0275,FRAG0343,0.06979985507159506,0.006081918081918082,3213.256,1424.538,1.0036,3.6268,0.7184073325421824,0.0,Graze+Merge
50186972.957,E5,P174,0.005527805527805528,0.0024355585714285716,1379.890,1050.009,16.644,26.920,0.5674252366096956,0.0,Fragment
50928420.385,E3,P632,0.6783901093040291,0.0024355585714285716,6857.308,1050.009,3.4704,28.770,0.7394702843295511,0.0,Merge
52877966.91,M0,FRAG0338,0.1412167538961038,0.01158941058941059,4064.020,1766.095,8.1713,37.374,0.6028292970071063,0.06113919413919414,Fragment
52878677.721,M0,FRAG0353,0.09166697034632026,0.0055581085581085585,3518.828,1382.407,1.0212,4.0635,0.39616322901771944,0.0,Merge
52879273.419,M0,FRAG0345,0.09722507890442883,0.0055581085581085585,3588.557,1382.407,1.0262,4.1689,0.5710979083775862,0.0,Merge
52880204.906,M0,FRAG0349,0.1027831874625374,0.0055581085581085585,3655.677,1382.407,1.0199,4.2255,0.941549576434895,0.0,Graze+Merge
52880692.794,M0,FRAG0347,0.10834129602064596,0.0055581085581085585,3720.419,1382.407,1.3641,5.7578,0.08712623118701526,0.0,Merge
52881150.664,M0,FRAG0346,0.11389940457875453,0.0055581085581085585,3782.982,1382.407,1.1407,4.9009,0.8714483470154389,0.0,Hit+Run
52881229.388,M0,FRAG0352,0.11389940457875453,0.0055581085581085585,3782.982,1382.407,1.1188,4.8068,0.7332499243901651,0.0,Hit+Run
52881234.32,M0,FRAG0348,0.11389940457875453,0.0055581085581085585,3782.982,1382.407,1.1565,4.9688,0.3187278936222532,0.0,Merge
52881667.732,M0,FRAG0346,0.11945751313686309,0.0055581085581085585,3843.542,1382.407,1.0253,4.4803,0.9404486114546148,0.0,Hit+Run
52882435.326,M0,FRAG0352,0.11945751313686309,0.0055581085581085585,3843.542,1382.407,1.1268,4.9238,0.829760008949008,0.0,Hit+Run
52882455.593,M0,FRAG0352,0.11945751313686309,0.0055581085581085585,3843.542,1382.407,1.0546,4.6083,0.8474113475545532,0.0,Hit+Run
52885778.514,M0,FRAG0352,0.11945751313686309,0.0055581085581085585,3843.542,1382.407,1.0755,4.6996,0.83880631998435,0.0,Hit+Run
52886055.895,M0,FRAG0352,0.11945751313686309,0.0055581085581085585,3843.542,1382.407,1.0611,4.6367,0.658762666207788,0.0,Merge
52887215.131,M0,FRAG0354,0.12501562169497166,0.0055581085581085585,3902.251,1382.407,1.2305,5.4646,0.9555040680282222,0.0,Hit+Run
52887439.93,M0,FRAG0350,0.12501562169497166,0.0055581085581085585,3902.251,1382.407,1.2172,5.4055,0.4269493447711886,0.0,Merge
52888010.916,M0,FRAG0354,0.13057373025308022,0.0055581085581085585,3959.245,1382.407,1.0814,4.8773,0.42745134505255394,0.0,Merge
52902023.974,M0,FRAG0346,0.1361318388111888,0.0055581085581085585,4014.644,1382.407,1.5856,7.2584,0.6507276129768864,0.0,Merge
52985475.939,FRAG0275,FRAG0351,0.07588177315351313,0.0055581085581085585,3303.997,1382.407,2.5841,9.6242,0.9113760211396086,0.0,Hit+Run
52986483.925,FRAG0275,FRAG0351,0.07588177315351313,0.0055581085581085585,3303.997,1382.407,1.0913,4.0644,0.942960801635512,0.0,Hit+Run
53002838.36,M0,FRAG0355,0.14168994736929735,0.0055581085581085585,4068.555,1382.407,2.7591,12.811,0.9694139170997473,0.0,Hit+Run
53005657.282,M0,FRAG0355,0.14168994736929735,0.0055581085581085585,4068.555,1382.407,1.0516,4.8831,0.9099264754668172,0.0,Hit+Run
53421336.416,M0,FRAG0355,0.14168994736929735,0.0055581085581085585,4068.555,1382.407,4.3317,20.114,0.4584339604886547,0.007359973359973361,Fragment
53438309.495,M0,FRAG0356,0.13988808256743257,0.007359973359973361,4051.234,1518.049,1.0952,5.0312,0.8610525886413626,0.0,Hit+Run
53439374.137,M0,FRAG0356,0.13988808256743257,0.007359973359973361,4051.234,1518.049,1.081,4.9660,0.522800114434863,0.0,Merge
53622163.614,M0,FRAG0351,0.14724805592740592,0.0055581085581085585,4121.073,1382.407,3.9311,18.506,0.8186014081581328,0.0,Hit+Run
53623806.044,M0,FRAG0351,0.14724805592740592,0.0055581085581085585,4121.073,1382.407,1.0419,4.9049,0.23010996407518683,0.0,Merge
55879755.015,FRAG0336,FRAG0339,0.008496836496836498,0.006061272061272062,1592.500,1422.924,21.320,41.853,0.9708396035053878,0.0,Hit+Run
55914125.125,E3,P565,0.6808256678754576,0.0024355585714285716,6865.505,1050.009,3.2197,26.725,0.7019446367144448,0.0,Merge
56164559.709,FRAG0275,FRAG0336,0.07588177315351313,0.008496836496836498,3303.997,1592.500,10.050,37.273,0.46187830205188857,0.07884848484848485,Fragment
56164588.627,FRAG0361,FRAG0362,0.005632034632034632,0.005632034632034632,1388.509,1388.509,1.1077,1.9931,0.20960000000000004,0.0,Merge
56165335.925,FRAG0361,FRAG0366,0.011264069264069265,0.005632034632034632,1749.412,1388.509,2.0815,4.3152,0.9000945122175382,0.0,Hit+Run
56165360.66,FRAG0361,FRAG0366,0.011264069264069265,0.005632034632034632,1749.412,1388.509,1.034,2.1436,0.8989237482189896,0.0,Graze+Merge
56166213.139,FRAG0364,FRAG0369,0.005632034632034632,0.005632034632034632,1388.509,1388.509,1.2381,2.2277,0.47925,0.0,Merge
56166869.816,FRAG0361,FRAG0357,0.016896103896103895,0.005632034632034632,2002.577,1388.509,1.0168,2.3414,0.2738340642505943,0.0,Merge
56167623.005,FRAG0361,FRAG0363,0.02252813852813853,0.005632034632034632,2204.121,1388.509,1.3714,3.4303,0.6821637597854445,0.0,Hit+Run
56168105.254,FRAG0363,FRAG0365,0.005632034632034632,0.005632034632034632,1388.509,1388.509,2.2819,4.1059,0.72545,0.0,Hit+Run
56168406.684,FRAG0365,FRAG0368,0.005632034632034632,0.005632034632034632,1388.509,1388.509,2.1684,3.9017,0.8299,0.0,Hit+Run
56169079.455,FRAG0361,FRAG0364,0.02252813852813853,0.011264069264069265,2204.121,1749.412,1.497,3.9101,0.7094272324538974,0.0,Hit+Run
56170141.497,FRAG0359,FRAG0275,0.005632034632034632,0.00553012480186478,1388.509,1380.083,1.9081,3.4229,0.7138158270921027,0.0,Hit+Run
56170731.043,FRAG0361,FRAG0364,0.02252813852813853,0.011264069264069265,2204.121,1749.412,1.0678,2.7890,0.8066006443334373,0.0,Hit+Run
56189188.082,FRAG0361,FRAG0370,0.02252813852813853,0.005632034632034632,2204.121,1388.509,1.2734,3.1851,0.63069012056789,0.0,Hit+Run
56197569.891,FRAG0368,FRAG0359,0.005632034632034632,0.005632034632034632,1388.509,1388.509,2.7305,4.9131,0.2493,0.007738374958374958,Fragment
56200546.932,FRAG0365,FRAG0368,0.005632034632034632,0.005527472527472528,1388.509,1379.863,4.1536,7.4506,0.9263342488569833,0.0,Hit+Run
56213514.895,FRAG0371,FRAG0275,0.005736596736596737,0.00553012480186478,1397.050,1380.083,4.9592,8.9242,0.9426237238460451,0.0,Hit+Run
56218865.02,FRAG0361,FRAG0358,0.02252813852813853,0.005632034632034632,2204.121,1388.509,3.6128,9.0367,0.44540955985631137,0.012746586746586748,Fragment
56225481.939,FRAG0372,FRAG0368,0.006373293373293374,0.005527472527472528,1446.933,1379.863,2.962,5.4297,0.5802993630248441,0.0,Hit+Run
56229766.316,FRAG0361,FRAG0364,0.015413586413586415,0.011264069264069265,1942.205,1749.412,1.8538,4.4523,0.3816417698106852,0.0068063869463869464,Fragment
56241984.929,FRAG0363,FRAG0275,0.005632034632034632,0.00553012480186478,1388.509,1380.083,2.0677,3.7092,0.5479626028812137,0.0,Hit+Run
56243239.161,FRAG0363,FRAG0275,0.005632034632034632,0.00553012480186478,1388.509,1380.083,0.9905,1.7768,0.6400921380718406,0.0,Perfect
56249091.184,FRAG0361,FRAG0370,0.019871461871461875,0.005632034632034632,2113.831,1388.509,1.6138,3.8906,0.8922856062070338,0.0,Hit+Run
56256938.23,FRAG0363,FRAG0372,0.011162159433899413,0.006373293373293374,1744.120,1446.933,1.9617,4.1084,0.8691488660591494,0.0,Hit+Run
56262033.713,FRAG0363,FRAG0365,0.011162159433899413,0.005632034632034632,1744.120,1388.509,1.8018,3.7272,0.7375945601919124,0.0,Hit+Run
56266650.384,FRAG0361,FRAG0363,0.019871461871461875,0.011162159433899413,2113.831,1744.120,1.6962,4.2980,0.9510716222249982,0.0,Hit+Run
56270091.527,FRAG0361,FRAG0368,0.019871461871461875,0.005527472527472528,2113.831,1379.863,2.3308,5.6147,0.5090217421969055,0.0,Merge
56273886.415,FRAG0372,FRAG0339,0.006373293373293374,0.006061272061272062,1446.933,1422.924,23.595,43.881,0.5200143022636862,0.006906759906759907,Graze+Frag
56276547.673,FRAG0361,FRAG0375,0.025398934398934404,0.006906759906759907,2294.029,1486.227,8.6087,22.484,0.6581839306519158,0.03007844821844822,Graze+Frag
56287042.127,FRAG0360,FRAG0372,0.005632034632034632,0.005527805527805529,1388.509,1379.890,14.285,25.625,0.797675696329228,0.010765401265401266,Graze+Frag
56288861.697,FRAG0374,FRAG0377,0.006806193806193806,0.006694971694971696,1478.978,1470.878,1.8722,3.5784,0.9423807313203779,0.0,Hit+Run
56289139.928,FRAG0374,FRAG0377,0.006806193806193806,0.006694971694971696,1478.978,1470.878,1.0503,2.0075,0.6158364823796659,0.0,Graze+Merge
56291355.994,FRAG0363,FRAG0378,0.011162159433899413,0.006694971694971696,1744.120,1470.878,1.3054,2.7486,0.5823140902901373,0.0,Hit+Run
56303011.158,FRAG0379,FRAG0367,0.006694971694971696,0.005632034632034632,1470.878,1388.509,6.8508,12.708,0.6742796874859487,0.011535424575424577,Graze+Frag
56304347.535,M0,FRAG0371,0.15280616448551448,0.005736596736596737,4172.286,1397.050,1.948,9.2857,0.7742498817028393,0.0,Hit+Run
56304486.662,FRAG0363,FRAG0370,0.011162159433899413,0.005632034632034632,1744.120,1388.509,2.7782,5.7470,0.7040219817049164,0.0,Hit+Run
56306592.543,M0,FRAG0371,0.15280616448551448,0.005736596736596737,4172.286,1397.050,1.0543,5.0256,0.09326957936333187,0.0,Merge
56319943.444,FRAG0365,FRAG0360,0.005632034632034632,0.005527805527805529,1388.509,1379.890,4.798,8.6066,0.8514927248856453,0.0,Hit+Run
56330094.87,FRAG0381,FRAG0376,0.0067992007992008,0.006694971694971696,1478.472,1470.878,4.8823,9.3302,0.6934809303955967,0.007485754245754246,Graze+Frag
56344608.857,FRAG0382,FRAG0361,0.007485514485514486,0.00552580752580753,1526.632,1379.724,2.21,4.1776,0.8971145629549333,0.0,Hit+Run
56344677.896,FRAG0382,FRAG0361,0.007485514485514486,0.00552580752580753,1526.632,1379.724,1.0299,1.9468,0.36769143045169694,0.0,Merge
56352104.691,FRAG0382,FRAG0363,0.013011322011322015,0.011162159433899413,1835.556,1744.120,1.8072,4.1957,0.5818417381412463,0.0,Hit+Run
56366443.041,FRAG0382,FRAG0363,0.013011322011322015,0.011162159433899413,1835.556,1744.120,1.0982,2.5496,0.8982729857018025,0.0,Hit+Run
56382405.781,FRAG0378,FRAG0365,0.006694971694971696,0.005632034632034632,1470.878,1388.509,3.0203,5.6027,0.9769545182127813,0.0,Hit+Run
56388079.674,FRAG0360,FRAG0379,0.005527805527805529,0.005527805527805528,1379.890,1379.890,3.3413,5.9748,0.1468,0.010260712620712622,Fragment
56392563.054,FRAG0378,FRAG0380,0.006694971694971696,0.005632034632034632,1470.878,1388.509,2.4926,4.6238,0.5993825845732587,0.0,Hit+Run
56400907.546,FRAG0374,FRAG0380,0.0135011655011655,0.005632034632034632,1858.307,1388.509,1.842,3.9949,0.6115532273552956,0.0,Hit+Run
56404994.352,FRAG0363,FRAG0365,0.011162159433899413,0.005632034632034632,1744.120,1388.509,2.6826,5.5493,0.8421539339872334,0.0,Hit+Run
56407553.002,FRAG0381,FRAG0365,0.006008658008658011,0.005632034632034632,1418.795,1388.509,3.1536,5.7373,0.9434190033400246,0.0,Hit+Run
56410519.338,FRAG0365,FRAG0383,0.005632034632034632,0.005527805527805528,1388.509,1379.890,3.5452,6.3593,0.9829005672135239,0.0,Hit+Run
56416981.048,FRAG0374,FRAG0363,0.0135011655011655,0.011162159433899413,1858.307,1744.120,1.6402,3.8342,0.5838374122830311,0.0,Hit+Run
56417590.523,FRAG0374,FRAG0378,0.0135011655011655,0.006694971694971696,1858.307,1470.878,1.1021,2.4251,0.9423309208675146,0.0,Hit+Run
56417966.021,FRAG0380,FRAG0365,0.005632034632034632,0.005632034632034632,1388.509,1388.509,3.5065,6.3094,0.4598499999999999,0.008861625041625042,Fragment
56420136.99,FRAG0363,FRAG0384,0.011162159433899413,0.005736596736596737,1744.120,1397.050,1.1871,2.4599,0.5586879859211392,0.0,Hit+Run
56422160.026,FRAG0374,FRAG0384,0.0135011655011655,0.005736596736596737,1858.307,1397.050,1.8204,3.9536,0.49977559845211045,0.0,Merge
56424498.903,FRAG0378,FRAG0380,0.006694971694971696,0.005527472527472528,1470.878,1379.863,2.9637,5.4826,0.8650642588614958,0.0,Hit+Run
56424506.422,FRAG0378,FRAG0380,0.006694971694971696,0.005527472527472528,1470.878,1379.863,1.0505,1.9433,0.45162277572555604,0.0,Merge
56435567.719,FRAG0374,FRAG0382,0.01923776223776224,0.013011322011322015,2091.118,1835.556,1.4423,3.6928,0.29114064065335127,0.00566966366966367,Fragment
56440867.497,FRAG0378,FRAG0385,0.012222444222444223,0.00566966366966367,1797.683,1391.595,1.7773,3.7609,0.8410439023485947,0.0,Hit+Run
56443065.953,FRAG0378,FRAG0385,0.012222444222444223,0.00566966366966367,1797.683,1391.595,1.0316,2.1829,0.7602707697123413,0.0,Graze+Merge
56450567.604,FRAG0381,FRAG0360,0.006008658008658011,0.0055278055278055295,1418.795,1379.890,2.9327,5.3196,0.24546539785605886,0.006008325008325009,Fragment
56458363.57,FRAG0374,FRAG0383,0.02657942057942058,0.005527805527805528,2329.033,1379.890,1.5517,4.0788,0.9979442627765942,0.0,Hit+Run
56463332.629,FRAG0374,FRAG0378,0.02657942057942058,0.017892107892107892,2329.033,2041.178,2.2165,6.3170,0.5782330746255074,0.008836197136197136,Hit+Run+Frag
56486820.503,FRAG0374,FRAG0363,0.026579420579420584,0.011162159433899413,2329.033,1744.120,1.0448,2.8414,0.2870440550545545,0.0,Merge
56582395.604,FRAG0386,FRAG0370,0.006008325008325009,0.005632034632034632,1418.768,1388.509,4.121,7.4972,0.5007903511876333,0.006112887112887113,Fragment
56637192.451,M0,FRAG0387,0.15854276122211122,0.006774558774558775,4223.858,1476.683,1.5886,7.6431,0.8186096142405345,0.0,Hit+Run
56642450.832,M0,FRAG0387,0.15854276122211122,0.006774558774558775,4223.858,1476.683,1.2039,5.7922,0.9590210207381643,0.0,Hit+Run
56643190.484,M0,FRAG0387,0.15854276122211122,0.006774558774558775,4223.858,1476.683,1.0406,5.0065,0.9586505420930518,0.0,Hit+Run
56644819.728,M0,FRAG0387,0.15854276122211122,0.006774558774558775,4223.858,1476.683,1.0383,4.9955,0.7332513344066193,0.0,Merge
56690932.717,FRAG0373,FRAG0388,0.006373293373293374,0.006112887112887113,1446.933,1426.951,5.8472,10.888,0.7734404063387146,0.0,Hit+Run
56694651.764,FRAG0373,FRAG0388,0.006373293373293374,0.006112887112887113,1446.933,1426.951,1.0471,1.9499,0.6189738546757034,0.0,Graze+Merge
56780083.031,M0,FRAG0383,0.16531731999667,0.005527805527805528,4283.183,1379.890,1.9027,9.3369,0.8767439355013465,0.0,Hit+Run
56780287.68,M0,FRAG0383,0.16531731999667,0.005527805527805528,4283.183,1379.890,1.0482,5.1437,0.47316339376263145,0.0,Merge
56815723.503,FRAG0378,FRAG0386,0.011117549117549117,0.005527472527472529,1741.794,1379.863,5.3587,11.055,0.12052173069195894,0.011117549117549117,Fragment
56816059.583,FRAG0389,FRAG0378,0.005558774558774559,0.0055274725274725295,1382.463,1379.863,1.4532,2.6009,0.4487219261838749,0.0,Merge
56880279.776,FRAG0374,FRAG0033,0.037741580013319995,0.0056400266400266404,2617.784,1389.166,24.690,72.583,0.5284631550054448,0.03785414585414586,Fragment
56881132.297,FRAG0391,FRAG0374,0.0063090243090243095,0.00552746079920078,1442.053,1379.862,1.5771,2.8857,0.7580970675623727,0.0,Hit+Run
56885311.594,FRAG0391,FRAG0392,0.0063090243090243095,0.0063090243090243095,1442.053,1442.053,1.4263,2.6653,0.3647,0.0,Merge
56918844.839,FRAG0373,FRAG0390,0.012486180486180488,0.005558774558774559,1810.521,1382.463,1.525,3.2389,0.8689751653451147,0.0,Hit+Run
56923800.224,FRAG0373,FRAG0381,0.012486180486180488,0.005528138528138531,1810.521,1379.918,4.1015,8.7073,0.9939470252149774,0.0,Hit+Run
56936949.168,FRAG0389,FRAG0390,0.011086247086247088,0.005558774558774559,1740.158,1382.463,1.9308,3.9826,0.7031136168227758,0.0,Hit+Run
56953882.587,FRAG0391,FRAG0394,0.012618048618048619,0.0063090243090243095,1816.873,1442.053,5.6968,12.265,0.12616375851026876,0.01856845154845155,Fragment
56955562.84,FRAG0373,FRAG0389,0.012486180486180488,0.011086247086247088,1810.521,1740.158,1.3688,3.1509,0.7855139883340502,0.0,Hit+Run
56958605.056,FRAG0373,FRAG0389,0.012486180486180488,0.011086247086247088,1810.521,1740.158,1.0195,2.3468,0.5926666073616791,0.0,Graze+Merge
56972207.242,FRAG0398,FRAG0391,0.006699300699300699,0.0055284715284715305,1471.195,1379.946,2.5192,4.6610,0.5567147523222444,0.0,Hit+Run
57036927.262,FRAG0397,FRAG0395,0.006699300699300699,0.0063090243090243095,1471.195,1442.053,1.3707,2.5877,0.8390602839993212,0.0,Hit+Run
57038997.512,FRAG0398,FRAG0391,0.006699300699300699,0.0055284715284715305,1471.195,1379.946,3.061,5.6635,0.572556019257357,0.0,Hit+Run
57039254.293,FRAG0398,FRAG0391,0.006699300699300699,0.0055284715284715305,1471.195,1379.946,1.0762,1.9911,0.6925781263943986,0.0,Graze+Merge
57044793.626,FRAG0398,FRAG0397,0.01222777222777223,0.006699300699300699,1797.944,1471.195,3.7369,8.0332,0.5646591267910628,0.01047885447885448,Graze+Frag
57127310.752,FRAG0398,FRAG0395,0.008448218448218449,0.0063090243090243095,1589.457,1442.053,1.0174,2.0054,0.6039025900052561,0.0,Graze+Merge
57299680.903,M0,FRAG0393,0.1708451255244755,0.0063090243090243095,4330.400,1442.053,1.5531,7.6869,0.7262528171489325,0.0,Merge
57321861.743,FRAG0373,FRAG0374,0.023572427572427578,0.00552746079920078,2237.666,1379.862,2.7144,6.8781,0.9095337775208651,0.0,Hit+Run
57323342.33,FRAG0373,FRAG0374,0.023572427572427578,0.00552746079920078,2237.666,1379.862,1.0297,2.6092,0.7533468359920168,0.0,Graze+Merge
57350239.805,FRAG0390,FRAG0381,0.005558774558774559,0.005528138528138531,1382.463,1379.918,1.7252,3.0878,0.5028627550967191,0.0,Hit+Run
57372450.6,E3,FRAG0312,0.6832612264468861,0.005781884781884783,6873.682,1400.716,1.0852,8.8475,0.9327288160856289,0.0,Hit+Run
57475389.867,E3,FRAG0312,0.6832612264468861,0.005781884781884783,6873.682,1400.716,1.0596,8.6388,0.6335876986360074,0.0,Merge
57579335.45,FRAG0399,FRAG0396,0.01047885447885448,0.0063090243090243095,1707.779,1442.053,4.8837,10.073,0.44111848687178745,0.01126007326007326,Fragment
57645619.842,FRAG0341,FRAG0381,0.006061272061272062,0.005528138528138531,1422.924,1379.918,12.431,22.584,0.9121846480335125,0.0,Hit+Run
57924034.043,M0,FRAG0400,0.1771541498334998,0.00563003663003663,4383.062,1388.345,1.0709,5.3843,0.8700192752527768,0.0,Hit+Run
58092506.655,FRAG0373,FRAG0390,0.029099888371628357,0.005558774558774559,2400.440,1382.463,2.4278,6.5654,0.6803007907445185,0.0,Hit+Run
58134805.925,FRAG0373,FRAG0390,0.029099888371628357,0.005558774558774559,2400.440,1382.463,2.7045,7.3137,0.6246507773611641,0.0,Merge
58227258.517,FRAG0373,FRAG0399,0.034658662930402914,0.005527805527805529,2544.472,1379.890,2.3677,6.7692,0.607725085926989,0.0,Merge
58237340.53,M0,FRAG0400,0.1771541498334998,0.00563003663003663,4383.062,1388.345,1.244,6.2546,0.716687491319872,0.0,Merge
58297609.849,M0,FRAG0401,0.18278418646353645,0.00563003663003663,4429.010,1388.345,1.8155,9.2309,0.5261650006281731,0.0,Merge
58371224.184,M0,FRAG0341,0.18841422309357309,0.006061272061272062,4474.025,1422.924,4.0739,20.901,0.6039264996464705,0.0,Merge
58863250.368,FRAG0373,FRAG0398,0.040186468458208446,0.014757242757242758,2673.132,1914.236,2.4967,7.7197,0.7335226636583293,0.00922877122877123,Hit+Run+Frag
58865583.75,FRAG0373,FRAG0402,0.04018713445887445,0.00922877122877123,2673.147,1636.974,0.9915,2.9994,0.4894636599060266,0.0,Perfect
58877958.223,FRAG0373,FRAG0398,0.04941590568764568,0.005527805527805528,2863.844,1379.890,1.3559,4.3588,0.190305017638873,0.0,Merge
60626733.011,M0,FRAG0320,0.19447549515484513,0.008217449217449218,4521.495,1574.851,6.9406,35.755,0.8379421306200682,0.0,Hit+Run
60628120.685,M0,FRAG0320,0.19447549515484513,0.008217449217449218,4521.495,1574.851,1.0078,5.1917,0.8736166008650896,0.0,Graze+Merge
62077109.087,FRAG0373,FRAG0381,0.054943711215451205,0.005528138528138531,2966.879,1379.918,12.548,41.816,0.7821949919218543,0.019484515484515484,Graze+Frag
62094406.067,FRAG0373,FRAG0403,0.040987334259074255,0.006494838494838495,2690.773,1456.073,1.0853,3.2810,0.5887865486265631,0.0,Merge
62096848.927,M0,FRAG0405,0.20269294437229435,0.006494838494838495,4584.303,1456.073,1.115,5.8623,0.6093555645204626,0.0,Merge
62100378.219,FRAG0373,FRAG0404,0.04748217275391275,0.006494838494838495,2825.990,1456.073,1.2108,3.8406,0.9807664046233002,0.0,Hit+Run
62103441.657,FRAG0373,FRAG0404,0.04748217275391275,0.006494838494838495,2825.990,1456.073,1.1024,3.4968,0.7382971380472956,0.0,Hit+Run
62103579.714,FRAG0373,FRAG0404,0.04748217275391275,0.006494838494838495,2825.990,1456.073,1.0524,3.3382,0.7327534749029341,0.0,Graze+Merge
64119706.867,M0,FRAG0340,0.20918778286713285,0.006061272061272062,4632.754,1422.924,10.094,53.770,0.9142066278503502,0.0,Hit+Run
64119832.621,M0,FRAG0340,0.20918778286713285,0.006061272061272062,4632.754,1422.924,1.0505,5.5955,0.5126442354163345,0.0,Merge
64577211.501,FRAG0200,P776,0.005727938727938728,0.0024355585714285716,1396.346,1050.009,30.748,50.183,0.8870018782462062,0.0,Graze+Frag
67249071.761,FRAG0373,E5,0.05397701124875124,0.007963369963369965,2949.375,1558.449,19.000,62.924,0.14381053484001122,0.0617185014985015,Fragment
67255299.571,FRAG0409,FRAG0414,0.0056413586413586415,0.0056413586413586415,1389.275,1389.275,1.0969,1.9747,0.4717,0.0,Merge
67256355.358,FRAG0409,FRAG0413,0.011282717282717283,0.0056413586413586415,1750.377,1389.275,1.1312,2.3464,0.33773753824799296,0.0,Merge
67256835.734,M0,FRAG0411,0.2152490549284049,0.0056413586413586415,4677.074,1389.275,1.6563,8.9293,0.5658270395464438,0.0,Merge
67264909.592,FRAG0409,FRAG0406,0.016924075924075924,0.0056413586413586415,2003.682,1389.275,1.1701,2.6959,0.9668344403516779,0.0,Hit+Run
67265696.159,FRAG0409,FRAG0410,0.016924075924075924,0.0056413586413586415,2003.682,1389.275,1.0268,2.3657,0.25286984324370176,0.0,Merge
67270503.57,FRAG0407,FRAG0415,0.0056413586413586415,0.0056413586413586415,1389.275,1389.275,1.5163,2.7298,0.88865,0.0,Hit+Run
67274521.412,M0,FRAG0408,0.22089041356976355,0.0056413586413586415,4717.582,1389.275,1.2677,6.8981,0.7470902154037382,0.0,Merge
67287023.236,FRAG0412,FRAG0373,0.0056413586413586415,0.005526794798534802,1389.275,1379.806,2.5716,4.6140,0.7889887273379927,0.0,Hit+Run
67290458.372,FRAG0409,FRAG0373,0.022565434565434566,0.005526794798534802,2205.337,1379.806,1.9987,4.9985,0.46368661252441834,0.0,Merge
67299644.711,FRAG0409,FRAG0415,0.02809222936396937,0.0056413586413586415,2372.407,1389.275,2.7966,7.4821,0.9363662958611018,0.0,Hit+Run
67300313.122,FRAG0409,FRAG0415,0.02809222936396937,0.0056413586413586415,2372.407,1389.275,1.0548,2.8220,0.40174131505591826,0.0,Merge
67312706.703,FRAG0407,FRAG0406,0.0056413586413586415,0.0056413586413586415,1389.275,1389.275,4.6908,8.4450,0.8148,0.0,Hit+Run
67343046.642,FRAG0407,FRAG0412,0.0056413586413586415,0.0056413586413586415,1389.275,1389.275,3.7851,6.8144,0.8670999999999999,0.0,Hit+Run
67343695.594,FRAG0407,FRAG0412,0.0056413586413586415,0.0056413586413586415,1389.275,1389.275,1.0128,1.8233,0.81915,0.0,Graze+Merge
67381208.179,FRAG0409,FRAG0407,0.03373358800532801,0.011282717282717283,2521.630,1750.377,2.2528,6.5335,0.8155144643785733,0.0,Hit+Run
67385377.595,FRAG0409,FRAG0407,0.03373358800532801,0.011282717282717283,2521.630,1750.377,1.105,3.2047,0.9086587771166589,0.0,Hit+Run
67610492.089,M0,FRAG0406,0.2265317722111222,0.0056413586413586415,4757.406,1389.275,1.7955,9.8588,0.8886059460551775,0.0,Hit+Run
67619486.497,M0,FRAG0406,0.2265317722111222,0.0056413586413586415,4757.406,1389.275,1.1637,6.3897,0.8314862536774474,0.0,Hit+Run
67620131.399,M0,FRAG0406,0.2265317722111222,0.0056413586413586415,4757.406,1389.275,1.0498,5.7643,0.37197458206960926,0.0,Merge
67795352.78,M0,FRAG0407,0.23217313085248084,0.011282717282717283,4796.574,1750.377,1.563,8.5154,0.6643600884361777,0.0,Merge
74111952.512,E3,FRAG0302,0.6890431112287709,0.008385614385614385,6893.016,1585.521,3.1394,25.438,0.21934628836440312,0.0,Merge
82898944.219,E3,FRAG0008,0.6974287256143853,0.00566966366966367,6920.866,1391.595,1.3675,11.236,0.6728153869999927,0.0,Merge
83272194.28,E3,E10,0.703098389284049,0.34304477493173496,6939.569,5463.162,2.3803,19.531,0.8817466830815557,0.0,Hit+Run
84808810.459,E3,E10,0.703098389284049,0.34304477493173496,6939.569,5463.162,1.337,10.970,0.6371247845833921,0.049214052614052615,Hit+Run
87584222.2,E3,E10,0.703098389284049,0.34304477493173496,6939.569,5463.162,1.4962,12.276,0.7675487656902582,0.02228977022977023,Hit+Run
88704657.886,E3,E10,0.703098389284049,0.34304477493173496,6939.569,5463.162,1.1971,9.8225,0.6356700340433755,0.03978361638361638,Hit+Run
118823178.071,E3,P157,0.703098389284049,0.0024355585714285716,6939.569,1050.009,4.2419,35.613,0.7665197189704076,0.0,Merge
148860292.084,P440,P666,0.0024355585714285716,0.0024355585714285716,1050.009,1050.009,3.5171,4.7856,0.66815,0.0,Hit+Run
156283216.027,M0,FRAG0409,0.24345584813519813,0.03373358800532801,4873.046,2521.630,2.7828,15.221,0.35335252313762067,0.04461138861138862,Fragment
156283243.476,M0,FRAG0423,0.23257804752913752,0.005576423576423577,4799.361,1383.924,1.052,5.8330,0.9063488574449386,0.0,Hit+Run
156284577.813,M0,FRAG0419,0.23257804752913752,0.005576423576423577,4799.361,1383.924,1.2041,6.6763,0.18317918160229982,0.0,Merge
156284939.862,M0,FRAG0418,0.2381544711055611,0.005576423576423577,4837.415,1383.924,1.1164,6.2429,0.18808983434185697,0.0,Merge
156285788.205,M0,FRAG0417,0.24373089468198467,0.005576423576423577,4874.881,1383.924,1.2349,6.9632,0.7215577688060112,0.0,Merge
156289135.812,M0,FRAG0420,0.24930731825840824,0.005576423576423577,4911.779,1383.924,1.302,7.4014,0.6502016219314811,0.0,Merge
156289537.611,M0,FRAG0422,0.2548837418348318,0.005576423576423577,4948.131,1383.924,3.3834,19.386,0.7268968917077727,0.0,Merge
156320548.489,M0,FRAG0423,0.2604601654112554,0.005576423576423577,4983.957,1383.924,1.0674,6.1639,0.8193001224182657,0.0,Hit+Run
156325568.301,M0,FRAG0423,0.2604601654112554,0.005576423576423577,4983.957,1383.924,1.205,6.9585,0.47821205081922075,0.0,Merge
